competitorId,competitor,url,elementType,rawText,scrapeDate,title,metaDescription,contentHash,cleaned_text,sentiment,vader_sentiment,average_sentiment,technical_keywords,value_keywords,intent
rival2,Google,https://gemini.google/about,p,"gemini.google uses cookies to deliver and enhance the quality of its services and to analyze traffic. If you agree, cookies are also used to serve advertising and to personalize the content and advertisements that you see.Learn more",2025-12-06T23:31:15.453844,"Learn about Gemini, the everyday AI assistant from Google","Learn how Gemini works and discover groundbreaking features like image generation, Deep Research, personalisation and more to supercharge your world.",75b72ce9d26d0ff7fd94130409562bb454ed655c2a65dfe25b36886f54f86578,gemini google uses cookies to deliver and enhance the quality of its services and to analyze traffic if you agree cookies are also used to serve advertising and to personalize the content and advertisements that you see learn more,0.062,0.3612,0.2116,4,5,Value Proposition
rival2,Google,https://gemini.google/about,h1,Anewlevelofintelligence,2025-12-06T23:31:15.453907,"Learn about Gemini, the everyday AI assistant from Google","Learn how Gemini works and discover groundbreaking features like image generation, Deep Research, personalisation and more to supercharge your world.",ff914134f72a4a19ee0353628a95acf1cd4dedb5e29feffbc175d57c09e2f20e,anewlevelofintelligence,0.0,0.0,0.0,0,0,Other
rival2,Google,https://gemini.google/about,h2,Gemini 3is our most intelligent model,2025-12-06T23:31:15.453913,"Learn about Gemini, the everyday AI assistant from Google","Learn how Gemini works and discover groundbreaking features like image generation, Deep Research, personalisation and more to supercharge your world.",87e5df33c8b9ba93582c79a830c4017ce5474b20aa55a30a99b85abd6e75c55e,gemini is our most intelligent model,0.397,0.5095,0.45325,2,0,Technical
rival2,Google,https://gemini.google/about,h2,Turn words into videos,2025-12-06T23:31:15.453917,"Learn about Gemini, the everyday AI assistant from Google","Learn how Gemini works and discover groundbreaking features like image generation, Deep Research, personalisation and more to supercharge your world.",1188ca241b8207fa7f161303c79efd44c6aa710e59a2b5735bb03f04cc495826,turn words into videos,0.0,0.0,0.0,0,0,Other
rival2,Google,https://gemini.google/about,p,"Create high-quality, 8-second videos with our latest video generation models. Simply describe what you have in mind and watch your ideas come to life in motion.",2025-12-06T23:31:15.453920,"Learn about Gemini, the everyday AI assistant from Google","Learn how Gemini works and discover groundbreaking features like image generation, Deep Research, personalisation and more to supercharge your world.",0d7bf7989cbff509dfd70850658d0d9337a442631de51e7363c73a89831cafb1,create high quality second videos with our latest video generation models simply describe what you have in mind and watch your ideas come to life in motion,0.075,0.2732,0.1741,1,3,Value Proposition
rival2,Google,https://gemini.google/about,h2,Ask complex questions,2025-12-06T23:31:15.453924,"Learn about Gemini, the everyday AI assistant from Google","Learn how Gemini works and discover groundbreaking features like image generation, Deep Research, personalisation and more to supercharge your world.",69a228920909f413c6cd139fe794fa4c73b33273679fe268a6788e64b3c245ff,ask complex questions,0.0,0.0,0.0,1,1,Balanced
rival2,Google,https://gemini.google/about,p,"Want to understand the DNA replication process or how to build something by hand? Gemini is grounded in Google Search, so you can ask it about anything and follow up with questions until it makes sense.",2025-12-06T23:31:15.453928,"Learn about Gemini, the everyday AI assistant from Google","Learn how Gemini works and discover groundbreaking features like image generation, Deep Research, personalisation and more to supercharge your world.",c74db652bc9e7db9eda1122faa04e23490ffd4822ff551d5ec0d7aab297499f3,want to understand the dna replication process or how to build something by hand gemini is grounded in google search so you can ask it about anything and follow up with questions until it makes sense,0.117,0.5423,0.32965,6,1,Technical
rival2,Google,https://gemini.google/about,h2,Create images in seconds,2025-12-06T23:31:15.453931,"Learn about Gemini, the everyday AI assistant from Google","Learn how Gemini works and discover groundbreaking features like image generation, Deep Research, personalisation and more to supercharge your world.",aff3ab4d5ff4d9a2d0a29dc8a62a7d7fe4d52a3749a5ea321e5108ddcd79a6e6,create images in seconds,0.412,0.2732,0.3426,0,1,Value Proposition
rival2,Google,https://gemini.google/about,p,"With Nano Banana, our latest image generation model, you can get inspiration for a logo design, explore diverse styles from anime to oil paintings and create pictures in just a few words. Once generated, you can instantly download or share with others.",2025-12-06T23:31:15.453934,"Learn about Gemini, the everyday AI assistant from Google","Learn how Gemini works and discover groundbreaking features like image generation, Deep Research, personalisation and more to supercharge your world.",21c77042877fb02fbb66f9caae42894da6583153a475fccd8e27d53120e068b3,with nano banana our latest image generation model you can get inspiration for a logo design explore diverse styles from anime to oil paintings and create pictures in just a few words once generated you can instantly download or share with others,0.172,0.7717,0.47185,1,2,Value Proposition
rival2,Google,https://gemini.google/about,h2,Talk it out with Gemini Live,2025-12-06T23:31:15.453938,"Learn about Gemini, the everyday AI assistant from Google","Learn how Gemini works and discover groundbreaking features like image generation, Deep Research, personalisation and more to supercharge your world.",d91d592110a4fb53b880dd1e71ec05b4148fbba3edce5421c873971a10a2a9b1,talk it out with gemini live,0.0,0.0,0.0,1,0,Technical
rival2,Google,https://gemini.google/about,p,"Brainstorm ideas out loud, practice interview questions, share a file or photo that you want to discuss and talk it through with Gemini Live.",2025-12-06T23:31:15.453941,"Learn about Gemini, the everyday AI assistant from Google","Learn how Gemini works and discover groundbreaking features like image generation, Deep Research, personalisation and more to supercharge your world.",65ddb43bcd028fe14652e0438dbb7f03e35351ea1e4358d668149453da51c363,brainstorm ideas out loud practice interview questions share a file or photo that you want to discuss and talk it through with gemini live,0.143,0.3612,0.2521,2,1,Technical
rival2,Google,https://gemini.google/about,h2,Write in less time,2025-12-06T23:31:15.453944,"Learn about Gemini, the everyday AI assistant from Google","Learn how Gemini works and discover groundbreaking features like image generation, Deep Research, personalisation and more to supercharge your world.",b984ddeb0a2e5bad6f7439bd5f43845c67cfc728a307ee925f4eeda037efc209,write in less time,0.0,0.0,0.0,0,1,Value Proposition
rival2,Google,https://gemini.google/about,p,"Go from a blank page to a finished product faster. Use Gemini to summarise text, generate first drafts and upload files to get feedback on things that you've already written.",2025-12-06T23:31:15.453948,"Learn about Gemini, the everyday AI assistant from Google","Learn how Gemini works and discover groundbreaking features like image generation, Deep Research, personalisation and more to supercharge your world.",3a143f9c29dac72cd3306bc7f6e049545ebc9bd604a1c3c9cdd60ceea66845d5,go from a blank page to a finished product faster use gemini to summarise text generate first drafts and upload files to get feedback on things that you ve already written,0.0,0.0,0.0,2,2,Balanced
rival2,Google,https://gemini.google/about,h2,Power up your learning,2025-12-06T23:31:15.453951,"Learn about Gemini, the everyday AI assistant from Google","Learn how Gemini works and discover groundbreaking features like image generation, Deep Research, personalisation and more to supercharge your world.",437e555ae95b901ffd616034ad485325ce5e655989ebf124d82f9f15491647ac,power up your learning,0.0,0.0,0.0,0,0,Other
rival2,Google,https://gemini.google/about,p,"Create study plans, topic summaries and quizzes to test your knowledge. You can even practice presentations out loud with Gemini Live.",2025-12-06T23:31:15.453954,"Learn about Gemini, the everyday AI assistant from Google","Learn how Gemini works and discover groundbreaking features like image generation, Deep Research, personalisation and more to supercharge your world.",e302f3976b9110e92b29021cd4883e8e81304afcf8a927b278316010b94ee77d,create study plans topic summaries and quizzes to test your knowledge you can even practice presentations out loud with gemini live,0.095,0.2732,0.18409999999999999,1,1,Balanced
rival2,Google,https://gemini.google/about,h2,Get help with tasks in multiple apps at once,2025-12-06T23:31:15.453958,"Learn about Gemini, the everyday AI assistant from Google","Learn how Gemini works and discover groundbreaking features like image generation, Deep Research, personalisation and more to supercharge your world.",de0be52c40df32b09895f0367b7dc2a116515103d661252b318f1ea07bbd4e62,get help with tasks in multiple apps at once,0.252,0.4019,0.32694999999999996,2,0,Technical
rival2,Google,https://gemini.google/about,p,"Gemini connects to your stuff in Gmail, Google Calendar, Google Maps, YouTube and Google Photos to help you find what you need without switching between apps. You can use Gemini to set alarms, control music and make calls hands-free.",2025-12-06T23:31:15.453962,"Learn about Gemini, the everyday AI assistant from Google","Learn how Gemini works and discover groundbreaking features like image generation, Deep Research, personalisation and more to supercharge your world.",0024d928ecbdfd1d14cc0967308489411b1b254aa3674185d0ebca9cc28eb9a2,gemini connects to your stuff in gmail google calendar google maps youtube and google photos to help you find what you need without switching between apps you can use gemini to set alarms control music and make calls hands free,0.08600000000000001,0.5994,0.3427,6,1,Technical
rival2,Google,https://gemini.google/about,h2,Condense hours of searching with Deep Research,2025-12-06T23:31:15.453965,"Learn about Gemini, the everyday AI assistant from Google","Learn how Gemini works and discover groundbreaking features like image generation, Deep Research, personalisation and more to supercharge your world.",8ae01a286426604d4fb84bcf2a30ce538e6620cfa50030fe0123daac82224459,condense hours of searching with deep research,0.0,0.0,0.0,2,0,Technical
rival2,Google,https://gemini.google/about,p,"Sift through hundreds of websites, analyse the information and create a comprehensive report in minutes. It's like having a personalised research agent that helps you get up to speed on just about anything.",2025-12-06T23:31:15.453967,"Learn about Gemini, the everyday AI assistant from Google","Learn how Gemini works and discover groundbreaking features like image generation, Deep Research, personalisation and more to supercharge your world.",694231ed0740fbbaae0c47fa99d6c92e120ed428a95f8d320c565132d9211601,sift through hundreds of websites analyse the information and create a comprehensive report in minutes it s like having a personalised research agent that helps you get up to speed on just about anything,0.254,0.802,0.528,3,2,Technical
rival2,Google,https://gemini.google/about,h2,Build custom experts with Gems,2025-12-06T23:31:15.453971,"Learn about Gemini, the everyday AI assistant from Google","Learn how Gemini works and discover groundbreaking features like image generation, Deep Research, personalisation and more to supercharge your world.",bc74d793c9cd64b6925cea6de2b02267dd6562be9e015da77891fd0f0cbda924,build custom experts with gems,0.0,0.0,0.0,0,1,Value Proposition
rival2,Google,https://gemini.google/about,p,Save highly detailed instructions and upload files to brief your own AI expert. Gems can be anything from a career coach or brainstorm partner to a coding helper.,2025-12-06T23:31:15.453974,"Learn about Gemini, the everyday AI assistant from Google","Learn how Gemini works and discover groundbreaking features like image generation, Deep Research, personalisation and more to supercharge your world.",f17cc0974cbec7b752902d8e71ade7d507ed19622a38cefd5aed14bc2513fcb1,save highly detailed instructions and upload files to brief your own ai expert gems can be anything from a career coach or brainstorm partner to a coding helper,0.189,0.6808,0.43489999999999995,3,1,Technical
rival2,Google,https://gemini.google/about,h2,Dive into large files and code repositories,2025-12-06T23:31:15.453977,"Learn about Gemini, the everyday AI assistant from Google","Learn how Gemini works and discover groundbreaking features like image generation, Deep Research, personalisation and more to supercharge your world.",d754ab531636506bf4ca71fde1d3c943f7abdbe4aac11e3abfa86d4f6328057c,dive into large files and code repositories,0.0,0.0,0.0,1,0,Technical
rival2,Google,https://gemini.google/about,p,"With a long context window of 1 million tokens, Gemini Pro can understand and analyse whole books, lengthy reports and more with uploads of up to 1,500 pages or 30K lines of code, all at once.",2025-12-06T23:31:15.453981,"Learn about Gemini, the everyday AI assistant from Google","Learn how Gemini works and discover groundbreaking features like image generation, Deep Research, personalisation and more to supercharge your world.",9e565747317dcf826e059761b18c69ea3baef160d1c9db364e6b5212574e8ca9,with a long context window of million tokens gemini pro can understand and analyse whole books lengthy reports and more with uploads of up to pages or k lines of code all at once,0.0,0.0,0.0,2,2,Balanced
rival2,Google,https://gemini.google/about,h2,Plans,2025-12-06T23:31:15.453984,"Learn about Gemini, the everyday AI assistant from Google","Learn how Gemini works and discover groundbreaking features like image generation, Deep Research, personalisation and more to supercharge your world.",dfe8b2f0de26bb87c6d6066acf6668807a27d8270cc08ade10018769ee380101,plans,0.0,0.0,0.0,0,0,Other
rival2,Google,https://gemini.google/about,p,"Geteveryday helpfrom Google AI to tackle tasks at work, school or home.",2025-12-06T23:31:15.453990,"Learn about Gemini, the everyday AI assistant from Google","Learn how Gemini works and discover groundbreaking features like image generation, Deep Research, personalisation and more to supercharge your world.",d9a66ad4feb2e1e24f4345f9dc9f662b48af2a3b4b6e8267eacba87031f9eb4c,geteveryday helpfrom google ai to tackle tasks at work school or home,0.0,0.0,0.0,3,0,Technical
rival2,Google,https://gemini.google/about,p,Access to 2.5 Flash,2025-12-06T23:31:15.453994,"Learn about Gemini, the everyday AI assistant from Google","Learn how Gemini works and discover groundbreaking features like image generation, Deep Research, personalisation and more to supercharge your world.",82863796784baff6c043e1ae7cd70a9272bebf9cc323336c96fc78b199d7a512,access to flash,0.0,0.0,0.0,1,0,Technical
rival2,Google,https://gemini.google/about,p,Limited access to 3 Pro,2025-12-06T23:31:15.453997,"Learn about Gemini, the everyday AI assistant from Google","Learn how Gemini works and discover groundbreaking features like image generation, Deep Research, personalisation and more to supercharge your world.",a4e5dcd66061bd5be20a1ed6c723846e1d07cb71bf11b36ed37fb0507b043685,limited access to pro,-0.388,-0.2263,-0.30715000000000003,1,1,Balanced
rival2,Google,https://gemini.google/about,p,Image generation and editing,2025-12-06T23:31:15.454005,"Learn about Gemini, the everyday AI assistant from Google","Learn how Gemini works and discover groundbreaking features like image generation, Deep Research, personalisation and more to supercharge your world.",2a0b024420ecef2f4f84fcc101c985c7430d63831e27d17b38a06476846bc772,image generation and editing,0.0,0.0,0.0,0,1,Value Proposition
rival2,Google,https://gemini.google/about,p,Deep Research,2025-12-06T23:31:15.454009,"Learn about Gemini, the everyday AI assistant from Google","Learn how Gemini works and discover groundbreaking features like image generation, Deep Research, personalisation and more to supercharge your world.",3e7f33be3e5c77c03587673e79daf016cbaa9fb5e9407eacb7c3346619fc5348,deep research,0.0,0.0,0.0,2,0,Technical
rival2,Google,https://gemini.google/about,p,Gemini Live,2025-12-06T23:31:15.454012,"Learn about Gemini, the everyday AI assistant from Google","Learn how Gemini works and discover groundbreaking features like image generation, Deep Research, personalisation and more to supercharge your world.",b126656e15d877060102f17d030184068c50f574ff1ecb8d931aced1253a166b,gemini live,0.0,0.0,0.0,1,0,Technical
rival2,Google,https://gemini.google/about,p,Canvas,2025-12-06T23:31:15.454015,"Learn about Gemini, the everyday AI assistant from Google","Learn how Gemini works and discover groundbreaking features like image generation, Deep Research, personalisation and more to supercharge your world.",3824a9f4dafe92c6f1b80b40656a59784c03a824c27d58125d7d0ace753e2df2,canvas,0.0,0.0,0.0,0,0,Other
rival2,Google,https://gemini.google/about,p,Gems,2025-12-06T23:31:15.454018,"Learn about Gemini, the everyday AI assistant from Google","Learn how Gemini works and discover groundbreaking features like image generation, Deep Research, personalisation and more to supercharge your world.",6024329694ab96e59f99359813abf62421f5d5732d268bb8819a146533c7e9e3,gems,0.0,0.0,0.0,0,0,Other
rival2,Google,https://gemini.google/about,p,Gethigher accessto new and powerful features to boost your productivity and creativity.,2025-12-06T23:31:15.454023,"Learn about Gemini, the everyday AI assistant from Google","Learn how Gemini works and discover groundbreaking features like image generation, Deep Research, personalisation and more to supercharge your world.",1ac2fb3634e788109a66aab98b677f6662bf72defcaf424ca862f70343ddb46f,gethigher accessto new and powerful features to boost your productivity and creativity,0.474,0.7964,0.6352,0,0,Other
rival2,Google,https://gemini.google/about,p,Google AI Pro is available in more than 150 countries and territories – see thefull list of countries.,2025-12-06T23:31:15.454028,"Learn about Gemini, the everyday AI assistant from Google","Learn how Gemini works and discover groundbreaking features like image generation, Deep Research, personalisation and more to supercharge your world.",70567b2d1f9ff16060f2955064a78336aae7e719c01b394937202bd701a4d76d,google ai pro is available in more than countries and territories see thefull list of countries,0.0,0.0,0.0,3,4,Value Proposition
rival2,Google,https://gemini.google/about,p,Unlock thehighest level of accessto the best of Google AI and exclusive features.,2025-12-06T23:31:15.454034,"Learn about Gemini, the everyday AI assistant from Google","Learn how Gemini works and discover groundbreaking features like image generation, Deep Research, personalisation and more to supercharge your world.",c18ac5032b1fabafb0779c75d895f5888421479fa8c35ae525f3693a3df55e7c,unlock thehighest level of accessto the best of google ai and exclusive features,0.341,0.6908,0.5159,2,0,Technical
rival2,Google,https://gemini.google/about,p,Google AI Ultra is available in more than 140 countries – see thefull list of countries.,2025-12-06T23:31:15.454039,"Learn about Gemini, the everyday AI assistant from Google","Learn how Gemini works and discover groundbreaking features like image generation, Deep Research, personalisation and more to supercharge your world.",2733296faa065dd8966946519738872a38ae83c559f0083ec9d7041c81beee53,google ai ultra is available in more than countries see thefull list of countries,0.0,0.0,0.0,3,3,Balanced
rival2,Google,https://gemini.google/about,p,YouTube Premium individual plan is available in over 40 countries – see thefull list of countries.,2025-12-06T23:31:15.454043,"Learn about Gemini, the everyday AI assistant from Google","Learn how Gemini works and discover groundbreaking features like image generation, Deep Research, personalisation and more to supercharge your world.",f08d0df5e455f43ba1c9dfb5b2d3ef322e1bbec5474b929fc3bc428059eea5c1,youtube premium individual plan is available in over countries see thefull list of countries,0.0,0.0,0.0,1,4,Value Proposition
rival2,Google,https://gemini.google/about,h2,Gemini on Instagram,2025-12-06T23:31:15.454046,"Learn about Gemini, the everyday AI assistant from Google","Learn how Gemini works and discover groundbreaking features like image generation, Deep Research, personalisation and more to supercharge your world.",d0ca7f0fa833c67729c47cbfa91cd5b1c30746b40532a94da91840ccfa886856,gemini on instagram,0.0,0.0,0.0,1,0,Technical
rival2,Google,https://gemini.google/about,h2,Upgrade based on your needs,2025-12-06T23:31:15.454050,"Learn about Gemini, the everyday AI assistant from Google","Learn how Gemini works and discover groundbreaking features like image generation, Deep Research, personalisation and more to supercharge your world.",7533fffcfea28212dceaf7b90c635a905c3423592bbfdcd64b9fbc087753ad10,upgrade based on your needs,0.0,0.0,0.0,0,0,Other
rival2,Google,https://gemini.google/about,h3,Consumer,2025-12-06T23:31:15.454053,"Learn about Gemini, the everyday AI assistant from Google","Learn how Gemini works and discover groundbreaking features like image generation, Deep Research, personalisation and more to supercharge your world.",3fdb18587034711c87a51919426d1052f4e25e2d8813d063c78baec4ecd2a3ec,consumer,0.0,0.0,0.0,0,0,Other
rival2,Google,https://gemini.google/about,p,Via Google One,2025-12-06T23:31:15.454055,"Learn about Gemini, the everyday AI assistant from Google","Learn how Gemini works and discover groundbreaking features like image generation, Deep Research, personalisation and more to supercharge your world.",8db4ed6c3046332c43b7e61f53ab17637a9e0957010df91c0cc8fe6660ed41c8,via google one,0.0,0.0,0.0,1,0,Technical
rival2,Google,https://gemini.google/about,h3,Business,2025-12-06T23:31:15.454059,"Learn about Gemini, the everyday AI assistant from Google","Learn how Gemini works and discover groundbreaking features like image generation, Deep Research, personalisation and more to supercharge your world.",76f68a75f01ed76f5a02ada71a3765a38ef2c45ba99106ee5a4bd5678d7bbdd0,business,0.0,0.0,0.0,0,0,Other
rival2,Google,https://gemini.google/about,p,Via Google Workspace,2025-12-06T23:31:15.454061,"Learn about Gemini, the everyday AI assistant from Google","Learn how Gemini works and discover groundbreaking features like image generation, Deep Research, personalisation and more to supercharge your world.",3dade1c80d2bda646862b718011c57ac3b5d311b7b34d4badacdb59eda5f5e1c,via google workspace,0.0,0.0,0.0,1,0,Technical
rival2,Google,https://gemini.google/about,h3,Enterprise,2025-12-06T23:31:15.454064,"Learn about Gemini, the everyday AI assistant from Google","Learn how Gemini works and discover groundbreaking features like image generation, Deep Research, personalisation and more to supercharge your world.",3fbe5ed156f149939d9396e729af009070ccc54984b5bd8e088d86a72f8ac879,enterprise,0.0,0.0,0.0,0,0,Other
rival2,Google,https://gemini.google/about,p,Via Google Cloud,2025-12-06T23:31:15.454066,"Learn about Gemini, the everyday AI assistant from Google","Learn how Gemini works and discover groundbreaking features like image generation, Deep Research, personalisation and more to supercharge your world.",71255b468f0f05853caf6e913f033d0cdbef55e298157b35ae248d20bda47947,via google cloud,0.0,0.0,0.0,1,0,Technical
rival2,Google,https://gemini.google/about,h3,Education,2025-12-06T23:31:15.454069,"Learn about Gemini, the everyday AI assistant from Google","Learn how Gemini works and discover groundbreaking features like image generation, Deep Research, personalisation and more to supercharge your world.",512ab3c6b9869577bd4474c56b88f9e3f1c40c54d18e8e5a2329821254d362d2,education,0.0,0.0,0.0,0,0,Other
rival2,Google,https://gemini.google/about,p,Via Google Workspace,2025-12-06T23:31:15.454071,"Learn about Gemini, the everyday AI assistant from Google","Learn how Gemini works and discover groundbreaking features like image generation, Deep Research, personalisation and more to supercharge your world.",3dade1c80d2bda646862b718011c57ac3b5d311b7b34d4badacdb59eda5f5e1c,via google workspace,0.0,0.0,0.0,1,0,Technical
rival2,Google,https://gemini.google/about,p,Google AI Pro is available in more than 150 countries and territories – see thefull list of countries.,2025-12-06T23:31:15.454076,"Learn about Gemini, the everyday AI assistant from Google","Learn how Gemini works and discover groundbreaking features like image generation, Deep Research, personalisation and more to supercharge your world.",70567b2d1f9ff16060f2955064a78336aae7e719c01b394937202bd701a4d76d,google ai pro is available in more than countries and territories see thefull list of countries,0.0,0.0,0.0,3,4,Value Proposition
rival2,Google,https://gemini.google/about,p,Google AI Ultra is available in more than 140 countries – see thefull list of countries.,2025-12-06T23:31:15.454080,"Learn about Gemini, the everyday AI assistant from Google","Learn how Gemini works and discover groundbreaking features like image generation, Deep Research, personalisation and more to supercharge your world.",2733296faa065dd8966946519738872a38ae83c559f0083ec9d7041c81beee53,google ai ultra is available in more than countries see thefull list of countries,0.0,0.0,0.0,3,3,Balanced
rival2,Google,https://gemini.google/about,p,Monthly credits are shared across Flow and Whisk.,2025-12-06T23:31:15.454085,"Learn about Gemini, the everyday AI assistant from Google","Learn how Gemini works and discover groundbreaking features like image generation, Deep Research, personalisation and more to supercharge your world.",3493a7caa42b0f46f2c1418cc84fa8a23c5902069b3120eb0ff688e0a98a8a95,monthly credits are shared across flow and whisk,0.45,0.5994,0.5247,0,0,Other
rival2,Google,https://gemini.google/about,p,Flow is available in more than 140 countries – see thefull list of countries.,2025-12-06T23:31:15.454089,"Learn about Gemini, the everyday AI assistant from Google","Learn how Gemini works and discover groundbreaking features like image generation, Deep Research, personalisation and more to supercharge your world.",9283ce35723a018504f284f8e40f161f7766057a9f2bc4c66997c7610e94d4cd,flow is available in more than countries see thefull list of countries,0.0,0.0,0.0,1,3,Value Proposition
rival2,Google,https://gemini.google/about,p,Veo 3.1 is available in more than 140 countries and territories – see thefull list of countries.,2025-12-06T23:31:15.454093,"Learn about Gemini, the everyday AI assistant from Google","Learn how Gemini works and discover groundbreaking features like image generation, Deep Research, personalisation and more to supercharge your world.",fabce6c31f7debe00bcf845d7a7801ce4bfc377273f960fda9bc7cb4b99ebb1d,veo is available in more than countries and territories see thefull list of countries,0.0,0.0,0.0,1,3,Value Proposition
rival2,Google,https://gemini.google/about,p,Whisk is available in more than 140 countries and territories – see thefull list of countries.,2025-12-06T23:31:15.454098,"Learn about Gemini, the everyday AI assistant from Google","Learn how Gemini works and discover groundbreaking features like image generation, Deep Research, personalisation and more to supercharge your world.",3b52a731863d6078075cfe93e79782b8089eabcdd34d92cc158da6f2e9e89312,whisk is available in more than countries and territories see thefull list of countries,0.0,0.0,0.0,1,3,Value Proposition
rival2,Google,https://gemini.google/about,p,YouTube Premium individual plan is available in over 40 countries – see thefull list of countries.,2025-12-06T23:31:15.454102,"Learn about Gemini, the everyday AI assistant from Google","Learn how Gemini works and discover groundbreaking features like image generation, Deep Research, personalisation and more to supercharge your world.",f08d0df5e455f43ba1c9dfb5b2d3ef322e1bbec5474b929fc3bc428059eea5c1,youtube premium individual plan is available in over countries see thefull list of countries,0.0,0.0,0.0,1,4,Value Proposition
rival2,Google,https://gemini.google/about,h2,Change your region and language,2025-12-06T23:31:15.454104,"Learn about Gemini, the everyday AI assistant from Google","Learn how Gemini works and discover groundbreaking features like image generation, Deep Research, personalisation and more to supercharge your world.",7c5021066538126007af117387e06b0c9d553b52364785a83316864bc9e0b46e,change your region and language,0.0,0.0,0.0,0,0,Other
rival2,Google,https://gemini.google/about,h3,Americas,2025-12-06T23:31:15.454107,"Learn about Gemini, the everyday AI assistant from Google","Learn how Gemini works and discover groundbreaking features like image generation, Deep Research, personalisation and more to supercharge your world.",2d1b84c3b2d1353bb8d6c14655855517c1c1d97c4f84c01f8975688463f14aa8,americas,0.0,0.0,0.0,0,0,Other
rival2,Google,https://gemini.google/about,h3,Asia Pacific,2025-12-06T23:31:15.454110,"Learn about Gemini, the everyday AI assistant from Google","Learn how Gemini works and discover groundbreaking features like image generation, Deep Research, personalisation and more to supercharge your world.",dcdfce70dc5d1e6c49899422574e8c627723717c7e2dc945071935a95ba5676e,asia pacific,0.0,0.0,0.0,0,0,Other
rival2,Google,https://gemini.google/about,h3,Europe and Africa,2025-12-06T23:31:15.454113,"Learn about Gemini, the everyday AI assistant from Google","Learn how Gemini works and discover groundbreaking features like image generation, Deep Research, personalisation and more to supercharge your world.",2b5143c300223f0271faa6e3406b2c7f7acd9ec2e523f2f90512ec28a4905adf,europe and africa,0.0,0.0,0.0,0,0,Other
rival2,Google,https://gemini.google/overview/deep-research,p,"gemini.google uses cookies to deliver and enhance the quality of its services and to analyze traffic. If you agree, cookies are also used to serve advertising and to personalize the content and advertisements that you see.Learn more",2025-12-06T23:31:16.911135,Gemini Deep Research — your personal research assistant,Save hours of work with Gemini Deep Research as your personal research assistant from Google.,75b72ce9d26d0ff7fd94130409562bb454ed655c2a65dfe25b36886f54f86578,gemini google uses cookies to deliver and enhance the quality of its services and to analyze traffic if you agree cookies are also used to serve advertising and to personalize the content and advertisements that you see learn more,0.062,0.3612,0.2116,4,5,Value Proposition
rival2,Google,https://gemini.google/overview/deep-research,h1,Gemini Deep Research,2025-12-06T23:31:16.911156,Gemini Deep Research — your personal research assistant,Save hours of work with Gemini Deep Research as your personal research assistant from Google.,05c1c8943de496c5d7b4f0329e5a0caf79de25839b2f18e6a459c5d866cb53ee,gemini deep research,0.0,0.0,0.0,3,0,Technical
rival2,Google,https://gemini.google/overview/deep-research,p,"Save hours of work with Deep Research as your personal research assistant. Now with the ability to draw context from your Gmail, Drive and even Chat in addition to the web, and transform reports into interactive content in Canvas.",2025-12-06T23:31:16.911160,Gemini Deep Research — your personal research assistant,Save hours of work with Gemini Deep Research as your personal research assistant from Google.,41c688675ffda11fdf3629ed179a28a0ec8949dad8a42160ef212224411b1be1,save hours of work with deep research as your personal research assistant now with the ability to draw context from your gmail drive and even chat in addition to the web and transform reports into interactive content in canvas,0.129,0.6705,0.39975,7,0,Technical
rival2,Google,https://gemini.google/overview/deep-research,h2,What is Deep Research,2025-12-06T23:31:16.911163,Gemini Deep Research — your personal research assistant,Save hours of work with Gemini Deep Research as your personal research assistant from Google.,21d69bc016e2cc871bfd7c91430efcf25cb7dda59b85ea1eb6854020d238d9b0,what is deep research,0.0,0.0,0.0,2,0,Technical
rival2,Google,https://gemini.google/overview/deep-research,p,"Get up to speed on just about anything with Deep Research, an agentic feature in Gemini that can automatically browse hundreds of websites and even your Gmail, Drive and Chat on your behalf, think through its findings and create insightful multi-page reports in minutes.",2025-12-06T23:31:16.911166,Gemini Deep Research — your personal research assistant,Save hours of work with Gemini Deep Research as your personal research assistant from Google.,1b22c42bb19fa73031a7ceeb1acffdb81226daad7657ca1094fd789eae18632f,get up to speed on just about anything with deep research an agentic feature in gemini that can automatically browse hundreds of websites and even your gmail drive and chat on your behalf think through its findings and create insightful multi page reports in minutes,0.046,0.2732,0.1596,4,2,Technical
rival2,Google,https://gemini.google/overview/deep-research,p,"With the Gemini 2.5 model, Deep Research is even better at all stages of research, from planning to delivering even more insightful and detailed reports.",2025-12-06T23:31:16.911169,Gemini Deep Research — your personal research assistant,Save hours of work with Gemini Deep Research as your personal research assistant from Google.,4d089b6e891f7a318893bde6ceb113fadd00c661eb71725d08f5fa47e46b17c8,with the gemini model deep research is even better at all stages of research from planning to delivering even more insightful and detailed reports,0.112,0.4404,0.2762,5,0,Technical
rival2,Google,https://gemini.google/overview/deep-research,h3,Planning,2025-12-06T23:31:16.911172,Gemini Deep Research — your personal research assistant,Save hours of work with Gemini Deep Research as your personal research assistant from Google.,21cc305095786cd35cdd0e43b4ab2d5b032f95b8e692ab97dcfda3bae2c12d24,planning,0.0,0.0,0.0,0,0,Other
rival2,Google,https://gemini.google/overview/deep-research,p,Deep Research transforms your prompt into a personalized multi-point research plan,2025-12-06T23:31:16.911175,Gemini Deep Research — your personal research assistant,Save hours of work with Gemini Deep Research as your personal research assistant from Google.,a13d766f54b8f56ebb5828384b333c9ae703b07287f0f882b0284f8c180a37ce,deep research transforms your prompt into a personalized multi point research plan,0.0,0.0,0.0,3,2,Technical
rival2,Google,https://gemini.google/overview/deep-research,h3,Searching,2025-12-06T23:31:16.911178,Gemini Deep Research — your personal research assistant,Save hours of work with Gemini Deep Research as your personal research assistant from Google.,03bd6fca9cf5c1fbb8ac32b7def4942459f0883a9adb4a210b81562cffab233d,searching,0.0,0.0,0.0,0,0,Other
rival2,Google,https://gemini.google/overview/deep-research,p,"Deep Research autonomously searches and deeply browses the web – and your Gmail, Drive and Chat if you so choose – to find relevant, up-to-date information",2025-12-06T23:31:16.911181,Gemini Deep Research — your personal research assistant,Save hours of work with Gemini Deep Research as your personal research assistant from Google.,03101711bb6dd9813f218a015a639d1a468bfadb90c23dda12db4d83f8f2affe,deep research autonomously searches and deeply browses the web and your gmail drive and chat if you so choose to find relevant up to date information,0.0,0.0,0.0,5,2,Technical
rival2,Google,https://gemini.google/overview/deep-research,h3,Reasoning,2025-12-06T23:31:16.911185,Gemini Deep Research — your personal research assistant,Save hours of work with Gemini Deep Research as your personal research assistant from Google.,d8211e24e83d1600a1b0cfe2f7baa68e4d4eb71131a0b2b1b2050cba111ea481,reasoning,0.0,0.0,0.0,0,1,Value Proposition
rival2,Google,https://gemini.google/overview/deep-research,p,Deep Research shows its thoughts as it reasons over information gathered iteratively and thinks before making its next move,2025-12-06T23:31:16.911188,Gemini Deep Research — your personal research assistant,Save hours of work with Gemini Deep Research as your personal research assistant from Google.,d85aa20e1714bb8f9bd781043d1619d019241e9e63d4e0e5abb45a5e3c451af8,deep research shows its thoughts as it reasons over information gathered iteratively and thinks before making its next move,0.0,0.0,0.0,3,0,Technical
rival2,Google,https://gemini.google/overview/deep-research,h3,Reporting,2025-12-06T23:31:16.911190,Gemini Deep Research — your personal research assistant,Save hours of work with Gemini Deep Research as your personal research assistant from Google.,b1fa104b9bf0635e9d9550184d989002b9f1bd87fc945e563a1f7024054db6aa,reporting,0.0,0.0,0.0,0,0,Other
rival2,Google,https://gemini.google/overview/deep-research,p,"Deep Research provides comprehensive custom research reports with more detail and insights, generated in minutes and available as an Audio Overview, saving you hours of time",2025-12-06T23:31:16.911193,Gemini Deep Research — your personal research assistant,Save hours of work with Gemini Deep Research as your personal research assistant from Google.,5d052635dea729262f7cd86548a02e6b60690da1b890a8a88f49ffdd6660513f,deep research provides comprehensive custom research reports with more detail and insights generated in minutes and available as an audio overview saving you hours of time,0.074,0.25,0.162,3,2,Technical
rival2,Google,https://gemini.google/overview/deep-research,h2,How to use Deep Research,2025-12-06T23:31:16.911196,Gemini Deep Research — your personal research assistant,Save hours of work with Gemini Deep Research as your personal research assistant from Google.,56a837c9591ccc36f64bb3c68d72b5e9c3c70666482ab9303a9020c70dc305b5,how to use deep research,0.0,0.0,0.0,2,0,Technical
rival2,Google,https://gemini.google/overview/deep-research,p,"Gemini Deep Research is designed to tackle your complex research tasks by breaking them down, exploring sources like websites and your Workspace content if you choose it. Once Deep Research has found answers, it will synthesise its findings into comprehensive results.",2025-12-06T23:31:16.911199,Gemini Deep Research — your personal research assistant,Save hours of work with Gemini Deep Research as your personal research assistant from Google.,bb9c1d0b13e9fb29c4ece9ff995a9b06802099ec4784fd23866e8425daa4ddf0,gemini deep research is designed to tackle your complex research tasks by breaking them down exploring sources like websites and your workspace content if you choose it once deep research has found answers it will synthesise its findings into comprehensive results,0.103,0.5423,0.32265,8,2,Technical
rival2,Google,https://gemini.google/overview/deep-research,p,"You can also upload your own files to Deep Research and make your reports even more immersive by turning them into interactive content, quizzes, Audio Overviews and more in Canvas.",2025-12-06T23:31:16.911201,Gemini Deep Research — your personal research assistant,Save hours of work with Gemini Deep Research as your personal research assistant from Google.,315b5dda4df125280d76ab47acb9f64cb5aad2b3cdf61a1fbab0325778b2e6c0,you can also upload your own files to deep research and make your reports even more immersive by turning them into interactive content quizzes audio overviews and more in canvas,0.0,0.0,0.0,5,0,Technical
rival2,Google,https://gemini.google/overview/deep-research,h3,Competitive analysis,2025-12-06T23:31:16.911204,Gemini Deep Research — your personal research assistant,Save hours of work with Gemini Deep Research as your personal research assistant from Google.,6ab8d8f924f6fbdd9b37f31a0661cb45ab34f144d308016b5028c00d0eb06de0,competitive analysis,0.63,0.1779,0.40395000000000003,1,0,Technical
rival2,Google,https://gemini.google/overview/deep-research,p,"Building a competitor report that cross-references public web data with your internal strategy memos, feature-comparison spreadsheets and team chats about a rival product.",2025-12-06T23:31:16.911207,Gemini Deep Research — your personal research assistant,Save hours of work with Gemini Deep Research as your personal research assistant from Google.,31e657fcc265ffa0ae7d60223750c43955b933c7ec09e4e0fed417b9e10aa184,building a competitor report that cross references public web data with your internal strategy memos feature comparison spreadsheets and team chats about a rival product,0.0,0.0,0.0,1,1,Balanced
rival2,Google,https://gemini.google/overview/deep-research,h3,Due diligence,2025-12-06T23:31:16.911210,Gemini Deep Research — your personal research assistant,Save hours of work with Gemini Deep Research as your personal research assistant from Google.,a7629a9aedb1980df328011159c73481cdebebee1d870a37acefb884a9360e71,due diligence,0.0,0.0,0.0,0,0,Other
rival2,Google,https://gemini.google/overview/deep-research,p,"Investigating a potential sales lead, analysing a company's products, funding history, team and competitive environment and merging it with your own notes in Workspace on the client relationship.",2025-12-06T23:31:16.911212,Gemini Deep Research — your personal research assistant,Save hours of work with Gemini Deep Research as your personal research assistant from Google.,d46259034ec91f7ae7e73d4efc6fc8a0ec75cb0daba6f54cd069331af6fb621a,investigating a potential sales lead analysing a company s products funding history team and competitive environment and merging it with your own notes in workspace on the client relationship,0.064,0.1779,0.12095,1,0,Technical
rival2,Google,https://gemini.google/overview/deep-research,h3,Topic understanding,2025-12-06T23:31:16.911215,Gemini Deep Research — your personal research assistant,Save hours of work with Gemini Deep Research as your personal research assistant from Google.,966e07f674b226fb606692dc6fe56321d76de7963f7f4aeba2253438f5eb9376,topic understanding,0.0,0.0,0.0,0,0,Other
rival2,Google,https://gemini.google/overview/deep-research,p,"Diving deep into subjects by comparing and contrasting key concepts, identifying relationships between ideas and explaining underlying principles.",2025-12-06T23:31:16.911218,Gemini Deep Research — your personal research assistant,Save hours of work with Gemini Deep Research as your personal research assistant from Google.,d8bc8efc7516053e79e5e9023dbc9eb36dcf8f9474740b282e4b51e2ffd4c4b2,diving deep into subjects by comparing and contrasting key concepts identifying relationships between ideas and explaining underlying principles,0.071,0.0772,0.0741,2,1,Technical
rival2,Google,https://gemini.google/overview/deep-research,h3,Product comparison,2025-12-06T23:31:16.911220,Gemini Deep Research — your personal research assistant,Save hours of work with Gemini Deep Research as your personal research assistant from Google.,47a463a52a2d34203686eb157c2b0e86a1a518e746eb61fbc413be7ed31cace6,product comparison,0.0,0.0,0.0,0,1,Value Proposition
rival2,Google,https://gemini.google/overview/deep-research,p,"Evaluating different models of an appliance based on features, performance, price and customer reviews.",2025-12-06T23:31:16.911223,Gemini Deep Research — your personal research assistant,Save hours of work with Gemini Deep Research as your personal research assistant from Google.,961a1594b8de6d048c5bcde924c6c3fc2aef758a6b04ac70ef8babff6b4685c6,evaluating different models of an appliance based on features performance price and customer reviews,0.0,0.0,0.0,0,3,Value Proposition
rival2,Google,https://gemini.google/overview/deep-research,p,It’s a step towards more agentic AI that can move beyond simple question-answering to become a true collaborative partner capable of sophisticated thinking and execution.,2025-12-06T23:31:16.911226,Gemini Deep Research — your personal research assistant,Save hours of work with Gemini Deep Research as your personal research assistant from Google.,bf80005cc0bf9122c684dd17f28df44a0d54cfa6113b31f075eb3e48aed02611,it s a step towards more agentic ai that can move beyond simple question answering to become a true collaborative partner capable of sophisticated thinking and execution,0.3,0.8402,0.5700999999999999,2,2,Balanced
rival2,Google,https://gemini.google/overview/deep-research,p,Try it todayat no cost.,2025-12-06T23:31:16.911229,Gemini Deep Research — your personal research assistant,Save hours of work with Gemini Deep Research as your personal research assistant from Google.,00f1d5928ee8a0a6096982b1d90dd37efc6cf3190858572cce88feb43c69499b,try it todayat no cost,-0.355,-0.296,-0.3255,0,1,Value Proposition
rival2,Google,https://gemini.google/overview/deep-research,h2,How to access Deep Research,2025-12-06T23:31:16.911232,Gemini Deep Research — your personal research assistant,Save hours of work with Gemini Deep Research as your personal research assistant from Google.,55a54fe24eb0e6513bda3063a2d9da072ff35a7fd1f86b962dcf2ae918143747,how to access deep research,0.0,0.0,0.0,3,0,Technical
rival2,Google,https://gemini.google/overview/deep-research,h2,Try Deep Research today at no cost,2025-12-06T23:31:16.911234,Gemini Deep Research — your personal research assistant,Save hours of work with Gemini Deep Research as your personal research assistant from Google.,1986ae98ebadf97fc37d92e9e1d55a20031c5f30e619d37a6489c2eae8ac6ad8,try deep research today at no cost,-0.268,-0.296,-0.28200000000000003,2,1,Technical
rival2,Google,https://gemini.google/overview/deep-research,p,On desktop,2025-12-06T23:31:16.911236,Gemini Deep Research — your personal research assistant,Save hours of work with Gemini Deep Research as your personal research assistant from Google.,f441c332e5d5e41ad2aea4f85d9ced8b18072bdc19c722cc6aefba63e6ac6efc,on desktop,0.0,0.0,0.0,0,0,Other
rival2,Google,https://gemini.google/overview/deep-research,p,On mobile,2025-12-06T23:31:16.911239,Gemini Deep Research — your personal research assistant,Save hours of work with Gemini Deep Research as your personal research assistant from Google.,90c72289aaaa849b39d11b9c9b79dce3277788dd5294eb564fedd3cdb05f3202,on mobile,0.0,0.0,0.0,0,0,Other
rival2,Google,https://gemini.google/overview/deep-research,p,In 150 countries,2025-12-06T23:31:16.911241,Gemini Deep Research — your personal research assistant,Save hours of work with Gemini Deep Research as your personal research assistant from Google.,6e436ad220d8006e8a7aff823d8bd5b7c95156edf3d8ed0be02788faa03aec0a,in countries,0.0,0.0,0.0,0,1,Value Proposition
rival2,Google,https://gemini.google/overview/deep-research,p,In 45+ languages,2025-12-06T23:31:16.911244,Gemini Deep Research — your personal research assistant,Save hours of work with Gemini Deep Research as your personal research assistant from Google.,02dd288157b2ad0af04384ebb015f77bd19f3ba9049ac52233c4a64e68c3deef,in languages,0.0,0.0,0.0,0,0,Other
rival2,Google,https://gemini.google/overview/deep-research,p,Available to Google Workspace users,2025-12-06T23:31:16.911246,Gemini Deep Research — your personal research assistant,Save hours of work with Gemini Deep Research as your personal research assistant from Google.,ae9560165544a981969a4359d91cddff2d1c30300f3f8510c6ed2bbcb9f5520b,available to google workspace users,0.0,0.0,0.0,1,1,Balanced
rival2,Google,https://gemini.google/overview/deep-research,p,Just select Deep Research in the prompt bar to get started and let Gemini do the research for you.,2025-12-06T23:31:16.911249,Gemini Deep Research — your personal research assistant,Save hours of work with Gemini Deep Research as your personal research assistant from Google.,ab34ce4ffec7bc9415380bec0c1b3d4b4750540b22446ef118523a65d21c5f2e,just select deep research in the prompt bar to get started and let gemini do the research for you,0.0,0.0,0.0,4,1,Technical
rival2,Google,https://gemini.google/overview/deep-research,h2,How we built the first Deep Research,2025-12-06T23:31:16.911251,Gemini Deep Research — your personal research assistant,Save hours of work with Gemini Deep Research as your personal research assistant from Google.,ec6482b73527321ea6a93094c30f9965a1ca7bb7bcb320392c15ae5ae653151d,how we built the first deep research,0.0,0.0,0.0,2,0,Technical
rival2,Google,https://gemini.google/overview/deep-research,p,"The day after we pioneered the Deep Research product category on Gemini in December 2024, we gathered some of the team behind the product for a discussion.",2025-12-06T23:31:16.911254,Gemini Deep Research — your personal research assistant,Save hours of work with Gemini Deep Research as your personal research assistant from Google.,ef101984a4b4942180f8086b67f2201a506aa3dc87307c4e3f53ca75fe2c0f83,the day after we pioneered the deep research product category on gemini in december we gathered some of the team behind the product for a discussion,0.0,0.0,0.0,4,2,Technical
rival2,Google,https://gemini.google/overview/deep-research,h3,An agentic system,2025-12-06T23:31:16.911256,Gemini Deep Research — your personal research assistant,Save hours of work with Gemini Deep Research as your personal research assistant from Google.,c1df1c3a4b4b26af8cff87dc0dfe7de627c9b871ddff762d76f7ccde60c8a497,an agentic system,0.0,0.0,0.0,0,1,Value Proposition
rival2,Google,https://gemini.google/overview/deep-research,p,"To build Deep Research, we developed a new planning system that enables Gemini app to work through complex problems. For Deep Research, we trained Gemini models to be capable of:",2025-12-06T23:31:16.911261,Gemini Deep Research — your personal research assistant,Save hours of work with Gemini Deep Research as your personal research assistant from Google.,c018dcd8db005b914589d52959f891a3fe3e88dc21a4f18ab0e2452e1cd9b621,to build deep research we developed a new planning system that enables gemini app to work through complex problems for deep research we trained gemini models to be capable of,-0.0040000000000000036,-0.0258,-0.014900000000000002,6,4,Technical
rival2,Google,https://gemini.google/overview/deep-research,p,"Breaking down the problem:When presented with a complex user query, the system first formulates a detailed research plan, breaking the problem into a series of smaller, manageable sub-tasks. You’re in control of the plan: Gemini presents it to you, and you can refine it to make sure it’s focused on the right areas.",2025-12-06T23:31:16.911266,Gemini Deep Research — your personal research assistant,Save hours of work with Gemini Deep Research as your personal research assistant from Google.,febf0dee21bb2e069e5f12a7813a4fc229151835bc978670d0ec98b7f46b731f,breaking down the problem when presented with a complex user query the system first formulates a detailed research plan breaking the problem into a series of smaller manageable sub tasks you re in control of the plan gemini presents it to you and you can refine it to make sure it s focused on the right areas,-0.007999999999999993,-0.128,-0.068,4,6,Value Proposition
rival2,Google,https://gemini.google/overview/deep-research,p,"Research: The model oversees the execution of this plan, and intelligently determines which sub-tasks can be tackled simultaneously and which need to be done sequentially. The model can use tools like search and web browsing to fetch information & reason over it. At each step the model reasons over information available to decide its next move. We introduced a thinking panel for users to follow what the model has learnt so far & what it intends to do next.",2025-12-06T23:31:16.911272,Gemini Deep Research — your personal research assistant,Save hours of work with Gemini Deep Research as your personal research assistant from Google.,3d1d7b18e9dd61c521a097fec94cdad47c97e15550bd52917f8545e77757a38c,research the model oversees the execution of this plan and intelligently determines which sub tasks can be tackled simultaneously and which need to be done sequentially the model can use tools like search and web browsing to fetch information reason over it at each step the model reasons over information available to decide its next move we introduced a thinking panel for users to follow what the model has learnt so far what it intends to do next,0.068,0.6705,0.36924999999999997,11,3,Technical
rival2,Google,https://gemini.google/overview/deep-research,p,"Synthesis:Once the model determines enough information has been gathered, it synthesizes the findings into a comprehensive report. In building the report, Gemini critically evaluates the information, identifies key themes and inconsistencies, and structures the report in a logical and informative way, even performing multiple passes of self-critique to enhance clarity and detail.",2025-12-06T23:31:16.911275,Gemini Deep Research — your personal research assistant,Save hours of work with Gemini Deep Research as your personal research assistant from Google.,f37e242ab0416810ea00ef99b074bc13011d386a51f5137467ff2a1b1854141b,synthesis once the model determines enough information has been gathered it synthesizes the findings into a comprehensive report in building the report gemini critically evaluates the information identifies key themes and inconsistencies and structures the report in a logical and informative way even performing multiple passes of self critique to enhance clarity and detail,0.086,0.5719,0.32894999999999996,5,0,Technical
rival2,Google,https://gemini.google/overview/deep-research,h3,"New category, new problems, new solutions",2025-12-06T23:31:16.911278,Gemini Deep Research — your personal research assistant,Save hours of work with Gemini Deep Research as your personal research assistant from Google.,5a99afeda6bda706f58143ada18ae5522ea18943337eeab166934a258da64d60,new category new problems new solutions,-0.119,-0.25,-0.1845,1,0,Technical
rival2,Google,https://gemini.google/overview/deep-research,p,"In building Deep Research, we had to work through three significant technical challenges:",2025-12-06T23:31:16.911280,Gemini Deep Research — your personal research assistant,Save hours of work with Gemini Deep Research as your personal research assistant from Google.,77813af4effaa21ec8d704c0a8e503094d93143ef7a7aad3c454d4c907f4620f,in building deep research we had to work through three significant technical challenges,0.22,0.2732,0.24659999999999999,2,0,Technical
rival2,Google,https://gemini.google/overview/deep-research,p,"Research tasks require multiple steps of iterative planning. At each step, the model has to ground itself on all information gathered so far, then identify missing information and discrepancies it wants to explore — all while trading off comprehensiveness with compute and user wait time. Training the model to be effective at long multi-step planning in a data efficient manner enabled us to make Deep Research function in an open domain setting across all topics.",2025-12-06T23:31:16.911283,Gemini Deep Research — your personal research assistant,Save hours of work with Gemini Deep Research as your personal research assistant from Google.,8b888dc9667ce87cae85eb2f55c1b5db1edcf1c0a797116c36d023efa6b21d13,research tasks require multiple steps of iterative planning at each step the model has to ground itself on all information gathered so far then identify missing information and discrepancies it wants to explore all while trading off comprehensiveness with compute and user wait time training the model to be effective at long multi step planning in a data efficient manner enabled us to make deep research function in an open domain setting across all topics,0.047,0.5719,0.30945,8,4,Technical
rival2,Google,https://gemini.google/overview/deep-research,p,A typical Deep Research task involves many model calls over several minutes. This creates a challenge for building agents: It has to be built so that a single failure doesn’t mean having to restart the task from the beginning.,2025-12-06T23:31:16.911286,Gemini Deep Research — your personal research assistant,Save hours of work with Gemini Deep Research as your personal research assistant from Google.,bd2f0a1d2159d7e4d2d15893bde96647f96e660ba8acfc7775c899b114a421d4,a typical deep research task involves many model calls over several minutes this creates a challenge for building agents it has to be built so that a single failure doesn t mean having to restart the task from the beginning,0.0020000000000000018,-0.2236,-0.1108,5,1,Technical
rival2,Google,https://gemini.google/overview/deep-research,p,"To address this, we developed a novel asynchronous task manager that maintains a shared state between the planner and task models, allowing for graceful error recovery without restarting the entire task. This system is truly asynchronous: you can hop to a different app or quite literally turn off your computer after starting a Deep Research project and the next time you visit Gemini, you’ll get notified when your research is done.",2025-12-06T23:31:16.911290,Gemini Deep Research — your personal research assistant,Save hours of work with Gemini Deep Research as your personal research assistant from Google.,694bb624454271d566f7d7903ef1032f60a26d0ff37b675f59f9ac980ed5e4de,to address this we developed a novel asynchronous task manager that maintains a shared state between the planner and task models allowing for graceful error recovery without restarting the entire task this system is truly asynchronous you can hop to a different app or quite literally turn off your computer after starting a deep research project and the next time you visit gemini you ll get notified when your research is done,0.10400000000000001,0.7845,0.44425,8,2,Technical
rival2,Google,https://gemini.google/overview/deep-research,p,"Over the course of a research session, Gemini can process hundreds of pages of content. To maintain continuity and enable follow-up questions, we use Gemini’s industry-leading 1 million token context window complemented with a RAG setup. This effectively allows the system to ""remember"" everything it has learned during that chat session, making it smarter the longer you interact with it.",2025-12-06T23:31:16.911293,Gemini Deep Research — your personal research assistant,Save hours of work with Gemini Deep Research as your personal research assistant from Google.,23297060cbbf031aa19630c9b6cf85bf43895b44bc49496fc97d58d94c49091c,over the course of a research session gemini can process hundreds of pages of content to maintain continuity and enable follow up questions we use gemini s industry leading million token context window complemented with a rag setup this effectively allows the system to remember everything it has learned during that chat session making it smarter the longer you interact with it,0.101,0.7488,0.4249,6,1,Technical
rival2,Google,https://gemini.google/overview/deep-research,h3,Evolving with new models,2025-12-06T23:31:16.911301,Gemini Deep Research — your personal research assistant,Save hours of work with Gemini Deep Research as your personal research assistant from Google.,1833369dd34ef0da3fa9158fef8facf147933d8c52b2f9ae3cd5cf17a1a7c3ab,evolving with new models,0.0,0.0,0.0,0,1,Value Proposition
rival2,Google,https://gemini.google/overview/deep-research,p,"When Deep Research launched in December it was powered by Gemini 1.5 Pro. With the introduction of Gemini 2.0 Flash Thinking (experimental) we were able to dramatically improve both the quality and serving efficiency of this product. With thinking models, Gemini takes more time to plan out its approach before it makes its next steps. This innate characteristic of self-reflection and planning makes it a great fit for these kinds of long running agentic tasks. What we see is that now Gemini is even better at all stages of research and delivers more detailed reports. At the same time, the compute-efficiency of the Flash model allows us to expand access to Deep Research to far more users. We’re really excited about developing on flash and thinking models in general and expect deep research to keep getting better and better.",2025-12-06T23:31:16.911304,Gemini Deep Research — your personal research assistant,Save hours of work with Gemini Deep Research as your personal research assistant from Google.,7c87352efd0661844108571bcebaeb744e5810d6527f171e7a5c1bb20a186f5d,when deep research launched in december it was powered by gemini pro with the introduction of gemini flash thinking experimental we were able to dramatically improve both the quality and serving efficiency of this product with thinking models gemini takes more time to plan out its approach before it makes its next steps this innate characteristic of self reflection and planning makes it a great fit for these kinds of long running agentic tasks what we see is that now gemini is even better at all stages of research and delivers more detailed reports at the same time the compute efficiency of the flash model allows us to expand access to deep research to far more users we re really excited about developing on flash and thinking models in general and expect deep research to keep getting better and better,0.188,0.9792,0.5836,17,9,Technical
rival2,Google,https://gemini.google/overview/deep-research,p,"And with our most capable model, Gemini 2.5, Deep Research is even better at all stages of research, delivering even more insightful and detailed reports",2025-12-06T23:31:16.911314,Gemini Deep Research — your personal research assistant,Save hours of work with Gemini Deep Research as your personal research assistant from Google.,994e1163c08a2796ca06b749320fde79b707b90cf2c0563abab0f6c6364fbf41,and with our most capable model gemini deep research is even better at all stages of research delivering even more insightful and detailed reports,0.208,0.6997,0.45385,5,0,Technical
rival2,Google,https://gemini.google/overview/deep-research,h3,What's next,2025-12-06T23:31:16.911345,Gemini Deep Research — your personal research assistant,Save hours of work with Gemini Deep Research as your personal research assistant from Google.,eaf380e7f60489b7d687971d73fa8687ed68ef0aa7cc9a38310c146b06538067,what s next,0.0,0.0,0.0,1,0,Technical
rival2,Google,https://gemini.google/overview/deep-research,p,"We built the system to be versatile, so over time we can expand its capabilities by giving you more control over what it can browse and giving it sources beyond the open web.",2025-12-06T23:31:16.911348,Gemini Deep Research — your personal research assistant,Save hours of work with Gemini Deep Research as your personal research assistant from Google.,c775fa6283aa7f67fb18b34b0400741c669f336dbac4cd0d280f26f82e066129,we built the system to be versatile so over time we can expand its capabilities by giving you more control over what it can browse and giving it sources beyond the open web,0.191,0.7269,0.45894999999999997,1,2,Value Proposition
rival2,Google,https://gemini.google/overview/deep-research,p,"We are excited to see how people use Deep Research, and these real-world experiences will inform how we continue to build and improve Deep Research. Ultimately, our goal is a truly agentic and universally helpful AI assistant.",2025-12-06T23:31:16.911351,Gemini Deep Research — your personal research assistant,Save hours of work with Gemini Deep Research as your personal research assistant from Google.,a7503b73fab15482269e416f80aa9bc0c8bb8f17043fb618207422024cd7b16c,we are excited to see how people use deep research and these real world experiences will inform how we continue to build and improve deep research ultimately our goal is a truly agentic and universally helpful ai assistant,0.25,0.875,0.5625,6,2,Technical
rival2,Google,https://gemini.google/overview/deep-research,h2,AgenticGemini,2025-12-06T23:31:16.911355,Gemini Deep Research — your personal research assistant,Save hours of work with Gemini Deep Research as your personal research assistant from Google.,e94bb69363f6a0f5002cb6e1de82571449cab6f4ae34635a4d3dd840586ce933,agenticgemini,0.0,0.0,0.0,0,0,Other
rival2,Google,https://gemini.google/overview/deep-research,p,"Gemini’snew agentive AI systembrings together thebest of Gemini, Google Search, and web technologiesto continuously search, browse, and think through information in a continuous reasoning loop for more comprehensive results.",2025-12-06T23:31:16.911359,Gemini Deep Research — your personal research assistant,Save hours of work with Gemini Deep Research as your personal research assistant from Google.,363626482ddbcb2c5d0745bc097a838f68eb1ef8a0ddb18827fe6c3f7cbc9175,gemini snew agentive ai systembrings together thebest of gemini google search and web technologiesto continuously search browse and think through information in a continuous reasoning loop for more comprehensive results,0.076,0.3167,0.19635,8,1,Technical
rival2,Google,https://gemini.google/overview/deep-research,h2,Change your region and language,2025-12-06T23:31:16.911362,Gemini Deep Research — your personal research assistant,Save hours of work with Gemini Deep Research as your personal research assistant from Google.,7c5021066538126007af117387e06b0c9d553b52364785a83316864bc9e0b46e,change your region and language,0.0,0.0,0.0,0,0,Other
rival2,Google,https://gemini.google/overview/deep-research,h3,Americas,2025-12-06T23:31:16.911365,Gemini Deep Research — your personal research assistant,Save hours of work with Gemini Deep Research as your personal research assistant from Google.,2d1b84c3b2d1353bb8d6c14655855517c1c1d97c4f84c01f8975688463f14aa8,americas,0.0,0.0,0.0,0,0,Other
rival2,Google,https://gemini.google/overview/deep-research,h3,Asia Pacific,2025-12-06T23:31:16.911367,Gemini Deep Research — your personal research assistant,Save hours of work with Gemini Deep Research as your personal research assistant from Google.,dcdfce70dc5d1e6c49899422574e8c627723717c7e2dc945071935a95ba5676e,asia pacific,0.0,0.0,0.0,0,0,Other
rival2,Google,https://gemini.google/overview/deep-research,h3,Europe and Africa,2025-12-06T23:31:16.911370,Gemini Deep Research — your personal research assistant,Save hours of work with Gemini Deep Research as your personal research assistant from Google.,2b5143c300223f0271faa6e3406b2c7f7acd9ec2e523f2f90512ec28a4905adf,europe and africa,0.0,0.0,0.0,0,0,Other
rival2,Google,https://gemini.google/overview/video-generation,p,"gemini.google uses cookies to deliver and enhance the quality of its services and to analyze traffic. If you agree, cookies are also used to serve advertising and to personalize the content and advertisements that you see.Learn more",2025-12-06T23:31:18.468974,Gemini AI video generator powered by Veo 3.1,"Turn text & images into videos with sound in Gemini with Veo 3.1 & Veo 3.1 Fast, our latest AI video generator from Google.",75b72ce9d26d0ff7fd94130409562bb454ed655c2a65dfe25b36886f54f86578,gemini google uses cookies to deliver and enhance the quality of its services and to analyze traffic if you agree cookies are also used to serve advertising and to personalize the content and advertisements that you see learn more,0.062,0.3612,0.2116,4,5,Value Proposition
rival2,Google,https://gemini.google/overview/video-generation,h1,Break the silencewith Veo 3.1,2025-12-06T23:31:18.468993,Gemini AI video generator powered by Veo 3.1,"Turn text & images into videos with sound in Gemini with Veo 3.1 & Veo 3.1 Fast, our latest AI video generator from Google.",47e102e707d8f33181e845e413ff6f61c27ba7e469d7cdaf5189d861ce97e6d8,break the silencewith veo,0.0,0.0,0.0,0,0,Other
rival2,Google,https://gemini.google/overview/video-generation,p,"Create high-quality eight-second videos with Veo 3.1, our latest AI video generator. Try it with a Google AI Pro plan or get the highest access with the Ultra plan. Simply describe what you have in mind and watch your ideas come to life with native audio generation.",2025-12-06T23:31:18.468997,Gemini AI video generator powered by Veo 3.1,"Turn text & images into videos with sound in Gemini with Veo 3.1 & Veo 3.1 Fast, our latest AI video generator from Google.",44fe355d45ee8d702f82bfb2fdcc4674937b754522149010cb713ab4e3f9eb44,create high quality eight second videos with veo our latest ai video generator try it with a google ai pro plan or get the highest access with the ultra plan simply describe what you have in mind and watch your ideas come to life with native audio generation,0.044,0.2732,0.1586,5,6,Value Proposition
rival2,Google,https://gemini.google/overview/video-generation,h2,Veo 3.1speaks for itself,2025-12-06T23:31:18.469000,Gemini AI video generator powered by Veo 3.1,"Turn text & images into videos with sound in Gemini with Veo 3.1 & Veo 3.1 Fast, our latest AI video generator from Google.",191e91efd0e64b12bf5d7a7319b7ced4041243d6e82eeeba7431eebefa70e136,veo speaks for itself,0.0,0.0,0.0,0,0,Other
rival2,Google,https://gemini.google/overview/video-generation,p,"Prompt:A follow shot of a wise old owl high in the air, peeking through the clouds in a moonlit sky above a forest. The wise old owl carefully circles a clearing looking around to the forest floor. After a few moments, it dives down to a moonlit path and sits next to a badger. Audio: wings flapping, birdsong, loud and pleasant wind rustling and the sound of intermittent pleasant sounds buzzing, twigs snapping underfoot, croaking. A light orchestral score with woodwinds throughout with a cheerful, optimistic rhythm, full of innocent curiosity.",2025-12-06T23:31:18.469005,Gemini AI video generator powered by Veo 3.1,"Turn text & images into videos with sound in Gemini with Veo 3.1 & Veo 3.1 Fast, our latest AI video generator from Google.",72ecf0d67b16fdd94d0eed213ddef09d8e6259a7525fa480ed541183bfc1c30d,prompt a follow shot of a wise old owl high in the air peeking through the clouds in a moonlit sky above a forest the wise old owl carefully circles a clearing looking around to the forest floor after a few moments it dives down to a moonlit path and sits next to a badger audio wings flapping birdsong loud and pleasant wind rustling and the sound of intermittent pleasant sounds buzzing twigs snapping underfoot croaking a light orchestral score with woodwinds throughout with a cheerful optimistic rhythm full of innocent curiosity,0.233,0.9661,0.59955,0,1,Value Proposition
rival2,Google,https://gemini.google/overview/video-generation,p,"A wise old owl and a nervous badger sit on a moonlit forest path. “They left behind a…a ‘ball’ today. It bounced higher than I can jump.” the badger stammered, trying to comprehend it. “What manner of magic is that?” the owl hooted thoughtfully. Audio: Owl hooting, badger’s nervous chitters, rustling leaves, crickets.",2025-12-06T23:31:18.469008,Gemini AI video generator powered by Veo 3.1,"Turn text & images into videos with sound in Gemini with Veo 3.1 & Veo 3.1 Fast, our latest AI video generator from Google.",7832778d9fb59e5198ea72034001ba87a50361be154ac4ee34bcc34690a3a740,a wise old owl and a nervous badger sit on a moonlit forest path they left behind a a ball today it bounced higher than i can jump the badger stammered trying to comprehend it what manner of magic is that the owl hooted thoughtfully audio owl hooting badger s nervous chitters rustling leaves crickets,-0.0050000000000000044,0.1779,0.08645,1,0,Technical
rival2,Google,https://gemini.google/overview/video-generation,p,"A wise old owl flies away out of the frame and a nervous young badger runs in a different direction out of the frame. In the background, you can see a squirrel hurrying past making noise of rustling dried autumn leaves as it goes. Audio: birdsong, loud and leaves rustling, and the sound of intermittent pleasant sounds buzzing, twigs snapping underfoot, and the sounds of squirrels scurrying through the dried autumn leaves. The sound of an owl hooting in the distance, badger’s nervous chitters, rustling leaves, crickets, sounds that are full of innocent curiosity.",2025-12-06T23:31:18.469014,Gemini AI video generator powered by Veo 3.1,"Turn text & images into videos with sound in Gemini with Veo 3.1 & Veo 3.1 Fast, our latest AI video generator from Google.",d05db1e378714f0436a92b7dd49cb2cfec6f58e94ded933c32d7d16ea5a90ddb,a wise old owl flies away out of the frame and a nervous young badger runs in a different direction out of the frame in the background you can see a squirrel hurrying past making noise of rustling dried autumn leaves as it goes audio birdsong loud and leaves rustling and the sound of intermittent pleasant sounds buzzing twigs snapping underfoot and the sounds of squirrels scurrying through the dried autumn leaves the sound of an owl hooting in the distance badger s nervous chitters rustling leaves crickets sounds that are full of innocent curiosity,0.047,0.6808,0.3639,1,0,Technical
rival2,Google,https://gemini.google/overview/video-generation,p,"Prompt:A cat “singing” opera with full orchestra, looking surprisingly profound.",2025-12-06T23:31:18.469019,Gemini AI video generator powered by Veo 3.1,"Turn text & images into videos with sound in Gemini with Veo 3.1 & Veo 3.1 Fast, our latest AI video generator from Google.",f1f8bc3f9ff2c0144a804d381c577ca6b6ae287e05af4ecf432ec0aadba9ab78,prompt a cat singing opera with full orchestra looking surprisingly profound,0.196,0.296,0.246,0,1,Value Proposition
rival2,Google,https://gemini.google/overview/video-generation,p,"Prompt:The video opens with a medium shot, eye-level, of Character A, an elderly Caucasian sailor with weathered skin, deep wrinkles, and a kindly face. He wears a faded, knitted blue sailor hat that casts a shadow over his eyes, and a thick grey beard that obscures his chin and neck. His blue eyes are peering down at a giant white ceramic plate of spaghetti placed on a railing. The spaghetti is topped with a vibrant red sauce and a sprinkle of fresh parsley. The background is a softly blurred seascape with a pier visible, suggesting a working dock on a sunny day. The overall atmosphere is nostalgic and warm, achieved with soft and natural lighting. The style is realistic, with a touch of cinematic quality. On his sweater, this is an embroidered word that reads, “Gemini”",2025-12-06T23:31:18.469023,Gemini AI video generator powered by Veo 3.1,"Turn text & images into videos with sound in Gemini with Veo 3.1 & Veo 3.1 Fast, our latest AI video generator from Google.",e4890eced7257a4fa06322dcbe729c0ca4f9eb739fee63daf2cf7f60bc16dff3,prompt the video opens with a medium shot eye level of character a an elderly caucasian sailor with weathered skin deep wrinkles and a kindly face he wears a faded knitted blue sailor hat that casts a shadow over his eyes and a thick grey beard that obscures his chin and neck his blue eyes are peering down at a giant white ceramic plate of spaghetti placed on a railing the spaghetti is topped with a vibrant red sauce and a sprinkle of fresh parsley the background is a softly blurred seascape with a pier visible suggesting a working dock on a sunny day the overall atmosphere is nostalgic and warm achieved with soft and natural lighting the style is realistic with a touch of cinematic quality on his sweater this is an embroidered word that reads gemini,0.13,0.936,0.533,3,2,Technical
rival2,Google,https://gemini.google/overview/video-generation,p,"The camera angle and shot scale remain the same, focusing on Character A, the old sailor. He now firmly grips a silver fork and stabs it into the mountain of spaghetti on the plate. The sun glints off the metal of the fork. He begins to twirl a large portion of the pasta around his fork, his weathered hands moving with practiced ease. The seascape and pier in the background remain softly blurred. The warm lighting continues to illuminate the scene, and the style is consistently realistic with cinematic flair.",2025-12-06T23:31:18.469027,Gemini AI video generator powered by Veo 3.1,"Turn text & images into videos with sound in Gemini with Veo 3.1 & Veo 3.1 Fast, our latest AI video generator from Google.",544168aa1d8f53b0fa013c1a15981826324c3681ed5effb07ac95f5f192e944c,the camera angle and shot scale remain the same focusing on character a the old sailor he now firmly grips a silver fork and stabs it into the mountain of spaghetti on the plate the sun glints off the metal of the fork he begins to twirl a large portion of the pasta around his fork his weathered hands moving with practiced ease the seascape and pier in the background remain softly blurred the warm lighting continues to illuminate the scene and the style is consistently realistic with cinematic flair,0.016,0.128,0.07200000000000001,0,1,Value Proposition
rival2,Google,https://gemini.google/overview/video-generation,p,"The medium shot at eye level is maintained. Character A, the elderly sailor, now lifts the fork laden with a generous portion of spaghetti towards his mouth. His eyes are focused on the twirled pasta. He opens his mouth wide, preparing to take a giant bite. The red sauce glistens on the spaghetti. In the background, a seagull is briefly visible, flying across the pier. The lighting remains warm and natural, enhancing the overall cinematic quality and there is no text overlay.",2025-12-06T23:31:18.469030,Gemini AI video generator powered by Veo 3.1,"Turn text & images into videos with sound in Gemini with Veo 3.1 & Veo 3.1 Fast, our latest AI video generator from Google.",3015803e2a39210a26d4b66fab4d9a9477d733a87c76151c211073b34bc48bb9,the medium shot at eye level is maintained character a the elderly sailor now lifts the fork laden with a generous portion of spaghetti towards his mouth his eyes are focused on the twirled pasta he opens his mouth wide preparing to take a giant bite the red sauce glistens on the spaghetti in the background a seagull is briefly visible flying across the pier the lighting remains warm and natural enhancing the overall cinematic quality and there is no text overlay,0.094,0.7964,0.4452,1,0,Technical
rival2,Google,https://gemini.google/overview/video-generation,p,You hear the peaceful sounds of the ocean in the background.,2025-12-06T23:31:18.469033,Gemini AI video generator powered by Veo 3.1,"Turn text & images into videos with sound in Gemini with Veo 3.1 & Veo 3.1 Fast, our latest AI video generator from Google.",033b1c707fac0f97f84b926e435d4e28e2cace718a2d08722500432100f57f2a,you hear the peaceful sounds of the ocean in the background,0.242,0.4939,0.36795,0,0,Other
rival2,Google,https://gemini.google/overview/video-generation,p,"Prompt:A medium shot, historical adventure setting: Warm lamplight illuminates a cartographer in a cluttered study, poring over an ancient, sprawling map spread across a large table. Cartographer: “According to this old sea chart, the lost island isn’t myth! We must prepare an expedition immediately!”",2025-12-06T23:31:18.469037,Gemini AI video generator powered by Veo 3.1,"Turn text & images into videos with sound in Gemini with Veo 3.1 & Veo 3.1 Fast, our latest AI video generator from Google.",2df8125aaccba2c5846f6d66c6baab20a490d27b4f7fabcc36406ce12c113e99,prompt a medium shot historical adventure setting warm lamplight illuminates a cartographer in a cluttered study poring over an ancient sprawling map spread across a large table cartographer according to this old sea chart the lost island isn t myth we must prepare an expedition immediately,0.042,0.2263,0.13415,0,1,Value Proposition
rival2,Google,https://gemini.google/overview/video-generation,p,"Prompt:A detective interrogates a nervous-looking rubber duck. “Where were you on the night of the bubble bath?!” he quacks. Audio: Detective’s stern quack, nervous squeaks from rubber duck.",2025-12-06T23:31:18.469041,Gemini AI video generator powered by Veo 3.1,"Turn text & images into videos with sound in Gemini with Veo 3.1 & Veo 3.1 Fast, our latest AI video generator from Google.",5ea9753bd706f0297f2f5f57f184ddf8461b79253145b4ba13b169b1d71541ac,prompt a detective interrogates a nervous looking rubber duck where were you on the night of the bubble bath he quacks audio detective s stern quack nervous squeaks from rubber duck,-0.139,-0.4939,-0.31645,1,1,Balanced
rival2,Google,https://gemini.google/overview/video-generation,h2,Dream it. Describe it.Done.,2025-12-06T23:31:18.469045,Gemini AI video generator powered by Veo 3.1,"Turn text & images into videos with sound in Gemini with Veo 3.1 & Veo 3.1 Fast, our latest AI video generator from Google.",6f8348ae7d002760e62e6cd308a97557ddb9ee7a2c5addb9108c8ead0486c855,dream it describe it done,0.333,0.25,0.2915,0,0,Other
rival2,Google,https://gemini.google/overview/video-generation,h2,For exploring,2025-12-06T23:31:18.469047,Gemini AI video generator powered by Veo 3.1,"Turn text & images into videos with sound in Gemini with Veo 3.1 & Veo 3.1 Fast, our latest AI video generator from Google.",d074cd761a2a78652ca4ee0e7bd7f006176ef7f29143c0bb02effed6ac42d67a,for exploring,0.0,0.0,0.0,0,0,Other
rival2,Google,https://gemini.google/overview/video-generation,p,"Play with diverse styles, bring animated characters to life and combine objects in ways that you never thought possible. See what you can create.",2025-12-06T23:31:18.469050,Gemini AI video generator powered by Veo 3.1,"Turn text & images into videos with sound in Gemini with Veo 3.1 & Veo 3.1 Fast, our latest AI video generator from Google.",de607fa730f9dfef1f80b2f0d8b8f6907af79a551ad413585e02756744198503,play with diverse styles bring animated characters to life and combine objects in ways that you never thought possible see what you can create,0.17,0.5423,0.35615,0,1,Value Proposition
rival2,Google,https://gemini.google/overview/video-generation,h2,For sharing,2025-12-06T23:31:18.469052,Gemini AI video generator powered by Veo 3.1,"Turn text & images into videos with sound in Gemini with Veo 3.1 & Veo 3.1 Fast, our latest AI video generator from Google.",a447038e580a1d511fa253455a0527d7cefec28cdd156446338133ba07d3ecd3,for sharing,0.737,0.4215,0.57925,0,0,Other
rival2,Google,https://gemini.google/overview/video-generation,p,"Create funny memes, turn inside jokes into videos, re-imagine special moments and add a personal touch to make someone smile.",2025-12-06T23:31:18.469055,Gemini AI video generator powered by Veo 3.1,"Turn text & images into videos with sound in Gemini with Veo 3.1 & Veo 3.1 Fast, our latest AI video generator from Google.",e1aef3a66a59826a0f3bd04af10e7578480222e716cc4eec2a6945a1c7d4d52a,create funny memes turn inside jokes into videos re imagine special moments and add a personal touch to make someone smile,0.449,0.8807,0.66485,0,2,Value Proposition
rival2,Google,https://gemini.google/overview/video-generation,h2,For brainstorming,2025-12-06T23:31:18.469058,Gemini AI video generator powered by Veo 3.1,"Turn text & images into videos with sound in Gemini with Veo 3.1 & Veo 3.1 Fast, our latest AI video generator from Google.",66789246b61b20e2fce35bb530e69721264ee9b8034674b54a9d1e4060cd3cff,for brainstorming,0.0,0.0,0.0,0,0,Other
rival2,Google,https://gemini.google/overview/video-generation,p,"Break through creative blocks and visualise your ideas in a flash. From product concepts and designs to rapid prototyping and storytelling, Gemini can help.",2025-12-06T23:31:18.469060,Gemini AI video generator powered by Veo 3.1,"Turn text & images into videos with sound in Gemini with Veo 3.1 & Veo 3.1 Fast, our latest AI video generator from Google.",1ebdd6659a349b2fd775f237e4e34f95c346c193f17e6640b60f81124470ec19,break through creative blocks and visualise your ideas in a flash from product concepts and designs to rapid prototyping and storytelling gemini can help,0.13499999999999998,0.5719,0.35345,2,2,Balanced
rival2,Google,https://gemini.google/overview/video-generation,h2,Learn more about ourVeo models,2025-12-06T23:31:18.469063,Gemini AI video generator powered by Veo 3.1,"Turn text & images into videos with sound in Gemini with Veo 3.1 & Veo 3.1 Fast, our latest AI video generator from Google.",5f700d869bfa65a77a35047238d72f80c6b7f06ecb3749ed6aede0eabe94929e,learn more about ourveo models,0.0,0.0,0.0,0,1,Value Proposition
rival2,Google,https://gemini.google/overview/video-generation,p,Create videos with sound using our video generation model that maintains high-quality while optimizing for speed.,2025-12-06T23:31:18.469066,Gemini AI video generator powered by Veo 3.1,"Turn text & images into videos with sound in Gemini with Veo 3.1 & Veo 3.1 Fast, our latest AI video generator from Google.",865996a0cffc3f5f8ea68b7ce0a27c521b85d58a40a135800a87bffa3cb75737,create videos with sound using our video generation model that maintains high quality while optimizing for speed,0.254,0.6249,0.43945,3,1,Technical
rival2,Google,https://gemini.google/overview/video-generation,p,"Create high-quality, eight-second videos with sound using our state-of-the-art video generation model.",2025-12-06T23:31:18.469069,Gemini AI video generator powered by Veo 3.1,"Turn text & images into videos with sound in Gemini with Veo 3.1 & Veo 3.1 Fast, our latest AI video generator from Google.",1cb9c9adfc35d54c50f289ff9abcfa2add86105de458d004f9f61fb7afb15ee7,create high quality eight second videos with sound using our state of the art video generation model,0.116,0.2732,0.1946,3,1,Technical
rival2,Google,https://gemini.google/overview/video-generation,h2,Frequently asked questions,2025-12-06T23:31:18.469071,Gemini AI video generator powered by Veo 3.1,"Turn text & images into videos with sound in Gemini with Veo 3.1 & Veo 3.1 Fast, our latest AI video generator from Google.",e956a9404b467e6b372e082d28cb9d4710af764c2fa5e56a415211e12166be0e,frequently asked questions,0.0,0.0,0.0,1,0,Technical
rival2,Google,https://gemini.google/overview/video-generation,p,"Yes, you can create and share videos in your mobile Gemini app. To create videos, tap the 'video' button in your prompt bar. If you don't see it, tap the button with three dots to view more options.",2025-12-06T23:31:18.469074,Gemini AI video generator powered by Veo 3.1,"Turn text & images into videos with sound in Gemini with Veo 3.1 & Veo 3.1 Fast, our latest AI video generator from Google.",6a47f7763d0792a1338304a078fccf5c601677afa4e084ecd6fc6a4e988744d2,yes you can create and share videos in your mobile gemini app to create videos tap the video button in your prompt bar if you don t see it tap the button with three dots to view more options,0.211,0.7964,0.5037,1,3,Value Proposition
rival2,Google,https://gemini.google/overview/video-generation,p,Try Veo 3.1 Fast with a Google AI Pro plan or get the highest access to Veo 3.1 in Google AI Ultra. See country availabilityhere.,2025-12-06T23:31:18.469077,Gemini AI video generator powered by Veo 3.1,"Turn text & images into videos with sound in Gemini with Veo 3.1 & Veo 3.1 Fast, our latest AI video generator from Google.",2aaf702d501a20df3ade63f722ee6db21b66e6824d85fbeab36e720d17cb9ed3,try veo fast with a google ai pro plan or get the highest access to veo in google ai ultra see country availabilityhere,0.0,0.0,0.0,5,3,Technical
rival2,Google,https://gemini.google/overview/video-generation,p,"We've taken several important safety steps to make AI video generation a safe experience. This includes extensivered teamingand evaluation aimed at preventing the generation of content that violates ourpolicies. Additionally, all videos generated with Veo in the Gemini app are marked with a visible watermark andSynthID, a digital watermark embedded in each frame, which indicates that the videos are AI-generated.",2025-12-06T23:31:18.469083,Gemini AI video generator powered by Veo 3.1,"Turn text & images into videos with sound in Gemini with Veo 3.1 & Veo 3.1 Fast, our latest AI video generator from Google.",2d8a501fb8bd0323fa6b5790282be05e2a2bb21e53970299778f1806972d2b27,we ve taken several important safety steps to make ai video generation a safe experience this includes extensivered teamingand evaluation aimed at preventing the generation of content that violates ourpolicies additionally all videos generated with veo in the gemini app are marked with a visible watermark andsynthid a digital watermark embedded in each frame which indicates that the videos are ai generated,0.047,0.4767,0.26185,4,1,Technical
rival2,Google,https://gemini.google/overview/video-generation,p,"Gemini's outputs are primarily determined by user prompts and like any generative AI tool, there may be instances where it generates content that some individuals find objectionable. We'll continue to listen to your feedback through the thumbs up/down buttons and make ongoing improvements. For more details, you canread about our approach on our website.",2025-12-06T23:31:18.469087,Gemini AI video generator powered by Veo 3.1,"Turn text & images into videos with sound in Gemini with Veo 3.1 & Veo 3.1 Fast, our latest AI video generator from Google.",942e2da452e29c663f4dd1ea15873f5109ff0c2163ee80d6050a43cf60dea601,gemini s outputs are primarily determined by user prompts and like any generative ai tool there may be instances where it generates content that some individuals find objectionable we ll continue to listen to your feedback through the thumbs up down buttons and make ongoing improvements for more details you canread about our approach on our website,0.12,0.7351,0.42755,6,1,Technical
rival2,Google,https://gemini.google/overview/video-generation,p,Results are for illustrative purposes and may vary. An Internet connection and subscription for certain features is required. Available to users aged 18+. Createresponsibly.,2025-12-06T23:31:18.469090,Gemini AI video generator powered by Veo 3.1,"Turn text & images into videos with sound in Gemini with Veo 3.1 & Veo 3.1 Fast, our latest AI video generator from Google.",7638e4272c7d7013e4cac070556c474187d4ba1b4321dc99f61a26e2c37b3184,results are for illustrative purposes and may vary an internet connection and subscription for certain features is required available to users aged createresponsibly,0.087,0.2732,0.18009999999999998,0,1,Value Proposition
rival2,Google,https://gemini.google/overview/video-generation,h2,Change your region and language,2025-12-06T23:31:18.469093,Gemini AI video generator powered by Veo 3.1,"Turn text & images into videos with sound in Gemini with Veo 3.1 & Veo 3.1 Fast, our latest AI video generator from Google.",7c5021066538126007af117387e06b0c9d553b52364785a83316864bc9e0b46e,change your region and language,0.0,0.0,0.0,0,0,Other
rival2,Google,https://gemini.google/overview/video-generation,h3,Americas,2025-12-06T23:31:18.469095,Gemini AI video generator powered by Veo 3.1,"Turn text & images into videos with sound in Gemini with Veo 3.1 & Veo 3.1 Fast, our latest AI video generator from Google.",2d1b84c3b2d1353bb8d6c14655855517c1c1d97c4f84c01f8975688463f14aa8,americas,0.0,0.0,0.0,0,0,Other
rival2,Google,https://gemini.google/overview/video-generation,h3,Asia Pacific,2025-12-06T23:31:18.469097,Gemini AI video generator powered by Veo 3.1,"Turn text & images into videos with sound in Gemini with Veo 3.1 & Veo 3.1 Fast, our latest AI video generator from Google.",dcdfce70dc5d1e6c49899422574e8c627723717c7e2dc945071935a95ba5676e,asia pacific,0.0,0.0,0.0,0,0,Other
rival2,Google,https://gemini.google/overview/video-generation,h3,Europe and Africa,2025-12-06T23:31:18.469100,Gemini AI video generator powered by Veo 3.1,"Turn text & images into videos with sound in Gemini with Veo 3.1 & Veo 3.1 Fast, our latest AI video generator from Google.",2b5143c300223f0271faa6e3406b2c7f7acd9ec2e523f2f90512ec28a4905adf,europe and africa,0.0,0.0,0.0,0,0,Other
rival2,Google,https://gemini.google/overview/image-generation,p,"gemini.google uses cookies to deliver and enhance the quality of its services and to analyze traffic. If you agree, cookies are also used to serve advertising and to personalize the content and advertisements that you see.Learn more",2025-12-06T23:31:19.906340,Nano Banana Pro – Gemini AI image generator and photo editor,"With Nano Banana Pro, Gemini's AI image generator and photo editor, you can create high-quality images in seconds and edit photos into countless new creations.",75b72ce9d26d0ff7fd94130409562bb454ed655c2a65dfe25b36886f54f86578,gemini google uses cookies to deliver and enhance the quality of its services and to analyze traffic if you agree cookies are also used to serve advertising and to personalize the content and advertisements that you see learn more,0.062,0.3612,0.2116,4,5,Value Proposition
rival2,Google,https://gemini.google/overview/image-generation,h1,The next level of creative control.Nano Banana Pro,2025-12-06T23:31:19.906367,Nano Banana Pro – Gemini AI image generator and photo editor,"With Nano Banana Pro, Gemini's AI image generator and photo editor, you can create high-quality images in seconds and edit photos into countless new creations.",b31bba1689df46e4c7479884d7f0d8afc1edb582104078e32ca09db3428c33be,the next level of creative control nano banana pro,0.266,0.4404,0.3532,0,2,Value Proposition
rival2,Google,https://gemini.google/overview/image-generation,p,"Your creative ideas are now fun and functional. Edit your photos with more camera and lighting controls, create mockups by blending multiple images, design posters with sharp text and effortlessly build diagrams with help from Gemini. Then, resize for any platform that you need. Try Nano Banana Pro in the Gemini app today. Google AI Plus, Pro and Ultra users receive the highest access.",2025-12-06T23:31:19.906372,Nano Banana Pro – Gemini AI image generator and photo editor,"With Nano Banana Pro, Gemini's AI image generator and photo editor, you can create high-quality images in seconds and edit photos into countless new creations.",7065579b4b5cc782afcdbb296cb8d7868c53a13fbf08d553c4339d6372099d2b,your creative ideas are now fun and functional edit your photos with more camera and lighting controls create mockups by blending multiple images design posters with sharp text and effortlessly build diagrams with help from gemini then resize for any platform that you need try nano banana pro in the gemini app today google ai plus pro and ultra users receive the highest access,0.155,0.875,0.515,6,6,Balanced
rival2,Google,https://gemini.google/overview/image-generation,h2,Dial inevery detail.,2025-12-06T23:31:19.906377,Nano Banana Pro – Gemini AI image generator and photo editor,"With Nano Banana Pro, Gemini's AI image generator and photo editor, you can create high-quality images in seconds and edit photos into countless new creations.",84d653fed6e0cb0d38444e37246ac184dff175ee6478c92cb28d567dd4f01e0e,dial inevery detail,0.0,0.0,0.0,0,0,Other
rival2,Google,https://gemini.google/overview/image-generation,p,"Totally transform the vibe of your image. Shift from sunny day to moody night, play with camera angles to find the perfect view and adjust the focus to make your subject pop.",2025-12-06T23:31:19.906380,Nano Banana Pro – Gemini AI image generator and photo editor,"With Nano Banana Pro, Gemini's AI image generator and photo editor, you can create high-quality images in seconds and edit photos into countless new creations.",c7d20df37576e79ab1a81913ab0aa6c080f738b4ea8aeb2b8dfb5a1936db6b53,totally transform the vibe of your image shift from sunny day to moody night play with camera angles to find the perfect view and adjust the focus to make your subject pop,0.163,0.7506,0.45680000000000004,0,1,Value Proposition
rival2,Google,https://gemini.google/overview/image-generation,h2,Styleapplied in seconds.,2025-12-06T23:31:19.906385,Nano Banana Pro – Gemini AI image generator and photo editor,"With Nano Banana Pro, Gemini's AI image generator and photo editor, you can create high-quality images in seconds and edit photos into countless new creations.",b8cf3e729a549a26f79df3106813b5a1b9efcb39bad789dacd6aa3aed4966f3a,styleapplied in seconds,0.0,0.0,0.0,0,0,Other
rival2,Google,https://gemini.google/overview/image-generation,p,"Reimagine the look of your image. Take the texture, colour or style from any reference photo and apply it to your subject. It's the easiest way to experiment with different aesthetics without starting from scratch.",2025-12-06T23:31:19.906388,Nano Banana Pro – Gemini AI image generator and photo editor,"With Nano Banana Pro, Gemini's AI image generator and photo editor, you can create high-quality images in seconds and edit photos into countless new creations.",623ae7bca41a14e1588509cc92790ffe10570798319c710cc12398f8a5422b02,reimagine the look of your image take the texture colour or style from any reference photo and apply it to your subject it s the easiest way to experiment with different aesthetics without starting from scratch,0.076,0.4215,0.24875,1,2,Value Proposition
rival2,Google,https://gemini.google/overview/image-generation,h2,"One visual,many sizes.",2025-12-06T23:31:19.906393,Nano Banana Pro – Gemini AI image generator and photo editor,"With Nano Banana Pro, Gemini's AI image generator and photo editor, you can create high-quality images in seconds and edit photos into countless new creations.",a4302e807518fb2da19f8a0c4731aab77523d47868006fdc64f62cef5792734a,one visual many sizes,0.0,0.0,0.0,1,0,Technical
rival2,Google,https://gemini.google/overview/image-generation,p,Make your creations look professional everywhere that you share them. Instantly resize them to fit whatever format you require – all without cropping the details that you love.,2025-12-06T23:31:19.906396,Nano Banana Pro – Gemini AI image generator and photo editor,"With Nano Banana Pro, Gemini's AI image generator and photo editor, you can create high-quality images in seconds and edit photos into countless new creations.",b6abedb5760077571297cfefa1bbc420caeab8c5539c188bef02f4109b915a43,make your creations look professional everywhere that you share them instantly resize them to fit whatever format you require all without cropping the details that you love,0.333,0.8885,0.61075,0,0,Other
rival2,Google,https://gemini.google/overview/image-generation,h2,"Your words, placed just right.",2025-12-06T23:31:19.906409,Nano Banana Pro – Gemini AI image generator and photo editor,"With Nano Banana Pro, Gemini's AI image generator and photo editor, you can create high-quality images in seconds and edit photos into countless new creations.",c5006d2949b45094da51628a7de76dfeb8babdbd218db4dc63316f6e38451753,your words placed just right,0.0,0.0,0.0,0,0,Other
rival2,Google,https://gemini.google/overview/image-generation,p,"Create logos, invites, posters, comics and whatever else you need with clear text. Words fit right into your creation, in many languages.",2025-12-06T23:31:19.906412,Nano Banana Pro – Gemini AI image generator and photo editor,"With Nano Banana Pro, Gemini's AI image generator and photo editor, you can create high-quality images in seconds and edit photos into countless new creations.",35645a25a8fe855252edbd27f17b2b2c09754aa59e293dc789b8b80ce03ffb82,create logos invites posters comics and whatever else you need with clear text words fit right into your creation in many languages,0.341,0.8074,0.5742,0,1,Value Proposition
rival2,Google,https://gemini.google/overview/image-generation,h2,Get inspired:Nano Banana,2025-12-06T23:31:19.906416,Nano Banana Pro – Gemini AI image generator and photo editor,"With Nano Banana Pro, Gemini's AI image generator and photo editor, you can create high-quality images in seconds and edit photos into countless new creations.",7f92c4c47e865ef7f6797e5ffae0f3e50e8bf097d90dd0977473c27eb8a4458e,get inspired nano banana,0.516,0.4939,0.50495,0,0,Other
rival2,Google,https://gemini.google/overview/image-generation,p,Take a look at these fun ways that people are using Nano Banana on Gemini to reimagine their photos.,2025-12-06T23:31:19.906419,Nano Banana Pro – Gemini AI image generator and photo editor,"With Nano Banana Pro, Gemini's AI image generator and photo editor, you can create high-quality images in seconds and edit photos into countless new creations.",df97f39cb7f70f949310bbbc7577ff84cfa57beab8107554b09c5b0282b3b645,take a look at these fun ways that people are using nano banana on gemini to reimagine their photos,0.163,0.5106,0.33680000000000004,2,0,Technical
rival2,Google,https://gemini.google/overview/image-generation,p,"Follow Gemini onInstagram,X, andDiscord",2025-12-06T23:31:19.906425,Nano Banana Pro – Gemini AI image generator and photo editor,"With Nano Banana Pro, Gemini's AI image generator and photo editor, you can create high-quality images in seconds and edit photos into countless new creations.",c68e7cea068deba38de7c64c48e46e364fc470a0e53507aeac60ec73569ff3d5,follow gemini oninstagram x anddiscord,0.0,0.0,0.0,1,0,Technical
rival2,Google,https://gemini.google/overview/image-generation,p,Me and who?,2025-12-06T23:31:19.906428,Nano Banana Pro – Gemini AI image generator and photo editor,"With Nano Banana Pro, Gemini's AI image generator and photo editor, you can create high-quality images in seconds and edit photos into countless new creations.",53785c40e37306979ba02702ed8c2bb83c61e1d6bd1ba0efb5aac81624b335a4,me and who,0.0,0.0,0.0,0,0,Other
rival2,Google,https://gemini.google/overview/image-generation,p,"Add anything to a selfie with Gemini. With better image creation & editing, almost nothing is impossible.",2025-12-06T23:31:19.906431,Nano Banana Pro – Gemini AI image generator and photo editor,"With Nano Banana Pro, Gemini's AI image generator and photo editor, you can create high-quality images in seconds and edit photos into countless new creations.",5a781e0cd00ce57a6b5ad74e1c8f73792b57d895e77806cb6512673a345d5492,add anything to a selfie with gemini with better image creation editing almost nothing is impossible,0.278,0.6124,0.44520000000000004,1,1,Balanced
rival2,Google,https://gemini.google/overview/image-generation,p,2 become 1? Done and done. Gemini now lets you upload two pictures and combine them into one image.,2025-12-06T23:31:19.906434,Nano Banana Pro – Gemini AI image generator and photo editor,"With Nano Banana Pro, Gemini's AI image generator and photo editor, you can create high-quality images in seconds and edit photos into countless new creations.",4b92affa7778dc8d12aaf1b857047ef358aff9bc612fda0b96656173a6312145,become done and done gemini now lets you upload two pictures and combine them into one image,0.0,0.0,0.0,2,1,Technical
rival2,Google,https://gemini.google/overview/image-generation,p,"From photo to figurine style in just one prompt. Turn your favorite pics into images of custom miniature figures, thanks to Nano Banana in Gemini.",2025-12-06T23:31:19.906436,Nano Banana Pro – Gemini AI image generator and photo editor,"With Nano Banana Pro, Gemini's AI image generator and photo editor, you can create high-quality images in seconds and edit photos into countless new creations.",18529c5d0a963a0a811edc7aa4f417796cb38d6f7fac4c34e6f08779cfcdb7e4,from photo to figurine style in just one prompt turn your favorite pics into images of custom miniature figures thanks to nano banana in gemini,0.204,0.7096,0.4568,2,2,Balanced
rival2,Google,https://gemini.google/overview/image-generation,p,"Ready for a makeover? Try 90s grunge, 80s preppy and more with Gemini’s new update to image creation and editing.",2025-12-06T23:31:19.906440,Nano Banana Pro – Gemini AI image generator and photo editor,"With Nano Banana Pro, Gemini's AI image generator and photo editor, you can create high-quality images in seconds and edit photos into countless new creations.",90a0cc30cd75218527d60ddaf6a8705029988b6e0ee9b9d2e6a7686d18d4f1aa,ready for a makeover try s grunge s preppy and more with gemini s new update to image creation and editing,0.235,0.5574,0.3962,4,2,Technical
rival2,Google,https://gemini.google/overview/image-generation,p,"Buckle up, we’re doing mall pics. Upload a pic to Gemini & prompt: “Turn this into a retro-style mall studio portrait.”",2025-12-06T23:31:19.906444,Nano Banana Pro – Gemini AI image generator and photo editor,"With Nano Banana Pro, Gemini's AI image generator and photo editor, you can create high-quality images in seconds and edit photos into countless new creations.",ac4cb38443791d35be7b8d815264a6edad6f54781f4cf42b16e5c59bfdc4176a,buckle up we re doing mall pics upload a pic to gemini prompt turn this into a retro style mall studio portrait,0.0,0.0,0.0,2,3,Value Proposition
rival2,Google,https://gemini.google/overview/image-generation,p,"Try the hairstyle first. Thank yourself later. With the latest image update, you can try any 'do, instantly.",2025-12-06T23:31:19.906448,Nano Banana Pro – Gemini AI image generator and photo editor,"With Nano Banana Pro, Gemini's AI image generator and photo editor, you can create high-quality images in seconds and edit photos into countless new creations.",65f700a523a3d5b1dbebfa0fb3e8dae22c27b50d03a3571d1ef19454e3493ef3,try the hairstyle first thank yourself later with the latest image update you can try any do instantly,0.128,0.3612,0.2446,0,3,Value Proposition
rival2,Google,https://gemini.google/overview/image-generation,h2,Choose the right model for your needs,2025-12-06T23:31:19.906451,Nano Banana Pro – Gemini AI image generator and photo editor,"With Nano Banana Pro, Gemini's AI image generator and photo editor, you can create high-quality images in seconds and edit photos into countless new creations.",7bc61783bedf226b09da83269d67483c2fc022f8ddea8ba2f56d0844d2fb0794,choose the right model for your needs,0.0,0.0,0.0,1,1,Balanced
rival2,Google,https://gemini.google/overview/image-generation,p,"The best choice for quick, casual creativity.",2025-12-06T23:31:19.906454,Nano Banana Pro – Gemini AI image generator and photo editor,"With Nano Banana Pro, Gemini's AI image generator and photo editor, you can create high-quality images in seconds and edit photos into countless new creations.",65d0a0787c785116f9174d1cbd63f39cb71deff1d25f05ba8e9578acc2817b0a,the best choice for quick casual creativity,0.683,0.8225,0.75275,0,0,Other
rival2,Google,https://gemini.google/overview/image-generation,p,The best choice for advanced outputs and precise control.,2025-12-06T23:31:19.906457,Nano Banana Pro – Gemini AI image generator and photo editor,"With Nano Banana Pro, Gemini's AI image generator and photo editor, you can create high-quality images in seconds and edit photos into countless new creations.",c4fc8264ee3b86167068b37c65ca4a3dee2e0f13c0e32490f26950207e5912c5,the best choice for advanced outputs and precise control,0.47,0.7351,0.6025499999999999,0,1,Value Proposition
rival2,Google,https://gemini.google/overview/image-generation,h2,Frequently asked questions,2025-12-06T23:31:19.906460,Nano Banana Pro – Gemini AI image generator and photo editor,"With Nano Banana Pro, Gemini's AI image generator and photo editor, you can create high-quality images in seconds and edit photos into countless new creations.",e956a9404b467e6b372e082d28cb9d4710af764c2fa5e56a415211e12166be0e,frequently asked questions,0.0,0.0,0.0,1,0,Technical
rival2,Google,https://gemini.google/overview/image-generation,p,AI image generation is available in all languages and countries where the Gemini app is available.,2025-12-06T23:31:19.906463,Nano Banana Pro – Gemini AI image generator and photo editor,"With Nano Banana Pro, Gemini's AI image generator and photo editor, you can create high-quality images in seconds and edit photos into countless new creations.",f050c0ed5af3a9f135b0b8ad4441fb3e2bc34878d40ad4fffaf86bc4093c358a,ai image generation is available in all languages and countries where the gemini app is available,0.0,0.0,0.0,2,4,Value Proposition
rival2,Google,https://gemini.google/overview/image-generation,p,"To access Nano Banana, select '🍌Create images' from the tools menu and 'Fast' from the model menu. Then add a prompt or upload an image to edit.",2025-12-06T23:31:19.906469,Nano Banana Pro – Gemini AI image generator and photo editor,"With Nano Banana Pro, Gemini's AI image generator and photo editor, you can create high-quality images in seconds and edit photos into countless new creations.",c46d28d858c6664fa992bea0d13570f4c1f2e48db5c232d7f4f86ad34c041553,to access nano banana select create images from the tools menu and fast from the model menu then add a prompt or upload an image to edit,0.077,0.2732,0.1751,4,3,Technical
rival2,Google,https://gemini.google/overview/image-generation,p,"To access Nano Banana Pro, select '🍌Create images' from the tools menu and 'Thinking' from the model menu. Then add a prompt or upload an image to edit.",2025-12-06T23:31:19.906475,Nano Banana Pro – Gemini AI image generator and photo editor,"With Nano Banana Pro, Gemini's AI image generator and photo editor, you can create high-quality images in seconds and edit photos into countless new creations.",fa2904dd853dc255231f37a0ad07650edb4ded1a7e082d19017e0cbbeec41708,to access nano banana pro select create images from the tools menu and thinking from the model menu then add a prompt or upload an image to edit,0.075,0.2732,0.1741,4,4,Balanced
rival2,Google,https://gemini.google/overview/image-generation,p,"Note: Once you hit your limit using Nano Banana Pro, you will automatically default to using the Nano Banana image model until you reach that limit.",2025-12-06T23:31:19.906478,Nano Banana Pro – Gemini AI image generator and photo editor,"With Nano Banana Pro, Gemini's AI image generator and photo editor, you can create high-quality images in seconds and edit photos into countless new creations.",95e4b4d28b8e125809cc6907b077e8b3c4129778f28febae44a26cd1333a6e50,note once you hit your limit using nano banana pro you will automatically default to using the nano banana image model until you reach that limit,0.042,0.0258,0.0339,3,2,Technical
rival2,Google,https://gemini.google/overview/image-generation,p,"Start with a simple formula.Try <Create/generate an image of>  <subject> <action> <scene> and then build from there. For example, 'Create an image of a cat napping in a sunbeam on a windowsill'.",2025-12-06T23:31:19.906483,Nano Banana Pro – Gemini AI image generator and photo editor,"With Nano Banana Pro, Gemini's AI image generator and photo editor, you can create high-quality images in seconds and edit photos into countless new creations.",ab38e9e3bff9b0eb61694701016b71c632fb5ec217320b7ffca072b808eb128d,start with a simple formula try create generate an image of subject action scene and then build from there for example create an image of a cat napping in a sunbeam on a windowsill,0.13,0.4939,0.31195,0,6,Value Proposition
rival2,Google,https://gemini.google/overview/image-generation,p,"Be specific with as much detail as you can dream.Prompts should include as many specifics as you can think of, so instead of saying, 'Create an image of a woman in a red dress', try 'Create an image of a young woman in a red dress running through a park'. The more details that you provide, the better Gemini is at following your instructions.",2025-12-06T23:31:19.906488,Nano Banana Pro – Gemini AI image generator and photo editor,"With Nano Banana Pro, Gemini's AI image generator and photo editor, you can create high-quality images in seconds and edit photos into countless new creations.",70f5ba68de9f13c8a93dc88025f1321475b39cfeb5d0b7b32aae498f26aee524,be specific with as much detail as you can dream prompts should include as many specifics as you can think of so instead of saying create an image of a woman in a red dress try create an image of a young woman in a red dress running through a park the more details that you provide the better gemini is at following your instructions,0.14,0.7964,0.4682,2,6,Value Proposition
rival2,Google,https://gemini.google/overview/image-generation,p,"Take composition, style and image quality into consideration.Think about how you want the elements in your image to be arranged (composition), the visual style that you want to achieve (style), the desired level of image quality (image quality) and the aspect ratio (size). Try something like, 'Generate an image of a blurry poky porcupine flying in space in the style of an oil painting with a 2:3 aspect ratio'.",2025-12-06T23:31:19.906492,Nano Banana Pro – Gemini AI image generator and photo editor,"With Nano Banana Pro, Gemini's AI image generator and photo editor, you can create high-quality images in seconds and edit photos into countless new creations.",63335d7754ae7bd5d0b1c4b6065a464c708002a5912bb84d5affb35249bc68c9,take composition style and image quality into consideration think about how you want the elements in your image to be arranged composition the visual style that you want to achieve style the desired level of image quality image quality and the aspect ratio size try something like generate an image of a blurry poky porcupine flying in space in the style of an oil painting with a aspect ratio,0.08199999999999999,0.5859,0.33394999999999997,4,10,Value Proposition
rival2,Google,https://gemini.google/overview/image-generation,p,Creativity is your friend.Gemini is great at creating surreal objects and unique scenes. Let your imagination run wild.,2025-12-06T23:31:19.906496,Nano Banana Pro – Gemini AI image generator and photo editor,"With Nano Banana Pro, Gemini's AI image generator and photo editor, you can create high-quality images in seconds and edit photos into countless new creations.",22e231b2ee602e9f2205c0744a7fad0595788df149b872925d576ff252c6d875,creativity is your friend gemini is great at creating surreal objects and unique scenes let your imagination run wild,0.446,0.9022,0.6741,1,0,Technical
rival2,Google,https://gemini.google/overview/image-generation,p,"If you don't like what you see, just ask Gemini to change it. With our image-editing model, you can take control of your images by telling Gemini to change the background, replace an object or add an element – all while preserving the details that you love.",2025-12-06T23:31:19.906502,Nano Banana Pro – Gemini AI image generator and photo editor,"With Nano Banana Pro, Gemini's AI image generator and photo editor, you can create high-quality images in seconds and edit photos into countless new creations.",acc289dbe3dc2d9eec36edc87afcd6302b9b728bf0b6c8ec9cb44f18999ab015,if you don t like what you see just ask gemini to change it with our image editing model you can take control of your images by telling gemini to change the background replace an object or add an element all while preserving the details that you love,0.13,0.7717,0.45085000000000003,3,2,Technical
rival2,Google,https://gemini.google/overview/image-generation,p,"Consistent with ourAI principles, this AI image generator was designed with responsibility in mind. And to ensure that there's a clear distinction between visuals created with Gemini and original human artwork, Gemini uses an invisibleSynthIDwatermark, as well as a visible watermark to show that they are AI-generated.",2025-12-06T23:31:19.906509,Nano Banana Pro – Gemini AI image generator and photo editor,"With Nano Banana Pro, Gemini's AI image generator and photo editor, you can create high-quality images in seconds and edit photos into countless new creations.",e2de5d810ac57347e7f1e72305b66bfc1c68e5458899e5e1d156a4d15b91abfb,consistent with ourai principles this ai image generator was designed with responsibility in mind and to ensure that there s a clear distinction between visuals created with gemini and original human artwork gemini uses an invisiblesynthidwatermark as well as a visible watermark to show that they are ai generated,0.221,0.8625,0.5417500000000001,5,1,Technical
rival2,Google,https://gemini.google/overview/image-generation,p,"Gemini's outputs are primarily determined by user prompts and, like any generative AI tool, there may be instances where it generates content that some individuals find objectionable. We'll continue to listen to your feedback through the thumbs up/down buttons and make ongoing improvements. For more details, you canread about our approach on our website.",2025-12-06T23:31:19.906512,Nano Banana Pro – Gemini AI image generator and photo editor,"With Nano Banana Pro, Gemini's AI image generator and photo editor, you can create high-quality images in seconds and edit photos into countless new creations.",ec70d0c28f5b21879fb8bce1b05a739532f4e54c03b2809823917677b3107968,gemini s outputs are primarily determined by user prompts and like any generative ai tool there may be instances where it generates content that some individuals find objectionable we ll continue to listen to your feedback through the thumbs up down buttons and make ongoing improvements for more details you canread about our approach on our website,0.12,0.7351,0.42755,6,1,Technical
rival2,Google,https://gemini.google/overview/image-generation,p,"Simply upload an image to the Gemini app and ask if it was generated by Google AI. This verification is powered by SynthID, our digital watermarking technology. It is currently available for images, with audio and video support coming soon.",2025-12-06T23:31:19.906515,Nano Banana Pro – Gemini AI image generator and photo editor,"With Nano Banana Pro, Gemini's AI image generator and photo editor, you can create high-quality images in seconds and edit photos into countless new creations.",5d95ba9980fa5809888c85054c6ee60707dd6629e9722f9b73814b3913e3d569,simply upload an image to the gemini app and ask if it was generated by google ai this verification is powered by synthid our digital watermarking technology it is currently available for images with audio and video support coming soon,0.065,0.4019,0.23345,5,3,Technical
rival2,Google,https://gemini.google/overview/image-generation,p,You can find out more about how we're increasing transparency in AI content with SynthID in ourblog post.,2025-12-06T23:31:19.906519,Nano Banana Pro – Gemini AI image generator and photo editor,"With Nano Banana Pro, Gemini's AI image generator and photo editor, you can create high-quality images in seconds and edit photos into countless new creations.",34acb9c94533e74608802ce8a44c884ec608a0f998d5ba210de8310f03dfd41f,you can find out more about how we re increasing transparency in ai content with synthid in ourblog post,0.0,0.0,0.0,2,1,Technical
rival2,Google,https://gemini.google/overview/image-generation,p,Compatibility and availability vary. Limits apply. 18+.,2025-12-06T23:31:19.906522,Nano Banana Pro – Gemini AI image generator and photo editor,"With Nano Banana Pro, Gemini's AI image generator and photo editor, you can create high-quality images in seconds and edit photos into countless new creations.",b2597c75d78db4fd4171b9c1d296686b030562c221c60b0fcbf1127bcf9edaa1,compatibility and availability vary limits apply,0.0,0.0,0.0,0,0,Other
rival2,Google,https://gemini.google/overview/image-generation,h2,Change your region and language,2025-12-06T23:31:19.906525,Nano Banana Pro – Gemini AI image generator and photo editor,"With Nano Banana Pro, Gemini's AI image generator and photo editor, you can create high-quality images in seconds and edit photos into countless new creations.",7c5021066538126007af117387e06b0c9d553b52364785a83316864bc9e0b46e,change your region and language,0.0,0.0,0.0,0,0,Other
rival2,Google,https://gemini.google/overview/image-generation,h3,Americas,2025-12-06T23:31:19.906528,Nano Banana Pro – Gemini AI image generator and photo editor,"With Nano Banana Pro, Gemini's AI image generator and photo editor, you can create high-quality images in seconds and edit photos into countless new creations.",2d1b84c3b2d1353bb8d6c14655855517c1c1d97c4f84c01f8975688463f14aa8,americas,0.0,0.0,0.0,0,0,Other
rival2,Google,https://gemini.google/overview/image-generation,h3,Asia Pacific,2025-12-06T23:31:19.906531,Nano Banana Pro – Gemini AI image generator and photo editor,"With Nano Banana Pro, Gemini's AI image generator and photo editor, you can create high-quality images in seconds and edit photos into countless new creations.",dcdfce70dc5d1e6c49899422574e8c627723717c7e2dc945071935a95ba5676e,asia pacific,0.0,0.0,0.0,0,0,Other
rival2,Google,https://gemini.google/overview/image-generation,h3,Europe and Africa,2025-12-06T23:31:19.906583,Nano Banana Pro – Gemini AI image generator and photo editor,"With Nano Banana Pro, Gemini's AI image generator and photo editor, you can create high-quality images in seconds and edit photos into countless new creations.",2b5143c300223f0271faa6e3406b2c7f7acd9ec2e523f2f90512ec28a4905adf,europe and africa,0.0,0.0,0.0,0,0,Other
