text,element_type,url,title,meta_description,h1_tags,scrape_date,competitor,sentiment,vader_sentiment,technical_keywords,value_keywords,intent,cleaned_text
Your Details,h3,https://www.fleetspace.com/,Fleet Space Technologies | Home Page,"Fleet Space builds space-enabled technology to revolutionise mineral discovery, defence capabilities, and space exploration.",['Fleet Space Technologies'],2024-11-21T11:18:05.903869,FleetSpace,0.0,0.0,0,0,Other,your details
Fleet Space Technologies,h1,https://www.fleetspace.com/,Fleet Space Technologies | Home Page,"Fleet Space builds space-enabled technology to revolutionise mineral discovery, defence capabilities, and space exploration.",['Fleet Space Technologies'],2024-11-21T11:18:05.903891,FleetSpace,0.0,0.0,0,0,Other,fleet space technologies
Where discovery happens,h2,https://www.fleetspace.com/,Fleet Space Technologies | Home Page,"Fleet Space builds space-enabled technology to revolutionise mineral discovery, defence capabilities, and space exploration.",['Fleet Space Technologies'],2024-11-21T11:18:05.903893,FleetSpace,0.0,0.0,0,0,Other,where discovery happens
Fleet Space Technologies,h3,https://www.fleetspace.com/,Fleet Space Technologies | Home Page,"Fleet Space builds space-enabled technology to revolutionise mineral discovery, defence capabilities, and space exploration.",['Fleet Space Technologies'],2024-11-21T11:18:05.903895,FleetSpace,0.0,0.0,0,0,Other,fleet space technologies
We are Explorers,h2,https://www.fleetspace.com/,Fleet Space Technologies | Home Page,"Fleet Space builds space-enabled technology to revolutionise mineral discovery, defence capabilities, and space exploration.",['Fleet Space Technologies'],2024-11-21T11:18:05.903897,FleetSpace,0.0,0.0,0,0,Other,we are explorers
ExoSphere by Fleet®,h3,https://www.fleetspace.com/,Fleet Space Technologies | Home Page,"Fleet Space builds space-enabled technology to revolutionise mineral discovery, defence capabilities, and space exploration.",['Fleet Space Technologies'],2024-11-21T11:18:05.903899,FleetSpace,0.0,0.0,0,0,Other,exosphere by fleet
Unleash your data potential with the end-to-end capabilities of ExoSphere by Fleet® powered by space and AI. Experience predictive insights across your exploration journey and AI-powered drill targeting to scale mineral discovery today.,p,https://www.fleetspace.com/,Fleet Space Technologies | Home Page,"Fleet Space builds space-enabled technology to revolutionise mineral discovery, defence capabilities, and space exploration.",['Fleet Space Technologies'],2024-11-21T11:18:05.903901,FleetSpace,0.0,0.2263,1,1,Balanced,unleash your data potential with the endtoend capabilities of exosphere by fleet powered by space and ai experience predictive insights across your exploration journey and aipowered drill targeting to scale mineral discovery today
ExoSphere by Fleet®,h3,https://www.fleetspace.com/,Fleet Space Technologies | Home Page,"Fleet Space builds space-enabled technology to revolutionise mineral discovery, defence capabilities, and space exploration.",['Fleet Space Technologies'],2024-11-21T11:18:05.903903,FleetSpace,0.0,0.0,0,0,Other,exosphere by fleet
"Our end-to-end mineral exploration solution, ExoSphere, leverages space technology, advanced multiphysics and AI to map mineral systems in real-time with near-zero environmental impact. Reimagine data-driven exploration with real-time insights at unmatched speed, scale, and depth to unlock a more sustainable path to the discoveries of tomorrow.",p,https://www.fleetspace.com/,Fleet Space Technologies | Home Page,"Fleet Space builds space-enabled technology to revolutionise mineral discovery, defence capabilities, and space exploration.",['Fleet Space Technologies'],2024-11-21T11:18:05.903905,FleetSpace,0.45,0.7003,2,3,Value Proposition,our endtoend mineral exploration solution exosphere leverages space technology advanced multiphysics and ai to map mineral systems in realtime with nearzero environmental impact reimagine datadriven exploration with realtime insights at unmatched speed scale and depth to unlock a more sustainable path to the discoveries of tomorrow
ExoSphere by Fleet®,h3,https://www.fleetspace.com/,Fleet Space Technologies | Home Page,"Fleet Space builds space-enabled technology to revolutionise mineral discovery, defence capabilities, and space exploration.",['Fleet Space Technologies'],2024-11-21T11:18:05.903913,FleetSpace,0.0,0.0,0,0,Other,exosphere by fleet
"Discover more in 3D with Ambient Noise Tomography (ANT) and AI-powered insights to accurately image geological features to depths of 2.5km, including structures, mineralisation zones, and basement depth.",p,https://www.fleetspace.com/,Fleet Space Technologies | Home Page,"Fleet Space builds space-enabled technology to revolutionise mineral discovery, defence capabilities, and space exploration.",['Fleet Space Technologies'],2024-11-21T11:18:05.903914,FleetSpace,0.45000000000000007,0.0,0,0,Other,discover more in d with ambient noise tomography ant and aipowered insights to accurately image geological features to depths of km including structures mineralisation zones and basement depth
Pioneering Innovation and Excellence,h3,https://www.fleetspace.com/,Fleet Space Technologies | Home Page,"Fleet Space builds space-enabled technology to revolutionise mineral discovery, defence capabilities, and space exploration.",['Fleet Space Technologies'],2024-11-21T11:18:05.903916,FleetSpace,0.0,0.7717,0,0,Other,pioneering innovation and excellence
Key Industries,h2,https://www.fleetspace.com/,Fleet Space Technologies | Home Page,"Fleet Space builds space-enabled technology to revolutionise mineral discovery, defence capabilities, and space exploration.",['Fleet Space Technologies'],2024-11-21T11:18:05.903918,FleetSpace,0.0,0.0,0,0,Other,key industries
Mineral Exploration,h3,https://www.fleetspace.com/,Fleet Space Technologies | Home Page,"Fleet Space builds space-enabled technology to revolutionise mineral discovery, defence capabilities, and space exploration.",['Fleet Space Technologies'],2024-11-21T11:18:05.903920,FleetSpace,0.0,0.2263,1,1,Balanced,mineral exploration
"ExoSphere provides end-to-end delivery of 3D subsurface insights up to depths of 2.5km, delivering real-time exploration capabilities and drill targeting with space technology and AI. Find out how ExoSphere can work for you.",p,https://www.fleetspace.com/,Fleet Space Technologies | Home Page,"Fleet Space builds space-enabled technology to revolutionise mineral discovery, defence capabilities, and space exploration.",['Fleet Space Technologies'],2024-11-21T11:18:05.903921,FleetSpace,0.0,0.2263,2,2,Balanced,exosphere provides endtoend delivery of d subsurface insights up to depths of km delivering realtime exploration capabilities and drill targeting with space technology and ai find out how exosphere can work for you
Space Exploration,h3,https://www.fleetspace.com/,Fleet Space Technologies | Home Page,"Fleet Space builds space-enabled technology to revolutionise mineral discovery, defence capabilities, and space exploration.",['Fleet Space Technologies'],2024-11-21T11:18:05.903923,FleetSpace,0.0,0.2263,1,1,Balanced,space exploration
Our pursuit of discovery knows no bounds. Fleet Space is poised to become the first Australian seismic technology to land on the Moon's surface as part of our 7 Sisters mission in 2026. The technologies we build are empowering humanity’s exploration of new worlds.,p,https://www.fleetspace.com/,Fleet Space Technologies | Home Page,"Fleet Space builds space-enabled technology to revolutionise mineral discovery, defence capabilities, and space exploration.",['Fleet Space Technologies'],2024-11-21T11:18:05.903926,FleetSpace,0.12878787878787878,0.1779,2,2,Balanced,our pursuit of discovery knows no bounds fleet space is poised to become the first australian seismic technology to land on the moons surface as part of our sisters mission in the technologies we build are empowering humanitys exploration of new worlds
Defence,h3,https://www.fleetspace.com/,Fleet Space Technologies | Home Page,"Fleet Space builds space-enabled technology to revolutionise mineral discovery, defence capabilities, and space exploration.",['Fleet Space Technologies'],2024-11-21T11:18:05.903928,FleetSpace,0.0,0.1027,0,0,Other,defence
"Leveraging our satellite constellation in LEO, Fleet Space is a defence-ready partner developing enhanced tactical communications, data transmission, and connectivity in support of AUKUS and allies around the world.",p,https://www.fleetspace.com/,Fleet Space Technologies | Home Page,"Fleet Space builds space-enabled technology to revolutionise mineral discovery, defence capabilities, and space exploration.",['Fleet Space Technologies'],2024-11-21T11:18:05.903929,FleetSpace,0.0,0.4019,0,0,Other,leveraging our satellite constellation in leo fleet space is a defenceready partner developing enhanced tactical communications data transmission and connectivity in support of aukus and allies around the world
The Crew,h3,https://www.fleetspace.com/,Fleet Space Technologies | Home Page,"Fleet Space builds space-enabled technology to revolutionise mineral discovery, defence capabilities, and space exploration.",['Fleet Space Technologies'],2024-11-21T11:18:05.903931,FleetSpace,0.0,0.0,0,0,Other,the crew
A global team for a global mission,h2,https://www.fleetspace.com/,Fleet Space Technologies | Home Page,"Fleet Space builds space-enabled technology to revolutionise mineral discovery, defence capabilities, and space exploration.",['Fleet Space Technologies'],2024-11-21T11:18:05.903933,FleetSpace,0.0,0.0,0,0,Other,a global team for a global mission
Recognition,h3,https://www.fleetspace.com/,Fleet Space Technologies | Home Page,"Fleet Space builds space-enabled technology to revolutionise mineral discovery, defence capabilities, and space exploration.",['Fleet Space Technologies'],2024-11-21T11:18:05.903934,FleetSpace,0.0,0.0,0,0,Other,recognition
Industry Awards,h2,https://www.fleetspace.com/,Fleet Space Technologies | Home Page,"Fleet Space builds space-enabled technology to revolutionise mineral discovery, defence capabilities, and space exploration.",['Fleet Space Technologies'],2024-11-21T11:18:05.903936,FleetSpace,0.0,0.4588,0,0,Other,industry awards
2024 Banksia Foundation's Climate Technology Impact Award Winner,h3,https://www.fleetspace.com/,Fleet Space Technologies | Home Page,"Fleet Space builds space-enabled technology to revolutionise mineral discovery, defence capabilities, and space exploration.",['Fleet Space Technologies'],2024-11-21T11:18:05.903938,FleetSpace,0.0,0.8074,0,0,Other,banksia foundations climate technology impact award winner
2023 Energy & Mining Premier's Award,h3,https://www.fleetspace.com/,Fleet Space Technologies | Home Page,"Fleet Space builds space-enabled technology to revolutionise mineral discovery, defence capabilities, and space exploration.",['Fleet Space Technologies'],2024-11-21T11:18:05.903939,FleetSpace,0.0,0.6808,0,0,Other,energy mining premiers award
Technology Scale-Up Awards,h3,https://www.fleetspace.com/,Fleet Space Technologies | Home Page,"Fleet Space builds space-enabled technology to revolutionise mineral discovery, defence capabilities, and space exploration.",['Fleet Space Technologies'],2024-11-21T11:18:05.903941,FleetSpace,0.0,0.4588,0,0,Other,technology scaleup awards
Impact Awards,h3,https://www.fleetspace.com/,Fleet Space Technologies | Home Page,"Fleet Space builds space-enabled technology to revolutionise mineral discovery, defence capabilities, and space exploration.",['Fleet Space Technologies'],2024-11-21T11:18:05.903943,FleetSpace,0.0,0.4588,0,0,Other,impact awards
Australian Space Awards 2023,h3,https://www.fleetspace.com/,Fleet Space Technologies | Home Page,"Fleet Space builds space-enabled technology to revolutionise mineral discovery, defence capabilities, and space exploration.",['Fleet Space Technologies'],2024-11-21T11:18:05.903945,FleetSpace,0.0,0.4588,0,0,Other,australian space awards
AustMine23 Winner - Outstanding Innovation METS Company,h3,https://www.fleetspace.com/,Fleet Space Technologies | Home Page,"Fleet Space builds space-enabled technology to revolutionise mineral discovery, defence capabilities, and space exploration.",['Fleet Space Technologies'],2024-11-21T11:18:05.903947,FleetSpace,0.5,0.886,0,0,Other,austmine winner outstanding innovation mets company
News & Insights,h3,https://www.fleetspace.com/,Fleet Space Technologies | Home Page,"Fleet Space builds space-enabled technology to revolutionise mineral discovery, defence capabilities, and space exploration.",['Fleet Space Technologies'],2024-11-21T11:18:05.903949,FleetSpace,0.0,0.0,0,0,Other,news insights
Featured Updates,h2,https://www.fleetspace.com/,Fleet Space Technologies | Home Page,"Fleet Space builds space-enabled technology to revolutionise mineral discovery, defence capabilities, and space exploration.",['Fleet Space Technologies'],2024-11-21T11:18:05.903951,FleetSpace,0.0,0.0,0,0,Other,featured updates
Fleet Space’s Centauri 6 Demonstrates Path to Sovereign Multi-Orbit SATCOM,h2,https://www.fleetspace.com/,Fleet Space Technologies | Home Page,"Fleet Space builds space-enabled technology to revolutionise mineral discovery, defence capabilities, and space exploration.",['Fleet Space Technologies'],2024-11-21T11:18:05.903952,FleetSpace,0.0,0.0,0,0,Other,fleet spaces centauri demonstrates path to sovereign multiorbit satcom
Rio Tinto & Fleet Space Collaborate to Advance Exploration at the Rincon Lithium Project,h2,https://www.fleetspace.com/,Fleet Space Technologies | Home Page,"Fleet Space builds space-enabled technology to revolutionise mineral discovery, defence capabilities, and space exploration.",['Fleet Space Technologies'],2024-11-21T11:18:05.903954,FleetSpace,0.0,0.2263,1,1,Balanced,rio tinto fleet space collaborate to advance exploration at the rincon lithium project
Fleet Space & IsoEnergy to Pioneer AI Mineral Exploration Tech at Larocque East in Athabasca Basin,h2,https://www.fleetspace.com/,Fleet Space Technologies | Home Page,"Fleet Space builds space-enabled technology to revolutionise mineral discovery, defence capabilities, and space exploration.",['Fleet Space Technologies'],2024-11-21T11:18:05.903956,FleetSpace,0.0,0.2263,1,1,Balanced,fleet space isoenergy to pioneer ai mineral exploration tech at larocque east in athabasca basin
Explore Like Never Before,h3,https://www.fleetspace.com/,Fleet Space Technologies | Home Page,"Fleet Space builds space-enabled technology to revolutionise mineral discovery, defence capabilities, and space exploration.",['Fleet Space Technologies'],2024-11-21T11:18:05.903958,FleetSpace,0.0,0.3612,0,0,Other,explore like never before
Revolutionise yourexploration approach with us,h2,https://www.fleetspace.com/,Fleet Space Technologies | Home Page,"Fleet Space builds space-enabled technology to revolutionise mineral discovery, defence capabilities, and space exploration.",['Fleet Space Technologies'],2024-11-21T11:18:05.903960,FleetSpace,0.0,0.0,0,0,Other,revolutionise yourexploration approach with us
Your Details,h3,https://www.fleetspace.com/about,About Us,Discover Fleet: Revolutionising the exploration of new worlds with advanced space technology to build a more prosperous future for humanity.,['About Us'],2024-11-21T11:18:06.153475,FleetSpace,0.0,0.0,0,0,Other,your details
About Us,h1,https://www.fleetspace.com/about,About Us,Discover Fleet: Revolutionising the exploration of new worlds with advanced space technology to build a more prosperous future for humanity.,['About Us'],2024-11-21T11:18:06.153486,FleetSpace,0.0,0.0,0,0,Other,about us
We build space-enabled technology to solve global challenges and empower humanity’s exploration of new worlds.,h2,https://www.fleetspace.com/about,About Us,Discover Fleet: Revolutionising the exploration of new worlds with advanced space technology to build a more prosperous future for humanity.,['About Us'],2024-11-21T11:18:06.153488,FleetSpace,0.06818181818181818,0.4588,1,1,Balanced,we build spaceenabled technology to solve global challenges and empower humanitys exploration of new worlds
We create. We disrupt. We solve complex problems.,h2,https://www.fleetspace.com/about,About Us,Discover Fleet: Revolutionising the exploration of new worlds with advanced space technology to build a more prosperous future for humanity.,['About Us'],2024-11-21T11:18:06.153490,FleetSpace,-0.3,0.0516,0,0,Other,we create we disrupt we solve complex problems
"Fleet Space is pushing the boundaries of innovation with breakthrough advances in space technology, multiphysics data acquisition, edge computing, and AI. The satellite-enabled solutions we deliver are unlocking new capabilities in the global space sector, defence, and mineral exploration needed for net-zero.Pioneering the world’s first end-to-end mineral exploration technology – ExoSphere by Fleet® – Fleet Space integrates its proprietary satellite network, global exploration data acquisition, and AI into a single solution, delivering 3D subsurface insights in real-time with near-zero environmental impact.",p,https://www.fleetspace.com/about,About Us,Discover Fleet: Revolutionising the exploration of new worlds with advanced space technology to build a more prosperous future for humanity.,['About Us'],2024-11-21T11:18:06.153493,FleetSpace,0.062987012987013,0.8658,4,4,Balanced,fleet space is pushing the boundaries of innovation with breakthrough advances in space technology multiphysics data acquisition edge computing and ai the satelliteenabled solutions we deliver are unlocking new capabilities in the global space sector defence and mineral exploration needed for netzeropioneering the worlds first endtoend mineral exploration technology exosphere by fleet fleet space integrates its proprietary satellite network global exploration data acquisition and ai into a single solution delivering d subsurface insights in realtime with nearzero environmental impact
Our mission,h3,https://www.fleetspace.com/about,About Us,Discover Fleet: Revolutionising the exploration of new worlds with advanced space technology to build a more prosperous future for humanity.,['About Us'],2024-11-21T11:18:06.153495,FleetSpace,0.0,0.0,0,0,Other,our mission
Scaling Responsible Exploration on Earth and Beyond,h2,https://www.fleetspace.com/about,About Us,Discover Fleet: Revolutionising the exploration of new worlds with advanced space technology to build a more prosperous future for humanity.,['About Us'],2024-11-21T11:18:06.153496,FleetSpace,0.2,0.4939,1,1,Balanced,scaling responsible exploration on earth and beyond
Pioneering innovation and excellence,h3,https://www.fleetspace.com/about,About Us,Discover Fleet: Revolutionising the exploration of new worlds with advanced space technology to build a more prosperous future for humanity.,['About Us'],2024-11-21T11:18:06.153498,FleetSpace,0.0,0.7717,0,0,Other,pioneering innovation and excellence
Fleet Today,h2,https://www.fleetspace.com/about,About Us,Discover Fleet: Revolutionising the exploration of new worlds with advanced space technology to build a more prosperous future for humanity.,['About Us'],2024-11-21T11:18:06.153499,FleetSpace,0.0,0.0,0,0,Other,fleet today
120+ crew members,h3,https://www.fleetspace.com/about,About Us,Discover Fleet: Revolutionising the exploration of new worlds with advanced space technology to build a more prosperous future for humanity.,['About Us'],2024-11-21T11:18:06.153511,FleetSpace,0.0,0.0,0,0,Other,crew members
8 satellites launched + more planned in the near future,h3,https://www.fleetspace.com/about,About Us,Discover Fleet: Revolutionising the exploration of new worlds with advanced space technology to build a more prosperous future for humanity.,['About Us'],2024-11-21T11:18:06.153517,FleetSpace,0.19999999999999998,0.128,0,0,Other,satellites launched more planned in the near future
300+ ExoSphere surveys deployed,h3,https://www.fleetspace.com/about,About Us,Discover Fleet: Revolutionising the exploration of new worlds with advanced space technology to build a more prosperous future for humanity.,['About Us'],2024-11-21T11:18:06.153518,FleetSpace,0.0,0.0,0,0,Other,exosphere surveys deployed
40+ customers globally,h3,https://www.fleetspace.com/about,About Us,Discover Fleet: Revolutionising the exploration of new worlds with advanced space technology to build a more prosperous future for humanity.,['About Us'],2024-11-21T11:18:06.153520,FleetSpace,0.0,0.0,0,0,Other,customers globally
#1 Australia’s Fastest Growing Company 2023 by AFR,h3,https://www.fleetspace.com/about,About Us,Discover Fleet: Revolutionising the exploration of new worlds with advanced space technology to build a more prosperous future for humanity.,['About Us'],2024-11-21T11:18:06.153521,FleetSpace,0.0,0.1779,0,0,Other,australias fastest growing company by afr
"“Some people are born explorers at heart, they just  want to see what’s out there, and I can’t help myself,  I’m one of them”",h2,https://www.fleetspace.com/about,About Us,Discover Fleet: Revolutionising the exploration of new worlds with advanced space technology to build a more prosperous future for humanity.,['About Us'],2024-11-21T11:18:06.153523,FleetSpace,0.0,0.4588,0,0,Other,some people are born explorers at heart they just want to see whats out there and i cant help myself im one of them
"Flavia Tata Nardini, CEO & Co-Founder of Fleet Space Technologies",h3,https://www.fleetspace.com/about,About Us,Discover Fleet: Revolutionising the exploration of new worlds with advanced space technology to build a more prosperous future for humanity.,['About Us'],2024-11-21T11:18:06.153525,FleetSpace,0.0,0.0,0,0,Other,flavia tata nardini ceo cofounder of fleet space technologies
Ignition,h3,https://www.fleetspace.com/about,About Us,Discover Fleet: Revolutionising the exploration of new worlds with advanced space technology to build a more prosperous future for humanity.,['About Us'],2024-11-21T11:18:06.153526,FleetSpace,0.0,0.0,0,0,Other,ignition
Lift Off,h3,https://www.fleetspace.com/about,About Us,Discover Fleet: Revolutionising the exploration of new worlds with advanced space technology to build a more prosperous future for humanity.,['About Us'],2024-11-21T11:18:06.153528,FleetSpace,0.0,0.0,0,0,Other,lift off
Ascent,h3,https://www.fleetspace.com/about,About Us,Discover Fleet: Revolutionising the exploration of new worlds with advanced space technology to build a more prosperous future for humanity.,['About Us'],2024-11-21T11:18:06.153529,FleetSpace,0.0,0.0,0,0,Other,ascent
Meet the Team,h3,https://www.fleetspace.com/about,About Us,Discover Fleet: Revolutionising the exploration of new worlds with advanced space technology to build a more prosperous future for humanity.,['About Us'],2024-11-21T11:18:06.153531,FleetSpace,0.0,0.0,0,0,Other,meet the team
Our Explorers,h2,https://www.fleetspace.com/about,About Us,Discover Fleet: Revolutionising the exploration of new worlds with advanced space technology to build a more prosperous future for humanity.,['About Us'],2024-11-21T11:18:06.153532,FleetSpace,0.0,0.0,0,0,Other,our explorers
"Cultivating a workplace where innovation soars, diversity shines, and every team member is empowered to boldly explore uncharted territories is the most important part of our mission at Fleet Space.",p,https://www.fleetspace.com/about,About Us,Discover Fleet: Revolutionising the exploration of new worlds with advanced space technology to build a more prosperous future for humanity.,['About Us'],2024-11-21T11:18:06.153535,FleetSpace,0.41111111111111115,0.7346,0,0,Other,cultivating a workplace where innovation soars diversity shines and every team member is empowered to boldly explore uncharted territories is the most important part of our mission at fleet space
Fleet Space STEM Program,h3,https://www.fleetspace.com/about,About Us,Discover Fleet: Revolutionising the exploration of new worlds with advanced space technology to build a more prosperous future for humanity.,['About Us'],2024-11-21T11:18:06.153537,FleetSpace,0.0,0.0,0,0,Other,fleet space stem program
Building Tomorrow’s Explorers,h2,https://www.fleetspace.com/about,About Us,Discover Fleet: Revolutionising the exploration of new worlds with advanced space technology to build a more prosperous future for humanity.,['About Us'],2024-11-21T11:18:06.153539,FleetSpace,0.0,0.0,0,0,Other,building tomorrows explorers
"Dedicated to inspiring the next generation, discover how we engage and empower today's students in the world of science and exploration.",p,https://www.fleetspace.com/about,About Us,Discover Fleet: Revolutionising the exploration of new worlds with advanced space technology to build a more prosperous future for humanity.,['About Us'],2024-11-21T11:18:06.153540,FleetSpace,0.25,0.8442,1,1,Balanced,dedicated to inspiring the next generation discover how we engage and empower todays students in the world of science and exploration
Your Details,h3,https://www.fleetspace.com/mineral-exploration,Mineral Exploration | Fleet Space | Learn More,Fleet provides satellite-enabled 3D subsurface insights in days. Revolutionise mineral exploration with space technology for a sustainable future.,['RevolutionisingMineral Exploration'],2024-11-21T11:18:06.741700,FleetSpace,0.0,0.0,0,0,Other,your details
Journey to Net-Zero,p,https://www.fleetspace.com/mineral-exploration,Mineral Exploration | Fleet Space | Learn More,Fleet provides satellite-enabled 3D subsurface insights in days. Revolutionise mineral exploration with space technology for a sustainable future.,['RevolutionisingMineral Exploration'],2024-11-21T11:18:06.741711,FleetSpace,0.0,0.0,0,0,Other,journey to netzero
RevolutionisingMineral Exploration,h1,https://www.fleetspace.com/mineral-exploration,Mineral Exploration | Fleet Space | Learn More,Fleet provides satellite-enabled 3D subsurface insights in days. Revolutionise mineral exploration with space technology for a sustainable future.,['RevolutionisingMineral Exploration'],2024-11-21T11:18:06.741713,FleetSpace,0.0,0.2263,1,1,Balanced,revolutionisingmineral exploration
ExoSphere by Fleet®,h2,https://www.fleetspace.com/mineral-exploration,Mineral Exploration | Fleet Space | Learn More,Fleet provides satellite-enabled 3D subsurface insights in days. Revolutionise mineral exploration with space technology for a sustainable future.,['RevolutionisingMineral Exploration'],2024-11-21T11:18:06.741715,FleetSpace,0.0,0.0,0,0,Other,exosphere by fleet
Our Solution,h3,https://www.fleetspace.com/mineral-exploration,Mineral Exploration | Fleet Space | Learn More,Fleet provides satellite-enabled 3D subsurface insights in days. Revolutionise mineral exploration with space technology for a sustainable future.,['RevolutionisingMineral Exploration'],2024-11-21T11:18:06.741717,FleetSpace,0.0,0.3182,0,0,Other,our solution
Unlocking Real-Time Exploration with Space and AI,h2,https://www.fleetspace.com/mineral-exploration,Mineral Exploration | Fleet Space | Learn More,Fleet provides satellite-enabled 3D subsurface insights in days. Revolutionise mineral exploration with space technology for a sustainable future.,['RevolutionisingMineral Exploration'],2024-11-21T11:18:06.741719,FleetSpace,0.0,0.2263,1,1,Balanced,unlocking realtime exploration with space and ai
"ExoSphere streamlines data acquisition, processing, integration, and AI insight delivery into a single end-to-end solution. This enhances the quality, speed, and precision of onsite decision making with real-time access to AI-powered, 3D subsurface insights at scale. By deploying our smart seismic sensors, high-quality 3D Ambient Noise Tomography (ANT) data is processed into actionable insights by our satellites in real-time – radically simplifying data operations for remote onsite teams.",p,https://www.fleetspace.com/mineral-exploration,Mineral Exploration | Fleet Space | Learn More,Fleet provides satellite-enabled 3D subsurface insights in days. Revolutionise mineral exploration with space technology for a sustainable future.,['RevolutionisingMineral Exploration'],2024-11-21T11:18:06.741721,FleetSpace,0.014285714285714282,0.6124,3,4,Value Proposition,exosphere streamlines data acquisition processing integration and ai insight delivery into a single endtoend solution this enhances the quality speed and precision of onsite decision making with realtime access to aipowered d subsurface insights at scale by deploying our smart seismic sensors highquality d ambient noise tomography ant data is processed into actionable insights by our satellites in realtime radically simplifying data operations for remote onsite teams
How it works,h3,https://www.fleetspace.com/mineral-exploration,Mineral Exploration | Fleet Space | Learn More,Fleet provides satellite-enabled 3D subsurface insights in days. Revolutionise mineral exploration with space technology for a sustainable future.,['RevolutionisingMineral Exploration'],2024-11-21T11:18:06.741722,FleetSpace,0.0,0.0,0,0,Other,how it works
Seamless Survey Planning & Design,h3,https://www.fleetspace.com/mineral-exploration,Mineral Exploration | Fleet Space | Learn More,Fleet provides satellite-enabled 3D subsurface insights in days. Revolutionise mineral exploration with space technology for a sustainable future.,['RevolutionisingMineral Exploration'],2024-11-21T11:18:06.741724,FleetSpace,0.1,0.0,1,1,Balanced,seamless survey planning design
"Customise your ExoSphere deployment with support from Fleet Space's team of geoscientists, tailored to your exploration goals and objectives.",p,https://www.fleetspace.com/mineral-exploration,Mineral Exploration | Fleet Space | Learn More,Fleet provides satellite-enabled 3D subsurface insights in days. Revolutionise mineral exploration with space technology for a sustainable future.,['RevolutionisingMineral Exploration'],2024-11-21T11:18:06.741725,FleetSpace,0.0,0.5574,1,1,Balanced,customise your exosphere deployment with support from fleet spaces team of geoscientists tailored to your exploration goals and objectives
Real-Time Global Data Acquisition,h3,https://www.fleetspace.com/mineral-exploration,Mineral Exploration | Fleet Space | Learn More,Fleet provides satellite-enabled 3D subsurface insights in days. Revolutionise mineral exploration with space technology for a sustainable future.,['RevolutionisingMineral Exploration'],2024-11-21T11:18:06.741727,FleetSpace,0.0,0.0,0,0,Other,realtime global data acquisition
Acquire high-quality 3D subsurface insights in real time with Fleet Space’s ANT-enabled smart seismic sensors (Geodes) and advanced multiphysics.,p,https://www.fleetspace.com/mineral-exploration,Mineral Exploration | Fleet Space | Learn More,Fleet provides satellite-enabled 3D subsurface insights in days. Revolutionise mineral exploration with space technology for a sustainable future.,['RevolutionisingMineral Exploration'],2024-11-21T11:18:06.741728,FleetSpace,0.2714285714285714,0.5719,2,4,Value Proposition,acquire highquality d subsurface insights in real time with fleet spaces antenabled smart seismic sensors geodes and advanced multiphysics
3D Subsurface Insights in Days,h3,https://www.fleetspace.com/mineral-exploration,Mineral Exploration | Fleet Space | Learn More,Fleet provides satellite-enabled 3D subsurface insights in days. Revolutionise mineral exploration with space technology for a sustainable future.,['RevolutionisingMineral Exploration'],2024-11-21T11:18:06.741730,FleetSpace,0.0,0.0,1,1,Balanced,d subsurface insights in days
"Receive 3D multiphysics insights in days to enhance confidence in mineralisation zones, test geological assumptions, and optimise exploration outcomes.",p,https://www.fleetspace.com/mineral-exploration,Mineral Exploration | Fleet Space | Learn More,Fleet provides satellite-enabled 3D subsurface insights in days. Revolutionise mineral exploration with space technology for a sustainable future.,['RevolutionisingMineral Exploration'],2024-11-21T11:18:06.741731,FleetSpace,0.0,0.7964,1,1,Balanced,receive d multiphysics insights in days to enhance confidence in mineralisation zones test geological assumptions and optimise exploration outcomes
Optimise Drill-Targeting with AI-Powered Insights,h3,https://www.fleetspace.com/mineral-exploration,Mineral Exploration | Fleet Space | Learn More,Fleet provides satellite-enabled 3D subsurface insights in days. Revolutionise mineral exploration with space technology for a sustainable future.,['RevolutionisingMineral Exploration'],2024-11-21T11:18:06.741733,FleetSpace,0.0,0.4404,0,0,Other,optimise drilltargeting with aipowered insights
"Leverage Fleet Space’s AI model to convert 3D ANT data and diverse geological datasets into high-priority drill targets in real-time, maximising discovery potential with streamlined onsite operations.",p,https://www.fleetspace.com/mineral-exploration,Mineral Exploration | Fleet Space | Learn More,Fleet provides satellite-enabled 3D subsurface insights in days. Revolutionise mineral exploration with space technology for a sustainable future.,['RevolutionisingMineral Exploration'],2024-11-21T11:18:06.741734,FleetSpace,0.0,0.0,0,1,Value Proposition,leverage fleet spaces ai model to convert d ant data and diverse geological datasets into highpriority drill targets in realtime maximising discovery potential with streamlined onsite operations
Access Insights from Anywhere,h3,https://www.fleetspace.com/mineral-exploration,Mineral Exploration | Fleet Space | Learn More,Fleet provides satellite-enabled 3D subsurface insights in days. Revolutionise mineral exploration with space technology for a sustainable future.,['RevolutionisingMineral Exploration'],2024-11-21T11:18:06.741736,FleetSpace,0.0,0.0,0,0,Other,access insights from anywhere
"The ExoSphere by Fleet® online portal enables quick access to survey results and AI-enabled insights to enhance the quality, speed, and precision of decision-making.",p,https://www.fleetspace.com/mineral-exploration,Mineral Exploration | Fleet Space | Learn More,Fleet provides satellite-enabled 3D subsurface insights in days. Revolutionise mineral exploration with space technology for a sustainable future.,['RevolutionisingMineral Exploration'],2024-11-21T11:18:06.741738,FleetSpace,0.3333333333333333,0.0,1,2,Value Proposition,the exosphere by fleet online portal enables quick access to survey results and aienabled insights to enhance the quality speed and precision of decisionmaking
World-Class Expertise to Advance Your Exploration,h3,https://www.fleetspace.com/mineral-exploration,Mineral Exploration | Fleet Space | Learn More,Fleet provides satellite-enabled 3D subsurface insights in days. Revolutionise mineral exploration with space technology for a sustainable future.,['RevolutionisingMineral Exploration'],2024-11-21T11:18:06.741739,FleetSpace,0.0,0.2263,1,1,Balanced,worldclass expertise to advance your exploration
"From survey planning to modelling and interpretation, our in-house team of geoscience experts are here to support you every step of the way.",p,https://www.fleetspace.com/mineral-exploration,Mineral Exploration | Fleet Space | Learn More,Fleet provides satellite-enabled 3D subsurface insights in days. Revolutionise mineral exploration with space technology for a sustainable future.,['RevolutionisingMineral Exploration'],2024-11-21T11:18:06.741741,FleetSpace,0.0,0.4019,1,1,Balanced,from survey planning to modelling and interpretation our inhouse team of geoscience experts are here to support you every step of the way
ExoSphere Benefits,h3,https://www.fleetspace.com/mineral-exploration,Mineral Exploration | Fleet Space | Learn More,Fleet provides satellite-enabled 3D subsurface insights in days. Revolutionise mineral exploration with space technology for a sustainable future.,['RevolutionisingMineral Exploration'],2024-11-21T11:18:06.741742,FleetSpace,0.0,0.3818,0,0,Other,exosphere benefits
Transforming Exploration at Scale,h2,https://www.fleetspace.com/mineral-exploration,Mineral Exploration | Fleet Space | Learn More,Fleet provides satellite-enabled 3D subsurface insights in days. Revolutionise mineral exploration with space technology for a sustainable future.,['RevolutionisingMineral Exploration'],2024-11-21T11:18:06.741743,FleetSpace,0.0,0.2263,1,1,Balanced,transforming exploration at scale
ExoSphere by Fleet®—everything you need to explore with confidence.,h2,https://www.fleetspace.com/mineral-exploration,Mineral Exploration | Fleet Space | Learn More,Fleet provides satellite-enabled 3D subsurface insights in days. Revolutionise mineral exploration with space technology for a sustainable future.,['RevolutionisingMineral Exploration'],2024-11-21T11:18:06.741745,FleetSpace,0.0,0.5106,0,0,Other,exosphere by fleeteverything you need to explore with confidence
Proven Results,h3,https://www.fleetspace.com/mineral-exploration,Mineral Exploration | Fleet Space | Learn More,Fleet provides satellite-enabled 3D subsurface insights in days. Revolutionise mineral exploration with space technology for a sustainable future.,['RevolutionisingMineral Exploration'],2024-11-21T11:18:06.741746,FleetSpace,0.0,0.0,0,1,Value Proposition,proven results
Our Solution in Action,h2,https://www.fleetspace.com/mineral-exploration,Mineral Exploration | Fleet Space | Learn More,Fleet provides satellite-enabled 3D subsurface insights in days. Revolutionise mineral exploration with space technology for a sustainable future.,['RevolutionisingMineral Exploration'],2024-11-21T11:18:06.741748,FleetSpace,0.1,0.3182,0,0,Other,our solution in action
Redefining Copper Exploration,h2,https://www.fleetspace.com/mineral-exploration,Mineral Exploration | Fleet Space | Learn More,Fleet provides satellite-enabled 3D subsurface insights in days. Revolutionise mineral exploration with space technology for a sustainable future.,['RevolutionisingMineral Exploration'],2024-11-21T11:18:06.741749,FleetSpace,0.0,0.2263,1,1,Balanced,redefining copper exploration
Unlocking Uranium’s Potential,h2,https://www.fleetspace.com/mineral-exploration,Mineral Exploration | Fleet Space | Learn More,Fleet provides satellite-enabled 3D subsurface insights in days. Revolutionise mineral exploration with space technology for a sustainable future.,['RevolutionisingMineral Exploration'],2024-11-21T11:18:06.741751,FleetSpace,0.0,0.0,0,0,Other,unlocking uraniums potential
Recognition,h3,https://www.fleetspace.com/mineral-exploration,Mineral Exploration | Fleet Space | Learn More,Fleet provides satellite-enabled 3D subsurface insights in days. Revolutionise mineral exploration with space technology for a sustainable future.,['RevolutionisingMineral Exploration'],2024-11-21T11:18:06.741752,FleetSpace,0.0,0.0,0,0,Other,recognition
Industry awards and recognition,h2,https://www.fleetspace.com/mineral-exploration,Mineral Exploration | Fleet Space | Learn More,Fleet provides satellite-enabled 3D subsurface insights in days. Revolutionise mineral exploration with space technology for a sustainable future.,['RevolutionisingMineral Exploration'],2024-11-21T11:18:06.741754,FleetSpace,0.0,0.4588,0,0,Other,industry awards and recognition
2024 Banksia Foundation's Climate Technology Impact Award Winner,h3,https://www.fleetspace.com/mineral-exploration,Mineral Exploration | Fleet Space | Learn More,Fleet provides satellite-enabled 3D subsurface insights in days. Revolutionise mineral exploration with space technology for a sustainable future.,['RevolutionisingMineral Exploration'],2024-11-21T11:18:06.741755,FleetSpace,0.0,0.8074,0,0,Other,banksia foundations climate technology impact award winner
2023 Energy & Mining Premier's Award,h3,https://www.fleetspace.com/mineral-exploration,Mineral Exploration | Fleet Space | Learn More,Fleet provides satellite-enabled 3D subsurface insights in days. Revolutionise mineral exploration with space technology for a sustainable future.,['RevolutionisingMineral Exploration'],2024-11-21T11:18:06.741757,FleetSpace,0.0,0.6808,0,0,Other,energy mining premiers award
Technology Scale-Up Awards,h3,https://www.fleetspace.com/mineral-exploration,Mineral Exploration | Fleet Space | Learn More,Fleet provides satellite-enabled 3D subsurface insights in days. Revolutionise mineral exploration with space technology for a sustainable future.,['RevolutionisingMineral Exploration'],2024-11-21T11:18:06.741761,FleetSpace,0.0,0.4588,0,0,Other,technology scaleup awards
Impact Awards,h3,https://www.fleetspace.com/mineral-exploration,Mineral Exploration | Fleet Space | Learn More,Fleet provides satellite-enabled 3D subsurface insights in days. Revolutionise mineral exploration with space technology for a sustainable future.,['RevolutionisingMineral Exploration'],2024-11-21T11:18:06.741763,FleetSpace,0.0,0.4588,0,0,Other,impact awards
Australian Space Awards 2023,h3,https://www.fleetspace.com/mineral-exploration,Mineral Exploration | Fleet Space | Learn More,Fleet provides satellite-enabled 3D subsurface insights in days. Revolutionise mineral exploration with space technology for a sustainable future.,['RevolutionisingMineral Exploration'],2024-11-21T11:18:06.741764,FleetSpace,0.0,0.4588,0,0,Other,australian space awards
Austmine Winner - Outstanding Innovation METS Company,h3,https://www.fleetspace.com/mineral-exploration,Mineral Exploration | Fleet Space | Learn More,Fleet provides satellite-enabled 3D subsurface insights in days. Revolutionise mineral exploration with space technology for a sustainable future.,['RevolutionisingMineral Exploration'],2024-11-21T11:18:06.741766,FleetSpace,0.5,0.886,0,0,Other,austmine winner outstanding innovation mets company
"Solution-led, Problem-solvers",h3,https://www.fleetspace.com/mineral-exploration,Mineral Exploration | Fleet Space | Learn More,Fleet provides satellite-enabled 3D subsurface insights in days. Revolutionise mineral exploration with space technology for a sustainable future.,['RevolutionisingMineral Exploration'],2024-11-21T11:18:06.741767,FleetSpace,0.0,0.0,0,0,Other,solutionled problemsolvers
Meet our in-house Geoscience Team,h2,https://www.fleetspace.com/mineral-exploration,Mineral Exploration | Fleet Space | Learn More,Fleet provides satellite-enabled 3D subsurface insights in days. Revolutionise mineral exploration with space technology for a sustainable future.,['RevolutionisingMineral Exploration'],2024-11-21T11:18:06.741768,FleetSpace,0.0,0.0,0,0,Other,meet our inhouse geoscience team
Mineral Exploration Reimagined,h3,https://www.fleetspace.com/mineral-exploration,Mineral Exploration | Fleet Space | Learn More,Fleet provides satellite-enabled 3D subsurface insights in days. Revolutionise mineral exploration with space technology for a sustainable future.,['RevolutionisingMineral Exploration'],2024-11-21T11:18:06.741770,FleetSpace,0.0,0.2263,1,1,Balanced,mineral exploration reimagined
Explore Like Never Before,h2,https://www.fleetspace.com/mineral-exploration,Mineral Exploration | Fleet Space | Learn More,Fleet provides satellite-enabled 3D subsurface insights in days. Revolutionise mineral exploration with space technology for a sustainable future.,['RevolutionisingMineral Exploration'],2024-11-21T11:18:06.741771,FleetSpace,0.0,0.3612,0,0,Other,explore like never before
Ready to revolutionise your mineral exploration approach? Let’s talk about how ExoSphere by Fleet® can elevate your exploration efforts today.,p,https://www.fleetspace.com/mineral-exploration,Mineral Exploration | Fleet Space | Learn More,Fleet provides satellite-enabled 3D subsurface insights in days. Revolutionise mineral exploration with space technology for a sustainable future.,['RevolutionisingMineral Exploration'],2024-11-21T11:18:06.741773,FleetSpace,0.2,0.6486,2,2,Balanced,ready to revolutionise your mineral exploration approach lets talk about how exosphere by fleet can elevate your exploration efforts today
Humans of Fleet,h3,https://www.fleetspace.com/mineral-exploration,Mineral Exploration | Fleet Space | Learn More,Fleet provides satellite-enabled 3D subsurface insights in days. Revolutionise mineral exploration with space technology for a sustainable future.,['RevolutionisingMineral Exploration'],2024-11-21T11:18:06.741774,FleetSpace,0.0,0.0,0,0,Other,humans of fleet
Your Details,h3,https://www.fleetspace.com/resources/ai-for-explorers-leveraging-ai-tools-optimised-for-modern-mineral-exploration,AI for Explorers: Leveraging AI Tools Optimised for Modern Mineral Exploration | Article | All,"Article | Global | Sep 11, 2024","['AI for Explorers: Leveraging AI Tools Optimised for Modern Mineral Exploration', 'AI for Explorers: Leveraging AI Tools Optimised for Modern Mineral Exploration']",2024-11-21T11:18:07.172867,FleetSpace,0.0,0.0,0,0,Other,your details
AI for Explorers: Leveraging AI Tools Optimised for Modern Mineral Exploration,h1,https://www.fleetspace.com/resources/ai-for-explorers-leveraging-ai-tools-optimised-for-modern-mineral-exploration,AI for Explorers: Leveraging AI Tools Optimised for Modern Mineral Exploration | Article | All,"Article | Global | Sep 11, 2024","['AI for Explorers: Leveraging AI Tools Optimised for Modern Mineral Exploration', 'AI for Explorers: Leveraging AI Tools Optimised for Modern Mineral Exploration']",2024-11-21T11:18:07.172895,FleetSpace,0.2,0.5574,1,1,Balanced,ai for explorers leveraging ai tools optimised for modern mineral exploration
AI for Explorers: Leveraging AI Tools Optimised for Modern Mineral Exploration,h1,https://www.fleetspace.com/resources/ai-for-explorers-leveraging-ai-tools-optimised-for-modern-mineral-exploration,AI for Explorers: Leveraging AI Tools Optimised for Modern Mineral Exploration | Article | All,"Article | Global | Sep 11, 2024","['AI for Explorers: Leveraging AI Tools Optimised for Modern Mineral Exploration', 'AI for Explorers: Leveraging AI Tools Optimised for Modern Mineral Exploration']",2024-11-21T11:18:07.172897,FleetSpace,0.2,0.5574,1,1,Balanced,ai for explorers leveraging ai tools optimised for modern mineral exploration
The why,p,https://www.fleetspace.com/resources/ai-for-explorers-leveraging-ai-tools-optimised-for-modern-mineral-exploration,AI for Explorers: Leveraging AI Tools Optimised for Modern Mineral Exploration | Article | All,"Article | Global | Sep 11, 2024","['AI for Explorers: Leveraging AI Tools Optimised for Modern Mineral Exploration', 'AI for Explorers: Leveraging AI Tools Optimised for Modern Mineral Exploration']",2024-11-21T11:18:07.172899,FleetSpace,0.0,0.0,0,0,Other,the why
"Mineral exploration involves a series of decisions about where to allocate resources towards making a discovery. At each decision point, exploration geoscientists, their managers and company board will want reliable information with which to make those decisions with confidence. Having a strong, data-rich geological rationale as the foundation for any decision will make the technical aspect of exploration an easier problem to solve.",p,https://www.fleetspace.com/resources/ai-for-explorers-leveraging-ai-tools-optimised-for-modern-mineral-exploration,AI for Explorers: Leveraging AI Tools Optimised for Modern Mineral Exploration | Article | All,"Article | Global | Sep 11, 2024","['AI for Explorers: Leveraging AI Tools Optimised for Modern Mineral Exploration', 'AI for Explorers: Leveraging AI Tools Optimised for Modern Mineral Exploration']",2024-11-21T11:18:07.172905,FleetSpace,0.21666666666666667,0.91,3,4,Value Proposition,mineral exploration involves a series of decisions about where to allocate resources towards making a discovery at each decision point exploration geoscientists their managers and company board will want reliable information with which to make those decisions with confidence having a strong datarich geological rationale as the foundation for any decision will make the technical aspect of exploration an easier problem to solve
"With all the hype around artificial intelligence, it might be easy to look at new machine learning tools as either at best a gimmick with little real value, or at worse a threat to established, seemingly successful practices and processes.",p,https://www.fleetspace.com/resources/ai-for-explorers-leveraging-ai-tools-optimised-for-modern-mineral-exploration,AI for Explorers: Leveraging AI Tools Optimised for Modern Mineral Exploration | Article | All,"Article | Global | Sep 11, 2024","['AI for Explorers: Leveraging AI Tools Optimised for Modern Mineral Exploration', 'AI for Explorers: Leveraging AI Tools Optimised for Modern Mineral Exploration']",2024-11-21T11:18:07.172907,FleetSpace,0.1665246212121212,0.8632,0,0,Other,with all the hype around artificial intelligence it might be easy to look at new machine learning tools as either at best a gimmick with little real value or at worse a threat to established seemingly successful practices and processes
"In reality, AI is like every other tool: in skillful hands it can be used towards great purpose.",p,https://www.fleetspace.com/resources/ai-for-explorers-leveraging-ai-tools-optimised-for-modern-mineral-exploration,AI for Explorers: Leveraging AI Tools Optimised for Modern Mineral Exploration | Article | All,"Article | Global | Sep 11, 2024","['AI for Explorers: Leveraging AI Tools Optimised for Modern Mineral Exploration', 'AI for Explorers: Leveraging AI Tools Optimised for Modern Mineral Exploration']",2024-11-21T11:18:07.172910,FleetSpace,0.3375,0.765,0,0,Other,in reality ai is like every other tool in skillful hands it can be used towards great purpose
"In the context of mineral exploration, we are now on the cusp of a revolution in which AI tools will forever change the way exploration is undertaken. New AI tools can assimilate, analyse and utilise vast amounts of geoscientific data. They can be asked to make predictions about aspects of a mineral system of interest such as the location of geological features such as alteration zones, or structural controls, or indeed the location of mineralisation itself.",p,https://www.fleetspace.com/resources/ai-for-explorers-leveraging-ai-tools-optimised-for-modern-mineral-exploration,AI for Explorers: Leveraging AI Tools Optimised for Modern Mineral Exploration | Article | All,"Article | Global | Sep 11, 2024","['AI for Explorers: Leveraging AI Tools Optimised for Modern Mineral Exploration', 'AI for Explorers: Leveraging AI Tools Optimised for Modern Mineral Exploration']",2024-11-21T11:18:07.172926,FleetSpace,0.03409090909090909,0.7003,2,2,Balanced,in the context of mineral exploration we are now on the cusp of a revolution in which ai tools will forever change the way exploration is undertaken new ai tools can assimilate analyse and utilise vast amounts of geoscientific data they can be asked to make predictions about aspects of a mineral system of interest such as the location of geological features such as alteration zones or structural controls or indeed the location of mineralisation itself
A tool like this is extremely valuable.,p,https://www.fleetspace.com/resources/ai-for-explorers-leveraging-ai-tools-optimised-for-modern-mineral-exploration,AI for Explorers: Leveraging AI Tools Optimised for Modern Mineral Exploration | Article | All,"Article | Global | Sep 11, 2024","['AI for Explorers: Leveraging AI Tools Optimised for Modern Mineral Exploration', 'AI for Explorers: Leveraging AI Tools Optimised for Modern Mineral Exploration']",2024-11-21T11:18:07.172928,FleetSpace,-0.125,0.7089,0,0,Other,a tool like this is extremely valuable
"Not because the AI will be able to replace geological thinking. Rather, AI can dispassionately provide data-driven hypotheses about the location and likelihood of geological features. Making decisions around testing those hypotheses is and will always remain the job of the geoscientist, who is able to contextualise the AI outputs within the real world framework of timeframes, land access, data reliability, and other variables that are impractical to account for in an AI system.",p,https://www.fleetspace.com/resources/ai-for-explorers-leveraging-ai-tools-optimised-for-modern-mineral-exploration,AI for Explorers: Leveraging AI Tools Optimised for Modern Mineral Exploration | Article | All,"Article | Global | Sep 11, 2024","['AI for Explorers: Leveraging AI Tools Optimised for Modern Mineral Exploration', 'AI for Explorers: Leveraging AI Tools Optimised for Modern Mineral Exploration']",2024-11-21T11:18:07.172930,FleetSpace,0.26875,0.0,0,0,Other,not because the ai will be able to replace geological thinking rather ai can dispassionately provide datadriven hypotheses about the location and likelihood of geological features making decisions around testing those hypotheses is and will always remain the job of the geoscientist who is able to contextualise the ai outputs within the real world framework of timeframes land access data reliability and other variables that are impractical to account for in an ai system
"Out of the box thinking is often the step change that has led to many great discoveries. What if there was a way to fast track that type of thinking? Again, AI tools can provoke the type of deep thinking that can deliver previously unrecognised correlations, with the resulting insights that come with new ideas. For example, recently Fleet Space Technologies’ geoscientists were working with an AI prospectivity tool that determined a correlation between radiometric data and potential mineralisation in a situation where the mineralised rock masses were hundreds of meters below the surface. This unusual correspondence led the geoscientists to revisit the radiometrics data and develop an understanding that structures within the basement were being expressed as very subtle features in the radiometrics, potentially as neotectonic effects over older structures.",p,https://www.fleetspace.com/resources/ai-for-explorers-leveraging-ai-tools-optimised-for-modern-mineral-exploration,AI for Explorers: Leveraging AI Tools Optimised for Modern Mineral Exploration | Article | All,"Article | Global | Sep 11, 2024","['AI for Explorers: Leveraging AI Tools Optimised for Modern Mineral Exploration', 'AI for Explorers: Leveraging AI Tools Optimised for Modern Mineral Exploration']",2024-11-21T11:18:07.172934,FleetSpace,0.11691919191919192,0.5859,0,1,Value Proposition,out of the box thinking is often the step change that has led to many great discoveries what if there was a way to fast track that type of thinking again ai tools can provoke the type of deep thinking that can deliver previously unrecognised correlations with the resulting insights that come with new ideas for example recently fleet space technologies geoscientists were working with an ai prospectivity tool that determined a correlation between radiometric data and potential mineralisation in a situation where the mineralised rock masses were hundreds of meters below the surface this unusual correspondence led the geoscientists to revisit the radiometrics data and develop an understanding that structures within the basement were being expressed as very subtle features in the radiometrics potentially as neotectonic effects over older structures
This is just one example.,p,https://www.fleetspace.com/resources/ai-for-explorers-leveraging-ai-tools-optimised-for-modern-mineral-exploration,AI for Explorers: Leveraging AI Tools Optimised for Modern Mineral Exploration | Article | All,"Article | Global | Sep 11, 2024","['AI for Explorers: Leveraging AI Tools Optimised for Modern Mineral Exploration', 'AI for Explorers: Leveraging AI Tools Optimised for Modern Mineral Exploration']",2024-11-21T11:18:07.172935,FleetSpace,0.0,0.0,0,0,Other,this is just one example
"In reality, when viewing multimodal data in which more than three dimensions are at play, the human mind finds it very difficult to establish connections across disparate data types. This is one of the great strengths of AI.",p,https://www.fleetspace.com/resources/ai-for-explorers-leveraging-ai-tools-optimised-for-modern-mineral-exploration,AI for Explorers: Leveraging AI Tools Optimised for Modern Mineral Exploration | Article | All,"Article | Global | Sep 11, 2024","['AI for Explorers: Leveraging AI Tools Optimised for Modern Mineral Exploration', 'AI for Explorers: Leveraging AI Tools Optimised for Modern Mineral Exploration']",2024-11-21T11:18:07.172938,FleetSpace,0.1625,0.7512,1,1,Balanced,in reality when viewing multimodal data in which more than three dimensions are at play the human mind finds it very difficult to establish connections across disparate data types this is one of the great strengths of ai
"Moreover, we are all subject to psychological limitations. For example confirmation bias where we prefer an outcome that confirms our existing beliefs. Confirmation bias can be problematic, leading to missed opportunities. For example a bias derived from prevailing geological models that said gold would not be found in sedimentary rocks delayed the discovery of the Carlin trend gold deposits. Once thought to be barren, Paleozoic carbonaceous sedimentary rocks in Nevada were not explored until Newmont Mining geologists re-evaluated models for the introduction of hydrothermal fluids into sedimentary rocks along major fault networks. They applied the new insights in their exploration programs, leading to discovery of gold-rich pyrite.",p,https://www.fleetspace.com/resources/ai-for-explorers-leveraging-ai-tools-optimised-for-modern-mineral-exploration,AI for Explorers: Leveraging AI Tools Optimised for Modern Mineral Exploration | Article | All,"Article | Global | Sep 11, 2024","['AI for Explorers: Leveraging AI Tools Optimised for Modern Mineral Exploration', 'AI for Explorers: Leveraging AI Tools Optimised for Modern Mineral Exploration']",2024-11-21T11:18:07.172940,FleetSpace,0.008049242424242424,-0.7506,2,4,Value Proposition,moreover we are all subject to psychological limitations for example confirmation bias where we prefer an outcome that confirms our existing beliefs confirmation bias can be problematic leading to missed opportunities for example a bias derived from prevailing geological models that said gold would not be found in sedimentary rocks delayed the discovery of the carlin trend gold deposits once thought to be barren paleozoic carbonaceous sedimentary rocks in nevada were not explored until newmont mining geologists reevaluated models for the introduction of hydrothermal fluids into sedimentary rocks along major fault networks they applied the new insights in their exploration programs leading to discovery of goldrich pyrite
"Incorporating an AI tool into an exploration workflow will lead to step changes in results. Without any preconceptions, AI tools can analyse data and provoke new ways of thinking that will lead to new discoveries.",p,https://www.fleetspace.com/resources/ai-for-explorers-leveraging-ai-tools-optimised-for-modern-mineral-exploration,AI for Explorers: Leveraging AI Tools Optimised for Modern Mineral Exploration | Article | All,"Article | Global | Sep 11, 2024","['AI for Explorers: Leveraging AI Tools Optimised for Modern Mineral Exploration', 'AI for Explorers: Leveraging AI Tools Optimised for Modern Mineral Exploration']",2024-11-21T11:18:07.172943,FleetSpace,0.13636363636363635,-0.2023,1,1,Balanced,incorporating an ai tool into an exploration workflow will lead to step changes in results without any preconceptions ai tools can analyse data and provoke new ways of thinking that will lead to new discoveries
The how,p,https://www.fleetspace.com/resources/ai-for-explorers-leveraging-ai-tools-optimised-for-modern-mineral-exploration,AI for Explorers: Leveraging AI Tools Optimised for Modern Mineral Exploration | Article | All,"Article | Global | Sep 11, 2024","['AI for Explorers: Leveraging AI Tools Optimised for Modern Mineral Exploration', 'AI for Explorers: Leveraging AI Tools Optimised for Modern Mineral Exploration']",2024-11-21T11:18:07.172945,FleetSpace,0.0,0.0,0,0,Other,the how
"The use of machine learning to deliver mineral prospectivity models has been an increasingly accepted method for validating exploration potential in a region. Many mineral prospectivity models have been published that look at diverse mineral systems, including unconformity-related uranium (Bruce et al., 2020), magmatic nickel-copper-PGEs (Lawley et al., 2021; Farahbakhsh et al., 2023), orogenic gold (Maepa et al., 2021), sediment-hosted Zn-Pb (Lawley et al., 2022), carbonatite-hosted REE (Parsa et al., 2024), and porphyry copper-gold (Fu et al., 2023), amongst others. What these studies have in common is the application of various statistical methods of machine learning that aim to define prospectivity in areas away from known deposits of the target commodity.",p,https://www.fleetspace.com/resources/ai-for-explorers-leveraging-ai-tools-optimised-for-modern-mineral-exploration,AI for Explorers: Leveraging AI Tools Optimised for Modern Mineral Exploration | Article | All,"Article | Global | Sep 11, 2024","['AI for Explorers: Leveraging AI Tools Optimised for Modern Mineral Exploration', 'AI for Explorers: Leveraging AI Tools Optimised for Modern Mineral Exploration']",2024-11-21T11:18:07.172948,FleetSpace,0.05,0.6597,2,2,Balanced,the use of machine learning to deliver mineral prospectivity models has been an increasingly accepted method for validating exploration potential in a region many mineral prospectivity models have been published that look at diverse mineral systems including unconformityrelated uranium bruce et al magmatic nickelcopperpges lawley et al farahbakhsh et al orogenic gold maepa et al sedimenthosted znpb lawley et al carbonatitehosted ree parsa et al and porphyry coppergold fu et al amongst others what these studies have in common is the application of various statistical methods of machine learning that aim to define prospectivity in areas away from known deposits of the target commodity
"There are typically three approaches to this end: data-driven, knowledge-driven and a hybrid of the two in which data and knowledge-driven approaches are combined (Bonham-Carter, 1995; Jooshaki et al., 2021).",p,https://www.fleetspace.com/resources/ai-for-explorers-leveraging-ai-tools-optimised-for-modern-mineral-exploration,AI for Explorers: Leveraging AI Tools Optimised for Modern Mineral Exploration | Article | All,"Article | Global | Sep 11, 2024","['AI for Explorers: Leveraging AI Tools Optimised for Modern Mineral Exploration', 'AI for Explorers: Leveraging AI Tools Optimised for Modern Mineral Exploration']",2024-11-21T11:18:07.172950,FleetSpace,-0.16666666666666666,0.0,0,0,Other,there are typically three approaches to this end datadriven knowledgedriven and a hybrid of the two in which data and knowledgedriven approaches are combined bonhamcarter jooshaki et al
"Knowledge-driven approaches take a conceptual model for mineral deposit formation typically using a mineral systems framework, and linking features of the mineral system model to mappable criteria in data. An example is the knowledge-driven mineral prospectivity mapping of iron oxide copper-gold (IOCG) deposits in Australia by Skirrow et al. (2019) which contains a comprehensive description of the mineral system components from the fluid and metal sources, the energy drivers, the crustal architecture and ore depositional gradients. The types of data used in this approach also include products such as geological maps (surface mapping, or interpreted basement geology etc), which contain features that have been derived from expert domain knowledge. As the model is only looking for locations that meet criteria established by the user, this can cause a bias towards what is considered important by the experts rather than seeking out new patterns in the data.",p,https://www.fleetspace.com/resources/ai-for-explorers-leveraging-ai-tools-optimised-for-modern-mineral-exploration,AI for Explorers: Leveraging AI Tools Optimised for Modern Mineral Exploration | Article | All,"Article | Global | Sep 11, 2024","['AI for Explorers: Leveraging AI Tools Optimised for Modern Mineral Exploration', 'AI for Explorers: Leveraging AI Tools Optimised for Modern Mineral Exploration']",2024-11-21T11:18:07.172952,FleetSpace,0.061616161616161624,0.5423,3,4,Value Proposition,knowledgedriven approaches take a conceptual model for mineral deposit formation typically using a mineral systems framework and linking features of the mineral system model to mappable criteria in data an example is the knowledgedriven mineral prospectivity mapping of iron oxide coppergold iocg deposits in australia by skirrow et al which contains a comprehensive description of the mineral system components from the fluid and metal sources the energy drivers the crustal architecture and ore depositional gradients the types of data used in this approach also include products such as geological maps surface mapping or interpreted basement geology etc which contain features that have been derived from expert domain knowledge as the model is only looking for locations that meet criteria established by the user this can cause a bias towards what is considered important by the experts rather than seeking out new patterns in the data
"Data-driven prospectivity is solely based on objective data such as geophysics and geochemistry. These data types are numerical. They give the machine learning algorithms a series of numbers in a multi-dimensional framework that can be compared within a spatial context to inform areas of numerical similarity, hence prospectivity. Machine-learning models such as Random Forest, Support Vector Machines, Neural Networks, or clustering methods are commonly used to analyse the data.",p,https://www.fleetspace.com/resources/ai-for-explorers-leveraging-ai-tools-optimised-for-modern-mineral-exploration,AI for Explorers: Leveraging AI Tools Optimised for Modern Mineral Exploration | Article | All,"Article | Global | Sep 11, 2024","['AI for Explorers: Leveraging AI Tools Optimised for Modern Mineral Exploration', 'AI for Explorers: Leveraging AI Tools Optimised for Modern Mineral Exploration']",2024-11-21T11:18:07.172954,FleetSpace,-0.16,0.4019,2,2,Balanced,datadriven prospectivity is solely based on objective data such as geophysics and geochemistry these data types are numerical they give the machine learning algorithms a series of numbers in a multidimensional framework that can be compared within a spatial context to inform areas of numerical similarity hence prospectivity machinelearning models such as random forest support vector machines neural networks or clustering methods are commonly used to analyse the data
"In practice, a hybrid approach is often used that takes elements of both systems and blends the results to achieve a combined assessment of mineral potential for an area.",p,https://www.fleetspace.com/resources/ai-for-explorers-leveraging-ai-tools-optimised-for-modern-mineral-exploration,AI for Explorers: Leveraging AI Tools Optimised for Modern Mineral Exploration | Article | All,"Article | Global | Sep 11, 2024","['AI for Explorers: Leveraging AI Tools Optimised for Modern Mineral Exploration', 'AI for Explorers: Leveraging AI Tools Optimised for Modern Mineral Exploration']",2024-11-21T11:18:07.172956,FleetSpace,0.0,0.0,0,0,Other,in practice a hybrid approach is often used that takes elements of both systems and blends the results to achieve a combined assessment of mineral potential for an area
The what,p,https://www.fleetspace.com/resources/ai-for-explorers-leveraging-ai-tools-optimised-for-modern-mineral-exploration,AI for Explorers: Leveraging AI Tools Optimised for Modern Mineral Exploration | Article | All,"Article | Global | Sep 11, 2024","['AI for Explorers: Leveraging AI Tools Optimised for Modern Mineral Exploration', 'AI for Explorers: Leveraging AI Tools Optimised for Modern Mineral Exploration']",2024-11-21T11:18:07.172958,FleetSpace,0.0,0.0,0,0,Other,the what
"Fleet Space Technologies’ end-to-end mineral exploration solution, ExoSphere, combines satellite connectivity, remote 3D data acquisition, and AI to accelerate the discovery of critical minerals. Known for its proprietary real-time Ambient Noise Tomography (ANT), ExoSphere delivers 3D subsurface imaging with remarkable fidelity up to depths of 4km, or more depending on survey design. Fleet Space’s smart seismic sensors, Geodes, are 3-20x more sensitive than other geophones and enable real-time quality control via satellite connectivity to optimise high quality, remote data collection. The scale invariance of ExoSphere’s real-time 3D imaging enables multi-scale 3D data acquisition, effectively narrowing the search space from regional to local scales. This 3D data is a vital substrate for training AI models - enabling multimodal data integration, 3D insight visualisation and targeting recommendations.",p,https://www.fleetspace.com/resources/ai-for-explorers-leveraging-ai-tools-optimised-for-modern-mineral-exploration,AI for Explorers: Leveraging AI Tools Optimised for Modern Mineral Exploration | Article | All,"Article | Global | Sep 11, 2024","['AI for Explorers: Leveraging AI Tools Optimised for Modern Mineral Exploration', 'AI for Explorers: Leveraging AI Tools Optimised for Modern Mineral Exploration']",2024-11-21T11:18:07.172966,FleetSpace,0.19994505494505493,0.9349,4,5,Value Proposition,fleet space technologies endtoend mineral exploration solution exosphere combines satellite connectivity remote d data acquisition and ai to accelerate the discovery of critical minerals known for its proprietary realtime ambient noise tomography ant exosphere delivers d subsurface imaging with remarkable fidelity up to depths of km or more depending on survey design fleet spaces smart seismic sensors geodes are x more sensitive than other geophones and enable realtime quality control via satellite connectivity to optimise high quality remote data collection the scale invariance of exospheres realtime d imaging enables multiscale d data acquisition effectively narrowing the search space from regional to local scales this d data is a vital substrate for training ai models enabling multimodal data integration d insight visualisation and targeting recommendations
"ExoSphere’s end-to-end capabilities combine real-time 3D imaging, multiphysics data integration, and Fleet Space’s proprietary AI platform to deliver custom AI-driven target recommendations and real-time model calibration. This enables exploration data to be synthesized into actionable insights in real-time, identifying highly prospective zones with potential for mineralisation.",p,https://www.fleetspace.com/resources/ai-for-explorers-leveraging-ai-tools-optimised-for-modern-mineral-exploration,AI for Explorers: Leveraging AI Tools Optimised for Modern Mineral Exploration | Article | All,"Article | Global | Sep 11, 2024","['AI for Explorers: Leveraging AI Tools Optimised for Modern Mineral Exploration', 'AI for Explorers: Leveraging AI Tools Optimised for Modern Mineral Exploration']",2024-11-21T11:18:07.172969,FleetSpace,0.08,0.2263,2,2,Balanced,exospheres endtoend capabilities combine realtime d imaging multiphysics data integration and fleet spaces proprietary ai platform to deliver custom aidriven target recommendations and realtime model calibration this enables exploration data to be synthesized into actionable insights in realtime identifying highly prospective zones with potential for mineralisation
Partnering with the machine,p,https://www.fleetspace.com/resources/ai-for-explorers-leveraging-ai-tools-optimised-for-modern-mineral-exploration,AI for Explorers: Leveraging AI Tools Optimised for Modern Mineral Exploration | Article | All,"Article | Global | Sep 11, 2024","['AI for Explorers: Leveraging AI Tools Optimised for Modern Mineral Exploration', 'AI for Explorers: Leveraging AI Tools Optimised for Modern Mineral Exploration']",2024-11-21T11:18:07.172971,FleetSpace,0.0,0.0,0,0,Other,partnering with the machine
"Fleet Space is also pioneering a new framework for AI development – explorers-in-the-loop (EITL) – a foundational step for building AI tools that address challenges of onsite exploration teams and enhance their capabilities. EITL is optimised for collaboration between explorers and AI systems, ensuring advanced computational analysis and the nuanced understanding of explorers drive the evolutionary course of AI in mineral discovery.",p,https://www.fleetspace.com/resources/ai-for-explorers-leveraging-ai-tools-optimised-for-modern-mineral-exploration,AI for Explorers: Leveraging AI Tools Optimised for Modern Mineral Exploration | Article | All,"Article | Global | Sep 11, 2024","['AI for Explorers: Leveraging AI Tools Optimised for Modern Mineral Exploration', 'AI for Explorers: Leveraging AI Tools Optimised for Modern Mineral Exploration']",2024-11-21T11:18:07.172973,FleetSpace,0.2681818181818182,0.7906,2,3,Value Proposition,fleet space is also pioneering a new framework for ai development explorersintheloop eitl a foundational step for building ai tools that address challenges of onsite exploration teams and enhance their capabilities eitl is optimised for collaboration between explorers and ai systems ensuring advanced computational analysis and the nuanced understanding of explorers drive the evolutionary course of ai in mineral discovery
"In EITL, explorers are involved as drivers decision-making stages, such as training, testing, and data interpretation, to drive accuracy and alignment with their exploration objectives, mineral systems knowledge, and project-level objectives. EITL’s collaborative ‘bottom-up’ approach to AI development is fundamental to enhance data-driven decision making in complex and high-stakes scenarios where the judgment of explorers and AI are critical to achieve more efficient exploration outcomes and maximise learning. This creates a continuous feedback loop between explorers and AI systems, ensuring the course of AI development reflects the needs and challenges faced by explorers while enhancing the precision and efficiency of drill targeting at scale.",p,https://www.fleetspace.com/resources/ai-for-explorers-leveraging-ai-tools-optimised-for-modern-mineral-exploration,AI for Explorers: Leveraging AI Tools Optimised for Modern Mineral Exploration | Article | All,"Article | Global | Sep 11, 2024","['AI for Explorers: Leveraging AI Tools Optimised for Modern Mineral Exploration', 'AI for Explorers: Leveraging AI Tools Optimised for Modern Mineral Exploration']",2024-11-21T11:18:07.172975,FleetSpace,0.05,0.8622,2,5,Value Proposition,in eitl explorers are involved as drivers decisionmaking stages such as training testing and data interpretation to drive accuracy and alignment with their exploration objectives mineral systems knowledge and projectlevel objectives eitls collaborative bottomup approach to ai development is fundamental to enhance datadriven decision making in complex and highstakes scenarios where the judgment of explorers and ai are critical to achieve more efficient exploration outcomes and maximise learning this creates a continuous feedback loop between explorers and ai systems ensuring the course of ai development reflects the needs and challenges faced by explorers while enhancing the precision and efficiency of drill targeting at scale
"By leveraging the predictive capabilities of AI with explorers-in-the-loop, ExoSphere reveals hidden geological insights with data-driven machine learning and in-house experts to systematically narrow the exploration search space and maximise ROI with more accurate drill targets.",p,https://www.fleetspace.com/resources/ai-for-explorers-leveraging-ai-tools-optimised-for-modern-mineral-exploration,AI for Explorers: Leveraging AI Tools Optimised for Modern Mineral Exploration | Article | All,"Article | Global | Sep 11, 2024","['AI for Explorers: Leveraging AI Tools Optimised for Modern Mineral Exploration', 'AI for Explorers: Leveraging AI Tools Optimised for Modern Mineral Exploration']",2024-11-21T11:18:07.172977,FleetSpace,0.13333333333333336,0.2263,1,2,Value Proposition,by leveraging the predictive capabilities of ai with explorersintheloop exosphere reveals hidden geological insights with datadriven machine learning and inhouse experts to systematically narrow the exploration search space and maximise roi with more accurate drill targets
"Together, we can solve complex geological challenges",p,https://www.fleetspace.com/resources/ai-for-explorers-leveraging-ai-tools-optimised-for-modern-mineral-exploration,AI for Explorers: Leveraging AI Tools Optimised for Modern Mineral Exploration | Article | All,"Article | Global | Sep 11, 2024","['AI for Explorers: Leveraging AI Tools Optimised for Modern Mineral Exploration', 'AI for Explorers: Leveraging AI Tools Optimised for Modern Mineral Exploration']",2024-11-21T11:18:07.172978,FleetSpace,-0.3,0.2732,0,0,Other,together we can solve complex geological challenges
Fleet Space Technologies’ team of geoscience experts is here to help you navigate your unique exploration needs. Contact us today to discuss your needs or request a demo to see how ExoSphere can drive superior exploration outcomes.,p,https://www.fleetspace.com/resources/ai-for-explorers-leveraging-ai-tools-optimised-for-modern-mineral-exploration,AI for Explorers: Leveraging AI Tools Optimised for Modern Mineral Exploration | Article | All,"Article | Global | Sep 11, 2024","['AI for Explorers: Leveraging AI Tools Optimised for Modern Mineral Exploration', 'AI for Explorers: Leveraging AI Tools Optimised for Modern Mineral Exploration']",2024-11-21T11:18:07.172981,FleetSpace,0.5375,0.8402,2,2,Balanced,fleet space technologies team of geoscience experts is here to help you navigate your unique exploration needs contact us today to discuss your needs or request a demo to see how exosphere can drive superior exploration outcomes
References,p,https://www.fleetspace.com/resources/ai-for-explorers-leveraging-ai-tools-optimised-for-modern-mineral-exploration,AI for Explorers: Leveraging AI Tools Optimised for Modern Mineral Exploration | Article | All,"Article | Global | Sep 11, 2024","['AI for Explorers: Leveraging AI Tools Optimised for Modern Mineral Exploration', 'AI for Explorers: Leveraging AI Tools Optimised for Modern Mineral Exploration']",2024-11-21T11:18:07.172983,FleetSpace,0.0,0.0,0,0,Other,references
"Bonham-Carter, G., 1995, Geographic information systems for geoscientists: Modelling with GIS: Computer Methods in the Geosciences, Amsterdam, Netherlands, Pergamon, 416 p.",p,https://www.fleetspace.com/resources/ai-for-explorers-leveraging-ai-tools-optimised-for-modern-mineral-exploration,AI for Explorers: Leveraging AI Tools Optimised for Modern Mineral Exploration | Article | All,"Article | Global | Sep 11, 2024","['AI for Explorers: Leveraging AI Tools Optimised for Modern Mineral Exploration', 'AI for Explorers: Leveraging AI Tools Optimised for Modern Mineral Exploration']",2024-11-21T11:18:07.172984,FleetSpace,0.0,0.0,0,0,Other,bonhamcarter g geographic information systems for geoscientists modelling with gis computer methods in the geosciences amsterdam netherlands pergamon p
"Bruce, M., Kreuzer, O., Wilde, A., Buckingham, A., Butera, K., and Bierlein, F., 2020, Unconformity-type uranium systems: A comparative review and predictive modelling of critical genetic factors: Minerals (Basel, Switzerland), v. 10, no. 9, p. 738.",p,https://www.fleetspace.com/resources/ai-for-explorers-leveraging-ai-tools-optimised-for-modern-mineral-exploration,AI for Explorers: Leveraging AI Tools Optimised for Modern Mineral Exploration | Article | All,"Article | Global | Sep 11, 2024","['AI for Explorers: Leveraging AI Tools Optimised for Modern Mineral Exploration', 'AI for Explorers: Leveraging AI Tools Optimised for Modern Mineral Exploration']",2024-11-21T11:18:07.172986,FleetSpace,0.0,-0.5423,0,0,Other,bruce m kreuzer o wilde a buckingham a butera k and bierlein f unconformitytype uranium systems a comparative review and predictive modelling of critical genetic factors minerals basel switzerland v no p
"Farahbakhsh, E., Maughan, J., and Müller, R.D., 2023, Prospectivity modelling of critical mineral deposits using a generative adversarial network with oversampling and positive-unlabelled bagging: Ore geology reviews, no. 105665, p. 105665.",p,https://www.fleetspace.com/resources/ai-for-explorers-leveraging-ai-tools-optimised-for-modern-mineral-exploration,AI for Explorers: Leveraging AI Tools Optimised for Modern Mineral Exploration | Article | All,"Article | Global | Sep 11, 2024","['AI for Explorers: Leveraging AI Tools Optimised for Modern Mineral Exploration', 'AI for Explorers: Leveraging AI Tools Optimised for Modern Mineral Exploration']",2024-11-21T11:18:07.172987,FleetSpace,0.0,-0.7184,2,2,Balanced,farahbakhsh e maughan j and mller rd prospectivity modelling of critical mineral deposits using a generative adversarial network with oversampling and positiveunlabelled bagging ore geology reviews no p
"Fu, Y., Cheng, Q., Jing, L., Ye, B., and Fu, H., 2023, Mineral prospectivity mapping of porphyry copper deposits based on remote sensing imagery and geochemical data in the Duolong ore district, Tibet: Remote sensing, v. 15, no. 2, p. 439.",p,https://www.fleetspace.com/resources/ai-for-explorers-leveraging-ai-tools-optimised-for-modern-mineral-exploration,AI for Explorers: Leveraging AI Tools Optimised for Modern Mineral Exploration | Article | All,"Article | Global | Sep 11, 2024","['AI for Explorers: Leveraging AI Tools Optimised for Modern Mineral Exploration', 'AI for Explorers: Leveraging AI Tools Optimised for Modern Mineral Exploration']",2024-11-21T11:18:07.173068,FleetSpace,-0.1,-0.9118,1,1,Balanced,fu y cheng q jing l ye b and fu h mineral prospectivity mapping of porphyry copper deposits based on remote sensing imagery and geochemical data in the duolong ore district tibet remote sensing v no p
"Jooshaki, M., Nad, A., and Michaux, S., 2021, A systematic review on the application of machine learning in exploiting mineralogical data in mining and mineral industry: Minerals (Basel, Switzerland), v. 11, no. 8, p. 816.",p,https://www.fleetspace.com/resources/ai-for-explorers-leveraging-ai-tools-optimised-for-modern-mineral-exploration,AI for Explorers: Leveraging AI Tools Optimised for Modern Mineral Exploration | Article | All,"Article | Global | Sep 11, 2024","['AI for Explorers: Leveraging AI Tools Optimised for Modern Mineral Exploration', 'AI for Explorers: Leveraging AI Tools Optimised for Modern Mineral Exploration']",2024-11-21T11:18:07.173070,FleetSpace,0.0,-0.6249,0,0,Other,jooshaki m nad a and michaux s a systematic review on the application of machine learning in exploiting mineralogical data in mining and mineral industry minerals basel switzerland v no p
"Lawley, C.J.M., Tschirhart, V., Smith, J.W., Pehrsson, S.J., Schetselaar, E.M., Schaeffer, A.J., Houlé, M.G., and Eglington, B.M., 2021, Prospectivity modelling of Canadian magmatic Ni (±Cu ± Co ± PGE) sulphide mineral systems: Ore Geology Reviews, v. 132, p. 103985.",p,https://www.fleetspace.com/resources/ai-for-explorers-leveraging-ai-tools-optimised-for-modern-mineral-exploration,AI for Explorers: Leveraging AI Tools Optimised for Modern Mineral Exploration | Article | All,"Article | Global | Sep 11, 2024","['AI for Explorers: Leveraging AI Tools Optimised for Modern Mineral Exploration', 'AI for Explorers: Leveraging AI Tools Optimised for Modern Mineral Exploration']",2024-11-21T11:18:07.173072,FleetSpace,0.0,0.0,1,1,Balanced,lawley cjm tschirhart v smith jw pehrsson sj schetselaar em schaeffer aj houl mg and eglington bm prospectivity modelling of canadian magmatic ni cu co pge sulphide mineral systems ore geology reviews v p
"Lawley, C.J.M., McCafferty, A.E., Graham, G.E., Huston, D.L., Kelley, K.D., Czarnota, K., Paradis, S., Peter, J.M., Hayward, N., Barlow, M., Emsbo, P., Coyan, J., San Juan, C.A., and Gadd, M.G., 2022, Data–driven prospectivity modelling of sediment–hosted Zn–Pb mineral systems and their critical raw materials: Ore geology reviews, v. 141, no. 104635, p. 104635.",p,https://www.fleetspace.com/resources/ai-for-explorers-leveraging-ai-tools-optimised-for-modern-mineral-exploration,AI for Explorers: Leveraging AI Tools Optimised for Modern Mineral Exploration | Article | All,"Article | Global | Sep 11, 2024","['AI for Explorers: Leveraging AI Tools Optimised for Modern Mineral Exploration', 'AI for Explorers: Leveraging AI Tools Optimised for Modern Mineral Exploration']",2024-11-21T11:18:07.173074,FleetSpace,-0.11538461538461539,-0.5423,1,1,Balanced,lawley cjm mccafferty ae graham ge huston dl kelley kd czarnota k paradis s peter jm hayward n barlow m emsbo p coyan j san juan ca and gadd mg datadriven prospectivity modelling of sedimenthosted znpb mineral systems and their critical raw materials ore geology reviews v no p
"Olivier, G.; Borg, B.; Trevor, L.; Combeau, B.; Dales, P.; Gordon, J.; Chaurasia, H.; Pearson, M. Fleet’s Geode: A Breakthrough Sensor for Real-Time Ambient Seismic Noise Tomography over DtS-IoT. Sensors 2022, 22, 8372.",p,https://www.fleetspace.com/resources/ai-for-explorers-leveraging-ai-tools-optimised-for-modern-mineral-exploration,AI for Explorers: Leveraging AI Tools Optimised for Modern Mineral Exploration | Article | All,"Article | Global | Sep 11, 2024","['AI for Explorers: Leveraging AI Tools Optimised for Modern Mineral Exploration', 'AI for Explorers: Leveraging AI Tools Optimised for Modern Mineral Exploration']",2024-11-21T11:18:07.173075,FleetSpace,0.0,0.0,2,2,Balanced,olivier g borg b trevor l combeau b dales p gordon j chaurasia h pearson m fleets geode a breakthrough sensor for realtime ambient seismic noise tomography over dtsiot sensors
"Maepa, F., Smith, R.S., and Tessema, A., 2021, Support vector machine and artificial neural network modelling of orogenic gold prospectivity mapping in the Swayze greenstone belt, Ontario, Canada: Ore geology reviews, v. 130, no. 103968, p. 103968.",p,https://www.fleetspace.com/resources/ai-for-explorers-leveraging-ai-tools-optimised-for-modern-mineral-exploration,AI for Explorers: Leveraging AI Tools Optimised for Modern Mineral Exploration | Article | All,"Article | Global | Sep 11, 2024","['AI for Explorers: Leveraging AI Tools Optimised for Modern Mineral Exploration', 'AI for Explorers: Leveraging AI Tools Optimised for Modern Mineral Exploration']",2024-11-21T11:18:07.173077,FleetSpace,-0.6,0.128,1,1,Balanced,maepa f smith rs and tessema a support vector machine and artificial neural network modelling of orogenic gold prospectivity mapping in the swayze greenstone belt ontario canada ore geology reviews v no p
"Parsa, M., Lawley, C.J.M., Cumani, R., Schetselaar, E., Harris, J., Lentz, D.R., Zhang, S.E., and Bourdeau, J., 2024, Predictive modeling of Canadian carbonatite-hosted REE +/− Nb deposits: Natural resources research.",p,https://www.fleetspace.com/resources/ai-for-explorers-leveraging-ai-tools-optimised-for-modern-mineral-exploration,AI for Explorers: Leveraging AI Tools Optimised for Modern Mineral Exploration | Article | All,"Article | Global | Sep 11, 2024","['AI for Explorers: Leveraging AI Tools Optimised for Modern Mineral Exploration', 'AI for Explorers: Leveraging AI Tools Optimised for Modern Mineral Exploration']",2024-11-21T11:18:07.173079,FleetSpace,0.1,0.3612,2,2,Balanced,parsa m lawley cjm cumani r schetselaar e harris j lentz dr zhang se and bourdeau j predictive modeling of canadian carbonatitehosted ree nb deposits natural resources research
"Skirrow, R.G., Murr, J., Schofield, A., Huston, D.L., van der Wielen, S., Czarnota, K., Coghlan, R., Highet, L.M., Connolly, D., Doublier, M., and Duan, J., 2019, Mapping iron oxide Cu-Au (IOCG) mineral potential in Australia using a knowledge-driven mineral systems-based approach: Ore Geology Reviews, p. 103011.",p,https://www.fleetspace.com/resources/ai-for-explorers-leveraging-ai-tools-optimised-for-modern-mineral-exploration,AI for Explorers: Leveraging AI Tools Optimised for Modern Mineral Exploration | Article | All,"Article | Global | Sep 11, 2024","['AI for Explorers: Leveraging AI Tools Optimised for Modern Mineral Exploration', 'AI for Explorers: Leveraging AI Tools Optimised for Modern Mineral Exploration']",2024-11-21T11:18:07.173081,FleetSpace,0.0,0.0,1,1,Balanced,skirrow rg murr j schofield a huston dl van der wielen s czarnota k coghlan r highet lm connolly d doublier m and duan j mapping iron oxide cuau iocg mineral potential in australia using a knowledgedriven mineral systemsbased approach ore geology reviews p
You might also like,h2,https://www.fleetspace.com/resources/ai-for-explorers-leveraging-ai-tools-optimised-for-modern-mineral-exploration,AI for Explorers: Leveraging AI Tools Optimised for Modern Mineral Exploration | Article | All,"Article | Global | Sep 11, 2024","['AI for Explorers: Leveraging AI Tools Optimised for Modern Mineral Exploration', 'AI for Explorers: Leveraging AI Tools Optimised for Modern Mineral Exploration']",2024-11-21T11:18:07.173082,FleetSpace,0.0,0.3612,0,0,Other,you might also like
Porphyry Deposit Exploration in Arizona with Eagle Mountain Mining Ltd,h2,https://www.fleetspace.com/resources/ai-for-explorers-leveraging-ai-tools-optimised-for-modern-mineral-exploration,AI for Explorers: Leveraging AI Tools Optimised for Modern Mineral Exploration | Article | All,"Article | Global | Sep 11, 2024","['AI for Explorers: Leveraging AI Tools Optimised for Modern Mineral Exploration', 'AI for Explorers: Leveraging AI Tools Optimised for Modern Mineral Exploration']",2024-11-21T11:18:07.173084,FleetSpace,0.0,0.2263,1,1,Balanced,porphyry deposit exploration in arizona with eagle mountain mining ltd
Application of ANT to Iron Oxide Copper-Gold Exploration in Chile,h2,https://www.fleetspace.com/resources/ai-for-explorers-leveraging-ai-tools-optimised-for-modern-mineral-exploration,AI for Explorers: Leveraging AI Tools Optimised for Modern Mineral Exploration | Article | All,"Article | Global | Sep 11, 2024","['AI for Explorers: Leveraging AI Tools Optimised for Modern Mineral Exploration', 'AI for Explorers: Leveraging AI Tools Optimised for Modern Mineral Exploration']",2024-11-21T11:18:07.173085,FleetSpace,0.0,0.2263,1,1,Balanced,application of ant to iron oxide coppergold exploration in chile
Scale Reduction in Mineral Exploration Using District-Scale ANT,h2,https://www.fleetspace.com/resources/ai-for-explorers-leveraging-ai-tools-optimised-for-modern-mineral-exploration,AI for Explorers: Leveraging AI Tools Optimised for Modern Mineral Exploration | Article | All,"Article | Global | Sep 11, 2024","['AI for Explorers: Leveraging AI Tools Optimised for Modern Mineral Exploration', 'AI for Explorers: Leveraging AI Tools Optimised for Modern Mineral Exploration']",2024-11-21T11:18:07.173087,FleetSpace,0.0,0.2263,1,1,Balanced,scale reduction in mineral exploration using districtscale ant
Your Details,h3,https://www.fleetspace.com/resources/application-of-ant-to-iron-oxide-copper-gold-exploration-in-chile,Application of ANT to Iron Oxide Copper-Gold Exploration in Chile | Article | Copper,"Article | South America | Oct 07, 2024","['Application of ANT to Iron Oxide Copper-Gold Exploration in Chile', 'Application of ANT to Iron Oxide Copper-Gold Exploration in Chile']",2024-11-21T11:18:07.386453,FleetSpace,0.0,0.0,0,0,Other,your details
Application of ANT to Iron Oxide Copper-Gold Exploration in Chile,h1,https://www.fleetspace.com/resources/application-of-ant-to-iron-oxide-copper-gold-exploration-in-chile,Application of ANT to Iron Oxide Copper-Gold Exploration in Chile | Article | Copper,"Article | South America | Oct 07, 2024","['Application of ANT to Iron Oxide Copper-Gold Exploration in Chile', 'Application of ANT to Iron Oxide Copper-Gold Exploration in Chile']",2024-11-21T11:18:07.386461,FleetSpace,0.0,0.2263,1,1,Balanced,application of ant to iron oxide coppergold exploration in chile
Application of ANT to Iron Oxide Copper-Gold Exploration in Chile,h1,https://www.fleetspace.com/resources/application-of-ant-to-iron-oxide-copper-gold-exploration-in-chile,Application of ANT to Iron Oxide Copper-Gold Exploration in Chile | Article | Copper,"Article | South America | Oct 07, 2024","['Application of ANT to Iron Oxide Copper-Gold Exploration in Chile', 'Application of ANT to Iron Oxide Copper-Gold Exploration in Chile']",2024-11-21T11:18:07.386462,FleetSpace,0.0,0.2263,1,1,Balanced,application of ant to iron oxide coppergold exploration in chile
"Magnetite is a common product of alteration in iron oxide copper-gold (IOCG) and porphyry mineral systems. As a result, geophysical exploration has relied upon aeromagnetic or ground magnetic surveys coupled with electromagnetic surveys to detect conductivity related to sulphide minerals (Aguilef et al., 2017).",p,https://www.fleetspace.com/resources/application-of-ant-to-iron-oxide-copper-gold-exploration-in-chile,Application of ANT to Iron Oxide Copper-Gold Exploration in Chile | Article | Copper,"Article | South America | Oct 07, 2024","['Application of ANT to Iron Oxide Copper-Gold Exploration in Chile', 'Application of ANT to Iron Oxide Copper-Gold Exploration in Chile']",2024-11-21T11:18:07.386463,FleetSpace,-0.15,0.2263,1,1,Balanced,magnetite is a common product of alteration in iron oxide coppergold iocg and porphyry mineral systems as a result geophysical exploration has relied upon aeromagnetic or ground magnetic surveys coupled with electromagnetic surveys to detect conductivity related to sulphide minerals aguilef et al
"However, magnetite is not everywhere associated with copper. Large magnetite-rich bodies that are devoid of copper are known across the Andean region, for example those of the iron oxide-apatite (IOA) class of deposits. Distinguishing copper-bearing magnetite from copper-poor magnetite therefore is a challenge to geophysical exploration in the region.",p,https://www.fleetspace.com/resources/application-of-ant-to-iron-oxide-copper-gold-exploration-in-chile,Application of ANT to Iron Oxide Copper-Gold Exploration in Chile | Article | Copper,"Article | South America | Oct 07, 2024","['Application of ANT to Iron Oxide Copper-Gold Exploration in Chile', 'Application of ANT to Iron Oxide Copper-Gold Exploration in Chile']",2024-11-21T11:18:07.386465,FleetSpace,0.057142857142857134,0.296,2,2,Balanced,however magnetite is not everywhere associated with copper large magnetiterich bodies that are devoid of copper are known across the andean region for example those of the iron oxideapatite ioa class of deposits distinguishing copperbearing magnetite from copperpoor magnetite therefore is a challenge to geophysical exploration in the region
"Fleet Space Technologies has been working with Power Nickel Chile to improve exploration outcomes using Fleet Space’s proprietary Ambient Noise Tomography (ANT) system, part of the ExoSphere end-to-end mineral exploration workflow.",p,https://www.fleetspace.com/resources/application-of-ant-to-iron-oxide-copper-gold-exploration-in-chile,Application of ANT to Iron Oxide Copper-Gold Exploration in Chile | Article | Copper,"Article | South America | Oct 07, 2024","['Application of ANT to Iron Oxide Copper-Gold Exploration in Chile', 'Application of ANT to Iron Oxide Copper-Gold Exploration in Chile']",2024-11-21T11:18:07.386466,FleetSpace,0.0,0.6908,2,2,Balanced,fleet space technologies has been working with power nickel chile to improve exploration outcomes using fleet spaces proprietary ambient noise tomography ant system part of the exosphere endtoend mineral exploration workflow
"Power Nickel holds several 100% owned properties in the Atacama Province, south of the city of Copiapo (Fig. 1). The properties are within the belt that hosts the world class La Candelaria IOCG deposit.",p,https://www.fleetspace.com/resources/application-of-ant-to-iron-oxide-copper-gold-exploration-in-chile,Application of ANT to Iron Oxide Copper-Gold Exploration in Chile | Article | Copper,"Article | South America | Oct 07, 2024","['Application of ANT to Iron Oxide Copper-Gold Exploration in Chile', 'Application of ANT to Iron Oxide Copper-Gold Exploration in Chile']",2024-11-21T11:18:07.386468,FleetSpace,0.0,0.0,0,0,Other,power nickel holds several owned properties in the atacama province south of the city of copiapo fig the properties are within the belt that hosts the world class la candelaria iocg deposit
"At La Candelaria, alteration and mineralisation is likely multi-stage, related to changing chemistry of causative magmatic intrusions. Early magnetite mineralisation formed in response to early, high temperature, water poor magmas, and this was overprinted by a closely related but temporally distinct phase of copper and sulphur-rich alteration and mineralisation associated with oxidised, water-rich magmas (Romero et al., 2024). Marschik and Fontboté (2001) note that most of the larger orebodies in the region have a structural control associated with northwest-trending brittle faults and, in the case of Candelaria itself, a northeast-trending ductile shear zone.",p,https://www.fleetspace.com/resources/application-of-ant-to-iron-oxide-copper-gold-exploration-in-chile,Application of ANT to Iron Oxide Copper-Gold Exploration in Chile | Article | Copper,"Article | South America | Oct 07, 2024","['Application of ANT to Iron Oxide Copper-Gold Exploration in Chile', 'Application of ANT to Iron Oxide Copper-Gold Exploration in Chile']",2024-11-21T11:18:07.386469,FleetSpace,0.076,-0.7351,0,0,Other,at la candelaria alteration and mineralisation is likely multistage related to changing chemistry of causative magmatic intrusions early magnetite mineralisation formed in response to early high temperature water poor magmas and this was overprinted by a closely related but temporally distinct phase of copper and sulphurrich alteration and mineralisation associated with oxidised waterrich magmas romero et al marschik and fontbote note that most of the larger orebodies in the region have a structural control associated with northwesttrending brittle faults and in the case of candelaria itself a northeasttrending ductile shear zone
"Within Power Nickel’s properties, magnetic anomalies are priority IOCG targets and ANT surveys were undertaken across these anomalies in order to better understand the 3D architecture at depth. In addition, the surveys aimed to search for zones of alteration within the volcanic and volcaniclastic country rocks. Typically hydrothermal alteration results in a reduction of seismic velocity as alteration minerals such as phyllosilicates are less dense than the feldspar-dominant mineralogy of the primary rock types.",p,https://www.fleetspace.com/resources/application-of-ant-to-iron-oxide-copper-gold-exploration-in-chile,Application of ANT to Iron Oxide Copper-Gold Exploration in Chile | Article | Copper,"Article | South America | Oct 07, 2024","['Application of ANT to Iron Oxide Copper-Gold Exploration in Chile', 'Application of ANT to Iron Oxide Copper-Gold Exploration in Chile']",2024-11-21T11:18:07.386471,FleetSpace,0.11333333333333336,0.4404,2,2,Balanced,within power nickels properties magnetic anomalies are priority iocg targets and ant surveys were undertaken across these anomalies in order to better understand the d architecture at depth in addition the surveys aimed to search for zones of alteration within the volcanic and volcaniclastic country rocks typically hydrothermal alteration results in a reduction of seismic velocity as alteration minerals such as phyllosilicates are less dense than the feldspardominant mineralogy of the primary rock types
‍ExoSphere ANT,p,https://www.fleetspace.com/resources/application-of-ant-to-iron-oxide-copper-gold-exploration-in-chile,Application of ANT to Iron Oxide Copper-Gold Exploration in Chile | Article | Copper,"Article | South America | Oct 07, 2024","['Application of ANT to Iron Oxide Copper-Gold Exploration in Chile', 'Application of ANT to Iron Oxide Copper-Gold Exploration in Chile']",2024-11-21T11:18:07.386472,FleetSpace,0.0,0.0,0,0,Other,exosphere ant
"Ambient noise tomography utilises background seismic noise in the Earth as the signal for measuring subsurface velocity structure. An array of custom built Fleet Space geophones (Olivier et al., 2022) were used to record the arrival of low-frequency surface waves created by natural and anthropogenic seismic sources.",p,https://www.fleetspace.com/resources/application-of-ant-to-iron-oxide-copper-gold-exploration-in-chile,Application of ANT to Iron Oxide Copper-Gold Exploration in Chile | Article | Copper,"Article | South America | Oct 07, 2024","['Application of ANT to Iron Oxide Copper-Gold Exploration in Chile', 'Application of ANT to Iron Oxide Copper-Gold Exploration in Chile']",2024-11-21T11:18:07.386474,FleetSpace,0.1,0.5423,3,3,Balanced,ambient noise tomography utilises background seismic noise in the earth as the signal for measuring subsurface velocity structure an array of custom built fleet space geophones olivier et al were used to record the arrival of lowfrequency surface waves created by natural and anthropogenic seismic sources
"The technique relies on estimates of seismic Green’s functions between station pairs, such that every receiver is turned into a virtual active source that provides information about the subsurface. More details on the ANT method can be found in Olivier et al. (2022) and Jones et al. (2024).",p,https://www.fleetspace.com/resources/application-of-ant-to-iron-oxide-copper-gold-exploration-in-chile,Application of ANT to Iron Oxide Copper-Gold Exploration in Chile | Article | Copper,"Article | South America | Oct 07, 2024","['Application of ANT to Iron Oxide Copper-Gold Exploration in Chile', 'Application of ANT to Iron Oxide Copper-Gold Exploration in Chile']",2024-11-21T11:18:07.386477,FleetSpace,0.04166666666666666,0.4019,2,2,Balanced,the technique relies on estimates of seismic greens functions between station pairs such that every receiver is turned into a virtual active source that provides information about the subsurface more details on the ant method can be found in olivier et al and jones et al
‍Tierra de Oro ANT velocity model,p,https://www.fleetspace.com/resources/application-of-ant-to-iron-oxide-copper-gold-exploration-in-chile,Application of ANT to Iron Oxide Copper-Gold Exploration in Chile | Article | Copper,"Article | South America | Oct 07, 2024","['Application of ANT to Iron Oxide Copper-Gold Exploration in Chile', 'Application of ANT to Iron Oxide Copper-Gold Exploration in Chile']",2024-11-21T11:18:07.386478,FleetSpace,0.0,0.0,0,0,Other,tierra de oro ant velocity model
"At the Tierra de Oro property, the velocity model reaches a depth of ~600m below surface. The near surface is characterised by an approximately 100m thick, low velocity (<1500 m/s) zone, interpreted to image the sedimentary cover (Fig. 2). Within the high velocity basement (>2800m/s), velocity contrasts are evident as narrow zones of decreased velocity that have a general north-east trend (Fig. 3). The most prominent and thoroughgoing of these may indicate the location of a fault zone.",p,https://www.fleetspace.com/resources/application-of-ant-to-iron-oxide-copper-gold-exploration-in-chile,Application of ANT to Iron Oxide Copper-Gold Exploration in Chile | Article | Copper,"Article | South America | Oct 07, 2024","['Application of ANT to Iron Oxide Copper-Gold Exploration in Chile', 'Application of ANT to Iron Oxide Copper-Gold Exploration in Chile']",2024-11-21T11:18:07.386480,FleetSpace,0.023636363636363636,-0.2516,0,0,Other,at the tierra de oro property the velocity model reaches a depth of m below surface the near surface is characterised by an approximately m thick low velocity ms zone interpreted to image the sedimentary cover fig within the high velocity basement ms velocity contrasts are evident as narrow zones of decreased velocity that have a general northeast trend fig the most prominent and thoroughgoing of these may indicate the location of a fault zone
"In the southeastern portion of the model, there is a zone of decreased velocity that has an irregular shape but is generally elongate towards the north east. The eastern and southern edges of this feature extend to the edge of the model, and are therefore poorly constrained. Interestingly, this zone of decreased velocity is semi-coincident with a magnetic feature that has a similar geometry.",p,https://www.fleetspace.com/resources/application-of-ant-to-iron-oxide-copper-gold-exploration-in-chile,Application of ANT to Iron Oxide Copper-Gold Exploration in Chile | Article | Copper,"Article | South America | Oct 07, 2024","['Application of ANT to Iron Oxide Copper-Gold Exploration in Chile', 'Application of ANT to Iron Oxide Copper-Gold Exploration in Chile']",2024-11-21T11:18:07.386481,FleetSpace,-0.09285714285714286,0.6124,0,0,Other,in the southeastern portion of the model there is a zone of decreased velocity that has an irregular shape but is generally elongate towards the north east the eastern and southern edges of this feature extend to the edge of the model and are therefore poorly constrained interestingly this zone of decreased velocity is semicoincident with a magnetic feature that has a similar geometry
"The semi-coincidence of a low velocity zone that is distinct from the surrounding country rock velocity structure, and a magnetic feature with a similar geometry and orientation is a very interesting outcome of the ANT survey. A possible interpretation of this feature is that it represents a zone of decreased velocity associated with alteration of the volcanic rock packages. As this is associated with a discrete magnetite anomaly, the interest in this feature as a zone that may contain buried alteration and, ideally, copper mineralisation associated with magnetite.",p,https://www.fleetspace.com/resources/application-of-ant-to-iron-oxide-copper-gold-exploration-in-chile,Application of ANT to Iron Oxide Copper-Gold Exploration in Chile | Article | Copper,"Article | South America | Oct 07, 2024","['Application of ANT to Iron Oxide Copper-Gold Exploration in Chile', 'Application of ANT to Iron Oxide Copper-Gold Exploration in Chile']",2024-11-21T11:18:07.386482,FleetSpace,0.20714285714285713,0.7713,1,1,Balanced,the semicoincidence of a low velocity zone that is distinct from the surrounding country rock velocity structure and a magnetic feature with a similar geometry and orientation is a very interesting outcome of the ant survey a possible interpretation of this feature is that it represents a zone of decreased velocity associated with alteration of the volcanic rock packages as this is associated with a discrete magnetite anomaly the interest in this feature as a zone that may contain buried alteration and ideally copper mineralisation associated with magnetite
‍Future work,p,https://www.fleetspace.com/resources/application-of-ant-to-iron-oxide-copper-gold-exploration-in-chile,Application of ANT to Iron Oxide Copper-Gold Exploration in Chile | Article | Copper,"Article | South America | Oct 07, 2024","['Application of ANT to Iron Oxide Copper-Gold Exploration in Chile', 'Application of ANT to Iron Oxide Copper-Gold Exploration in Chile']",2024-11-21T11:18:07.386484,FleetSpace,0.0,0.0,0,0,Other,future work
"Power Nickel Chile continues exploration in the region and is in the process of following up these interesting ANT results with a view towards a drilling campaign in the future. The ANT results provide a new, 3D dataset with which to interrogate the subsurface geology and raises new possibilities that alteration may be imaged in association with magnetite in the Chilean Andes. Interpretations presented here are those of Fleet Space Technologies and do not necessarily represent the views of Power Nickel.",p,https://www.fleetspace.com/resources/application-of-ant-to-iron-oxide-copper-gold-exploration-in-chile,Application of ANT to Iron Oxide Copper-Gold Exploration in Chile | Article | Copper,"Article | South America | Oct 07, 2024","['Application of ANT to Iron Oxide Copper-Gold Exploration in Chile', 'Application of ANT to Iron Oxide Copper-Gold Exploration in Chile']",2024-11-21T11:18:07.386485,FleetSpace,0.12878787878787878,0.5574,4,4,Balanced,power nickel chile continues exploration in the region and is in the process of following up these interesting ant results with a view towards a drilling campaign in the future the ant results provide a new d dataset with which to interrogate the subsurface geology and raises new possibilities that alteration may be imaged in association with magnetite in the chilean andes interpretations presented here are those of fleet space technologies and do not necessarily represent the views of power nickel
‍,p,https://www.fleetspace.com/resources/application-of-ant-to-iron-oxide-copper-gold-exploration-in-chile,Application of ANT to Iron Oxide Copper-Gold Exploration in Chile | Article | Copper,"Article | South America | Oct 07, 2024","['Application of ANT to Iron Oxide Copper-Gold Exploration in Chile', 'Application of ANT to Iron Oxide Copper-Gold Exploration in Chile']",2024-11-21T11:18:07.386486,FleetSpace,0.0,0.0,0,0,Other,
Acknowledgements,p,https://www.fleetspace.com/resources/application-of-ant-to-iron-oxide-copper-gold-exploration-in-chile,Application of ANT to Iron Oxide Copper-Gold Exploration in Chile | Article | Copper,"Article | South America | Oct 07, 2024","['Application of ANT to Iron Oxide Copper-Gold Exploration in Chile', 'Application of ANT to Iron Oxide Copper-Gold Exploration in Chile']",2024-11-21T11:18:07.386487,FleetSpace,0.0,0.0,0,0,Other,acknowledgements
Text and figures prepared by Anthony Reid. ANT velocity model prepared by Adebayo Ojo. The team from Power Nickel Chile are thanked for permission to publicise these results and for discussions on the geology and geophysics of IOCG systems in the Chilean Andes.,p,https://www.fleetspace.com/resources/application-of-ant-to-iron-oxide-copper-gold-exploration-in-chile,Application of ANT to Iron Oxide Copper-Gold Exploration in Chile | Article | Copper,"Article | South America | Oct 07, 2024","['Application of ANT to Iron Oxide Copper-Gold Exploration in Chile', 'Application of ANT to Iron Oxide Copper-Gold Exploration in Chile']",2024-11-21T11:18:07.386489,FleetSpace,0.0,0.6908,2,2,Balanced,text and figures prepared by anthony reid ant velocity model prepared by adebayo ojo the team from power nickel chile are thanked for permission to publicise these results and for discussions on the geology and geophysics of iocg systems in the chilean andes
References,p,https://www.fleetspace.com/resources/application-of-ant-to-iron-oxide-copper-gold-exploration-in-chile,Application of ANT to Iron Oxide Copper-Gold Exploration in Chile | Article | Copper,"Article | South America | Oct 07, 2024","['Application of ANT to Iron Oxide Copper-Gold Exploration in Chile', 'Application of ANT to Iron Oxide Copper-Gold Exploration in Chile']",2024-11-21T11:18:07.386490,FleetSpace,0.0,0.0,0,0,Other,references
"Aguilef, S., Vargas, J.A., and Yáñez, G., 2017, Relationship between bulk mineralogy and induced polarisation responses in iron oxide-copper-gold and porphyry copper mineralisation, northern Chile: Exploration Geophysics, v. 48, no. 4, p. 353–362.",p,https://www.fleetspace.com/resources/application-of-ant-to-iron-oxide-copper-gold-exploration-in-chile,Application of ANT to Iron Oxide Copper-Gold Exploration in Chile | Article | Copper,"Article | South America | Oct 07, 2024","['Application of ANT to Iron Oxide Copper-Gold Exploration in Chile', 'Application of ANT to Iron Oxide Copper-Gold Exploration in Chile']",2024-11-21T11:18:07.386492,FleetSpace,0.0,-0.0772,2,2,Balanced,aguilef s vargas ja and yez g relationship between bulk mineralogy and induced polarisation responses in iron oxidecoppergold and porphyry copper mineralisation northern chile exploration geophysics v no p
"Jones, T., Olivier, G., Murphy, B., Cole, L., Went, C., Olsen, S., Smith, N., Gal, M., North, B., and Burrows, D., 2024, Real-Time Ambient Seismic Noise Tomography of the Hillside Iron Oxide–Copper–Gold Deposit: Minerals, v. 14, no. 3, p. 254.",p,https://www.fleetspace.com/resources/application-of-ant-to-iron-oxide-copper-gold-exploration-in-chile,Application of ANT to Iron Oxide Copper-Gold Exploration in Chile | Article | Copper,"Article | South America | Oct 07, 2024","['Application of ANT to Iron Oxide Copper-Gold Exploration in Chile', 'Application of ANT to Iron Oxide Copper-Gold Exploration in Chile']",2024-11-21T11:18:07.386493,FleetSpace,0.0,-0.296,1,1,Balanced,jones t olivier g murphy b cole l went c olsen s smith n gal m north b and burrows d realtime ambient seismic noise tomography of the hillside iron oxidecoppergold deposit minerals v no p
"Marschik, R., and Fontboté, L., 2001, The Candelaria-Punta del Cobre Iron Oxide Cu-Au(-Zn-Ag) Deposits, Chile: Economic Geology, v. 96, no. 8, p. 1799–1826.",p,https://www.fleetspace.com/resources/application-of-ant-to-iron-oxide-copper-gold-exploration-in-chile,Application of ANT to Iron Oxide Copper-Gold Exploration in Chile | Article | Copper,"Article | South America | Oct 07, 2024","['Application of ANT to Iron Oxide Copper-Gold Exploration in Chile', 'Application of ANT to Iron Oxide Copper-Gold Exploration in Chile']",2024-11-21T11:18:07.386495,FleetSpace,0.2,-0.296,2,2,Balanced,marschik r and fontbote l the candelariapunta del cobre iron oxide cuauznag deposits chile economic geology v no p
"Olivier, G., Borg, B., Trevor, L., Combeau, B., Dales, P., Gordon, J., Chaurasia, H., and Pearson, M., 2022, Fleet’s Geode: A Breakthrough Sensor for Real-Time Ambient Seismic Noise Tomography over DtS-IoT: Sensors , v. 22, no. 21.",p,https://www.fleetspace.com/resources/application-of-ant-to-iron-oxide-copper-gold-exploration-in-chile,Application of ANT to Iron Oxide Copper-Gold Exploration in Chile | Article | Copper,"Article | South America | Oct 07, 2024","['Application of ANT to Iron Oxide Copper-Gold Exploration in Chile', 'Application of ANT to Iron Oxide Copper-Gold Exploration in Chile']",2024-11-21T11:18:07.386497,FleetSpace,0.0,-0.296,2,2,Balanced,olivier g borg b trevor l combeau b dales p gordon j chaurasia h and pearson m fleets geode a breakthrough sensor for realtime ambient seismic noise tomography over dtsiot sensors v no
"Romero, R., Barra, F., Reich, M., Ojeda, A., Tapia, M.J., Del Real, I., and Simon, A., 2024, Contrasting magma chemistry in the Candelaria IOCG district caused by changing tectonic regimes: Scientific reports, v. 14, no. 1, p. 10793.",p,https://www.fleetspace.com/resources/application-of-ant-to-iron-oxide-copper-gold-exploration-in-chile,Application of ANT to Iron Oxide Copper-Gold Exploration in Chile | Article | Copper,"Article | South America | Oct 07, 2024","['Application of ANT to Iron Oxide Copper-Gold Exploration in Chile', 'Application of ANT to Iron Oxide Copper-Gold Exploration in Chile']",2024-11-21T11:18:07.386498,FleetSpace,0.2,-0.296,0,0,Other,romero r barra f reich m ojeda a tapia mj del real i and simon a contrasting magma chemistry in the candelaria iocg district caused by changing tectonic regimes scientific reports v no p
You might also like,h2,https://www.fleetspace.com/resources/application-of-ant-to-iron-oxide-copper-gold-exploration-in-chile,Application of ANT to Iron Oxide Copper-Gold Exploration in Chile | Article | Copper,"Article | South America | Oct 07, 2024","['Application of ANT to Iron Oxide Copper-Gold Exploration in Chile', 'Application of ANT to Iron Oxide Copper-Gold Exploration in Chile']",2024-11-21T11:18:07.386499,FleetSpace,0.0,0.3612,0,0,Other,you might also like
Porphyry Deposit Exploration in Arizona with Eagle Mountain Mining Ltd,h2,https://www.fleetspace.com/resources/application-of-ant-to-iron-oxide-copper-gold-exploration-in-chile,Application of ANT to Iron Oxide Copper-Gold Exploration in Chile | Article | Copper,"Article | South America | Oct 07, 2024","['Application of ANT to Iron Oxide Copper-Gold Exploration in Chile', 'Application of ANT to Iron Oxide Copper-Gold Exploration in Chile']",2024-11-21T11:18:07.386501,FleetSpace,0.0,0.2263,1,1,Balanced,porphyry deposit exploration in arizona with eagle mountain mining ltd
Scale Reduction in Mineral Exploration Using District-Scale ANT,h2,https://www.fleetspace.com/resources/application-of-ant-to-iron-oxide-copper-gold-exploration-in-chile,Application of ANT to Iron Oxide Copper-Gold Exploration in Chile | Article | Copper,"Article | South America | Oct 07, 2024","['Application of ANT to Iron Oxide Copper-Gold Exploration in Chile', 'Application of ANT to Iron Oxide Copper-Gold Exploration in Chile']",2024-11-21T11:18:07.386502,FleetSpace,0.0,0.2263,1,1,Balanced,scale reduction in mineral exploration using districtscale ant
Accelerating Copper Discovery in Chile with Power Nickel,h2,https://www.fleetspace.com/resources/application-of-ant-to-iron-oxide-copper-gold-exploration-in-chile,Application of ANT to Iron Oxide Copper-Gold Exploration in Chile | Article | Copper,"Article | South America | Oct 07, 2024","['Application of ANT to Iron Oxide Copper-Gold Exploration in Chile', 'Application of ANT to Iron Oxide Copper-Gold Exploration in Chile']",2024-11-21T11:18:07.386503,FleetSpace,0.0,0.0,0,0,Other,accelerating copper discovery in chile with power nickel
Your Details,h3,https://www.fleetspace.com/resources/accelerating-copper-discovery-in-chile-with-power-nickel,Accelerating Copper Discovery in Chile with Power Nickel | Project Summary | Copper,"Project Summary | South America | Sep 30, 2024","['Accelerating Copper Discovery in Chile with Power Nickel', 'Accelerating Copper Discovery in Chile with Power Nickel']",2024-11-21T11:18:07.573936,FleetSpace,0.0,0.0,0,0,Other,your details
Accelerating Copper Discovery in Chile with Power Nickel,h1,https://www.fleetspace.com/resources/accelerating-copper-discovery-in-chile-with-power-nickel,Accelerating Copper Discovery in Chile with Power Nickel | Project Summary | Copper,"Project Summary | South America | Sep 30, 2024","['Accelerating Copper Discovery in Chile with Power Nickel', 'Accelerating Copper Discovery in Chile with Power Nickel']",2024-11-21T11:18:07.573946,FleetSpace,0.0,0.0,0,0,Other,accelerating copper discovery in chile with power nickel
Accelerating Copper Discovery in Chile with Power Nickel,h1,https://www.fleetspace.com/resources/accelerating-copper-discovery-in-chile-with-power-nickel,Accelerating Copper Discovery in Chile with Power Nickel | Project Summary | Copper,"Project Summary | South America | Sep 30, 2024","['Accelerating Copper Discovery in Chile with Power Nickel', 'Accelerating Copper Discovery in Chile with Power Nickel']",2024-11-21T11:18:07.573948,FleetSpace,0.0,0.0,0,0,Other,accelerating copper discovery in chile with power nickel
"‍Project: Tierra de Oro, Zulema, and Paleo Negro",p,https://www.fleetspace.com/resources/accelerating-copper-discovery-in-chile-with-power-nickel,Accelerating Copper Discovery in Chile with Power Nickel | Project Summary | Copper,"Project Summary | South America | Sep 30, 2024","['Accelerating Copper Discovery in Chile with Power Nickel', 'Accelerating Copper Discovery in Chile with Power Nickel']",2024-11-21T11:18:07.573951,FleetSpace,0.0,0.0,0,0,Other,project tierra de oro zulema and paleo negro
"‍Location: Atacama Region, Chile",p,https://www.fleetspace.com/resources/accelerating-copper-discovery-in-chile-with-power-nickel,Accelerating Copper Discovery in Chile with Power Nickel | Project Summary | Copper,"Project Summary | South America | Sep 30, 2024","['Accelerating Copper Discovery in Chile with Power Nickel', 'Accelerating Copper Discovery in Chile with Power Nickel']",2024-11-21T11:18:07.573953,FleetSpace,0.0,0.0,0,0,Other,location atacama region chile
Commodity: Copper,p,https://www.fleetspace.com/resources/accelerating-copper-discovery-in-chile-with-power-nickel,Accelerating Copper Discovery in Chile with Power Nickel | Project Summary | Copper,"Project Summary | South America | Sep 30, 2024","['Accelerating Copper Discovery in Chile with Power Nickel', 'Accelerating Copper Discovery in Chile with Power Nickel']",2024-11-21T11:18:07.573954,FleetSpace,0.0,0.0,0,0,Other,commodity copper
Deposit type: IOCG,p,https://www.fleetspace.com/resources/accelerating-copper-discovery-in-chile-with-power-nickel,Accelerating Copper Discovery in Chile with Power Nickel | Project Summary | Copper,"Project Summary | South America | Sep 30, 2024","['Accelerating Copper Discovery in Chile with Power Nickel', 'Accelerating Copper Discovery in Chile with Power Nickel']",2024-11-21T11:18:07.573956,FleetSpace,0.0,0.0,0,0,Other,deposit type iocg
‍,p,https://www.fleetspace.com/resources/accelerating-copper-discovery-in-chile-with-power-nickel,Accelerating Copper Discovery in Chile with Power Nickel | Project Summary | Copper,"Project Summary | South America | Sep 30, 2024","['Accelerating Copper Discovery in Chile with Power Nickel', 'Accelerating Copper Discovery in Chile with Power Nickel']",2024-11-21T11:18:07.573957,FleetSpace,0.0,0.0,0,0,Other,
"Power Nickel, a Canadian exploration company, is focused on developing high-grade nickel-copper PGE projects and expanding its exploration efforts in the Atacama Province of Chile.",p,https://www.fleetspace.com/resources/accelerating-copper-discovery-in-chile-with-power-nickel,Accelerating Copper Discovery in Chile with Power Nickel | Project Summary | Copper,"Project Summary | South America | Sep 30, 2024","['Accelerating Copper Discovery in Chile with Power Nickel', 'Accelerating Copper Discovery in Chile with Power Nickel']",2024-11-21T11:18:07.573959,FleetSpace,0.0,0.6597,2,2,Balanced,power nickel a canadian exploration company is focused on developing highgrade nickelcopper pge projects and expanding its exploration efforts in the atacama province of chile
Overview,p,https://www.fleetspace.com/resources/accelerating-copper-discovery-in-chile-with-power-nickel,Accelerating Copper Discovery in Chile with Power Nickel | Project Summary | Copper,"Project Summary | South America | Sep 30, 2024","['Accelerating Copper Discovery in Chile with Power Nickel', 'Accelerating Copper Discovery in Chile with Power Nickel']",2024-11-21T11:18:07.573960,FleetSpace,0.0,0.0,0,0,Other,overview
"This project aimed to deepen geological insights and refine Power Nickel’s copper exploration strategies. Ambient Noise Tomography (ANT) was chosen to identify structural controls accurately, image features contributing to magnetic anomalies, and detect velocity responses linked to hydrothermal activity and potential mineralization.",p,https://www.fleetspace.com/resources/accelerating-copper-discovery-in-chile-with-power-nickel,Accelerating Copper Discovery in Chile with Power Nickel | Project Summary | Copper,"Project Summary | South America | Sep 30, 2024","['Accelerating Copper Discovery in Chile with Power Nickel', 'Accelerating Copper Discovery in Chile with Power Nickel']",2024-11-21T11:18:07.573961,FleetSpace,0.20000000000000004,0.2263,2,2,Balanced,this project aimed to deepen geological insights and refine power nickels copper exploration strategies ambient noise tomography ant was chosen to identify structural controls accurately image features contributing to magnetic anomalies and detect velocity responses linked to hydrothermal activity and potential mineralization
Highlights,p,https://www.fleetspace.com/resources/accelerating-copper-discovery-in-chile-with-power-nickel,Accelerating Copper Discovery in Chile with Power Nickel | Project Summary | Copper,"Project Summary | South America | Sep 30, 2024","['Accelerating Copper Discovery in Chile with Power Nickel', 'Accelerating Copper Discovery in Chile with Power Nickel']",2024-11-21T11:18:07.573963,FleetSpace,0.0,0.0,0,0,Other,highlights
‍,p,https://www.fleetspace.com/resources/accelerating-copper-discovery-in-chile-with-power-nickel,Accelerating Copper Discovery in Chile with Power Nickel | Project Summary | Copper,"Project Summary | South America | Sep 30, 2024","['Accelerating Copper Discovery in Chile with Power Nickel', 'Accelerating Copper Discovery in Chile with Power Nickel']",2024-11-21T11:18:07.573964,FleetSpace,0.0,0.0,0,0,Other,
‍,p,https://www.fleetspace.com/resources/accelerating-copper-discovery-in-chile-with-power-nickel,Accelerating Copper Discovery in Chile with Power Nickel | Project Summary | Copper,"Project Summary | South America | Sep 30, 2024","['Accelerating Copper Discovery in Chile with Power Nickel', 'Accelerating Copper Discovery in Chile with Power Nickel']",2024-11-21T11:18:07.573965,FleetSpace,0.0,0.0,0,0,Other,
You might also like,h2,https://www.fleetspace.com/resources/accelerating-copper-discovery-in-chile-with-power-nickel,Accelerating Copper Discovery in Chile with Power Nickel | Project Summary | Copper,"Project Summary | South America | Sep 30, 2024","['Accelerating Copper Discovery in Chile with Power Nickel', 'Accelerating Copper Discovery in Chile with Power Nickel']",2024-11-21T11:18:07.573966,FleetSpace,0.0,0.3612,0,0,Other,you might also like
Porphyry Deposit Exploration in Arizona with Eagle Mountain Mining Ltd,h2,https://www.fleetspace.com/resources/accelerating-copper-discovery-in-chile-with-power-nickel,Accelerating Copper Discovery in Chile with Power Nickel | Project Summary | Copper,"Project Summary | South America | Sep 30, 2024","['Accelerating Copper Discovery in Chile with Power Nickel', 'Accelerating Copper Discovery in Chile with Power Nickel']",2024-11-21T11:18:07.573968,FleetSpace,0.0,0.2263,1,1,Balanced,porphyry deposit exploration in arizona with eagle mountain mining ltd
Application of ANT to Iron Oxide Copper-Gold Exploration in Chile,h2,https://www.fleetspace.com/resources/accelerating-copper-discovery-in-chile-with-power-nickel,Accelerating Copper Discovery in Chile with Power Nickel | Project Summary | Copper,"Project Summary | South America | Sep 30, 2024","['Accelerating Copper Discovery in Chile with Power Nickel', 'Accelerating Copper Discovery in Chile with Power Nickel']",2024-11-21T11:18:07.573969,FleetSpace,0.0,0.2263,1,1,Balanced,application of ant to iron oxide coppergold exploration in chile
Scale Reduction in Mineral Exploration Using District-Scale ANT,h2,https://www.fleetspace.com/resources/accelerating-copper-discovery-in-chile-with-power-nickel,Accelerating Copper Discovery in Chile with Power Nickel | Project Summary | Copper,"Project Summary | South America | Sep 30, 2024","['Accelerating Copper Discovery in Chile with Power Nickel', 'Accelerating Copper Discovery in Chile with Power Nickel']",2024-11-21T11:18:07.573971,FleetSpace,0.0,0.2263,1,1,Balanced,scale reduction in mineral exploration using districtscale ant
Mineflow,p,https://mineflow.ai/,Mineflow,AI-driven mineral exploration.,['Mineral exploration powered by AI'],2024-11-21T11:18:10.514828,MineFlow,0.0,0.0,0,0,Other,mineflow
Mineral exploration powered by AI,h1,https://mineflow.ai/,Mineflow,AI-driven mineral exploration.,['Mineral exploration powered by AI'],2024-11-21T11:18:10.514838,MineFlow,0.0,0.2263,1,1,Balanced,mineral exploration powered by ai
Mineflow transforms exploration site data into highly accurate predictions of the shape  of mineral deposits.,h2,https://mineflow.ai/,Mineflow,AI-driven mineral exploration.,['Mineral exploration powered by AI'],2024-11-21T11:18:10.514840,MineFlow,0.4000000000000001,0.2263,2,3,Value Proposition,mineflow transforms exploration site data into highly accurate predictions of the shape of mineral deposits
2D Prospectivity Mapping,h3,https://mineflow.ai/,Mineflow,AI-driven mineral exploration.,['Mineral exploration powered by AI'],2024-11-21T11:18:10.514841,MineFlow,0.0,0.0,0,0,Other,d prospectivity mapping
3D Resource Modeling of a Gold Deposit,h3,https://mineflow.ai/,Mineflow,AI-driven mineral exploration.,['Mineral exploration powered by AI'],2024-11-21T11:18:10.514843,MineFlow,0.0,0.0,1,1,Balanced,d resource modeling of a gold deposit
3D Resource Modeling of a Copper Porphyry,h3,https://mineflow.ai/,Mineflow,AI-driven mineral exploration.,['Mineral exploration powered by AI'],2024-11-21T11:18:10.514844,MineFlow,0.0,0.0,1,1,Balanced,d resource modeling of a copper porphyry
Mineflow,p,https://mineflow.ai/about,Mineflow,AI-driven mineral exploration.,['About'],2024-11-21T11:18:11.577036,MineFlow,0.0,0.0,0,0,Other,mineflow
About,h1,https://mineflow.ai/about,Mineflow,AI-driven mineral exploration.,['About'],2024-11-21T11:18:11.577045,MineFlow,0.0,0.0,0,0,Other,about
"Mineflow is an AI platform for mineral exploration. We generate predictions for mineral deposit shapes and locations, empowering mining companies from initial exploration to advanced feasibility studies.",p,https://mineflow.ai/about,Mineflow,AI-driven mineral exploration.,['About'],2024-11-21T11:18:11.577047,MineFlow,0.2,0.5859,3,4,Value Proposition,mineflow is an ai platform for mineral exploration we generate predictions for mineral deposit shapes and locations empowering mining companies from initial exploration to advanced feasibility studies
"Whether you're just beginning to explore a site or you've drilled hundreds of holes and you're refining predictions for your feasibility study, Mineflow is the essential tool in every modern geologist's toolkit. We're transforming mineral exploration with AI-powered precision, helping you uncover valuable deposits more efficiently than ever before.",p,https://mineflow.ai/about,Mineflow,AI-driven mineral exploration.,['About'],2024-11-21T11:18:11.577049,MineFlow,0.2333333333333333,0.8479,2,2,Balanced,whether youre just beginning to explore a site or youve drilled hundreds of holes and youre refining predictions for your feasibility study mineflow is the essential tool in every modern geologists toolkit were transforming mineral exploration with aipowered precision helping you uncover valuable deposits more efficiently than ever before
How It Works,h2,https://mineflow.ai/about,Mineflow,AI-driven mineral exploration.,['About'],2024-11-21T11:18:11.577050,MineFlow,0.0,0.0,0,0,Other,how it works
See Documentation for an in-depth tutorial.,p,https://mineflow.ai/about,Mineflow,AI-driven mineral exploration.,['About'],2024-11-21T11:18:11.577053,MineFlow,0.0,0.0,0,0,Other,see documentation for an indepth tutorial
Mineflow,p,https://mineflow.ai/docs,Mineflow,AI-driven mineral exploration.,['Documentation'],2024-11-21T11:18:19.752132,MineFlow,0.0,0.0,0,0,Other,mineflow
Documentation,h1,https://mineflow.ai/docs,Mineflow,AI-driven mineral exploration.,['Documentation'],2024-11-21T11:18:19.752142,MineFlow,0.0,0.0,0,0,Other,documentation
Welcome to the Mineflow documentation!,p,https://mineflow.ai/docs,Mineflow,AI-driven mineral exploration.,['Documentation'],2024-11-21T11:18:19.752145,MineFlow,1.0,0.5093,0,0,Other,welcome to the mineflow documentation
Overview,h2,https://mineflow.ai/docs,Mineflow,AI-driven mineral exploration.,['Documentation'],2024-11-21T11:18:19.752147,MineFlow,0.0,0.0,0,0,Other,overview
Mineflow uses your exploration data to train a neural network to predict the shape and location of mineral deposits. The custom neural networks that Mineflow develops require minimal updates or feedback from the user. Use of the Mineflow platform does not require any background in machine learning on your part.,p,https://mineflow.ai/docs,Mineflow,AI-driven mineral exploration.,['Documentation'],2024-11-21T11:18:19.752151,MineFlow,-0.1,0.2263,3,3,Balanced,mineflow uses your exploration data to train a neural network to predict the shape and location of mineral deposits the custom neural networks that mineflow develops require minimal updates or feedback from the user use of the mineflow platform does not require any background in machine learning on your part
Getting Started,h2,https://mineflow.ai/docs,Mineflow,AI-driven mineral exploration.,['Documentation'],2024-11-21T11:18:19.752154,MineFlow,0.0,0.0,0,0,Other,getting started
Start by uploading any exploration data from your sites.,p,https://mineflow.ai/docs,Mineflow,AI-driven mineral exploration.,['Documentation'],2024-11-21T11:18:19.752156,MineFlow,0.0,0.2263,1,1,Balanced,start by uploading any exploration data from your sites
Data Uploads,h2,https://mineflow.ai/docs,Mineflow,AI-driven mineral exploration.,['Documentation'],2024-11-21T11:18:19.752158,MineFlow,0.0,0.0,0,0,Other,data uploads
What data should I upload?,h3,https://mineflow.ai/docs,Mineflow,AI-driven mineral exploration.,['Documentation'],2024-11-21T11:18:19.752161,MineFlow,0.0,0.0,0,0,Other,what data should i upload
Great question. The short answer: upload any shapefile or Excel file related to the exploration site you're focusing on.,p,https://mineflow.ai/docs,Mineflow,AI-driven mineral exploration.,['Documentation'],2024-11-21T11:18:19.752163,MineFlow,0.26666666666666666,0.8402,1,1,Balanced,great question the short answer upload any shapefile or excel file related to the exploration site youre focusing on
"A more detailed answer: It’s easy to understand why a shapefile containing outcrops of rocks in the area is valuable for training a predictive model. But what about a shapefile with polygons representing all the houses in the area where you’re drilling? Is that useful? Absolutely. Mineflow makes no assumptions about the data distribution and will supplement your uploads with additional data it finds online. So, a file identifying house locations can help Mineflow correlate data samples. For instance, Mineflow often uses satellite data to understand a site, and when combined with your house shapefile, Mineflow can learn to distinguish houses from significant geological features visible in aerial imagery.",p,https://mineflow.ai/docs,Mineflow,AI-driven mineral exploration.,['Documentation'],2024-11-21T11:18:19.752165,MineFlow,0.3680555555555556,0.8678,1,1,Balanced,a more detailed answer its easy to understand why a shapefile containing outcrops of rocks in the area is valuable for training a predictive model but what about a shapefile with polygons representing all the houses in the area where youre drilling is that useful absolutely mineflow makes no assumptions about the data distribution and will supplement your uploads with additional data it finds online so a file identifying house locations can help mineflow correlate data samples for instance mineflow often uses satellite data to understand a site and when combined with your house shapefile mineflow can learn to distinguish houses from significant geological features visible in aerial imagery
Non-drill data,h3,https://mineflow.ai/docs,Mineflow,AI-driven mineral exploration.,['Documentation'],2024-11-21T11:18:19.752168,MineFlow,0.0,0.0,0,0,Other,nondrill data
"You can upload zip files (*.zip) that contain shapefiles or shapefiles themselves (*.sbx, *.dbf, *.shp, *.shx, *.xml, *.prj, *.sbn, *.cpg) for the non-drill data.",p,https://mineflow.ai/docs,Mineflow,AI-driven mineral exploration.,['Documentation'],2024-11-21T11:18:19.752170,MineFlow,0.0,0.0,0,0,Other,you can upload zip files zip that contain shapefiles or shapefiles themselves sbx dbf shp shx xml prj sbn cpg for the nondrill data
Drill data,h3,https://mineflow.ai/docs,Mineflow,AI-driven mineral exploration.,['Documentation'],2024-11-21T11:18:19.752173,MineFlow,0.0,0.0,0,0,Other,drill data
"For your drill data, upload Excel files (.xlsx). Ideally, your files should have columns that give the starting depth and the ending depth of each segment as well as some unique identifier for each drill hole segment (e.g. hole name).",p,https://mineflow.ai/docs,Mineflow,AI-driven mineral exploration.,['Documentation'],2024-11-21T11:18:19.752175,MineFlow,0.425,0.7845,0,0,Other,for your drill data upload excel files xlsx ideally your files should have columns that give the starting depth and the ending depth of each segment as well as some unique identifier for each drill hole segment eg hole name
"Note: If your dips and azimuths are split into a separate shapefile that's okay, Mineflow will handle parsing that out for you.",p,https://mineflow.ai/docs,Mineflow,AI-driven mineral exploration.,['Documentation'],2024-11-21T11:18:19.752178,MineFlow,0.5,0.2263,0,0,Other,note if your dips and azimuths are split into a separate shapefile thats okay mineflow will handle parsing that out for you
Data Designations,h2,https://mineflow.ai/docs,Mineflow,AI-driven mineral exploration.,['Documentation'],2024-11-21T11:18:19.752180,MineFlow,0.0,0.0,0,0,Other,data designations
"After you upload your data, you'll notice that each file is assigned a ""designation.""",p,https://mineflow.ai/docs,Mineflow,AI-driven mineral exploration.,['Documentation'],2024-11-21T11:18:19.752183,MineFlow,0.0,0.0,0,0,Other,after you upload your data youll notice that each file is assigned a designation
A designation is Mineflow's guess as to what type of data you uploaded. There are eight possible designations:,p,https://mineflow.ai/docs,Mineflow,AI-driven mineral exploration.,['Documentation'],2024-11-21T11:18:19.752186,MineFlow,0.0,0.0,0,0,Other,a designation is mineflows guess as to what type of data you uploaded there are eight possible designations
"Note: If you think that there are data groupings missing here, please let us know! There may be a better way to explain/phrase the groupings.",p,https://mineflow.ai/docs,Mineflow,AI-driven mineral exploration.,['Documentation'],2024-11-21T11:18:19.752188,MineFlow,0.125,0.5093,0,0,Other,note if you think that there are data groupings missing here please let us know there may be a better way to explainphrase the groupings
Updating designation,h3,https://mineflow.ai/docs,Mineflow,AI-driven mineral exploration.,['Documentation'],2024-11-21T11:18:19.752190,MineFlow,0.0,0.0,0,0,Other,updating designation
You'll notice that you can change the designation for a file. This is useful for Mineflow when it starts to train the predictive model on your dataset.,p,https://mineflow.ai/docs,Mineflow,AI-driven mineral exploration.,['Documentation'],2024-11-21T11:18:19.752193,MineFlow,0.3,0.4404,0,0,Other,youll notice that you can change the designation for a file this is useful for mineflow when it starts to train the predictive model on your dataset
Data Classes,h2,https://mineflow.ai/docs,Mineflow,AI-driven mineral exploration.,['Documentation'],2024-11-21T11:18:19.752195,MineFlow,0.0,0.0,0,0,Other,data classes
"After you upload your data, you'll notice that it is also assigned a ""class.""",p,https://mineflow.ai/docs,Mineflow,AI-driven mineral exploration.,['Documentation'],2024-11-21T11:18:19.752200,MineFlow,0.0,0.0,0,0,Other,after you upload your data youll notice that it is also assigned a class
A class is Mineflow's guess as to how many different types of data are represented in that file. The word class here comes from machine learning terminology where a class is a type of label that a piece of data falls into. A file can be one of two things:,p,https://mineflow.ai/docs,Mineflow,AI-driven mineral exploration.,['Documentation'],2024-11-21T11:18:19.752203,MineFlow,0.25,0.0,1,1,Balanced,a class is mineflows guess as to how many different types of data are represented in that file the word class here comes from machine learning terminology where a class is a type of label that a piece of data falls into a file can be one of two things
Mineflow creates your predictive model,h2,https://mineflow.ai/docs,Mineflow,AI-driven mineral exploration.,['Documentation'],2024-11-21T11:18:19.752206,MineFlow,0.0,0.2732,0,0,Other,mineflow creates your predictive model
"After creating your dataset, the Mineflow team will ""train"" a model on that dataset. That means that we create a statistical model with the objective of generalizing from its experience. We will train two models for you:",p,https://mineflow.ai/docs,Mineflow,AI-driven mineral exploration.,['Documentation'],2024-11-21T11:18:19.752209,MineFlow,0.0,0.5106,0,0,Other,after creating your dataset the mineflow team will train a model on that dataset that means that we create a statistical model with the objective of generalizing from its experience we will train two models for you
Note: We are only able to train a model to produce three-dimensional predictions if you have uploaded some drill data (otherwise the model doesn't know how to correlate data from the surface with data underground).,p,https://mineflow.ai/docs,Mineflow,AI-driven mineral exploration.,['Documentation'],2024-11-21T11:18:19.752211,MineFlow,0.25,0.0,0,0,Other,note we are only able to train a model to produce threedimensional predictions if you have uploaded some drill data otherwise the model doesnt know how to correlate data from the surface with data underground
"The time it takes to train a predictive model depends on the size of the dataset, the size of the area and whether or not the model is 2D or 3D.",p,https://mineflow.ai/docs,Mineflow,AI-driven mineral exploration.,['Documentation'],2024-11-21T11:18:19.752215,MineFlow,0.0,0.0,0,0,Other,the time it takes to train a predictive model depends on the size of the dataset the size of the area and whether or not the model is d or d
"Once the Mineflow team has trained your custom model (see training ETA just below), you'll get an email from notifications@mineflow.ai, saying:",p,https://mineflow.ai/docs,Mineflow,AI-driven mineral exploration.,['Documentation'],2024-11-21T11:18:19.752218,MineFlow,0.0,0.0,0,0,Other,once the mineflow team has trained your custom model see training eta just below youll get an email from notificationsmineflowai saying
Here is an example of the email:,p,https://mineflow.ai/docs,Mineflow,AI-driven mineral exploration.,['Documentation'],2024-11-21T11:18:19.752220,MineFlow,0.0,0.0,0,0,Other,here is an example of the email
"When you return to the Portal, your model will appear there, marked as successfully trained:",p,https://mineflow.ai/docs,Mineflow,AI-driven mineral exploration.,['Documentation'],2024-11-21T11:18:19.752224,MineFlow,0.425,0.4939,0,0,Other,when you return to the portal your model will appear there marked as successfully trained
Generating predictions,h2,https://mineflow.ai/docs,Mineflow,AI-driven mineral exploration.,['Documentation'],2024-11-21T11:18:19.752227,MineFlow,0.0,0.0,0,0,Other,generating predictions
"Once we have created your model, the Mineflow team will create a project where you can see an image with location, shape and size of your model's predictions.",p,https://mineflow.ai/docs,Mineflow,AI-driven mineral exploration.,['Documentation'],2024-11-21T11:18:19.752232,MineFlow,0.0,0.4767,0,0,Other,once we have created your model the mineflow team will create a project where you can see an image with location shape and size of your models predictions
Navigate to the Portal to see your new project.,p,https://mineflow.ai/docs,Mineflow,AI-driven mineral exploration.,['Documentation'],2024-11-21T11:18:19.752236,MineFlow,0.13636363636363635,0.0,0,0,Other,navigate to the portal to see your new project
Clicking on your project will take you to a screen with a map on it that shows all of the data you uploaded:,p,https://mineflow.ai/docs,Mineflow,AI-driven mineral exploration.,['Documentation'],2024-11-21T11:18:19.752239,MineFlow,0.0,0.0,0,0,Other,clicking on your project will take you to a screen with a map on it that shows all of the data you uploaded
"Then, click the predict tab and choose the model that we just trained:",p,https://mineflow.ai/docs,Mineflow,AI-driven mineral exploration.,['Documentation'],2024-11-21T11:18:19.752242,MineFlow,0.0,0.0,0,0,Other,then click the predict tab and choose the model that we just trained
"Then, select the area you're interested in:",p,https://mineflow.ai/docs,Mineflow,AI-driven mineral exploration.,['Documentation'],2024-11-21T11:18:19.752244,MineFlow,0.25,0.4019,0,0,Other,then select the area youre interested in
"Press ""generate predictions"":",p,https://mineflow.ai/docs,Mineflow,AI-driven mineral exploration.,['Documentation'],2024-11-21T11:18:19.752247,MineFlow,0.0,0.0,0,0,Other,press generate predictions
"A few minutes (or hours depending on the size of the area) later, you'll get an email saying that your predictions are ready and when you return to the project, it will have generated both a 2D prospectivity map for that area as well as a 3D block model for that area.",p,https://mineflow.ai/docs,Mineflow,AI-driven mineral exploration.,['Documentation'],2024-11-21T11:18:19.752250,MineFlow,0.0,0.1779,0,0,Other,a few minutes or hours depending on the size of the area later youll get an email saying that your predictions are ready and when you return to the project it will have generated both a d prospectivity map for that area as well as a d block model for that area
Here is an example of what the 2D prospectivity map might look like:,p,https://mineflow.ai/docs,Mineflow,AI-driven mineral exploration.,['Documentation'],2024-11-21T11:18:19.752253,MineFlow,0.0,0.3612,0,0,Other,here is an example of what the d prospectivity map might look like
Here is an example of what a 3D block model might look like for a copper deposit. You can manipulate the 3D shape and adjust the visibility and transparency of each of the grades of copper.,p,https://mineflow.ai/docs,Mineflow,AI-driven mineral exploration.,['Documentation'],2024-11-21T11:18:19.752255,MineFlow,0.0,-0.1027,0,0,Other,here is an example of what a d block model might look like for a copper deposit you can manipulate the d shape and adjust the visibility and transparency of each of the grades of copper
The model can generate predictions for any mineral you want.,p,https://mineflow.ai/docs,Mineflow,AI-driven mineral exploration.,['Documentation'],2024-11-21T11:18:19.752259,MineFlow,0.0,0.0772,0,0,Other,the model can generate predictions for any mineral you want
"For instance, here is the software generating a block model for a gold deposit:",p,https://mineflow.ai/docs,Mineflow,AI-driven mineral exploration.,['Documentation'],2024-11-21T11:18:19.752261,MineFlow,0.0,-0.4404,0,0,Other,for instance here is the software generating a block model for a gold deposit
Video demo,h2,https://mineflow.ai/docs,Mineflow,AI-driven mineral exploration.,['Documentation'],2024-11-21T11:18:19.752264,MineFlow,0.0,0.0,0,0,Other,video demo
A video showing the site in use can be found here.,p,https://mineflow.ai/docs,Mineflow,AI-driven mineral exploration.,['Documentation'],2024-11-21T11:18:19.752267,MineFlow,0.0,0.0,0,0,Other,a video showing the site in use can be found here
Best practices,h2,https://mineflow.ai/docs,Mineflow,AI-driven mineral exploration.,['Documentation'],2024-11-21T11:18:19.752269,MineFlow,1.0,0.6369,0,0,Other,best practices
FAQ,h2,https://mineflow.ai/docs,Mineflow,AI-driven mineral exploration.,['Documentation'],2024-11-21T11:18:19.752272,MineFlow,0.0,0.0,0,0,Other,faq
How does Mineflow compare to existing solutions?,h3,https://mineflow.ai/docs,Mineflow,AI-driven mineral exploration.,['Documentation'],2024-11-21T11:18:19.752274,MineFlow,0.0,0.1779,0,0,Other,how does mineflow compare to existing solutions
"Traditional geological modeling software usually supports estimators like Radial Basis Function (RBF), Inverse Distance estimator and techniques like wireframing and kriging. These can be used to take drill data and make guesses about what the shape of the deposit might look like.",p,https://mineflow.ai/docs,Mineflow,AI-driven mineral exploration.,['Documentation'],2024-11-21T11:18:19.752278,MineFlow,-0.125,0.8402,1,1,Balanced,traditional geological modeling software usually supports estimators like radial basis function rbf inverse distance estimator and techniques like wireframing and kriging these can be used to take drill data and make guesses about what the shape of the deposit might look like
Here's how Mineflow differs:,p,https://mineflow.ai/docs,Mineflow,AI-driven mineral exploration.,['Documentation'],2024-11-21T11:18:19.752280,MineFlow,0.0,0.0,0,0,Other,heres how mineflow differs
"Comprehensive data integration: Our model incorporates all available data points from the site, not just drilling information, ensuring a more complete analysis. RBF/Inverse distance/others cannot support the complex, multimodal data you have collected on site (like individual rock samples and geochemical samples). All data types are supported by Mineflow. Mineflow generates predictions based on all of the data you have collected as long as it is georeferenced.",p,https://mineflow.ai/docs,Mineflow,AI-driven mineral exploration.,['Documentation'],2024-11-21T11:18:19.752284,MineFlow,0.10833333333333332,0.484,2,3,Value Proposition,comprehensive data integration our model incorporates all available data points from the site not just drilling information ensuring a more complete analysis rbfinverse distanceothers cannot support the complex multimodal data you have collected on site like individual rock samples and geochemical samples all data types are supported by mineflow mineflow generates predictions based on all of the data you have collected as long as it is georeferenced
"Cross-site learning: Mineflow allows you to leverage data from one site to inform exploration at another. If there is any similarity at all in the data collected at the two sites, Mineflow's neural net will find that correlation. RBF/Inverse distance/others are not able to learn how to make predictions based on multiple-sites worth of data.",p,https://mineflow.ai/docs,Mineflow,AI-driven mineral exploration.,['Documentation'],2024-11-21T11:18:19.752287,MineFlow,0.016666666666666663,0.4215,1,1,Balanced,crosssite learning mineflow allows you to leverage data from one site to inform exploration at another if there is any similarity at all in the data collected at the two sites mineflows neural net will find that correlation rbfinverse distanceothers are not able to learn how to make predictions based on multiplesites worth of data
"Advanced pattern recognition: Mineflow uses deep learning-based AI and sophisticated machine learning algorithms to understand complex, non-linear relationships between multiple samples even if they are not close to each other on a map. RBF/Inverse distance/others are just functions that find lines between points, so they are not able to do this.",p,https://mineflow.ai/docs,Mineflow,AI-driven mineral exploration.,['Documentation'],2024-11-21T11:18:19.752290,MineFlow,0.032142857142857154,0.6808,0,1,Value Proposition,advanced pattern recognition mineflow uses deep learningbased ai and sophisticated machine learning algorithms to understand complex nonlinear relationships between multiple samples even if they are not close to each other on a map rbfinverse distanceothers are just functions that find lines between points so they are not able to do this
"Identify missed deposits: Because RBF/Inverse distance/others just find lines between data points, if there is a second deposit that is close by that you haven't directly intersected with, RBF and Inverse Distance will never find it. Mineflow will likely find it.",p,https://mineflow.ai/docs,Mineflow,AI-driven mineral exploration.,['Documentation'],2024-11-21T11:18:19.752293,MineFlow,0.03333333333333333,-0.296,1,1,Balanced,identify missed deposits because rbfinverse distanceothers just find lines between data points if there is a second deposit that is close by that you havent directly intersected with rbf and inverse distance will never find it mineflow will likely find it
Why is Mineflow better than joint inversion models?,h3,https://mineflow.ai/docs,Mineflow,AI-driven mineral exploration.,['Documentation'],2024-11-21T11:18:19.752295,MineFlow,0.5,0.4404,0,0,Other,why is mineflow better than joint inversion models
Why are few assumptions good?,h3,https://mineflow.ai/docs,Mineflow,AI-driven mineral exploration.,['Documentation'],2024-11-21T11:18:19.752298,MineFlow,0.24999999999999997,0.4404,0,0,Other,why are few assumptions good
"Humans have developed an strong understanding of geology and with it, powerful abstractions for how rock structures tend to form and correlate with one another. This leads to new mineral discoveries and scientific achievements regularly.",p,https://mineflow.ai/docs,Mineflow,AI-driven mineral exploration.,['Documentation'],2024-11-21T11:18:19.752301,MineFlow,0.1939393939393939,0.7269,1,2,Value Proposition,humans have developed an strong understanding of geology and with it powerful abstractions for how rock structures tend to form and correlate with one another this leads to new mineral discoveries and scientific achievements regularly
"That said, when you consider any field from a computational perspective, trying to program human intuition into your model of how systems work is difficult and often misguided. When we look at the history of computational models, we find that those that excel are big and generalizable--that is, they take in a massive amount of data and they have few assumptions hard-coded into how they handle that data. The field of mineral exploration is well-poised to take advantage of the explosion of publicly available data on the natural world. From academic datasets to satellite APIs and published 43-101s, the internet is full of data that we combine with the power of AI to better predict what is underground.",p,https://mineflow.ai/docs,Mineflow,AI-driven mineral exploration.,['Documentation'],2024-11-21T11:18:19.752306,MineFlow,0.065,0.8316,3,3,Balanced,that said when you consider any field from a computational perspective trying to program human intuition into your model of how systems work is difficult and often misguided when we look at the history of computational models we find that those that excel are big and generalizablethat is they take in a massive amount of data and they have few assumptions hardcoded into how they handle that data the field of mineral exploration is wellpoised to take advantage of the explosion of publicly available data on the natural world from academic datasets to satellite apis and published s the internet is full of data that we combine with the power of ai to better predict what is underground
Mineflow,p,https://mineflow.ai/pricing,Mineflow,AI-driven mineral exploration.,"['Pricing', 'Get unlimited access.']",2024-11-21T11:18:19.935326,MineFlow,0.0,0.0,0,0,Other,mineflow
Pricing,h1,https://mineflow.ai/pricing,Mineflow,AI-driven mineral exploration.,"['Pricing', 'Get unlimited access.']",2024-11-21T11:18:19.935334,MineFlow,0.0,0.0,0,0,Other,pricing
Get unlimited access.,h1,https://mineflow.ai/pricing,Mineflow,AI-driven mineral exploration.,"['Pricing', 'Get unlimited access.']",2024-11-21T11:18:19.935335,MineFlow,0.0,0.0,0,0,Other,get unlimited access
Discover the ideal plan for your exploration team.,h2,https://mineflow.ai/pricing,Mineflow,AI-driven mineral exploration.,"['Pricing', 'Get unlimited access.']",2024-11-21T11:18:19.935337,MineFlow,0.9,0.6486,1,1,Balanced,discover the ideal plan for your exploration team
Pro,h2,https://mineflow.ai/pricing,Mineflow,AI-driven mineral exploration.,"['Pricing', 'Get unlimited access.']",2024-11-21T11:18:19.935338,MineFlow,0.0,0.0,0,0,Other,pro
For teams of 1-25 geologists.,p,https://mineflow.ai/pricing,Mineflow,AI-driven mineral exploration.,"['Pricing', 'Get unlimited access.']",2024-11-21T11:18:19.935340,MineFlow,0.0,0.0,0,0,Other,for teams of geologists
Unlimited data uploads and model retrains,p,https://mineflow.ai/pricing,Mineflow,AI-driven mineral exploration.,"['Pricing', 'Get unlimited access.']",2024-11-21T11:18:19.935342,MineFlow,0.0,0.0,0,0,Other,unlimited data uploads and model retrains
Unlimited predictions,p,https://mineflow.ai/pricing,Mineflow,AI-driven mineral exploration.,"['Pricing', 'Get unlimited access.']",2024-11-21T11:18:19.935343,MineFlow,0.0,0.0,0,0,Other,unlimited predictions
Unlimited projects,p,https://mineflow.ai/pricing,Mineflow,AI-driven mineral exploration.,"['Pricing', 'Get unlimited access.']",2024-11-21T11:18:19.935345,MineFlow,0.0,0.0,0,0,Other,unlimited projects
Access your predictions in perpetuity,p,https://mineflow.ai/pricing,Mineflow,AI-driven mineral exploration.,"['Pricing', 'Get unlimited access.']",2024-11-21T11:18:19.935346,MineFlow,0.0,0.0,0,0,Other,access your predictions in perpetuity
1TB of storage,p,https://mineflow.ai/pricing,Mineflow,AI-driven mineral exploration.,"['Pricing', 'Get unlimited access.']",2024-11-21T11:18:19.935347,MineFlow,0.0,0.0,0,0,Other,tb of storage
24/7 customer support,p,https://mineflow.ai/pricing,Mineflow,AI-driven mineral exploration.,"['Pricing', 'Get unlimited access.']",2024-11-21T11:18:19.935349,MineFlow,0.0,0.4019,0,0,Other,customer support
Finding the materials of the future with AI and HI.,h1,https://www.koboldmetals.com/,"
    KoBold Metals  ",,['Finding the materials of the future with AI and HI.'],2024-11-21T11:18:23.470630,KoBold,0.0,0.0,0,0,Other,finding the materials of the future with ai and hi
What we do,h2,https://www.koboldmetals.com/,"
    KoBold Metals  ",,['Finding the materials of the future with AI and HI.'],2024-11-21T11:18:23.470643,KoBold,0.0,0.0,0,0,Other,what we do
KoBold invests over $60 million annually across our 60+ projects on 4 continents. KoBold also leads the world’s largest exploration R&D effort to advance the frontier of exploration technology with AI and novel hardware.,p,https://www.koboldmetals.com/,"
    KoBold Metals  ",,['Finding the materials of the future with AI and HI.'],2024-11-21T11:18:23.470644,KoBold,0.0,0.6249,2,2,Balanced,kobold invests over million annually across our projects on continents kobold also leads the worlds largest exploration rd effort to advance the frontier of exploration technology with ai and novel hardware
Multidisciplinary Science,h2,https://www.koboldmetals.com/,"
    KoBold Metals  ",,['Finding the materials of the future with AI and HI.'],2024-11-21T11:18:23.470646,KoBold,0.0,0.0,0,0,Other,multidisciplinary science
Turning mineral exploration into a repeatable science with 3 ingredients,h3,https://www.koboldmetals.com/,"
    KoBold Metals  ",,['Finding the materials of the future with AI and HI.'],2024-11-21T11:18:23.470647,KoBold,0.0,0.2263,1,1,Balanced,turning mineral exploration into a repeatable science with ingredients
01,h3,https://www.koboldmetals.com/,"
    KoBold Metals  ",,['Finding the materials of the future with AI and HI.'],2024-11-21T11:18:23.470648,KoBold,0.0,0.0,0,0,Other,
Our geoscience leads have been a part of the most significant discoveries of the last generation,p,https://www.koboldmetals.com/,"
    KoBold Metals  ",,['Finding the materials of the future with AI and HI.'],2024-11-21T11:18:23.470650,KoBold,0.2916666666666667,0.2716,0,0,Other,our geoscience leads have been a part of the most significant discoveries of the last generation
01,h3,https://www.koboldmetals.com/,"
    KoBold Metals  ",,['Finding the materials of the future with AI and HI.'],2024-11-21T11:18:23.470651,KoBold,0.0,0.0,0,0,Other,
Our geoscience leads have been a part of the most significant discoveries of the last generation,p,https://www.koboldmetals.com/,"
    KoBold Metals  ",,['Finding the materials of the future with AI and HI.'],2024-11-21T11:18:23.470652,KoBold,0.2916666666666667,0.2716,0,0,Other,our geoscience leads have been a part of the most significant discoveries of the last generation
02,h3,https://www.koboldmetals.com/,"
    KoBold Metals  ",,['Finding the materials of the future with AI and HI.'],2024-11-21T11:18:23.470654,KoBold,0.0,0.0,0,0,Other,
KoBold invests substantially in aggregating all available information about the physics and chemistry of the Earth’s crust,p,https://www.koboldmetals.com/,"
    KoBold Metals  ",,['Finding the materials of the future with AI and HI.'],2024-11-21T11:18:23.470655,KoBold,0.4,0.0,0,0,Other,kobold invests substantially in aggregating all available information about the physics and chemistry of the earths crust
02,h3,https://www.koboldmetals.com/,"
    KoBold Metals  ",,['Finding the materials of the future with AI and HI.'],2024-11-21T11:18:23.470656,KoBold,0.0,0.0,0,0,Other,
KoBold invests substantially in aggregating all available information about the physics and chemistry of the Earth’s crust,p,https://www.koboldmetals.com/,"
    KoBold Metals  ",,['Finding the materials of the future with AI and HI.'],2024-11-21T11:18:23.470658,KoBold,0.4,0.0,0,0,Other,kobold invests substantially in aggregating all available information about the physics and chemistry of the earths crust
03,h3,https://www.koboldmetals.com/,"
    KoBold Metals  ",,['Finding the materials of the future with AI and HI.'],2024-11-21T11:18:23.470659,KoBold,0.0,0.0,0,0,Other,
"Our proprietary AI tools build on a concept we call Efficacy of Information (EOI), enabling KoBold to determine which data to collect at each exploration step to maximize uncertainty reduction",p,https://www.koboldmetals.com/,"
    KoBold Metals  ",,['Finding the materials of the future with AI and HI.'],2024-11-21T11:18:23.470661,KoBold,0.0,-0.128,1,1,Balanced,our proprietary ai tools build on a concept we call efficacy of information eoi enabling kobold to determine which data to collect at each exploration step to maximize uncertainty reduction
03,h3,https://www.koboldmetals.com/,"
    KoBold Metals  ",,['Finding the materials of the future with AI and HI.'],2024-11-21T11:18:23.470662,KoBold,0.0,0.0,0,0,Other,
"Our proprietary AI tools build on a concept we call Efficacy of Information (EOI), enabling KoBold to determine which data to collect at each exploration step to maximize uncertainty reduction",p,https://www.koboldmetals.com/,"
    KoBold Metals  ",,['Finding the materials of the future with AI and HI.'],2024-11-21T11:18:23.470663,KoBold,0.0,-0.128,1,1,Balanced,our proprietary ai tools build on a concept we call efficacy of information eoi enabling kobold to determine which data to collect at each exploration step to maximize uncertainty reduction
Our multidisciplinary approach is turning mineral exploration into a science.,h2,https://www.koboldmetals.com/,"
    KoBold Metals  ",,['Finding the materials of the future with AI and HI.'],2024-11-21T11:18:23.470664,KoBold,0.0,0.2263,1,1,Balanced,our multidisciplinary approach is turning mineral exploration into a science
See How it Works,p,https://www.koboldmetals.com/,"
    KoBold Metals  ",,['Finding the materials of the future with AI and HI.'],2024-11-21T11:18:23.470666,KoBold,0.0,0.0,0,0,Other,see how it works
The mineral exploration industry has an information problem.,h3,https://www.koboldmetals.com/,"
    KoBold Metals  ",,['Finding the materials of the future with AI and HI.'],2024-11-21T11:18:23.470667,KoBold,0.0,-0.2023,1,1,Balanced,the mineral exploration industry has an information problem
"There are far too many variables, and too few reliable data sources. Discoveries to date often rely on incomplete data, intuition, and luck. We simply don’t know enough, and the cost of exploration is too high.

While the majority of easy-to-find deposits have already been discovered, the mineral deposits of the future will be found deep underground. Uncovering them requires a different approach to exploration.",p,https://www.koboldmetals.com/,"
    KoBold Metals  ",,['Finding the materials of the future with AI and HI.'],2024-11-21T11:18:23.470670,KoBold,0.062222222222222213,0.7003,4,5,Value Proposition,there are far too many variables and too few reliable data sources discoveries to date often rely on incomplete data intuition and luck we simply dont know enough and the cost of exploration is too high while the majority of easytofind deposits have already been discovered the mineral deposits of the future will be found deep underground uncovering them requires a different approach to exploration
Making exploration a repeatable science,h3,https://www.koboldmetals.com/,"
    KoBold Metals  ",,['Finding the materials of the future with AI and HI.'],2024-11-21T11:18:23.470671,KoBold,0.0,0.2263,1,1,Balanced,making exploration a repeatable science
"KoBold’s approach is more than a process. It’s a philosophy. Instead of gathering what data we can and attempting to draw conclusions from that alone, we focus on the level of uncertainty we have about any given information problem. By quantifying our uncertainty, and focusing our efforts on reducing that uncertainty, we turn the inefficient business of exploration into a repeatable, efficient, and extensible science. We call this the Epistemology of Exploration, and it’s the guiding force behind all our work.",p,https://www.koboldmetals.com/,"
    KoBold Metals  ",,['Finding the materials of the future with AI and HI.'],2024-11-21T11:18:23.470672,KoBold,0.04999999999999999,-0.6486,2,3,Value Proposition,kobolds approach is more than a process its a philosophy instead of gathering what data we can and attempting to draw conclusions from that alone we focus on the level of uncertainty we have about any given information problem by quantifying our uncertainty and focusing our efforts on reducing that uncertainty we turn the inefficient business of exploration into a repeatable efficient and extensible science we call this the epistemology of exploration and its the guiding force behind all our work
Organizing,h3,https://www.koboldmetals.com/,"
    KoBold Metals  ",,['Finding the materials of the future with AI and HI.'],2024-11-21T11:18:23.470674,KoBold,0.0,0.0,0,0,Other,organizing
"The staggering amount data needed to make successful discoveries is a huge problem of organization, categorization, and accessibility. The data in many cases is fragmented, inconsistent, and incompatible.

We’ve created TerraShed, a proprietary data system specifically designed to store and facilitate organized access to global geoscience information. Our platform allows our teams to efficiently input diverse types of structured and unstructured geophysical data, and quickly processes, standardizes, and quality tests the data sources. This extensive repository makes information available to KoBold scientists for visualization, machine learning, and various scientific computing purposes.",p,https://www.koboldmetals.com/,"
    KoBold Metals  ",,['Finding the materials of the future with AI and HI.'],2024-11-21T11:18:23.470676,KoBold,0.29791666666666666,0.7964,2,2,Balanced,the staggering amount data needed to make successful discoveries is a huge problem of organization categorization and accessibility the data in many cases is fragmented inconsistent and incompatible weve created terrashed a proprietary data system specifically designed to store and facilitate organized access to global geoscience information our platform allows our teams to efficiently input diverse types of structured and unstructured geophysical data and quickly processes standardizes and quality tests the data sources this extensive repository makes information available to kobold scientists for visualization machine learning and various scientific computing purposes
Reducing uncertainties and guiding decisions.,h3,https://www.koboldmetals.com/,"
    KoBold Metals  ",,['Finding the materials of the future with AI and HI.'],2024-11-21T11:18:23.470677,KoBold,0.0,-0.34,0,0,Other,reducing uncertainties and guiding decisions
"Once robust, easily accessible data is available, the challenge shifts to utilizing that information effectively for informed exploration and development decisions. This process requires thorough examination and comparison of the data in numerous targeted ways to minimize uncertainties.

To do this, we developed Machine Prospector®, a continually evolving system comprising a growing repository of proprietary machine learning, data processing, and artificial intelligence modules. KoBold scientists use this suite of tools in various combinations to assess prospects and guide decisions at a global scale.",p,https://www.koboldmetals.com/,"
    KoBold Metals  ",,['Finding the materials of the future with AI and HI.'],2024-11-21T11:18:23.470679,KoBold,0.10937500000000001,0.91,2,3,Value Proposition,once robust easily accessible data is available the challenge shifts to utilizing that information effectively for informed exploration and development decisions this process requires thorough examination and comparison of the data in numerous targeted ways to minimize uncertainties to do this we developed machine prospector a continually evolving system comprising a growing repository of proprietary machine learning data processing and artificial intelligence modules kobold scientists use this suite of tools in various combinations to assess prospects and guide decisions at a global scale
Leveraging real-time insights to  constantly improve.,h3,https://www.koboldmetals.com/,"
    KoBold Metals  ",,['Finding the materials of the future with AI and HI.'],2024-11-21T11:18:23.470681,KoBold,0.0,0.4404,0,0,Other,leveraging realtime insights to constantly improve
"This innovative approach to exploration means our scientists can leverage continuously improving data and tools, enabling better decision-making. Those decisions can be more efficiently tested in the field — from identifying better exploration sites to increase understanding, to targeting the optimal drill hole — results can be returned, analyzed, and acted on faster than ever before.

As KoBold's work progresses, our systems continue to strengthen and evolve, with each iteration building upon the previous one. With this scientific approach, KoBold accelerates the pace of exploration and establishes a new standard for the industry.",p,https://www.koboldmetals.com/,"
    KoBold Metals  ",,['Finding the materials of the future with AI and HI.'],2024-11-21T11:18:23.470682,KoBold,0.2813852813852814,0.9729,3,4,Value Proposition,this innovative approach to exploration means our scientists can leverage continuously improving data and tools enabling better decisionmaking those decisions can be more efficiently tested in the field from identifying better exploration sites to increase understanding to targeting the optimal drill hole results can be returned analyzed and acted on faster than ever before as kobolds work progresses our systems continue to strengthen and evolve with each iteration building upon the previous one with this scientific approach kobold accelerates the pace of exploration and establishes a new standard for the industry
Our Work,h2,https://www.koboldmetals.com/,"
    KoBold Metals  ",,['Finding the materials of the future with AI and HI.'],2024-11-21T11:18:23.470684,KoBold,0.0,0.0,0,0,Other,our work
KoBold is exploring 60+ projects across the globe,h3,https://www.koboldmetals.com/,"
    KoBold Metals  ",,['Finding the materials of the future with AI and HI.'],2024-11-21T11:18:23.470685,KoBold,0.0,0.0,0,0,Other,kobold is exploring projects across the globe
"KoBold is building the world's largest collection of geoscience information. Using AI systems, KoBold interrogates that data to model the sub-surface in the most statistically valid manner ever.",p,https://www.koboldmetals.com/,"
    KoBold Metals  ",,['Finding the materials of the future with AI and HI.'],2024-11-21T11:18:23.470686,KoBold,0.5,0.0,0,0,Other,kobold is building the worlds largest collection of geoscience information using ai systems kobold interrogates that data to model the subsurface in the most statistically valid manner ever
"At KoBold, Ethics come first.",h2,https://www.koboldmetals.com/,"
    KoBold Metals  ",,['Finding the materials of the future with AI and HI.'],2024-11-21T11:18:23.470688,KoBold,0.25,0.0,0,0,Other,at kobold ethics come first
"In all aspects of our business, we aim to meet the highest standards of safety, integrity, and respect for people and the environment.",p,https://www.koboldmetals.com/,"
    KoBold Metals  ",,['Finding the materials of the future with AI and HI.'],2024-11-21T11:18:23.470689,KoBold,0.0,0.8176,0,0,Other,in all aspects of our business we aim to meet the highest standards of safety integrity and respect for people and the environment
"Watch KoBold CEO, Kurt House discuss our work in Canada for NBC Nightly News.",h2,https://www.koboldmetals.com/,"
    KoBold Metals  ",,['Finding the materials of the future with AI and HI.'],2024-11-21T11:18:23.470690,KoBold,0.0,0.0,0,0,Other,watch kobold ceo kurt house discuss our work in canada for nbc nightly news
Help us accelerate the future of mineral exploration.,h2,https://www.koboldmetals.com/,"
    KoBold Metals  ",,['Finding the materials of the future with AI and HI.'],2024-11-21T11:18:23.470692,KoBold,0.0,0.5574,1,1,Balanced,help us accelerate the future of mineral exploration
Investor Spotlight,h2,https://www.koboldmetals.com/,"
    KoBold Metals  ",,['Finding the materials of the future with AI and HI.'],2024-11-21T11:18:23.470693,KoBold,0.0,0.0,0,0,Other,investor spotlight
Backed by world class investors.,h3,https://www.koboldmetals.com/,"
    KoBold Metals  ",,['Finding the materials of the future with AI and HI.'],2024-11-21T11:18:23.470694,KoBold,0.0,0.0258,0,0,Other,backed by world class investors
KoBold Metals® is privately held and backed by long-term investors committed to the discovery and development of new battery metal resources.,p,https://www.koboldmetals.com/,"
    KoBold Metals  ",,['Finding the materials of the future with AI and HI.'],2024-11-21T11:18:23.470696,KoBold,0.06818181818181818,0.296,0,0,Other,kobold metals is privately held and backed by longterm investors committed to the discovery and development of new battery metal resources
Exploration Partners,h2,https://www.koboldmetals.com/,"
    KoBold Metals  ",,['Finding the materials of the future with AI and HI.'],2024-11-21T11:18:23.470697,KoBold,0.0,0.2263,1,1,Balanced,exploration partners
Fill out the Prospect Registration with your company and mineral license number to work with us.,p,https://www.koboldmetals.com/,"
    KoBold Metals  ",,['Finding the materials of the future with AI and HI.'],2024-11-21T11:18:23.470699,KoBold,0.0,0.3612,0,0,Other,fill out the prospect registration with your company and mineral license number to work with us
© 2024 KoBold Metals,p,https://www.koboldmetals.com/,"
    KoBold Metals  ",,['Finding the materials of the future with AI and HI.'],2024-11-21T11:18:23.470700,KoBold,0.0,0.0,0,0,Other,kobold metals
"KoBold brings cash, world-leading experts, and our exploration AI to every joint-venture project.",h1,https://www.koboldmetals.com/partnership,"
    Partnership  –    ",,"['KoBold brings cash, world-leading experts, and our exploration AI to every joint-venture project.']",2024-11-21T11:18:23.631796,KoBold,0.0,0.2263,1,2,Value Proposition,kobold brings cash worldleading experts and our exploration ai to every jointventure project
"KoBold doesn’t sell or license our technology.  However, our Joint-Venture partners and Exploration-Alliance partners directly benefit as we deploy our technology to guide exploration decisions on our jointly-owned projects.",h2,https://www.koboldmetals.com/partnership,"
    Partnership  –    ",,"['KoBold brings cash, world-leading experts, and our exploration AI to every joint-venture project.']",2024-11-21T11:18:23.631804,KoBold,0.1,0.5994,2,2,Balanced,kobold doesnt sell or license our technology however our jointventure partners and explorationalliance partners directly benefit as we deploy our technology to guide exploration decisions on our jointlyowned projects
We’re constantly searching for great new investments to make and new joint-venture partnerships to form.,h2,https://www.koboldmetals.com/partnership,"
    Partnership  –    ",,"['KoBold brings cash, world-leading experts, and our exploration AI to every joint-venture project.']",2024-11-21T11:18:23.631806,KoBold,0.2681818181818182,0.6249,0,0,Other,were constantly searching for great new investments to make and new jointventure partnerships to form
By the numbers,h2,https://www.koboldmetals.com/partnership,"
    Partnership  –    ",,"['KoBold brings cash, world-leading experts, and our exploration AI to every joint-venture project.']",2024-11-21T11:18:23.631807,KoBold,0.0,0.0,0,0,Other,by the numbers
Exploration as a science and at a global scale.,h3,https://www.koboldmetals.com/partnership,"
    Partnership  –    ",,"['KoBold brings cash, world-leading experts, and our exploration AI to every joint-venture project.']",2024-11-21T11:18:23.631808,KoBold,0.0,0.2263,1,1,Balanced,exploration as a science and at a global scale
"KoBold is making exploration a repeatable science through comprehensive data aggregation, geoscience excellence, and artificial intelligence. We deploy the world’s largest R&D budget dedicated to the search for scarce battery metals.",p,https://www.koboldmetals.com/partnership,"
    Partnership  –    ",,"['KoBold brings cash, world-leading experts, and our exploration AI to every joint-venture project.']",2024-11-21T11:18:23.631810,KoBold,-0.6,0.9201,1,2,Value Proposition,kobold is making exploration a repeatable science through comprehensive data aggregation geoscience excellence and artificial intelligence we deploy the worlds largest rd budget dedicated to the search for scarce battery metals
>,p,https://www.koboldmetals.com/partnership,"
    Partnership  –    ",,"['KoBold brings cash, world-leading experts, and our exploration AI to every joint-venture project.']",2024-11-21T11:18:23.631811,KoBold,0.0,0.0,0,0,Other,
100,p,https://www.koboldmetals.com/partnership,"
    Partnership  –    ",,"['KoBold brings cash, world-leading experts, and our exploration AI to every joint-venture project.']",2024-11-21T11:18:23.631812,KoBold,0.0,0.0,0,0,Other,
Scientists working collaboratively.,h2,https://www.koboldmetals.com/partnership,"
    Partnership  –    ",,"['KoBold brings cash, world-leading experts, and our exploration AI to every joint-venture project.']",2024-11-21T11:18:23.631814,KoBold,0.0,0.0,0,0,Other,scientists working collaboratively
"Including alumni from Google, NASA, Exxon, BHP, Apple, BarrickGold, Meta, Ivanhoe, Falconbridge, Vale, Rio Tinto, SilaNano, etc.",p,https://www.koboldmetals.com/partnership,"
    Partnership  –    ",,"['KoBold brings cash, world-leading experts, and our exploration AI to every joint-venture project.']",2024-11-21T11:18:23.631815,KoBold,0.0,0.0,0,0,Other,including alumni from google nasa exxon bhp apple barrickgold meta ivanhoe falconbridge vale rio tinto silanano etc
>,p,https://www.koboldmetals.com/partnership,"
    Partnership  –    ",,"['KoBold brings cash, world-leading experts, and our exploration AI to every joint-venture project.']",2024-11-21T11:18:23.631816,KoBold,0.0,0.0,0,0,Other,
60,p,https://www.koboldmetals.com/partnership,"
    Partnership  –    ",,"['KoBold brings cash, world-leading experts, and our exploration AI to every joint-venture project.']",2024-11-21T11:18:23.631817,KoBold,0.0,0.0,0,0,Other,
Exploration projects across 4 continents.,h2,https://www.koboldmetals.com/partnership,"
    Partnership  –    ",,"['KoBold brings cash, world-leading experts, and our exploration AI to every joint-venture project.']",2024-11-21T11:18:23.631819,KoBold,0.0,0.2263,1,1,Balanced,exploration projects across continents
We deploy the world’s largest R&D budget dedicated to the search for scarce battery metals.,p,https://www.koboldmetals.com/partnership,"
    Partnership  –    ",,"['KoBold brings cash, world-leading experts, and our exploration AI to every joint-venture project.']",2024-11-21T11:18:23.631820,KoBold,0.0,0.4588,0,0,Other,we deploy the worlds largest rd budget dedicated to the search for scarce battery metals
~,p,https://www.koboldmetals.com/partnership,"
    Partnership  –    ",,"['KoBold brings cash, world-leading experts, and our exploration AI to every joint-venture project.']",2024-11-21T11:18:23.631821,KoBold,0.0,0.0,0,0,Other,
$100,p,https://www.koboldmetals.com/partnership,"
    Partnership  –    ",,"['KoBold brings cash, world-leading experts, and our exploration AI to every joint-venture project.']",2024-11-21T11:18:23.631822,KoBold,0.0,0.0,0,0,Other,
million,p,https://www.koboldmetals.com/partnership,"
    Partnership  –    ",,"['KoBold brings cash, world-leading experts, and our exploration AI to every joint-venture project.']",2024-11-21T11:18:23.631823,KoBold,0.0,0.0,0,0,Other,million
Spent in exploration and R&D in 2023 alone.,h2,https://www.koboldmetals.com/partnership,"
    Partnership  –    ",,"['KoBold brings cash, world-leading experts, and our exploration AI to every joint-venture project.']",2024-11-21T11:18:23.631825,KoBold,-0.1,-0.0258,1,1,Balanced,spent in exploration and rd in alone
"Using artificial intelligence and cutting edge technology, we can model the sub-surface and explore at depths and in ways beyond the reach of conventional techniques.",p,https://www.koboldmetals.com/partnership,"
    Partnership  –    ",,"['KoBold brings cash, world-leading experts, and our exploration AI to every joint-venture project.']",2024-11-21T11:18:23.631826,KoBold,-0.4476190476190476,0.4019,0,0,Other,using artificial intelligence and cutting edge technology we can model the subsurface and explore at depths and in ways beyond the reach of conventional techniques
The easy-to-find minerals have already been discovered.,h2,https://www.koboldmetals.com/partnership,"
    Partnership  –    ",,"['KoBold brings cash, world-leading experts, and our exploration AI to every joint-venture project.']",2024-11-21T11:18:23.631827,KoBold,0.0,0.0,0,0,Other,the easytofind minerals have already been discovered
"Over 99% of conventional exploration projects fail to become mines. Over the past 30 years, success rates have plummeted, while costs have risen. Finding new deposits requires the ability to peer into the Earth’s subsurface in innovative ways.",p,https://www.koboldmetals.com/partnership,"
    Partnership  –    ",,"['KoBold brings cash, world-leading experts, and our exploration AI to every joint-venture project.']",2024-11-21T11:18:23.631828,KoBold,0.007251082251082268,0.743,3,4,Value Proposition,over of conventional exploration projects fail to become mines over the past years success rates have plummeted while costs have risen finding new deposits requires the ability to peer into the earths subsurface in innovative ways
Kobold at work,h2,https://www.koboldmetals.com/partnership,"
    Partnership  –    ",,"['KoBold brings cash, world-leading experts, and our exploration AI to every joint-venture project.']",2024-11-21T11:18:23.631830,KoBold,0.0,0.0,0,0,Other,kobold at work
Working in the world’s premier mining districts.,h3,https://www.koboldmetals.com/partnership,"
    Partnership  –    ",,"['KoBold brings cash, world-leading experts, and our exploration AI to every joint-venture project.']",2024-11-21T11:18:23.631831,KoBold,0.0,0.0,0,0,Other,working in the worlds premier mining districts
"With over 60 active projects across three continents, KoBold employs international and local talent to explore for minerals  in some of the world’s most challenging terrain.",p,https://www.koboldmetals.com/partnership,"
    Partnership  –    ",,"['KoBold brings cash, world-leading experts, and our exploration AI to every joint-venture project.']",2024-11-21T11:18:23.631835,KoBold,0.17333333333333334,0.7501,0,0,Other,with over active projects across three continents kobold employs international and local talent to explore for minerals in some of the worlds most challenging terrain
Project Spotlight,h2,https://www.koboldmetals.com/partnership,"
    Partnership  –    ",,"['KoBold brings cash, world-leading experts, and our exploration AI to every joint-venture project.']",2024-11-21T11:18:23.631836,KoBold,0.0,0.0,0,0,Other,project spotlight
What it looks like on the ground.,h3,https://www.koboldmetals.com/partnership,"
    Partnership  –    ",,"['KoBold brings cash, world-leading experts, and our exploration AI to every joint-venture project.']",2024-11-21T11:18:23.631840,KoBold,0.0,0.3612,0,0,Other,what it looks like on the ground
"""KoBold invests $100 million a year in our exploration prospects.""",p,https://www.koboldmetals.com/partnership,"
    Partnership  –    ",,"['KoBold brings cash, world-leading experts, and our exploration AI to every joint-venture project.']",2024-11-21T11:18:23.631842,KoBold,0.0,0.2263,1,1,Balanced,kobold invests million a year in our exploration prospects
Real-time Advantage,h2,https://www.koboldmetals.com/partnership,"
    Partnership  –    ",,"['KoBold brings cash, world-leading experts, and our exploration AI to every joint-venture project.']",2024-11-21T11:18:23.631843,KoBold,0.0,0.25,0,0,Other,realtime advantage
Partnering with KoBold gives you access to AI systems no other company has.,h3,https://www.koboldmetals.com/partnership,"
    Partnership  –    ",,"['KoBold brings cash, world-leading experts, and our exploration AI to every joint-venture project.']",2024-11-21T11:18:23.631844,KoBold,0.0625,-0.296,0,0,Other,partnering with kobold gives you access to ai systems no other company has
"KoBold’s AI enables us to collect the most useful new information and process that data at a continental scale. Geoscientists collect new field data, which data scientists use to re-train models enabling near-real time updates to sub-surface predictions.",p,https://www.koboldmetals.com/partnership,"
    Partnership  –    ",,"['KoBold brings cash, world-leading experts, and our exploration AI to every joint-venture project.']",2024-11-21T11:18:23.631845,KoBold,0.2681818181818182,0.4927,0,0,Other,kobolds ai enables us to collect the most useful new information and process that data at a continental scale geoscientists collect new field data which data scientists use to retrain models enabling nearreal time updates to subsurface predictions
Our AI interrogates all manner of geoscience data to find new opportunities and guide decisions based on rigorous statistics.,h2,https://www.koboldmetals.com/partnership,"
    Partnership  –    ",,"['KoBold brings cash, world-leading experts, and our exploration AI to every joint-venture project.']",2024-11-21T11:18:23.631847,KoBold,0.13636363636363635,0.128,0,0,Other,our ai interrogates all manner of geoscience data to find new opportunities and guide decisions based on rigorous statistics
"We use machine learning to interrogate this data to find new opportunities and guide decisions based on meticulous statistics. Our approach enables prospects to be assessed more rapidly and with greater accuracy. This saves time, money, and resources and reduces the environmental impact. We partner at all stages of the process.",p,https://www.koboldmetals.com/partnership,"
    Partnership  –    ",,"['KoBold brings cash, world-leading experts, and our exploration AI to every joint-venture project.']",2024-11-21T11:18:23.631848,KoBold,0.37878787878787873,0.743,0,1,Value Proposition,we use machine learning to interrogate this data to find new opportunities and guide decisions based on meticulous statistics our approach enables prospects to be assessed more rapidly and with greater accuracy this saves time money and resources and reduces the environmental impact we partner at all stages of the process
© 2024 KoBold Metals,p,https://www.koboldmetals.com/partnership,"
    Partnership  –    ",,"['KoBold brings cash, world-leading experts, and our exploration AI to every joint-venture project.']",2024-11-21T11:18:23.631849,KoBold,0.0,0.0,0,0,Other,kobold metals
Learn more about our efforts in action.,h1,https://www.koboldmetals.com/news,"
    News  –    ",,['Learn more about our efforts in action.'],2024-11-21T11:18:23.732850,KoBold,0.3,0.0,0,0,Other,learn more about our efforts in action
01,p,https://www.koboldmetals.com/news,"
    News  –    ",,['Learn more about our efforts in action.'],2024-11-21T11:18:23.732858,KoBold,0.0,0.0,0,0,Other,
KoBold at SEG 2024 (Video Highlights),h2,https://www.koboldmetals.com/news,"
    News  –    ",,['Learn more about our efforts in action.'],2024-11-21T11:18:23.732860,KoBold,0.0,0.0,0,0,Other,kobold at seg video highlights
"Join global CEO Kurt House and Africa CEO Mfikeyi Makayi in these videos highlighting their recap of SEG 2024 in Namibia, and what KoBold does differently in the mining industry!",p,https://www.koboldmetals.com/news,"
    News  –    ",,['Learn more about our efforts in action.'],2024-11-21T11:18:23.732861,KoBold,0.0,0.3595,0,0,Other,join global ceo kurt house and africa ceo mfikeyi makayi in these videos highlighting their recap of seg in namibia and what kobold does differently in the mining industry
02,p,https://www.koboldmetals.com/news,"
    News  –    ",,['Learn more about our efforts in action.'],2024-11-21T11:18:23.732862,KoBold,0.0,0.0,0,0,Other,
Disrupted: AI needs metals - but can it help find them? | REUTERS,h2,https://www.koboldmetals.com/news,"
    News  –    ",,['Learn more about our efforts in action.'],2024-11-21T11:18:23.732864,KoBold,0.0,0.5499,0,0,Other,disrupted ai needs metals but can it help find them reuters
The boom in artificial intelligence requires huge numbers of data centers and building them will use millions of tons of copper. Josh Goldman of KoBold Metals explains how his company is using AI to help find metal deposits.,p,https://www.koboldmetals.com/news,"
    News  –    ",,['Learn more about our efforts in action.'],2024-11-21T11:18:23.732865,KoBold,-0.1,0.7964,1,1,Balanced,the boom in artificial intelligence requires huge numbers of data centers and building them will use millions of tons of copper josh goldman of kobold metals explains how his company is using ai to help find metal deposits
03,p,https://www.koboldmetals.com/news,"
    News  –    ",,['Learn more about our efforts in action.'],2024-11-21T11:18:23.732866,KoBold,0.0,0.0,0,0,Other,
Mines and Minds: The People's Journey in Zambia's Mining Legacy (Celebrating 60 Years of Zambia),h2,https://www.koboldmetals.com/news,"
    News  –    ",,['Learn more about our efforts in action.'],2024-11-21T11:18:23.732867,KoBold,0.0,0.0,0,0,Other,mines and minds the peoples journey in zambias mining legacy celebrating years of zambia
"KoBold Metals commemorated Zambia’s 60th Independence celebration by launching an exhibit focusing on the Zambian people in mining pre and post Independence on 24 October 1964. The exhibit titled “Mines and Minds: The People's Journey in Zambia's Mining Legacy,"" was an immersive event was curate...",p,https://www.koboldmetals.com/news,"
    News  –    ",,['Learn more about our efforts in action.'],2024-11-21T11:18:23.732869,KoBold,0.0,0.0,0,0,Other,kobold metals commemorated zambias th independence celebration by launching an exhibit focusing on the zambian people in mining pre and post independence on october the exhibit titled mines and minds the peoples journey in zambias mining legacy was an immersive event was curate
04,p,https://www.koboldmetals.com/news,"
    News  –    ",,['Learn more about our efforts in action.'],2024-11-21T11:18:23.732870,KoBold,0.0,0.0,0,0,Other,
KoreCam360 (Mingomba Mining Exploration Tech Showcase),h2,https://www.koboldmetals.com/news,"
    News  –    ",,['Learn more about our efforts in action.'],2024-11-21T11:18:23.732871,KoBold,0.0,0.2263,1,1,Balanced,korecam mingomba mining exploration tech showcase
Korecam360 is Mingomba Mining's latest innovation in exploration technology from KoBold Metals. Watch as Tom Hunt and Sitwala Mulonda showcase this new camera that lets us scan 360-degree images of core before it even leaves the drill site!,p,https://www.koboldmetals.com/news,"
    News  –    ",,['Learn more about our efforts in action.'],2024-11-21T11:18:23.732872,KoBold,0.3352272727272727,0.5848,1,1,Balanced,korecam is mingomba minings latest innovation in exploration technology from kobold metals watch as tom hunt and sitwala mulonda showcase this new camera that lets us scan degree images of core before it even leaves the drill site
05,p,https://www.koboldmetals.com/news,"
    News  –    ",,['Learn more about our efforts in action.'],2024-11-21T11:18:23.732873,KoBold,0.0,0.0,0,0,Other,
KoBold Moves Fast (Paris Olympics 2024 Champion UPDATE),h2,https://www.koboldmetals.com/news,"
    News  –    ",,['Learn more about our efforts in action.'],2024-11-21T11:18:23.732875,KoBold,0.2,0.5994,0,1,Value Proposition,kobold moves fast paris olympics champion update
"Our previous ""KoBold Moves Fast"" spot for the 2024 Paris Olympics, now with a small update. Congratulations again to Zambia's 400m bronze champion Muzala Samukonga!",p,https://www.koboldmetals.com/news,"
    News  –    ",,['Learn more about our efforts in action.'],2024-11-21T11:18:23.732876,KoBold,-0.09305555555555556,0.8439,0,1,Value Proposition,our previous kobold moves fast spot for the paris olympics now with a small update congratulations again to zambias m bronze champion muzala samukonga
06,p,https://www.koboldmetals.com/news,"
    News  –    ",,['Learn more about our efforts in action.'],2024-11-21T11:18:23.732877,KoBold,0.0,0.0,0,0,Other,
The Kawama School Story (Mingomba Q3 2024 Update),h2,https://www.koboldmetals.com/news,"
    News  –    ",,['Learn more about our efforts in action.'],2024-11-21T11:18:23.732878,KoBold,0.0,0.0,0,0,Other,the kawama school story mingomba q update
"For this quarter's Mingomba video update, we'd like to feature the impact that our Kawama Secondary School construction project has had on the surrounding communities in Zambia, in partnership with ZCCM Investment Holdings Plc.

Subscribe to our YouTube channel or follow us on X/Twitter or LinkedI...",p,https://www.koboldmetals.com/news,"
    News  –    ",,['Learn more about our efforts in action.'],2024-11-21T11:18:23.732881,KoBold,-0.3,0.3612,0,0,Other,for this quarters mingomba video update wed like to feature the impact that our kawama secondary school construction project has had on the surrounding communities in zambia in partnership with zccm investment holdings plc subscribe to our youtube channel or follow us on xtwitter or linkedi
07,p,https://www.koboldmetals.com/news,"
    News  –    ",,['Learn more about our efforts in action.'],2024-11-21T11:18:23.732882,KoBold,0.0,0.0,0,0,Other,
KoBold Named to Impact100 2024,h2,https://www.koboldmetals.com/news,"
    News  –    ",,['Learn more about our efforts in action.'],2024-11-21T11:18:23.732883,KoBold,0.0,0.0,0,0,Other,kobold named to impact
"KoBold Metals is honored to be included in Norrsken's #impact100 2024, their annual list of ""100 companies that can positively impact the lives of 1 billion people.""",p,https://www.koboldmetals.com/news,"
    News  –    ",,['Learn more about our efforts in action.'],2024-11-21T11:18:23.732884,KoBold,0.22727272727272727,0.802,0,0,Other,kobold metals is honored to be included in norrskens impact their annual list of companies that can positively impact the lives of billion people
08,p,https://www.koboldmetals.com/news,"
    News  –    ",,['Learn more about our efforts in action.'],2024-11-21T11:18:23.732885,KoBold,0.0,0.0,0,0,Other,
FIZ SHOW: KoBold Metals CEO Mfikeyi Makayi's Insights at PwC Zambia's 3rd Mining Sector Review,h2,https://www.koboldmetals.com/news,"
    News  –    ",,['Learn more about our efforts in action.'],2024-11-21T11:18:23.732887,KoBold,0.0,0.0,0,0,Other,fiz show kobold metals ceo mfikeyi makayis insights at pwc zambias rd mining sector review
"Mfikeyi Makayi, CEO of KoBold Metals Africa, speaks at PwC Zambia's 3rd Mining Sector Review Launch. Media coverage provided by Financial Insights Zambia.",p,https://www.koboldmetals.com/news,"
    News  –    ",,['Learn more about our efforts in action.'],2024-11-21T11:18:23.732888,KoBold,0.0,0.0,0,0,Other,mfikeyi makayi ceo of kobold metals africa speaks at pwc zambias rd mining sector review launch media coverage provided by financial insights zambia
09,p,https://www.koboldmetals.com/news,"
    News  –    ",,['Learn more about our efforts in action.'],2024-11-21T11:18:23.732889,KoBold,0.0,0.0,0,0,Other,
Pushkin’s “What’s Your Problem”: Reinventing Mining To Power The World,h2,https://www.koboldmetals.com/news,"
    News  –    ",,['Learn more about our efforts in action.'],2024-11-21T11:18:23.732890,KoBold,0.0,0.0,0,0,Other,pushkins whats your problem reinventing mining to power the world
KoBold Metals CEO Kurt House spoke with Jacob Goldstein about the future of artificial intelligence in energy and technology,p,https://www.koboldmetals.com/news,"
    News  –    ",,['Learn more about our efforts in action.'],2024-11-21T11:18:23.732891,KoBold,-0.3,0.6369,0,0,Other,kobold metals ceo kurt house spoke with jacob goldstein about the future of artificial intelligence in energy and technology
10,p,https://www.koboldmetals.com/news,"
    News  –    ",,['Learn more about our efforts in action.'],2024-11-21T11:18:23.732892,KoBold,0.0,0.0,0,0,Other,
ZNBC: Mingomba Mining Announces 10 Scholarships for Zambian Youth,h2,https://www.koboldmetals.com/news,"
    News  –    ",,['Learn more about our efforts in action.'],2024-11-21T11:18:23.732893,KoBold,0.0,0.0,0,0,Other,znbc mingomba mining announces scholarships for zambian youth
The newly opened Ming’omba Mine in Chililabombwe is offering ten scholarships to Zambian youths to study data science. This is part of the mine’s effort to incorporate artificial intelligence in mineral exploration.,p,https://www.koboldmetals.com/news,"
    News  –    ",,['Learn more about our efforts in action.'],2024-11-21T11:18:23.732895,KoBold,-0.15454545454545454,0.6124,1,1,Balanced,the newly opened mingomba mine in chililabombwe is offering ten scholarships to zambian youths to study data science this is part of the mines effort to incorporate artificial intelligence in mineral exploration
© 2024 KoBold Metals,p,https://www.koboldmetals.com/news,"
    News  –    ",,['Learn more about our efforts in action.'],2024-11-21T11:18:23.732896,KoBold,0.0,0.0,0,0,Other,kobold metals
Leading in both science and ethics.,h1,https://www.koboldmetals.com/ethics,"
    Ethics  –    ",,['Leading in both science and ethics.'],2024-11-21T11:18:23.847432,KoBold,0.0,0.0,0,1,Value Proposition,leading in both science and ethics
"KoBold meets the highest standards of safety, integrity, and respect for people and the environment.",h2,https://www.koboldmetals.com/ethics,"
    Ethics  –    ",,['Leading in both science and ethics.'],2024-11-21T11:18:23.847441,KoBold,0.0,0.8176,0,0,Other,kobold meets the highest standards of safety integrity and respect for people and the environment
Our Standards,h2,https://www.koboldmetals.com/ethics,"
    Ethics  –    ",,['Leading in both science and ethics.'],2024-11-21T11:18:23.847444,KoBold,0.0,0.0,0,0,Other,our standards
KoBold’s 6 ethics. These are crucial areas where businesses often fall short.,h3,https://www.koboldmetals.com/ethics,"
    Ethics  –    ",,['Leading in both science and ethics.'],2024-11-21T11:18:23.847445,KoBold,0.0,0.0,0,0,Other,kobolds ethics these are crucial areas where businesses often fall short
KoBold is a young company. We’re not only inventing new science to discover critical materials; we’re building a company that’s a force for good.,p,https://www.koboldmetals.com/ethics,"
    Ethics  –    ",,['Leading in both science and ethics.'],2024-11-21T11:18:23.847446,KoBold,0.18727272727272726,0.1531,0,0,Other,kobold is a young company were not only inventing new science to discover critical materials were building a company thats a force for good
01,h3,https://www.koboldmetals.com/ethics,"
    Ethics  –    ",,['Leading in both science and ethics.'],2024-11-21T11:18:23.847447,KoBold,0.0,0.0,0,0,Other,
Ethics starts with respect for the health and lives of people at our work sites. We plan every KoBold operation to anticipate and mitigate risks before an injury can even occur.,p,https://www.koboldmetals.com/ethics,"
    Ethics  –    ",,['Leading in both science and ethics.'],2024-11-21T11:18:23.847448,KoBold,0.0,-0.2023,0,0,Other,ethics starts with respect for the health and lives of people at our work sites we plan every kobold operation to anticipate and mitigate risks before an injury can even occur
01,h3,https://www.koboldmetals.com/ethics,"
    Ethics  –    ",,['Leading in both science and ethics.'],2024-11-21T11:18:23.847449,KoBold,0.0,0.0,0,0,Other,
Ethics starts with respect for the health and lives of people at our work sites. We plan every KoBold operation to anticipate and mitigate risks before an injury can even occur.,p,https://www.koboldmetals.com/ethics,"
    Ethics  –    ",,['Leading in both science and ethics.'],2024-11-21T11:18:23.847451,KoBold,0.0,-0.2023,0,0,Other,ethics starts with respect for the health and lives of people at our work sites we plan every kobold operation to anticipate and mitigate risks before an injury can even occur
02,h3,https://www.koboldmetals.com/ethics,"
    Ethics  –    ",,['Leading in both science and ethics.'],2024-11-21T11:18:23.847452,KoBold,0.0,0.0,0,0,Other,
"KoBold will never pay a bribe. We will walk away from deals, discoveries, and whole countries rather than participate in corruption. We will show that the world’s best investors and the world’s best innovators don’t tolerate corruption.",p,https://www.koboldmetals.com/ethics,"
    Ethics  –    ",,['Leading in both science and ethics.'],2024-11-21T11:18:23.847453,KoBold,0.7333333333333334,0.8831,0,0,Other,kobold will never pay a bribe we will walk away from deals discoveries and whole countries rather than participate in corruption we will show that the worlds best investors and the worlds best innovators dont tolerate corruption
02,h3,https://www.koboldmetals.com/ethics,"
    Ethics  –    ",,['Leading in both science and ethics.'],2024-11-21T11:18:23.847454,KoBold,0.0,0.0,0,0,Other,
"KoBold will never pay a bribe. We will walk away from deals, discoveries, and whole countries rather than participate in corruption. We will show that the world’s best investors and the world’s best innovators don’t tolerate corruption.",p,https://www.koboldmetals.com/ethics,"
    Ethics  –    ",,['Leading in both science and ethics.'],2024-11-21T11:18:23.847456,KoBold,0.7333333333333334,0.8831,0,0,Other,kobold will never pay a bribe we will walk away from deals discoveries and whole countries rather than participate in corruption we will show that the worlds best investors and the worlds best innovators dont tolerate corruption
03,h3,https://www.koboldmetals.com/ethics,"
    Ethics  –    ",,['Leading in both science and ethics.'],2024-11-21T11:18:23.847457,KoBold,0.0,0.0,0,0,Other,
"We know that our success depends on precious resources we did not create: exceptional mineral deposits and, just as important, the skills, commitment, infrastructure, understanding, and goodwill of the communities where we work.",p,https://www.koboldmetals.com/ethics,"
    Ethics  –    ",,['Leading in both science and ethics.'],2024-11-21T11:18:23.847458,KoBold,0.4666666666666667,0.8746,2,2,Balanced,we know that our success depends on precious resources we did not create exceptional mineral deposits and just as important the skills commitment infrastructure understanding and goodwill of the communities where we work
03,h3,https://www.koboldmetals.com/ethics,"
    Ethics  –    ",,['Leading in both science and ethics.'],2024-11-21T11:18:23.847459,KoBold,0.0,0.0,0,0,Other,
"We know that our success depends on precious resources we did not create: exceptional mineral deposits and, just as important, the skills, commitment, infrastructure, understanding, and goodwill of the communities where we work.",p,https://www.koboldmetals.com/ethics,"
    Ethics  –    ",,['Leading in both science and ethics.'],2024-11-21T11:18:23.847460,KoBold,0.4666666666666667,0.8746,2,2,Balanced,we know that our success depends on precious resources we did not create exceptional mineral deposits and just as important the skills commitment infrastructure understanding and goodwill of the communities where we work
04,h3,https://www.koboldmetals.com/ethics,"
    Ethics  –    ",,['Leading in both science and ethics.'],2024-11-21T11:18:23.847461,KoBold,0.0,0.0,0,0,Other,
Our job at KoBold is to make breakthroughs the world needs to protect against the worst environmental threat of our lives. We will demonstrate that every part of our business can be environmentally responsible.,p,https://www.koboldmetals.com/ethics,"
    Ethics  –    ",,['Leading in both science and ethics.'],2024-11-21T11:18:23.847463,KoBold,-0.4,-0.5574,0,0,Other,our job at kobold is to make breakthroughs the world needs to protect against the worst environmental threat of our lives we will demonstrate that every part of our business can be environmentally responsible
04,h3,https://www.koboldmetals.com/ethics,"
    Ethics  –    ",,['Leading in both science and ethics.'],2024-11-21T11:18:23.847464,KoBold,0.0,0.0,0,0,Other,
Our job at KoBold is to make breakthroughs the world needs to protect against the worst environmental threat of our lives. We will demonstrate that every part of our business can be environmentally responsible.,p,https://www.koboldmetals.com/ethics,"
    Ethics  –    ",,['Leading in both science and ethics.'],2024-11-21T11:18:23.847466,KoBold,-0.4,-0.5574,0,0,Other,our job at kobold is to make breakthroughs the world needs to protect against the worst environmental threat of our lives we will demonstrate that every part of our business can be environmentally responsible
05,h3,https://www.koboldmetals.com/ethics,"
    Ethics  –    ",,['Leading in both science and ethics.'],2024-11-21T11:18:23.847467,KoBold,0.0,0.0,0,0,Other,
"KoBold will beat our competition, disrupt our industries, and live up to our principles by hiring and promoting talented people from every background, including innovators of color, women innovators, and LGBTQ innovators everywhere we work.",p,https://www.koboldmetals.com/ethics,"
    Ethics  –    ",,['Leading in both science and ethics.'],2024-11-21T11:18:23.847470,KoBold,0.41818181818181815,0.7003,0,0,Other,kobold will beat our competition disrupt our industries and live up to our principles by hiring and promoting talented people from every background including innovators of color women innovators and lgbtq innovators everywhere we work
05,h3,https://www.koboldmetals.com/ethics,"
    Ethics  –    ",,['Leading in both science and ethics.'],2024-11-21T11:18:23.847471,KoBold,0.0,0.0,0,0,Other,
"KoBold will beat our competition, disrupt our industries, and live up to our principles by hiring and promoting talented people from every background, including innovators of color, women innovators, and LGBTQ innovators everywhere we work.",p,https://www.koboldmetals.com/ethics,"
    Ethics  –    ",,['Leading in both science and ethics.'],2024-11-21T11:18:23.847472,KoBold,0.41818181818181815,0.7003,0,0,Other,kobold will beat our competition disrupt our industries and live up to our principles by hiring and promoting talented people from every background including innovators of color women innovators and lgbtq innovators everywhere we work
06,h3,https://www.koboldmetals.com/ethics,"
    Ethics  –    ",,['Leading in both science and ethics.'],2024-11-21T11:18:23.847473,KoBold,0.0,0.0,0,0,Other,
"At KoBold, you will find a passion to be honest about everything: good news, bad news, what we know, and what we don’t. Even when we operate in sixty countries on six continents, honesty will be the language that everyone at KoBold speaks.",p,https://www.koboldmetals.com/ethics,"
    Ethics  –    ",,['Leading in both science and ethics.'],2024-11-21T11:18:23.847474,KoBold,0.19999999999999998,0.836,0,0,Other,at kobold you will find a passion to be honest about everything good news bad news what we know and what we dont even when we operate in sixty countries on six continents honesty will be the language that everyone at kobold speaks
06,h3,https://www.koboldmetals.com/ethics,"
    Ethics  –    ",,['Leading in both science and ethics.'],2024-11-21T11:18:23.847475,KoBold,0.0,0.0,0,0,Other,
"At KoBold, you will find a passion to be honest about everything: good news, bad news, what we know, and what we don’t. Even when we operate in sixty countries on six continents, honesty will be the language that everyone at KoBold speaks.",p,https://www.koboldmetals.com/ethics,"
    Ethics  –    ",,['Leading in both science and ethics.'],2024-11-21T11:18:23.847477,KoBold,0.19999999999999998,0.836,0,0,Other,at kobold you will find a passion to be honest about everything good news bad news what we know and what we dont even when we operate in sixty countries on six continents honesty will be the language that everyone at kobold speaks
"""We know that meeting KoBold’s high ethical standards is hard. It’s as hard as inventing breakthrough technology. To us, it’s just as essential.""",p,https://www.koboldmetals.com/ethics,"
    Ethics  –    ",,['Leading in both science and ethics.'],2024-11-21T11:18:23.847478,KoBold,-0.044666666666666674,0.3612,0,0,Other,we know that meeting kobolds high ethical standards is hard its as hard as inventing breakthrough technology to us its just as essential
Discover more about KoBold.,h2,https://www.koboldmetals.com/ethics,"
    Ethics  –    ",,['Leading in both science and ethics.'],2024-11-21T11:18:23.847479,KoBold,0.5,0.0,0,0,Other,discover more about kobold
© 2024 KoBold Metals,p,https://www.koboldmetals.com/ethics,"
    Ethics  –    ",,['Leading in both science and ethics.'],2024-11-21T11:18:23.847481,KoBold,0.0,0.0,0,0,Other,kobold metals
About,h1,https://sensore.com/about,About | SensOre,,"['About', 'SensOre aims to become the top performing minerals targeting company in the world through an approach to exploration that combines AI technology, big data and vast geoscientific expertise.']",2024-11-21T11:18:31.486657,SensOre,0.0,0.0,0,0,Other,about
"SensOre aims to become the top performing minerals targeting company in the world through an approach to exploration that combines AI technology, big data and vast geoscientific expertise.",h1,https://sensore.com/about,About | SensOre,,"['About', 'SensOre aims to become the top performing minerals targeting company in the world through an approach to exploration that combines AI technology, big data and vast geoscientific expertise.']",2024-11-21T11:18:31.486668,SensOre,0.16666666666666666,0.4019,1,1,Balanced,sensore aims to become the top performing minerals targeting company in the world through an approach to exploration that combines ai technology big data and vast geoscientific expertise
Vision,h3,https://sensore.com/about,About | SensOre,,"['About', 'SensOre aims to become the top performing minerals targeting company in the world through an approach to exploration that combines AI technology, big data and vast geoscientific expertise.']",2024-11-21T11:18:31.486670,SensOre,0.0,0.25,0,0,Other,vision
Optimising discovery with AI-enhanced exploration.,h3,https://sensore.com/about,About | SensOre,,"['About', 'SensOre aims to become the top performing minerals targeting company in the world through an approach to exploration that combines AI technology, big data and vast geoscientific expertise.']",2024-11-21T11:18:31.486672,SensOre,0.0,0.5574,1,1,Balanced,optimising discovery with aienhanced exploration
Mission,h3,https://sensore.com/about,About | SensOre,,"['About', 'SensOre aims to become the top performing minerals targeting company in the world through an approach to exploration that combines AI technology, big data and vast geoscientific expertise.']",2024-11-21T11:18:31.486674,SensOre,0.0,0.0,0,0,Other,mission
"SensOre aims to become the top performing global minerals targeting company in the world optimising discovery and enhancing exploration performance through deployment of big data, AI / machine learning technologies and geoscience expertise.",h3,https://sensore.com/about,About | SensOre,,"['About', 'SensOre aims to become the top performing minerals targeting company in the world through an approach to exploration that combines AI technology, big data and vast geoscientific expertise.']",2024-11-21T11:18:31.486676,SensOre,0.16666666666666666,0.6597,1,1,Balanced,sensore aims to become the top performing global minerals targeting company in the world optimising discovery and enhancing exploration performance through deployment of big data ai machine learning technologies and geoscience expertise
Values,h3,https://sensore.com/about,About | SensOre,,"['About', 'SensOre aims to become the top performing minerals targeting company in the world through an approach to exploration that combines AI technology, big data and vast geoscientific expertise.']",2024-11-21T11:18:31.486678,SensOre,0.0,0.4019,0,0,Other,values
"SensOre is focused on fast-tracking the mines of tomorrow and believes that the combination of highest quality big data, artificial intelligence (AI) / machine learning (ML) and other scientific computing techniques will provide the next generation of exploration discovery in Australia and internationally.",p,https://sensore.com/about,About | SensOre,,"['About', 'SensOre aims to become the top performing minerals targeting company in the world through an approach to exploration that combines AI technology, big data and vast geoscientific expertise.']",2024-11-21T11:18:31.486679,SensOre,-0.145,0.765,1,2,Value Proposition,sensore is focused on fasttracking the mines of tomorrow and believes that the combination of highest quality big data artificial intelligence ai machine learning ml and other scientific computing techniques will provide the next generation of exploration discovery in australia and internationally
The generation and validation of AI-targets (machine learning enhanced deposit predictions) is at the core of our business with AI-target opportunities leveraged through SensOre’s three business divisions:,p,https://sensore.com/about,About | SensOre,,"['About', 'SensOre aims to become the top performing minerals targeting company in the world through an approach to exploration that combines AI technology, big data and vast geoscientific expertise.']",2024-11-21T11:18:31.486681,SensOre,0.0,0.3818,0,0,Other,the generation and validation of aitargets machine learning enhanced deposit predictions is at the core of our business with aitarget opportunities leveraged through sensores three business divisions
"All of SensOre’s activities are focused on the same goal: monetising the knowledge generated from its technology assets by enhancing the pace, reliability, efficiency and success of exploration.",p,https://sensore.com/about,About | SensOre,,"['About', 'SensOre aims to become the top performing minerals targeting company in the world through an approach to exploration that combines AI technology, big data and vast geoscientific expertise.']",2024-11-21T11:18:31.486682,SensOre,0.15,0.886,1,2,Value Proposition,all of sensores activities are focused on the same goal monetising the knowledge generated from its technology assets by enhancing the pace reliability efficiency and success of exploration
A Revolution in Geoscience Data Fusion.,p,https://sensore.com/about,About | SensOre,,"['About', 'SensOre aims to become the top performing minerals targeting company in the world through an approach to exploration that combines AI technology, big data and vast geoscientific expertise.']",2024-11-21T11:18:31.486684,SensOre,0.0,0.0,0,0,Other,a revolution in geoscience data fusion
"A multidimensional repository of cleaned and levelled geoscience data which continues to expandas SensOre acquires additional public and proprietary geochemical, geophysical, and geological data. Current Australian SensOre Data Cube contains more than 2,500 data layers and +60 billion discrete data points.",p,https://sensore.com/about,About | SensOre,,"['About', 'SensOre aims to become the top performing minerals targeting company in the world through an approach to exploration that combines AI technology, big data and vast geoscientific expertise.']",2024-11-21T11:18:31.486686,SensOre,0.125,0.0,0,0,Other,a multidimensional repository of cleaned and levelled geoscience data which continues to expandas sensore acquires additional public and proprietary geochemical geophysical and geological data current australian sensore data cube contains more than data layers and billion discrete data points
AI solutions to revolutionise resource discovery.,p,https://sensore.com/about,About | SensOre,,"['About', 'SensOre aims to become the top performing minerals targeting company in the world through an approach to exploration that combines AI technology, big data and vast geoscientific expertise.']",2024-11-21T11:18:31.486687,SensOre,0.0,0.1779,0,0,Other,ai solutions to revolutionise resource discovery
"SensOre and Intrepid’s industry leading platform combines geoscience data, unique innovative software, machine learning and AI tools to accelerate decision making and improveresource discovery success.",p,https://sensore.com/about,About | SensOre,,"['About', 'SensOre aims to become the top performing minerals targeting company in the world through an approach to exploration that combines AI technology, big data and vast geoscientific expertise.']",2024-11-21T11:18:31.486689,SensOre,0.39166666666666666,0.765,1,3,Value Proposition,sensore and intrepids industry leading platform combines geoscience data unique innovative software machine learning and ai tools to accelerate decision making and improveresource discovery success
SensOre Predictive Targeting and other ML applications uses best of human modern exploration teamed with the capacity of AI & Machine Learning technologies to provide high-fidelity geoscience solutions.,p,https://sensore.com/about,About | SensOre,,"['About', 'SensOre aims to become the top performing minerals targeting company in the world through an approach to exploration that combines AI technology, big data and vast geoscientific expertise.']",2024-11-21T11:18:31.486691,SensOre,0.26875,0.7783,1,1,Balanced,sensore predictive targeting and other ml applications uses best of human modern exploration teamed with the capacity of ai machine learning technologies to provide highfidelity geoscience solutions
DATA CUBE,h3,https://sensore.com/about,About | SensOre,,"['About', 'SensOre aims to become the top performing minerals targeting company in the world through an approach to exploration that combines AI technology, big data and vast geoscientific expertise.']",2024-11-21T11:18:31.486692,SensOre,0.0,0.0,0,0,Other,data cube
"A multidimensional repository of cleaned and levelled geoscience data which continues to expand as SensOre acquires additional public and proprietary geochemical, geophysical, and geological data. Current Australian SensOre Data Cube contains more than 2,500 data layers and +60 billion discrete data points.",p,https://sensore.com/about,About | SensOre,,"['About', 'SensOre aims to become the top performing minerals targeting company in the world through an approach to exploration that combines AI technology, big data and vast geoscientific expertise.']",2024-11-21T11:18:31.486694,SensOre,0.125,0.3182,0,0,Other,a multidimensional repository of cleaned and levelled geoscience data which continues to expand as sensore acquires additional public and proprietary geochemical geophysical and geological data current australian sensore data cube contains more than data layers and billion discrete data points
"SensOre Ltd is boldly changing the way exploration targeting is carried out by harnessing and fusing the vast quantities of underutilised geoscience, land access and environmental data from the public domain into its Australian Data hypercube.",p,https://sensore.com/about,About | SensOre,,"['About', 'SensOre aims to become the top performing minerals targeting company in the world through an approach to exploration that combines AI technology, big data and vast geoscientific expertise.']",2024-11-21T11:18:31.486695,SensOre,0.08333333333333333,0.5267,1,1,Balanced,sensore ltd is boldly changing the way exploration targeting is carried out by harnessing and fusing the vast quantities of underutilised geoscience land access and environmental data from the public domain into its australian data hypercube
"SensOre’s most valuable (non-human) asset is its Data Hypercube. The data in the database resides in a common, globally scalable gridded geospatial architecture consisting of layers of geoscience data including geology, geochemistry, and geophysics.",p,https://sensore.com/about,About | SensOre,,"['About', 'SensOre aims to become the top performing minerals targeting company in the world through an approach to exploration that combines AI technology, big data and vast geoscientific expertise.']",2024-11-21T11:18:31.486697,SensOre,0.06666666666666667,0.7316,3,4,Value Proposition,sensores most valuable nonhuman asset is its data hypercube the data in the database resides in a common globally scalable gridded geospatial architecture consisting of layers of geoscience data including geology geochemistry and geophysics
"It is central to all SensOre models generated and underpins our targeting services allowing SensOre to generate high-quality, data-driven exploration targets.",p,https://sensore.com/about,About | SensOre,,"['About', 'SensOre aims to become the top performing minerals targeting company in the world through an approach to exploration that combines AI technology, big data and vast geoscientific expertise.']",2024-11-21T11:18:31.486698,SensOre,0.0,0.2263,1,1,Balanced,it is central to all sensore models generated and underpins our targeting services allowing sensore to generate highquality datadriven exploration targets
ML for Capturing & Generating Knowledge for Early Decision-making in Targeting,p,https://sensore.com/about,About | SensOre,,"['About', 'SensOre aims to become the top performing minerals targeting company in the world through an approach to exploration that combines AI technology, big data and vast geoscientific expertise.']",2024-11-21T11:18:31.486700,SensOre,0.1,0.0,0,0,Other,ml for capturing generating knowledge for early decisionmaking in targeting
AI & ML TECHNOLOGY,h3,https://sensore.com/about,About | SensOre,,"['About', 'SensOre aims to become the top performing minerals targeting company in the world through an approach to exploration that combines AI technology, big data and vast geoscientific expertise.']",2024-11-21T11:18:31.486701,SensOre,0.0,0.0,0,0,Other,ai ml technology
"SensOre and Intrepid’s industry leading platform combines geoscience data, unique innovative software, machine learning and AI tools to accelerate decision making and improve resource discovery success.",p,https://sensore.com/about,About | SensOre,,"['About', 'SensOre aims to become the top performing minerals targeting company in the world through an approach to exploration that combines AI technology, big data and vast geoscientific expertise.']",2024-11-21T11:18:31.486703,SensOre,0.39166666666666666,0.8591,1,3,Value Proposition,sensore and intrepids industry leading platform combines geoscience data unique innovative software machine learning and ai tools to accelerate decision making and improve resource discovery success
"Our product suite is built around the proprietary SensOre data cube, enabling data fusion to add value across the entire resources exploration pathway.",p,https://sensore.com/about,About | SensOre,,"['About', 'SensOre aims to become the top performing minerals targeting company in the world through an approach to exploration that combines AI technology, big data and vast geoscientific expertise.']",2024-11-21T11:18:31.486713,SensOre,0.0,0.5106,1,1,Balanced,our product suite is built around the proprietary sensore data cube enabling data fusion to add value across the entire resources exploration pathway
GEOSCIENCE SOLUTIONS,h3,https://sensore.com/about,About | SensOre,,"['About', 'SensOre aims to become the top performing minerals targeting company in the world through an approach to exploration that combines AI technology, big data and vast geoscientific expertise.']",2024-11-21T11:18:31.486714,SensOre,0.0,0.1779,0,0,Other,geoscience solutions
SensOre Predictive Targeting and other ML applications uses best of human modern exploration teamed with the capacity of AI & Machine Learning technologies to provide high-fidelity geoscience solutions.,p,https://sensore.com/about,About | SensOre,,"['About', 'SensOre aims to become the top performing minerals targeting company in the world through an approach to exploration that combines AI technology, big data and vast geoscientific expertise.']",2024-11-21T11:18:31.486717,SensOre,0.26875,0.7783,1,1,Balanced,sensore predictive targeting and other ml applications uses best of human modern exploration teamed with the capacity of ai machine learning technologies to provide highfidelity geoscience solutions
Synergies between High-Quality Data and Machine Learning Tools for Targeting and Discovery and generating knowledge from Geoscience Data.,p,https://sensore.com/about,About | SensOre,,"['About', 'SensOre aims to become the top performing minerals targeting company in the world through an approach to exploration that combines AI technology, big data and vast geoscientific expertise.']",2024-11-21T11:18:31.486722,SensOre,0.0,0.0,0,0,Other,synergies between highquality data and machine learning tools for targeting and discovery and generating knowledge from geoscience data
CONTACT US TO DISCUSS YOUR AI & ML TARGET OBJECTIVES,h2,https://sensore.com/about,About | SensOre,,"['About', 'SensOre aims to become the top performing minerals targeting company in the world through an approach to exploration that combines AI technology, big data and vast geoscientific expertise.']",2024-11-21T11:18:31.486725,SensOre,0.0,0.0,0,0,Other,contact us to discuss your ai ml target objectives
PERTH,p,https://sensore.com/about,About | SensOre,,"['About', 'SensOre aims to become the top performing minerals targeting company in the world through an approach to exploration that combines AI technology, big data and vast geoscientific expertise.']",2024-11-21T11:18:31.486727,SensOre,0.0,0.0,0,0,Other,perth
"Unit 6, 7 Tully RoadEast Perth WA 6004+61 8 9325 6249",p,https://sensore.com/about,About | SensOre,,"['About', 'SensOre aims to become the top performing minerals targeting company in the world through an approach to exploration that combines AI technology, big data and vast geoscientific expertise.']",2024-11-21T11:18:31.486729,SensOre,0.0,0.0,0,0,Other,unit tully roadeast perth wa
MELBOURNE,p,https://sensore.com/about,About | SensOre,,"['About', 'SensOre aims to become the top performing minerals targeting company in the world through an approach to exploration that combines AI technology, big data and vast geoscientific expertise.']",2024-11-21T11:18:31.486730,SensOre,0.0,0.0,0,0,Other,melbourne
"Level 21, 459 Collins Street, Melbourne, Vic 3000+61 3 8630 3321info@sensore.com",p,https://sensore.com/about,About | SensOre,,"['About', 'SensOre aims to become the top performing minerals targeting company in the world through an approach to exploration that combines AI technology, big data and vast geoscientific expertise.']",2024-11-21T11:18:31.486733,SensOre,0.0,0.0,0,0,Other,level collins street melbourne vic infosensorecom
Discovering more with AI-enhanced exploration,h3,https://sensore.com/about,About | SensOre,,"['About', 'SensOre aims to become the top performing minerals targeting company in the world through an approach to exploration that combines AI technology, big data and vast geoscientific expertise.']",2024-11-21T11:18:31.486734,SensOre,0.5,0.2878,1,1,Balanced,discovering more with aienhanced exploration
Technology,h1,https://sensore.com/technology,Technology | SensOre,,"['Technology', 'Conventional mineral exploration involves an incremental, area reduction, decision-making process that, at best, uses 20‑40% of available data and is subject to human bias.']",2024-11-21T11:18:33.652203,SensOre,0.0,0.0,0,0,Other,technology
"Conventional mineral exploration involves an incremental, area reduction, decision-making process that, at best, uses 20‑40% of available data and is subject to human bias.",h1,https://sensore.com/technology,Technology | SensOre,,"['Technology', 'Conventional mineral exploration involves an incremental, area reduction, decision-making process that, at best, uses 20‑40% of available data and is subject to human bias.']",2024-11-21T11:18:33.652212,SensOre,0.21809523809523806,0.6908,1,1,Balanced,conventional mineral exploration involves an incremental area reduction decisionmaking process that at best uses of available data and is subject to human bias
"SensOre takes a different approach, applying integrated AI/ML algorithms to a large geoscience Data Cube to find the digital fingerprints and ‘predict’ the location of mineral deposits in three core steps: training, prediction and target analysis. In doing so, SensOre generates AI-targets (AI-enhanced deposit predictions) informing targeting.",p,https://sensore.com/technology,Technology | SensOre,,"['Technology', 'Conventional mineral exploration involves an incremental, area reduction, decision-making process that, at best, uses 20‑40% of available data and is subject to human bias.']",2024-11-21T11:18:33.652215,SensOre,0.07142857142857142,0.0,1,2,Value Proposition,sensore takes a different approach applying integrated aiml algorithms to a large geoscience data cube to find the digital fingerprints and predict the location of mineral deposits in three core steps training prediction and target analysis in doing so sensore generates aitargets aienhanced deposit predictions informing targeting
"SensOre’s exploration tools predict the location and economic viability of deposits, generating information on endowment (size), grade and depth at a cell dimension small enough to quicken decision making and move directly from predicted target to drill testing cost effectively and with a narrower environmental footprint.",p,https://sensore.com/technology,Technology | SensOre,,"['Technology', 'Conventional mineral exploration involves an incremental, area reduction, decision-making process that, at best, uses 20‑40% of available data and is subject to human bias.']",2024-11-21T11:18:33.652217,SensOre,0.13,0.5859,2,2,Balanced,sensores exploration tools predict the location and economic viability of deposits generating information on endowment size grade and depth at a cell dimension small enough to quicken decision making and move directly from predicted target to drill testing cost effectively and with a narrower environmental footprint
SensOre works with partners and clients to unlock the value of geoscience data and the potential of new and existing exploration sites.,h3,https://sensore.com/technology,Technology | SensOre,,"['Technology', 'Conventional mineral exploration involves an incremental, area reduction, decision-making process that, at best, uses 20‑40% of available data and is subject to human bias.']",2024-11-21T11:18:33.652219,SensOre,0.06818181818181818,0.5106,1,1,Balanced,sensore works with partners and clients to unlock the value of geoscience data and the potential of new and existing exploration sites
[click image to enlarge],p,https://sensore.com/technology,Technology | SensOre,,"['Technology', 'Conventional mineral exploration involves an incremental, area reduction, decision-making process that, at best, uses 20‑40% of available data and is subject to human bias.']",2024-11-21T11:18:33.652221,SensOre,0.0,0.0,0,0,Other,click image to enlarge
"We invest heavily in our Technology division, including our research and development program, to validate and enhance our technology assets and product suite. The technology currently deployed by our Exploration and Exploration Services divisions includes:",p,https://sensore.com/technology,Technology | SensOre,,"['Technology', 'Conventional mineral exploration involves an incremental, area reduction, decision-making process that, at best, uses 20‑40% of available data and is subject to human bias.']",2024-11-21T11:18:33.652223,SensOre,-0.1,0.7184,2,2,Balanced,we invest heavily in our technology division including our research and development program to validate and enhance our technology assets and product suite the technology currently deployed by our exploration and exploration services divisions includes
TARGETING SOLUTIONS – PREDICT,h3,https://sensore.com/technology,Technology | SensOre,,"['Technology', 'Conventional mineral exploration involves an incremental, area reduction, decision-making process that, at best, uses 20‑40% of available data and is subject to human bias.']",2024-11-21T11:18:33.652224,SensOre,0.0,0.1779,0,0,Other,targeting solutions predict
"An AI-target generation and validation technology that uses Data Cube to make predictions regarding the location, size (i.e. endowment), average ore grade/concentration) and depth of a given deposit.",p,https://sensore.com/technology,Technology | SensOre,,"['Technology', 'Conventional mineral exploration involves an incremental, area reduction, decision-making process that, at best, uses 20‑40% of available data and is subject to human bias.']",2024-11-21T11:18:33.652226,SensOre,-0.15,0.0,0,0,Other,an aitarget generation and validation technology that uses data cube to make predictions regarding the location size ie endowment average ore gradeconcentration and depth of a given deposit
Our regional prospectivity models are designed to highlight terrane to belt-scale regions of interest. SensOre’s Regional Prospectivity Models are geophysical and geological constructs that make use of the SensOre’s cleaned Discoveries Database as a training database.,p,https://sensore.com/technology,Technology | SensOre,,"['Technology', 'Conventional mineral exploration involves an incremental, area reduction, decision-making process that, at best, uses 20‑40% of available data and is subject to human bias.']",2024-11-21T11:18:33.652229,SensOre,0.0,0.6597,0,0,Other,our regional prospectivity models are designed to highlight terrane to beltscale regions of interest sensores regional prospectivity models are geophysical and geological constructs that make use of the sensores cleaned discoveries database as a training database
Adjacency modelling predicts deposit adjacency categories using hundreds to thousands data cube variables with supervised classification algorithms (SAM).,p,https://sensore.com/technology,Technology | SensOre,,"['Technology', 'Conventional mineral exploration involves an incremental, area reduction, decision-making process that, at best, uses 20‑40% of available data and is subject to human bias.']",2024-11-21T11:18:33.652231,SensOre,0.0,0.0,1,1,Balanced,adjacency modelling predicts deposit adjacency categories using hundreds to thousands data cube variables with supervised classification algorithms sam
"The Archean Gold Lode Alteration Detection System (AGLADS®) is a machine learning system designed to identify alteration of various types (i.e. host, distal, proximal, ore) enveloping gold lode systems found in the Archean of Western Australia. AGLADS® is used as a geochemical ‘Vector to Gold Ore’ during routine exploration and evaluation work performed by SensOre, including the evaluation of drilling data.",p,https://sensore.com/technology,Technology | SensOre,,"['Technology', 'Conventional mineral exploration involves an incremental, area reduction, decision-making process that, at best, uses 20‑40% of available data and is subject to human bias.']",2024-11-21T11:18:33.652233,SensOre,0.0,0.2263,3,3,Balanced,the archean gold lode alteration detection system aglads is a machine learning system designed to identify alteration of various types ie host distal proximal ore enveloping gold lode systems found in the archean of western australia aglads is used as a geochemical vector to gold ore during routine exploration and evaluation work performed by sensore including the evaluation of drilling data
BIG DATA AGGREGATION PRODUCTS – KNOW,h3,https://sensore.com/technology,Technology | SensOre,,"['Technology', 'Conventional mineral exploration involves an incremental, area reduction, decision-making process that, at best, uses 20‑40% of available data and is subject to human bias.']",2024-11-21T11:18:33.652235,SensOre,0.0,0.0,0,0,Other,big data aggregation products know
"A multidimensional repository of cleaned and levelled geoscience data which continues to expand as SensOre acquires additional public and proprietary geochemical, geophysical and geological data. Data Cube contains more than 2,500 data layers and +65 billion discrete data points in Australia.",p,https://sensore.com/technology,Technology | SensOre,,"['Technology', 'Conventional mineral exploration involves an incremental, area reduction, decision-making process that, at best, uses 20‑40% of available data and is subject to human bias.']",2024-11-21T11:18:33.652236,SensOre,0.25,0.3182,0,0,Other,a multidimensional repository of cleaned and levelled geoscience data which continues to expand as sensore acquires additional public and proprietary geochemical geophysical and geological data data cube contains more than data layers and billion discrete data points in australia
"SensOre’s Discoveries Database is an evolving repository of publicly available mineral deposits and occurrences data. This proprietary deposit database for gold, copper nickel, lithium, tin, tantalum and rare earths is a competitive advantage and a key part of predictive targeting in both prospectivity mapping and DPT.",p,https://sensore.com/technology,Technology | SensOre,,"['Technology', 'Conventional mineral exploration involves an incremental, area reduction, decision-making process that, at best, uses 20‑40% of available data and is subject to human bias.']",2024-11-21T11:18:33.652238,SensOre,0.2333333333333333,0.4019,1,1,Balanced,sensores discoveries database is an evolving repository of publicly available mineral deposits and occurrences data this proprietary deposit database for gold copper nickel lithium tin tantalum and rare earths is a competitive advantage and a key part of predictive targeting in both prospectivity mapping and dpt
ADVANCED ANALYTIC TOOLS – LEARN,h3,https://sensore.com/technology,Technology | SensOre,,"['Technology', 'Conventional mineral exploration involves an incremental, area reduction, decision-making process that, at best, uses 20‑40% of available data and is subject to human bias.']",2024-11-21T11:18:33.652240,SensOre,0.4,0.25,0,1,Value Proposition,advanced analytic tools learn
"Identification of Base Metal potential of suspected gossans and ironstones. Gossan types include VMS systems, Broken Hill-type, Banded Iron Formation-related deposits, gossans developed over sediment-hosted Cu-(Ag/Pb/Zn) deposits and many other types.",p,https://sensore.com/technology,Technology | SensOre,,"['Technology', 'Conventional mineral exploration involves an incremental, area reduction, decision-making process that, at best, uses 20‑40% of available data and is subject to human bias.']",2024-11-21T11:18:33.652242,SensOre,-0.10357142857142858,-0.6124,4,4,Balanced,identification of base metal potential of suspected gossans and ironstones gossan types include vms systems broken hilltype banded iron formationrelated deposits gossans developed over sedimenthosted cuagpbzn deposits and many other types
Identification of “Natural” Petrophysical Populations in Geophysical Data. Particularly useful when fused with geochemistry to extract the geochemical characteristics of SimClust geophysical populations.,p,https://sensore.com/technology,Technology | SensOre,,"['Technology', 'Conventional mineral exploration involves an incremental, area reduction, decision-making process that, at best, uses 20‑40% of available data and is subject to human bias.']",2024-11-21T11:18:33.652243,SensOre,0.2,0.4927,0,0,Other,identification of natural petrophysical populations in geophysical data particularly useful when fused with geochemistry to extract the geochemical characteristics of simclust geophysical populations
Identification of “Natural” Geochemical Populations in Geochemical Data. Used for for rock characterisation and exploration vectoring. Characterisation of natural unsupervised clusters using univariate and multivariate (Incl. supervised classification) statistical analysis and frequencies of categorical labels.,p,https://sensore.com/technology,Technology | SensOre,,"['Technology', 'Conventional mineral exploration involves an incremental, area reduction, decision-making process that, at best, uses 20‑40% of available data and is subject to human bias.']",2024-11-21T11:18:33.652245,SensOre,0.1,0.5267,2,2,Balanced,identification of natural geochemical populations in geochemical data used for for rock characterisation and exploration vectoring characterisation of natural unsupervised clusters using univariate and multivariate incl supervised classification statistical analysis and frequencies of categorical labels
"Identification of the Lithium Pegmatite potential of granites using extended multi-element geochemistry. Classification of granites capable of identifying prospectivity for Au, Li.",p,https://sensore.com/technology,Technology | SensOre,,"['Technology', 'Conventional mineral exploration involves an incremental, area reduction, decision-making process that, at best, uses 20‑40% of available data and is subject to human bias.']",2024-11-21T11:18:33.652247,SensOre,0.1,0.3818,1,1,Balanced,identification of the lithium pegmatite potential of granites using extended multielement geochemistry classification of granites capable of identifying prospectivity for au li
"iGRock is a prototype rock-type classification system based on igneous rock type identification using multi-element geochemical assay data. The system is designed to identify igneous rocks predicted to be associated with, or host to, mineralisation of interest to SensOre and its clients.",p,https://sensore.com/technology,Technology | SensOre,,"['Technology', 'Conventional mineral exploration involves an incremental, area reduction, decision-making process that, at best, uses 20‑40% of available data and is subject to human bias.']",2024-11-21T11:18:33.652249,SensOre,0.0,0.4588,2,2,Balanced,igrock is a prototype rocktype classification system based on igneous rock type identification using multielement geochemical assay data the system is designed to identify igneous rocks predicted to be associated with or host to mineralisation of interest to sensore and its clients
Identification of the mineral potential of an igneous rock from 54 types available. Classification based on availability of extended multi-element geochemical data. Most ore deposit styles are available including many of economic significance to exploration. If your deposit type is not currently available SensOre can customize classification schemes based on your preferences,p,https://sensore.com/technology,Technology | SensOre,,"['Technology', 'Conventional mineral exploration involves an incremental, area reduction, decision-making process that, at best, uses 20‑40% of available data and is subject to human bias.']",2024-11-21T11:18:33.652251,SensOre,0.2571428571428572,0.4588,4,4,Balanced,identification of the mineral potential of an igneous rock from types available classification based on availability of extended multielement geochemical data most ore deposit styles are available including many of economic significance to exploration if your deposit type is not currently available sensore can customize classification schemes based on your preferences
"Using multi-element, geological and mineralogical data, iDeposit is an ore deposit type classification system derived from the geochemical signature of different deposit types.",p,https://sensore.com/technology,Technology | SensOre,,"['Technology', 'Conventional mineral exploration involves an incremental, area reduction, decision-making process that, at best, uses 20‑40% of available data and is subject to human bias.']",2024-11-21T11:18:33.652252,SensOre,0.0,0.0,2,2,Balanced,using multielement geological and mineralogical data ideposit is an ore deposit type classification system derived from the geochemical signature of different deposit types
Advanced Analysis Of Geochemical Data,p,https://sensore.com/technology,Technology | SensOre,,"['Technology', 'Conventional mineral exploration involves an incremental, area reduction, decision-making process that, at best, uses 20‑40% of available data and is subject to human bias.']",2024-11-21T11:18:33.652254,SensOre,0.4,0.25,0,1,Value Proposition,advanced analysis of geochemical data
Advanced Statistical Analysis,p,https://sensore.com/technology,Technology | SensOre,,"['Technology', 'Conventional mineral exploration involves an incremental, area reduction, decision-making process that, at best, uses 20‑40% of available data and is subject to human bias.']",2024-11-21T11:18:33.652256,SensOre,0.4,0.25,0,1,Value Proposition,advanced statistical analysis
PERTH,p,https://sensore.com/technology,Technology | SensOre,,"['Technology', 'Conventional mineral exploration involves an incremental, area reduction, decision-making process that, at best, uses 20‑40% of available data and is subject to human bias.']",2024-11-21T11:18:33.652258,SensOre,0.0,0.0,0,0,Other,perth
"Unit 6, 7 Tully RoadEast Perth WA 6004+61 8 9325 6249",p,https://sensore.com/technology,Technology | SensOre,,"['Technology', 'Conventional mineral exploration involves an incremental, area reduction, decision-making process that, at best, uses 20‑40% of available data and is subject to human bias.']",2024-11-21T11:18:33.652260,SensOre,0.0,0.0,0,0,Other,unit tully roadeast perth wa
MELBOURNE,p,https://sensore.com/technology,Technology | SensOre,,"['Technology', 'Conventional mineral exploration involves an incremental, area reduction, decision-making process that, at best, uses 20‑40% of available data and is subject to human bias.']",2024-11-21T11:18:33.652262,SensOre,0.0,0.0,0,0,Other,melbourne
"Level 21, 459 Collins Street, Melbourne, Vic 3000+61 3 8630 3321info@sensore.com",p,https://sensore.com/technology,Technology | SensOre,,"['Technology', 'Conventional mineral exploration involves an incremental, area reduction, decision-making process that, at best, uses 20‑40% of available data and is subject to human bias.']",2024-11-21T11:18:33.652265,SensOre,0.0,0.0,0,0,Other,level collins street melbourne vic infosensorecom
Discovering more with AI-enhanced exploration,h3,https://sensore.com/technology,Technology | SensOre,,"['Technology', 'Conventional mineral exploration involves an incremental, area reduction, decision-making process that, at best, uses 20‑40% of available data and is subject to human bias.']",2024-11-21T11:18:33.652267,SensOre,0.5,0.2878,1,1,Balanced,discovering more with aienhanced exploration
Services,h1,https://sensore.com/services,Services | SensOre,,"['Services', 'Developed by explorers for explorers, SensOre’s products and services are designed to advance the way companies integrate, interrogate and analyse geoscience data.']",2024-11-21T11:18:36.475955,SensOre,0.0,0.0,0,0,Other,services
"Developed by explorers for explorers, SensOre’s products and services are designed to advance the way companies integrate, interrogate and analyse geoscience data.",h1,https://sensore.com/services,Services | SensOre,,"['Services', 'Developed by explorers for explorers, SensOre’s products and services are designed to advance the way companies integrate, interrogate and analyse geoscience data.']",2024-11-21T11:18:36.475965,SensOre,0.1,0.0,0,0,Other,developed by explorers for explorers sensores products and services are designed to advance the way companies integrate interrogate and analyse geoscience data
"SensOre’s technology is designed to better understand where and how to explore – the ultimate aim being an increase in discovery rates, with flow-on environmental and financial benefits.",p,https://sensore.com/services,Services | SensOre,,"['Services', 'Developed by explorers for explorers, SensOre’s products and services are designed to advance the way companies integrate, interrogate and analyse geoscience data.']",2024-11-21T11:18:36.475967,SensOre,0.16666666666666666,0.7783,0,0,Other,sensores technology is designed to better understand where and how to explore the ultimate aim being an increase in discovery rates with flowon environmental and financial benefits
Download the latest SensOre services brochure here.,p,https://sensore.com/services,Services | SensOre,,"['Services', 'Developed by explorers for explorers, SensOre’s products and services are designed to advance the way companies integrate, interrogate and analyse geoscience data.']",2024-11-21T11:18:36.475969,SensOre,0.5,0.0,0,0,Other,download the latest sensore services brochure here
SensOre offers a range of services to mining and exploration industry clients as well as resource investment clients. We are committed to working with you to understand your objectives so that you experience the optimum potential of our technology and expertise.,h3,https://sensore.com/services,Services | SensOre,,"['Services', 'Developed by explorers for explorers, SensOre’s products and services are designed to advance the way companies integrate, interrogate and analyse geoscience data.']",2024-11-21T11:18:36.475971,SensOre,0.26666666666666666,0.6249,1,1,Balanced,sensore offers a range of services to mining and exploration industry clients as well as resource investment clients we are committed to working with you to understand your objectives so that you experience the optimum potential of our technology and expertise
SERVICES,h3,https://sensore.com/services,Services | SensOre,,"['Services', 'Developed by explorers for explorers, SensOre’s products and services are designed to advance the way companies integrate, interrogate and analyse geoscience data.']",2024-11-21T11:18:36.475972,SensOre,0.0,0.0,0,0,Other,services
Revolutionise traditional exploration and targeting to accelerate discovery,p,https://sensore.com/services,Services | SensOre,,"['Services', 'Developed by explorers for explorers, SensOre’s products and services are designed to advance the way companies integrate, interrogate and analyse geoscience data.']",2024-11-21T11:18:36.475974,SensOre,0.0,0.2263,1,1,Balanced,revolutionise traditional exploration and targeting to accelerate discovery
An efficient and cost-effective way to target regions of prospective terrain,p,https://sensore.com/services,Services | SensOre,,"['Services', 'Developed by explorers for explorers, SensOre’s products and services are designed to advance the way companies integrate, interrogate and analyse geoscience data.']",2024-11-21T11:18:36.475975,SensOre,0.0,0.4215,0,2,Value Proposition,an efficient and costeffective way to target regions of prospective terrain
Develop insightful recommendations for management decision-making,p,https://sensore.com/services,Services | SensOre,,"['Services', 'Developed by explorers for explorers, SensOre’s products and services are designed to advance the way companies integrate, interrogate and analyse geoscience data.']",2024-11-21T11:18:36.475977,SensOre,0.0,0.0,0,0,Other,develop insightful recommendations for management decisionmaking
"Automated data cleaning, feature selection and data transformation",p,https://sensore.com/services,Services | SensOre,,"['Services', 'Developed by explorers for explorers, SensOre’s products and services are designed to advance the way companies integrate, interrogate and analyse geoscience data.']",2024-11-21T11:18:36.475978,SensOre,0.0,0.0,0,1,Value Proposition,automated data cleaning feature selection and data transformation
[click image to enlarge],p,https://sensore.com/services,Services | SensOre,,"['Services', 'Developed by explorers for explorers, SensOre’s products and services are designed to advance the way companies integrate, interrogate and analyse geoscience data.']",2024-11-21T11:18:36.475980,SensOre,0.0,0.0,0,0,Other,click image to enlarge
"Additionally, in major mining areas, the mining industry is experiencing a transition from shallower to deeper deposits as near surface potential has been exploited, resulting in a greater prevalence of both brownfield and greenfield exploration which is more likely to occur at depth. These deposits typically have more complex geology and can be challenging to target by conventional means. Combined, these factors generate an increased demand for targeting and decision support platforms designed to locate deposits under cover and determine whether located deposits can be economically mined.",p,https://sensore.com/services,Services | SensOre,,"['Services', 'Developed by explorers for explorers, SensOre’s products and services are designed to advance the way companies integrate, interrogate and analyse geoscience data.']",2024-11-21T11:18:36.475982,SensOre,0.15441468253968257,0.6486,6,6,Balanced,additionally in major mining areas the mining industry is experiencing a transition from shallower to deeper deposits as near surface potential has been exploited resulting in a greater prevalence of both brownfield and greenfield exploration which is more likely to occur at depth these deposits typically have more complex geology and can be challenging to target by conventional means combined these factors generate an increased demand for targeting and decision support platforms designed to locate deposits under cover and determine whether located deposits can be economically mined
"Based on industry CO² emission data, due to the methodical scale reduction process established by conventional exploration techniques, each discovery comes at the cost of testing around 250 targets, which can generate between 14,000 and 29,000 tonnes of CO² per discovery. Additionally, each drilling location results in land disturbance which can have a cumulative impact on environmental, social and heritage areas. Through better use of geoscience data and improved drill target locations, SensOre’s innovations have the potential to reduce the carbon and environmental footprint of exploration, with desktop analysis undertaken by SensOre indicating the potential to see a 90% fall in CO² emissions per discovery. SensOre will test its emissions and ecosystem disturbance estimates through analysis of its own Exploration programs.",p,https://sensore.com/services,Services | SensOre,,"['Services', 'Developed by explorers for explorers, SensOre’s products and services are designed to advance the way companies integrate, interrogate and analyse geoscience data.']",2024-11-21T11:18:36.475985,SensOre,0.12363945578231293,0.7269,4,4,Balanced,based on industry co emission data due to the methodical scale reduction process established by conventional exploration techniques each discovery comes at the cost of testing around targets which can generate between and tonnes of co per discovery additionally each drilling location results in land disturbance which can have a cumulative impact on environmental social and heritage areas through better use of geoscience data and improved drill target locations sensores innovations have the potential to reduce the carbon and environmental footprint of exploration with desktop analysis undertaken by sensore indicating the potential to see a fall in co emissions per discovery sensore will test its emissions and ecosystem disturbance estimates through analysis of its own exploration programs
why partner with sensore?,h3,https://sensore.com/services,Services | SensOre,,"['Services', 'Developed by explorers for explorers, SensOre’s products and services are designed to advance the way companies integrate, interrogate and analyse geoscience data.']",2024-11-21T11:18:36.475987,SensOre,0.0,0.0,0,0,Other,why partner with sensore
Vast industry experience,h3,https://sensore.com/services,Services | SensOre,,"['Services', 'Developed by explorers for explorers, SensOre’s products and services are designed to advance the way companies integrate, interrogate and analyse geoscience data.']",2024-11-21T11:18:36.475989,SensOre,0.0,0.0,0,0,Other,vast industry experience
Explorationistsat heart,h3,https://sensore.com/services,Services | SensOre,,"['Services', 'Developed by explorers for explorers, SensOre’s products and services are designed to advance the way companies integrate, interrogate and analyse geoscience data.']",2024-11-21T11:18:36.475991,SensOre,0.0,0.0,0,0,Other,explorationistsat heart
Senior resourcing,h3,https://sensore.com/services,Services | SensOre,,"['Services', 'Developed by explorers for explorers, SensOre’s products and services are designed to advance the way companies integrate, interrogate and analyse geoscience data.']",2024-11-21T11:18:36.475992,SensOre,0.0,0.0,0,0,Other,senior resourcing
Access to top-tier shared resources,h3,https://sensore.com/services,Services | SensOre,,"['Services', 'Developed by explorers for explorers, SensOre’s products and services are designed to advance the way companies integrate, interrogate and analyse geoscience data.']",2024-11-21T11:18:36.475993,SensOre,0.0,0.34,0,0,Other,access to toptier shared resources
Best practice approach,h3,https://sensore.com/services,Services | SensOre,,"['Services', 'Developed by explorers for explorers, SensOre’s products and services are designed to advance the way companies integrate, interrogate and analyse geoscience data.']",2024-11-21T11:18:36.475995,SensOre,1.0,0.6369,0,0,Other,best practice approach
Cutting edgeAI advances,h3,https://sensore.com/services,Services | SensOre,,"['Services', 'Developed by explorers for explorers, SensOre’s products and services are designed to advance the way companies integrate, interrogate and analyse geoscience data.']",2024-11-21T11:18:36.475996,SensOre,-0.6,-0.128,0,0,Other,cutting edgeai advances
Priority support,h3,https://sensore.com/services,Services | SensOre,,"['Services', 'Developed by explorers for explorers, SensOre’s products and services are designed to advance the way companies integrate, interrogate and analyse geoscience data.']",2024-11-21T11:18:36.475998,SensOre,0.0,0.4019,0,0,Other,priority support
Direct technical support access,h3,https://sensore.com/services,Services | SensOre,,"['Services', 'Developed by explorers for explorers, SensOre’s products and services are designed to advance the way companies integrate, interrogate and analyse geoscience data.']",2024-11-21T11:18:36.475999,SensOre,0.05,0.4019,0,0,Other,direct technical support access
Real insights,h3,https://sensore.com/services,Services | SensOre,,"['Services', 'Developed by explorers for explorers, SensOre’s products and services are designed to advance the way companies integrate, interrogate and analyse geoscience data.']",2024-11-21T11:18:36.476000,SensOre,0.2,0.0,0,0,Other,real insights
Cost effectivetarget generation,h3,https://sensore.com/services,Services | SensOre,,"['Services', 'Developed by explorers for explorers, SensOre’s products and services are designed to advance the way companies integrate, interrogate and analyse geoscience data.']",2024-11-21T11:18:36.476002,SensOre,0.0,0.0,0,0,Other,cost effectivetarget generation
CONTACT US TO DISCUSS YOUR AI-TARGET OBJECTIVES,h2,https://sensore.com/services,Services | SensOre,,"['Services', 'Developed by explorers for explorers, SensOre’s products and services are designed to advance the way companies integrate, interrogate and analyse geoscience data.']",2024-11-21T11:18:36.476003,SensOre,0.0,0.0,0,0,Other,contact us to discuss your aitarget objectives
PERTH,p,https://sensore.com/services,Services | SensOre,,"['Services', 'Developed by explorers for explorers, SensOre’s products and services are designed to advance the way companies integrate, interrogate and analyse geoscience data.']",2024-11-21T11:18:36.476005,SensOre,0.0,0.0,0,0,Other,perth
"Unit 6, 7 Tully RoadEast Perth WA 6004+61 8 9325 6249",p,https://sensore.com/services,Services | SensOre,,"['Services', 'Developed by explorers for explorers, SensOre’s products and services are designed to advance the way companies integrate, interrogate and analyse geoscience data.']",2024-11-21T11:18:36.476007,SensOre,0.0,0.0,0,0,Other,unit tully roadeast perth wa
MELBOURNE,p,https://sensore.com/services,Services | SensOre,,"['Services', 'Developed by explorers for explorers, SensOre’s products and services are designed to advance the way companies integrate, interrogate and analyse geoscience data.']",2024-11-21T11:18:36.476008,SensOre,0.0,0.0,0,0,Other,melbourne
"Level 21, 459 Collins Street, Melbourne, Vic 3000+61 3 8630 3321info@sensore.com",p,https://sensore.com/services,Services | SensOre,,"['Services', 'Developed by explorers for explorers, SensOre’s products and services are designed to advance the way companies integrate, interrogate and analyse geoscience data.']",2024-11-21T11:18:36.476010,SensOre,0.0,0.0,0,0,Other,level collins street melbourne vic infosensorecom
Discovering more with AI-enhanced exploration,h3,https://sensore.com/services,Services | SensOre,,"['Services', 'Developed by explorers for explorers, SensOre’s products and services are designed to advance the way companies integrate, interrogate and analyse geoscience data.']",2024-11-21T11:18:36.476012,SensOre,0.5,0.2878,1,1,Balanced,discovering more with aienhanced exploration
iNSIGHTS,h1,https://sensore.com/insights,iNSIGHTS | SensOre,,"['iNSIGHTS', 'SensOre iNSIGHTS']",2024-11-21T11:18:38.194878,SensOre,0.0,0.0,0,0,Other,insights
SensOre iNSIGHTS,h1,https://sensore.com/insights,iNSIGHTS | SensOre,,"['iNSIGHTS', 'SensOre iNSIGHTS']",2024-11-21T11:18:38.194888,SensOre,0.0,0.0,0,0,Other,sensore insights
The technical series communicating the journey from data to discovery through SensOre’s ML technology.,p,https://sensore.com/insights,iNSIGHTS | SensOre,,"['iNSIGHTS', 'SensOre iNSIGHTS']",2024-11-21T11:18:38.194889,SensOre,0.0,0.0,0,0,Other,the technical series communicating the journey from data to discovery through sensores ml technology
iNSIGHTS 1.0,h3,https://sensore.com/insights,iNSIGHTS | SensOre,,"['iNSIGHTS', 'SensOre iNSIGHTS']",2024-11-21T11:18:38.194891,SensOre,0.0,0.0,0,0,Other,insights
SensOre iNSIGHTS on Geological Prospectivity Modelling,h3,https://sensore.com/insights,iNSIGHTS | SensOre,,"['iNSIGHTS', 'SensOre iNSIGHTS']",2024-11-21T11:18:38.194892,SensOre,0.0,0.0,0,0,Other,sensore insights on geological prospectivity modelling
"SensOre recognizes the potential of non-numeric data to be transformed to inform machine learned prospectivity models. We’ve developed advanced programmable text-mining solutions to convert geological data into numbers. Machine learning algorithms are then used to predict spatial adjacency for commodities and deposit types of interest for each point object. Knowledge extraction is driven by contiguity associations, determining the spatial relationships of specific words and phrases from SensOre’s proprietary and numerically coded geological dictionary with Au, Cu, Li, or Ni deposits. This reflects a cause-and-effect relationship between mapped geological objects and mineralisation and helps to fully utilise our geological knowledge and understanding of mineral systems of interest.",p,https://sensore.com/insights,iNSIGHTS | SensOre,,"['iNSIGHTS', 'SensOre iNSIGHTS']",2024-11-21T11:18:38.194894,SensOre,0.125,0.8834,2,3,Value Proposition,sensore recognizes the potential of nonnumeric data to be transformed to inform machine learned prospectivity models weve developed advanced programmable textmining solutions to convert geological data into numbers machine learning algorithms are then used to predict spatial adjacency for commodities and deposit types of interest for each point object knowledge extraction is driven by contiguity associations determining the spatial relationships of specific words and phrases from sensores proprietary and numerically coded geological dictionary with au cu li or ni deposits this reflects a causeandeffect relationship between mapped geological objects and mineralisation and helps to fully utilise our geological knowledge and understanding of mineral systems of interest
"With statistical output visualisation, SensOre has constructed new geological prospectivity maps over WA for a range of commodities and deposit types including Cu-VMS, LCT Pegmatite, Ni Intrusion-Related, and Phosphate. SensOre’s geological prospectivity models are on track to be extended to other states and continental Australia as the SensOre data cube expansion evolves towards completion over the coming months.",p,https://sensore.com/insights,iNSIGHTS | SensOre,,"['iNSIGHTS', 'SensOre iNSIGHTS']",2024-11-21T11:18:38.194897,SensOre,0.005681818181818177,0.0,1,1,Balanced,with statistical output visualisation sensore has constructed new geological prospectivity maps over wa for a range of commodities and deposit types including cuvms lct pegmatite ni intrusionrelated and phosphate sensores geological prospectivity models are on track to be extended to other states and continental australia as the sensore data cube expansion evolves towards completion over the coming months
"SensOre’s insights into geological prospectivity can be used in exploration for terrane and region selection, and for project generation and ranking. Strategically, these maps can be used to probabilistically assess the geological prospectivity of any tenement for the commodities modelled, making them an invaluable tool for business development decision-making.",p,https://sensore.com/insights,iNSIGHTS | SensOre,,"['iNSIGHTS', 'SensOre iNSIGHTS']",2024-11-21T11:18:38.194898,SensOre,0.0,0.2263,1,1,Balanced,sensores insights into geological prospectivity can be used in exploration for terrane and region selection and for project generation and ranking strategically these maps can be used to probabilistically assess the geological prospectivity of any tenement for the commodities modelled making them an invaluable tool for business development decisionmaking
SensOre’s advanced programmable text mining solutions.,p,https://sensore.com/insights,iNSIGHTS | SensOre,,"['iNSIGHTS', 'SensOre iNSIGHTS']",2024-11-21T11:18:38.194900,SensOre,0.4,0.4019,0,1,Value Proposition,sensores advanced programmable text mining solutions
iNSIGHTS,h3,https://sensore.com/insights,iNSIGHTS | SensOre,,"['iNSIGHTS', 'SensOre iNSIGHTS']",2024-11-21T11:18:38.194902,SensOre,0.0,0.0,0,0,Other,insights
iNSIGHTS 1.0 (PDF),p,https://sensore.com/insights,iNSIGHTS | SensOre,,"['iNSIGHTS', 'SensOre iNSIGHTS']",2024-11-21T11:18:38.194904,SensOre,0.0,0.0,0,0,Other,insights pdf
iNSIGHTS 2.0 (PDF),p,https://sensore.com/insights,iNSIGHTS | SensOre,,"['iNSIGHTS', 'SensOre iNSIGHTS']",2024-11-21T11:18:38.194906,SensOre,0.0,0.0,0,0,Other,insights pdf
iNSIGHTS 4.0 (PDF),p,https://sensore.com/insights,iNSIGHTS | SensOre,,"['iNSIGHTS', 'SensOre iNSIGHTS']",2024-11-21T11:18:38.194907,SensOre,0.0,0.0,0,0,Other,insights pdf
How do you get access to these resources?,h3,https://sensore.com/insights,iNSIGHTS | SensOre,,"['iNSIGHTS', 'SensOre iNSIGHTS']",2024-11-21T11:18:38.194909,SensOre,0.0,0.0,0,0,Other,how do you get access to these resources
Contact SensOre to maximize your exploration success by utilising our propriety advanced machine learning capabilities.,p,https://sensore.com/insights,iNSIGHTS | SensOre,,"['iNSIGHTS', 'SensOre iNSIGHTS']",2024-11-21T11:18:38.194910,SensOre,0.35,0.765,1,2,Value Proposition,contact sensore to maximize your exploration success by utilising our propriety advanced machine learning capabilities
iNSIGHTS 2.0,h3,https://sensore.com/insights,iNSIGHTS | SensOre,,"['iNSIGHTS', 'SensOre iNSIGHTS']",2024-11-21T11:18:38.194911,SensOre,0.0,0.0,0,0,Other,insights
SensOre iNSIGHTS on Growing Australia Data Hypercube,h3,https://sensore.com/insights,iNSIGHTS | SensOre,,"['iNSIGHTS', 'SensOre iNSIGHTS']",2024-11-21T11:18:38.194913,SensOre,0.0,0.1779,0,0,Other,sensore insights on growing australia data hypercube
"SensOre Ltd is boldly changing the way exploration targeting is carried out by harnessing and fusing the vast quantities of underutilised geoscience and environmental data from the public domain into its Australian Data hypercube. SensOre’s most valuable (non-human) asset is its Data Hypercube. The data in the database resides in a common, globally scalable gridded geospatial architecture consisting of layers of geoscience data including geology, geochemistry, and geophysics. It is central to all SensOre models generated on open data and underpins our targeting services allowing SensOre to generate high-quality, data-driven exploration targets.",p,https://sensore.com/insights,iNSIGHTS | SensOre,,"['iNSIGHTS', 'SensOre iNSIGHTS']",2024-11-21T11:18:38.194914,SensOre,0.05925925925925925,0.8874,5,6,Value Proposition,sensore ltd is boldly changing the way exploration targeting is carried out by harnessing and fusing the vast quantities of underutilised geoscience and environmental data from the public domain into its australian data hypercube sensores most valuable nonhuman asset is its data hypercube the data in the database resides in a common globally scalable gridded geospatial architecture consisting of layers of geoscience data including geology geochemistry and geophysics it is central to all sensore models generated on open data and underpins our targeting services allowing sensore to generate highquality datadriven exploration targets
"State-scale geoscience data is now ingested for WA, SA, and NSW",h3,https://sensore.com/insights,iNSIGHTS | SensOre,,"['iNSIGHTS', 'SensOre iNSIGHTS']",2024-11-21T11:18:38.194916,SensOre,0.0,0.0,0,0,Other,statescale geoscience data is now ingested for wa sa and nsw
"SensOre achieved a significant milestone of compiling, cleaning, merging, and ingesting the vast quantities of all openly available state-scale geoscience data across SA and NSW, adding to the completed data hypercube for WA. This was accomplished with the support of industry clients in SA and competitive government co-funding in NSW from the Critical Minerals and high-Tech Metals Activation fund. The Data Hypercube currently contains approximately 2,000 layers of geoscience data with more than 63 billion data points occupying the cells within the Data Hypercube.",p,https://sensore.com/insights,iNSIGHTS | SensOre,,"['iNSIGHTS', 'SensOre iNSIGHTS']",2024-11-21T11:18:38.194917,SensOre,0.13437500000000002,0.7003,0,0,Other,sensore achieved a significant milestone of compiling cleaning merging and ingesting the vast quantities of all openly available statescale geoscience data across sa and nsw adding to the completed data hypercube for wa this was accomplished with the support of industry clients in sa and competitive government cofunding in nsw from the critical minerals and hightech metals activation fund the data hypercube currently contains approximately layers of geoscience data with more than billion data points occupying the cells within the data hypercube
"The Data Hypercube includes SensOre’s Discoveries Database, an extensive metallogenic database of compiled and cleaned deposit and mineral occurrence data from many sources. This database is updated quarterly and is expanding to include more commodities. This database provides accurate point location, resource footprints, and mineral endowments and grades calculated from (mines, resource, reserves, and historical production), deposit depth including tested deposit depth and depth to top of deposit, mineral deposit type. The Discoveries Database is one of our most valuable data assets as it functions as one of our primary training datasets containing 61,660 occurrences for gold, nickel, copper, and lithium.",p,https://sensore.com/insights,iNSIGHTS | SensOre,,"['iNSIGHTS', 'SensOre iNSIGHTS']",2024-11-21T11:18:38.194919,SensOre,0.35000000000000003,0.7316,0,1,Value Proposition,the data hypercube includes sensores discoveries database an extensive metallogenic database of compiled and cleaned deposit and mineral occurrence data from many sources this database is updated quarterly and is expanding to include more commodities this database provides accurate point location resource footprints and mineral endowments and grades calculated from mines resource reserves and historical production deposit depth including tested deposit depth and depth to top of deposit mineral deposit type the discoveries database is one of our most valuable data assets as it functions as one of our primary training datasets containing occurrences for gold nickel copper and lithium
"Combined, the Data Hypercube and the Discovery Database are deployed in SensOre’s machine learning (ML) workflows to target critical minerals, including Au, Ni, Cu, Co, PGE’s, Li and REE’s.",p,https://sensore.com/insights,iNSIGHTS | SensOre,,"['iNSIGHTS', 'SensOre iNSIGHTS']",2024-11-21T11:18:38.194920,SensOre,0.0,-0.3182,0,0,Other,combined the data hypercube and the discovery database are deployed in sensores machine learning ml workflows to target critical minerals including au ni cu co pges li and rees
Continental-scale geoscience data expansion,h3,https://sensore.com/insights,iNSIGHTS | SensOre,,"['iNSIGHTS', 'SensOre iNSIGHTS']",2024-11-21T11:18:38.194921,SensOre,0.0,0.0,0,0,Other,continentalscale geoscience data expansion
"A second significant milestone was achieved this year with respect to our continental-scale geoscience data compilations. We have made considerable advancements in acquiring, processing, compiling, and merging continental-scale geophysical and geochemical data. SensOre has ingested CSIRO’s ASTER, and hydrogeochemistry data.",p,https://sensore.com/insights,iNSIGHTS | SensOre,,"['iNSIGHTS', 'SensOre iNSIGHTS']",2024-11-21T11:18:38.194923,SensOre,0.15833333333333333,0.5994,1,1,Balanced,a second significant milestone was achieved this year with respect to our continentalscale geoscience data compilations we have made considerable advancements in acquiring processing compiling and merging continentalscale geophysical and geochemical data sensore has ingested csiros aster and hydrogeochemistry data
"Intrepid Geophysics has delivered their advanced processed continental merged compilations for magnetics, gravity and radiometrics data and approximately 54 derivative layers each for magnetics and gravity and 27 derivative layers for radiometrics. These data sets were added to our 430 m resolution Data Hypercube over the continent and are now suitable for application of machine learning algorithms as well as to our 80m resolution grids which aggregate to some 165 billion data cells over the continent.",p,https://sensore.com/insights,iNSIGHTS | SensOre,,"['iNSIGHTS', 'SensOre iNSIGHTS']",2024-11-21T11:18:38.194924,SensOre,0.18333333333333335,0.4767,1,2,Value Proposition,intrepid geophysics has delivered their advanced processed continental merged compilations for magnetics gravity and radiometrics data and approximately derivative layers each for magnetics and gravity and derivative layers for radiometrics these data sets were added to our m resolution data hypercube over the continent and are now suitable for application of machine learning algorithms as well as to our m resolution grids which aggregate to some billion data cells over the continent
Why are SensOre’s Data Hypercube expansions worth talking about?,h3,https://sensore.com/insights,iNSIGHTS | SensOre,,"['iNSIGHTS', 'SensOre iNSIGHTS']",2024-11-21T11:18:38.194926,SensOre,0.3,0.2263,0,0,Other,why are sensores data hypercube expansions worth talking about
iNSIGHTS 3.0,h3,https://sensore.com/insights,iNSIGHTS | SensOre,,"['iNSIGHTS', 'SensOre iNSIGHTS']",2024-11-21T11:18:38.194927,SensOre,0.0,0.0,0,0,Other,insights
SensOre iNSIGHTS on igROCK and Simclust ML Tools,h3,https://sensore.com/insights,iNSIGHTS | SensOre,,"['iNSIGHTS', 'SensOre iNSIGHTS']",2024-11-21T11:18:38.194928,SensOre,0.0,0.0,0,0,Other,sensore insights on igrock and simclust ml tools
"SensOre Ltd has productionised a range of innovative ML tools and workflows to derive geological knowledge from geochemistry data. The power of these tools are realised by leveraging data from our substantial geoscience Data Hypercube and subject matter expertise in both data science and geosciences. SensOre’s ML solutions address protracted, everyday problems and challenges faced by geologists across the mining value chain and provide information and insights that allow decisions to be made on how projects should progress. Two of our most sought-after ML tools are igROCK and SimClust for Geochemistry. When used in tandem, these supervised and unsupervised approaches produce powerful and reinforcing results that increase understanding and confidence in the data collected.",p,https://sensore.com/insights,iNSIGHTS | SensOre,,"['iNSIGHTS', 'SensOre iNSIGHTS']",2024-11-21T11:18:38.194930,SensOre,0.18666666666666668,0.9485,0,2,Value Proposition,sensore ltd has productionised a range of innovative ml tools and workflows to derive geological knowledge from geochemistry data the power of these tools are realised by leveraging data from our substantial geoscience data hypercube and subject matter expertise in both data science and geosciences sensores ml solutions address protracted everyday problems and challenges faced by geologists across the mining value chain and provide information and insights that allow decisions to be made on how projects should progress two of our most soughtafter ml tools are igrock and simclust for geochemistry when used in tandem these supervised and unsupervised approaches produce powerful and reinforcing results that increase understanding and confidence in the data collected
IGROCK: A supervised ML tool that leverages SensOre’s Data Cube,h3,https://sensore.com/insights,iNSIGHTS | SensOre,,"['iNSIGHTS', 'SensOre iNSIGHTS']",2024-11-21T11:18:38.194931,SensOre,0.0,0.0,0,0,Other,igrock a supervised ml tool that leverages sensores data cube
"Correctly identifying protolith types is critical when defining the spatial distribution of geological sequences. Especially where hydrothermal alteration and/or weathering and/or metamorphism is pervasive (and let’s be honest, if the rocks are interesting rocks they will often be altered!). To make things even more difficult a massive amount of the samples geologists have to log come from RC or aircore drilling programs. To help geologists make sense of their geochemical samples SensOre has developed igROCK – a supervised igneous protolith classification system. igROCK has been trained using igneous geochemical databases comprising over 400,000 samples. It uses the extended multi-element geochemistry to automate the classification of igneous rocks into 42 different rock types. Key to igROCK’s performance is the appreciable time SensOre’s geoscientific staff members have spent cleaning (and relabelling) these training databases prior to training the igROCK model (you would be surprised how many samples originally labelled as fresh ultramafics are running less than 1 % MgO!). Protolith identification is typically subjective and experience based. igROCK provides an automated solution to help geologists spend more time on the fun stuff (like interpreting where fluids have come from and planning where to put the next hole).",p,https://sensore.com/insights,iNSIGHTS | SensOre,,"['iNSIGHTS', 'SensOre iNSIGHTS']",2024-11-21T11:18:38.194933,SensOre,0.1392857142857143,0.9402,5,6,Value Proposition,correctly identifying protolith types is critical when defining the spatial distribution of geological sequences especially where hydrothermal alteration andor weathering andor metamorphism is pervasive and lets be honest if the rocks are interesting rocks they will often be altered to make things even more difficult a massive amount of the samples geologists have to log come from rc or aircore drilling programs to help geologists make sense of their geochemical samples sensore has developed igrock a supervised igneous protolith classification system igrock has been trained using igneous geochemical databases comprising over samples it uses the extended multielement geochemistry to automate the classification of igneous rocks into different rock types key to igrocks performance is the appreciable time sensores geoscientific staff members have spent cleaning and relabelling these training databases prior to training the igrock model you would be surprised how many samples originally labelled as fresh ultramafics are running less than mgo protolith identification is typically subjective and experience based igrock provides an automated solution to help geologists spend more time on the fun stuff like interpreting where fluids have come from and planning where to put the next hole
SimCLUST™️: An unsupervised ML tool that leverages SensOre’s Data Cube,h3,https://sensore.com/insights,iNSIGHTS | SensOre,,"['iNSIGHTS', 'SensOre iNSIGHTS']",2024-11-21T11:18:38.194934,SensOre,0.0,0.0,0,0,Other,simclust an unsupervised ml tool that leverages sensores data cube
"SimClust Geochemistry is an unsupervised ML tool used to identify and classify natural geochemical populations of surface and drillhole point data using multiple, multivariate statistical models. The results can be used for rock characterisation, exploration vectoring, identification of altered equivalents, and differentiating regolith from saprock to name a few applications. The image below shows the Kundana Drill hole assay data in SimClust space.",p,https://sensore.com/insights,iNSIGHTS | SensOre,,"['iNSIGHTS', 'SensOre iNSIGHTS']",2024-11-21T11:18:38.194936,SensOre,-0.03333333333333333,0.5267,2,2,Balanced,simclust geochemistry is an unsupervised ml tool used to identify and classify natural geochemical populations of surface and drillhole point data using multiple multivariate statistical models the results can be used for rock characterisation exploration vectoring identification of altered equivalents and differentiating regolith from saprock to name a few applications the image below shows the kundana drill hole assay data in simclust space
Supervised and Unsupervised ML: A match made in heaven,h3,https://sensore.com/insights,iNSIGHTS | SensOre,,"['iNSIGHTS', 'SensOre iNSIGHTS']",2024-11-21T11:18:38.194937,SensOre,0.0,0.5106,0,0,Other,supervised and unsupervised ml a match made in heaven
"When the results from igROCK are used to inform the unsupervised outputs from SimClust, magical things happen. When combined, igROCK and SimClust provide the geologist with valuable insights regarding different protoliths and altered equivalents and can help reinforce or challenge previous interpretations.",p,https://sensore.com/insights,iNSIGHTS | SensOre,,"['iNSIGHTS', 'SensOre iNSIGHTS']",2024-11-21T11:18:38.194938,SensOre,0.11111111111111112,0.7269,0,0,Other,when the results from igrock are used to inform the unsupervised outputs from simclust magical things happen when combined igrock and simclust provide the geologist with valuable insights regarding different protoliths and altered equivalents and can help reinforce or challenge previous interpretations
The coloured image below shows the Kundana Drill hole assay data SimClust clusters trained by igROCK.,p,https://sensore.com/insights,iNSIGHTS | SensOre,,"['iNSIGHTS', 'SensOre iNSIGHTS']",2024-11-21T11:18:38.194940,SensOre,0.0,0.0,1,1,Balanced,the coloured image below shows the kundana drill hole assay data simclust clusters trained by igrock
"The geologist can now answer questions such as which samples within these clusters are mafic? Are there multiple mafic groups or just one? Are there multiple fractionation trends representing multiple magmatic pulses in the AOI? Does a cluster represent multiple subclusters? In our example using the Kundana Drillhole assay data, igRock is able to inform SimClust there is ultramafic, mafic and felsic units in the first cluster, there is a felsic and intermediate subcluster in the second cluster, and that the remaining clusters are all felsic.",p,https://sensore.com/insights,iNSIGHTS | SensOre,,"['iNSIGHTS', 'SensOre iNSIGHTS']",2024-11-21T11:18:38.194943,SensOre,0.09375,0.0,1,1,Balanced,the geologist can now answer questions such as which samples within these clusters are mafic are there multiple mafic groups or just one are there multiple fractionation trends representing multiple magmatic pulses in the aoi does a cluster represent multiple subclusters in our example using the kundana drillhole assay data igrock is able to inform simclust there is ultramafic mafic and felsic units in the first cluster there is a felsic and intermediate subcluster in the second cluster and that the remaining clusters are all felsic
"The map below shows the igROCK results plotted spatially, revealing coherent geological trends for the ultramafic, mafic and felsic units.",p,https://sensore.com/insights,iNSIGHTS | SensOre,,"['iNSIGHTS', 'SensOre iNSIGHTS']",2024-11-21T11:18:38.194944,SensOre,0.5,0.0,0,0,Other,the map below shows the igrock results plotted spatially revealing coherent geological trends for the ultramafic mafic and felsic units
A Joint Supervised and Unsupervised ML: Case Study,h3,https://sensore.com/insights,iNSIGHTS | SensOre,,"['iNSIGHTS', 'SensOre iNSIGHTS']",2024-11-21T11:18:38.194945,SensOre,0.0,0.0,0,0,Other,a joint supervised and unsupervised ml case study
"The case study presented here is from bottom of hole chips collected from aircore surveys from an area near Mulga Bill. As if logging Aircore chips isn’t hard enough, the weathering at Mulga Bill is deep (150 m!), and the alteration is pervasive. The image below represents the geologists original interpretation of the samples.",p,https://sensore.com/insights,iNSIGHTS | SensOre,,"['iNSIGHTS', 'SensOre iNSIGHTS']",2024-11-21T11:18:38.194947,SensOre,0.03666666666666667,0.2942,0,0,Other,the case study presented here is from bottom of hole chips collected from aircore surveys from an area near mulga bill as if logging aircore chips isnt hard enough the weathering at mulga bill is deep m and the alteration is pervasive the image below represents the geologists original interpretation of the samples
"The next image shows the results from igRock. As you can see there are some significant differences between the two classifications. The original logging considers the samples in the east to be predominately mafics, while igROCK has classified the samples in east as being predominately intermediates with some lenses of ultramafics. That’s great, but how do we know igRock is providing reasonable predictions? When combined with the outputs from SimClust we can see that igROCK’s interpretation is far more consistent. igROCK is also able to inform SimClust as to the location of cluster boundaries.",p,https://sensore.com/insights,iNSIGHTS | SensOre,,"['iNSIGHTS', 'SensOre iNSIGHTS']",2024-11-21T11:18:38.194948,SensOre,0.34444444444444444,0.5574,0,0,Other,the next image shows the results from igrock as you can see there are some significant differences between the two classifications the original logging considers the samples in the east to be predominately mafics while igrock has classified the samples in east as being predominately intermediates with some lenses of ultramafics thats great but how do we know igrock is providing reasonable predictions when combined with the outputs from simclust we can see that igrocks interpretation is far more consistent igrock is also able to inform simclust as to the location of cluster boundaries
Why are SensOre’s SimClust and igROCK ML tools worth talking about?,h3,https://sensore.com/insights,iNSIGHTS | SensOre,,"['iNSIGHTS', 'SensOre iNSIGHTS']",2024-11-21T11:18:38.194950,SensOre,0.3,0.2263,0,0,Other,why are sensores simclust and igrock ml tools worth talking about
SensOre’s SimClust and igROCK geochemistry workflows are powerful proxy mapping tools in low-data density regions and in areas under cover.,p,https://sensore.com/insights,iNSIGHTS | SensOre,,"['iNSIGHTS', 'SensOre iNSIGHTS']",2024-11-21T11:18:38.194951,SensOre,0.3,0.4215,0,1,Value Proposition,sensores simclust and igrock geochemistry workflows are powerful proxy mapping tools in lowdata density regions and in areas under cover
The igROCK protolith classification system provides information critical in defining the spatial distribution of geological sequences where the primary mineral assemblages are obscured or have been destroyed by hydrothermal alteration and/or weathering. igROCK also provides a data-driven approach to classify difficult to log samples from RC and air-core programs.,p,https://sensore.com/insights,iNSIGHTS | SensOre,,"['iNSIGHTS', 'SensOre iNSIGHTS']",2024-11-21T11:18:38.194952,SensOre,-0.033333333333333326,-0.7906,1,1,Balanced,the igrock protolith classification system provides information critical in defining the spatial distribution of geological sequences where the primary mineral assemblages are obscured or have been destroyed by hydrothermal alteration andor weathering igrock also provides a datadriven approach to classify difficult to log samples from rc and aircore programs
"SimClust provides powerful unsupervised validation for igROCK as well as a number of SensOre’s other supervised ML tools including AGLADS and iGOSSAN, which can be found in our brochure.",p,https://sensore.com/insights,iNSIGHTS | SensOre,,"['iNSIGHTS', 'SensOre iNSIGHTS']",2024-11-21T11:18:38.194954,SensOre,0.0875,0.6369,0,1,Value Proposition,simclust provides powerful unsupervised validation for igrock as well as a number of sensores other supervised ml tools including aglads and igossan which can be found in our brochure
iNSIGHTS 4.0,h3,https://sensore.com/insights,iNSIGHTS | SensOre,,"['iNSIGHTS', 'SensOre iNSIGHTS']",2024-11-21T11:18:38.194955,SensOre,0.0,0.0,0,0,Other,insights
SensOre iNSIGHTS on Predictive Models,h3,https://sensore.com/insights,iNSIGHTS | SensOre,,"['iNSIGHTS', 'SensOre iNSIGHTS']",2024-11-21T11:18:38.194956,SensOre,0.0,0.0,0,0,Other,sensore insights on predictive models
"Previous SensOre Insights have focused on our advanced programmable text-mining solutions for extracting geological information from maps and point datasets, the expansion of our data hypercube, and our supervised and unsupervised ML tools.",p,https://sensore.com/insights,iNSIGHTS | SensOre,,"['iNSIGHTS', 'SensOre iNSIGHTS']",2024-11-21T11:18:38.194958,SensOre,0.11666666666666668,0.6486,0,1,Value Proposition,previous sensore insights have focused on our advanced programmable textmining solutions for extracting geological information from maps and point datasets the expansion of our data hypercube and our supervised and unsupervised ml tools
"In this contribution, we focus on the value-added products, outputs, and insights generated from combining our Data Hypercube, Discoveries Database and ML technology in SensOre’s Predictive Models. We share how these innovations can enable a shift from conventional exploration practices to an Industry 5.0 future, delivering next-generation target predictions through the combined power of machine learning and big geoscience data, augmented by expert human analysis for decision-making.",p,https://sensore.com/insights,iNSIGHTS | SensOre,,"['iNSIGHTS', 'SensOre iNSIGHTS']",2024-11-21T11:18:38.194959,SensOre,-0.03571428571428571,0.4767,1,1,Balanced,in this contribution we focus on the valueadded products outputs and insights generated from combining our data hypercube discoveries database and ml technology in sensores predictive models we share how these innovations can enable a shift from conventional exploration practices to an industry future delivering nextgeneration target predictions through the combined power of machine learning and big geoscience data augmented by expert human analysis for decisionmaking
"The lack of innovation in exploration is often cited as a reason for declining discovery rates and rising costs per discovery using conventional methods (Table 1, Figure 1).",p,https://sensore.com/insights,iNSIGHTS | SensOre,,"['iNSIGHTS', 'SensOre iNSIGHTS']",2024-11-21T11:18:38.194962,SensOre,-0.14285714285714285,0.296,1,1,Balanced,the lack of innovation in exploration is often cited as a reason for declining discovery rates and rising costs per discovery using conventional methods table figure
The time and cost investments per major discovery can be tracked across each stage in the exploration pipeline to highlight the current industry performance (Figure 1).,p,https://sensore.com/insights,iNSIGHTS | SensOre,,"['iNSIGHTS', 'SensOre iNSIGHTS']",2024-11-21T11:18:38.194964,SensOre,0.03125,0.5106,1,1,Balanced,the time and cost investments per major discovery can be tracked across each stage in the exploration pipeline to highlight the current industry performance figure
"The largest gains in time and cost efficiency can be achieved by improving success rates in the earliest parts of the exploration pipeline by making better predictions on where ore deposits are located. Even a small increase in the probability that a grassroots exploration target is good enough to pass the area reduction threshold would significantly boost the number of projects reaching feasibility. While no single company can shift the dial alone, adopting new technology-based innovations across the industry can collectively generate more high-quality targets that can be efficiently tested and moved up the pipeline.",p,https://sensore.com/insights,iNSIGHTS | SensOre,,"['iNSIGHTS', 'SensOre iNSIGHTS']",2024-11-21T11:18:38.194966,SensOre,0.25523088023088025,0.9738,3,4,Value Proposition,the largest gains in time and cost efficiency can be achieved by improving success rates in the earliest parts of the exploration pipeline by making better predictions on where ore deposits are located even a small increase in the probability that a grassroots exploration target is good enough to pass the area reduction threshold would significantly boost the number of projects reaching feasibility while no single company can shift the dial alone adopting new technologybased innovations across the industry can collectively generate more highquality targets that can be efficiently tested and moved up the pipeline
"SensOre aims to lead the industry in improving discovery rates while reducing the cost and environmental impact of discoveries through our innovations in predictive modelling. These models identify higher quality targets using a robust data-driven ML approach. We strive to help the industry make better decisions about where to drill and where not to, using extensive geoscience data to predict the locations of future Tier One and Two mines.",p,https://sensore.com/insights,iNSIGHTS | SensOre,,"['iNSIGHTS', 'SensOre iNSIGHTS']",2024-11-21T11:18:38.194967,SensOre,0.1875,0.8689,0,1,Value Proposition,sensore aims to lead the industry in improving discovery rates while reducing the cost and environmental impact of discoveries through our innovations in predictive modelling these models identify higher quality targets using a robust datadriven ml approach we strive to help the industry make better decisions about where to drill and where not to using extensive geoscience data to predict the locations of future tier one and two mines
"Our Predictive Models are unique because they are built on our massive, curated data hypercube, which integrates and fuses multidisciplinary geoscience data in a structured and scalable geospatial architecture (Figure 2). The data hypercube houses the largest, most accurate, and precise deposit database, serving as training and testing data for our models. This enables us to create robust models across various scales, from Terrane to Region to Camp-scale.",p,https://sensore.com/insights,iNSIGHTS | SensOre,,"['iNSIGHTS', 'SensOre iNSIGHTS']",2024-11-21T11:18:38.194970,SensOre,0.27916666666666673,0.5423,1,5,Value Proposition,our predictive models are unique because they are built on our massive curated data hypercube which integrates and fuses multidisciplinary geoscience data in a structured and scalable geospatial architecture figure the data hypercube houses the largest most accurate and precise deposit database serving as training and testing data for our models this enables us to create robust models across various scales from terrane to region to campscale
SensOre’s investment in curating data to build the Data Hypercube and Discoveries Database allows our geoscientists to develop unique predictive modelling approaches for any commodity of interest (Figure 3).,p,https://sensore.com/insights,iNSIGHTS | SensOre,,"['iNSIGHTS', 'SensOre iNSIGHTS']",2024-11-21T11:18:38.194972,SensOre,0.375,0.4588,0,0,Other,sensores investment in curating data to build the data hypercube and discoveries database allows our geoscientists to develop unique predictive modelling approaches for any commodity of interest figure
"One example is our GPreds model series. The GPred modelling concept creatively fuses geophysics and geochemistry to address a significant challenge in predictive modelling of economically valuable metals: label imbalance. In Western Australia, only a few hundred, and often only a few dozen, data cells out of a state-wide population of 13 million contain significant economic endowment. By training and testing advanced geophysical derivatives using anomalous geochemistry in up to 90,000 data cells with more than 47 elements, SensOre minimizes this issue (Figure 4). SensOre’s geophysical layers, delivered by our wholly owned technology and software company, Intrepid Geophysics, support this process at all scales.",p,https://sensore.com/insights,iNSIGHTS | SensOre,,"['iNSIGHTS', 'SensOre iNSIGHTS']",2024-11-21T11:18:38.194974,SensOre,0.1875,0.9042,2,3,Value Proposition,one example is our gpreds model series the gpred modelling concept creatively fuses geophysics and geochemistry to address a significant challenge in predictive modelling of economically valuable metals label imbalance in western australia only a few hundred and often only a few dozen data cells out of a statewide population of million contain significant economic endowment by training and testing advanced geophysical derivatives using anomalous geochemistry in up to data cells with more than elements sensore minimizes this issue figure sensores geophysical layers delivered by our wholly owned technology and software company intrepid geophysics support this process at all scales
"To demonstrate the value of our GPred models for Western Australia, we apply a data-driven metric to assess and rank existing tenure prospectivity for Au, Cu, Ni, and Li using probability categories. We conducted a raster zonal analysis, attributing July 2024 WA tenure with the maximum modelled GPred anomaly probability values and probability categories intersecting the tenements.",p,https://sensore.com/insights,iNSIGHTS | SensOre,,"['iNSIGHTS', 'SensOre iNSIGHTS']",2024-11-21T11:18:38.194975,SensOre,-0.4,0.6249,0,0,Other,to demonstrate the value of our gpred models for western australia we apply a datadriven metric to assess and rank existing tenure prospectivity for au cu ni and li using probability categories we conducted a raster zonal analysis attributing july wa tenure with the maximum modelled gpred anomaly probability values and probability categories intersecting the tenements
"The raster zonal analysis for the GPred Au model reveals that only 7% of WA tenements are on ground predicted to have greater than a 90% chance of significant Au anomalism (Table 2). This ground is held by a few hundred companies out of over 3,000 listed holders in WA, accounting for 1,921 out of 25,807 existing exploration and mining tenements with mineral rights in WA. For Cu, Ni, and Li, only 15%, 17%, and 6% of the tenements, respectively, are on ground predicted to have greater than a 90% chance of hosting significant concentrations of these elements (Table 2).",p,https://sensore.com/insights,iNSIGHTS | SensOre,,"['iNSIGHTS', 'SensOre iNSIGHTS']",2024-11-21T11:18:38.194977,SensOre,0.19375,0.9169,1,1,Balanced,the raster zonal analysis for the gpred au model reveals that only of wa tenements are on ground predicted to have greater than a chance of significant au anomalism table this ground is held by a few hundred companies out of over listed holders in wa accounting for out of existing exploration and mining tenements with mineral rights in wa for cu ni and li only and of the tenements respectively are on ground predicted to have greater than a chance of hosting significant concentrations of these elements table
"These statistics can be sobering, but there are further insights. Competition is tight even within the highest probability category. There are winners and losers, and closer inspection can yield valuable insights. For instance, for Au, among the 660 unique holders of tenements in the highest probability category, we can identify those with the largest number of tenements, suggesting the size of land holdings on the most prospective ground (Table 3).",p,https://sensore.com/insights,iNSIGHTS | SensOre,,"['iNSIGHTS', 'SensOre iNSIGHTS']",2024-11-21T11:18:38.194979,SensOre,0.09928571428571428,0.5789,0,0,Other,these statistics can be sobering but there are further insights competition is tight even within the highest probability category there are winners and losers and closer inspection can yield valuable insights for instance for au among the unique holders of tenements in the highest probability category we can identify those with the largest number of tenements suggesting the size of land holdings on the most prospective ground table
"For companies that hold more than 20 of the highest-ranked tenements across the Au, Cu, Ni, and Li GPred models, we can say the following:",p,https://sensore.com/insights,iNSIGHTS | SensOre,,"['iNSIGHTS', 'SensOre iNSIGHTS']",2024-11-21T11:18:38.194980,SensOre,0.25,0.0,0,0,Other,for companies that hold more than of the highestranked tenements across the au cu ni and li gpred models we can say the following
"Across all four GPred models, only 29 out of the 3,497 registered tenement holders in WA hold more than 20 tenements in the highest-ranking Probability Category.",p,https://sensore.com/insights,iNSIGHTS | SensOre,,"['iNSIGHTS', 'SensOre iNSIGHTS']",2024-11-21T11:18:38.194981,SensOre,0.25,0.0,0,0,Other,across all four gpred models only out of the registered tenement holders in wa hold more than tenements in the highestranking probability category
"The GPred models were constructed by training and testing geophysics on geochemically anomalous point data for 47 elements. These models’ strength lies in using one type of data (geochemistry) to train another (geophysics) on a large scale. The probability maps produced highlight areas likely to have geochemical anomalies in regions currently lacking geochemical data, representing true predictions and new discovery opportunities.SensOre cannot independently validate the predicted anomalies across the entire state. However, we can examine the 2023 exploration drilling results reported on the ASX and significant intersections compiled by S&P Global to see if industry-reported drilling results corroborate our modelled predictions. For gold exploration, a significant proportion (36.7%) of the most significant intersections for Au (g/tonne) reported from 1,396 WA exploration licences from Air Core drilling campaigns are on tenure that captures some of our highest probability gold anomalism predictions (GPred Au probability > 0.8) (Figure 5).",p,https://sensore.com/insights,iNSIGHTS | SensOre,,"['iNSIGHTS', 'SensOre iNSIGHTS']",2024-11-21T11:18:38.194983,SensOre,0.19380411255411256,0.8907,8,8,Balanced,the gpred models were constructed by training and testing geophysics on geochemically anomalous point data for elements these models strength lies in using one type of data geochemistry to train another geophysics on a large scale the probability maps produced highlight areas likely to have geochemical anomalies in regions currently lacking geochemical data representing true predictions and new discovery opportunitiessensore cannot independently validate the predicted anomalies across the entire state however we can examine the exploration drilling results reported on the asx and significant intersections compiled by sp global to see if industryreported drilling results corroborate our modelled predictions for gold exploration a significant proportion of the most significant intersections for au gtonne reported from wa exploration licences from air core drilling campaigns are on tenure that captures some of our highest probability gold anomalism predictions gpred au probability figure
SensOre’s Predictive Models deliver innovative insights at the resolution needed to address decision-making drivers for major mining companies and junior explorers. These insights are also valuable to investors and stakeholders in exploration and mining who seek a competitive advantage in a volatile market. Our models highlight opportunities for:,p,https://sensore.com/insights,iNSIGHTS | SensOre,,"['iNSIGHTS', 'SensOre iNSIGHTS']",2024-11-21T11:18:38.194985,SensOre,0.28125,0.9274,1,2,Value Proposition,sensores predictive models deliver innovative insights at the resolution needed to address decisionmaking drivers for major mining companies and junior explorers these insights are also valuable to investors and stakeholders in exploration and mining who seek a competitive advantage in a volatile market our models highlight opportunities for
How do you get access to these resources?,h3,https://sensore.com/insights,iNSIGHTS | SensOre,,"['iNSIGHTS', 'SensOre iNSIGHTS']",2024-11-21T11:18:38.194988,SensOre,0.0,0.0,0,0,Other,how do you get access to these resources
Contact SensOre to maximize your exploration success by utilising our propriety advanced machine learning capabilities. SensOre is here to help you get the most out of your geological data on your way to making a discovery.,p,https://sensore.com/insights,iNSIGHTS | SensOre,,"['iNSIGHTS', 'SensOre iNSIGHTS']",2024-11-21T11:18:38.194989,SensOre,0.39999999999999997,0.8519,1,2,Value Proposition,contact sensore to maximize your exploration success by utilising our propriety advanced machine learning capabilities sensore is here to help you get the most out of your geological data on your way to making a discovery
PERTH,p,https://sensore.com/insights,iNSIGHTS | SensOre,,"['iNSIGHTS', 'SensOre iNSIGHTS']",2024-11-21T11:18:38.194990,SensOre,0.0,0.0,0,0,Other,perth
"Unit 6, 7 Tully RoadEast Perth WA 6004+61 8 9325 6249",p,https://sensore.com/insights,iNSIGHTS | SensOre,,"['iNSIGHTS', 'SensOre iNSIGHTS']",2024-11-21T11:18:38.194992,SensOre,0.0,0.0,0,0,Other,unit tully roadeast perth wa
MELBOURNE,p,https://sensore.com/insights,iNSIGHTS | SensOre,,"['iNSIGHTS', 'SensOre iNSIGHTS']",2024-11-21T11:18:38.194994,SensOre,0.0,0.0,0,0,Other,melbourne
"Level 21, 459 Collins Street, Melbourne, Vic 3000+61 3 8630 3321info@sensore.com",p,https://sensore.com/insights,iNSIGHTS | SensOre,,"['iNSIGHTS', 'SensOre iNSIGHTS']",2024-11-21T11:18:38.194996,SensOre,0.0,0.0,0,0,Other,level collins street melbourne vic infosensorecom
Discovering more with AI-enhanced exploration,h3,https://sensore.com/insights,iNSIGHTS | SensOre,,"['iNSIGHTS', 'SensOre iNSIGHTS']",2024-11-21T11:18:38.194997,SensOre,0.5,0.2878,1,1,Balanced,discovering more with aienhanced exploration
VerAI Discoveries,h2,https://ver-ai.com/,Home - VerAI Discoveries,VerAI Discoveries is disrupting Mineral Exploration by deploying a revolutionary Artificial Intelligence Platform that detects concealed mineral deposits.,[],2024-11-21T11:18:41.318728,VerAI,0.0,0.0,0,0,Other,verai discoveries
"EVs, renewable energy and electricity storage technologies rely heavily on critical minerals that are without substitute, like Copper, Cobalt, Nickel and Lithium.

Current metal production is declining significantly, and is not being replenished with new discoveries. This supply gap, worth trillions of dollars, will dramatically expand over the next decades.",p,https://ver-ai.com/,Home - VerAI Discoveries,VerAI Discoveries is disrupting Mineral Exploration by deploying a revolutionary Artificial Intelligence Platform that detects concealed mineral deposits.,[],2024-11-21T11:18:41.318741,VerAI,0.13522727272727272,0.224,0,0,Other,evs renewable energy and electricity storage technologies rely heavily on critical minerals that are without substitute like copper cobalt nickel and lithium current metal production is declining significantly and is not being replenished with new discoveries this supply gap worth trillions of dollars will dramatically expand over the next decades
"There are no more easy discoveries. The remaining ore deposits are concealed under covered terrain making them challenging to discover.

Most of the underexplored parts of known mining jurisdictions are covered and current exploration methods will no longer be fit for purpose.",p,https://ver-ai.com/,Home - VerAI Discoveries,VerAI Discoveries is disrupting Mineral Exploration by deploying a revolutionary Artificial Intelligence Platform that detects concealed mineral deposits.,[],2024-11-21T11:18:41.318743,VerAI,0.2638888888888889,0.5849,2,2,Balanced,there are no more easy discoveries the remaining ore deposits are concealed under covered terrain making them challenging to discover most of the underexplored parts of known mining jurisdictions are covered and current exploration methods will no longer be fit for purpose
"VerAI’s systematic methodology increases the probability of success in discovering economic deposits by two orders of magnitude, shortening the targeting time from years to months and reducing the targeting costs by over 90%.",p,https://ver-ai.com/,Home - VerAI Discoveries,VerAI Discoveries is disrupting Mineral Exploration by deploying a revolutionary Artificial Intelligence Platform that detects concealed mineral deposits.,[],2024-11-21T11:18:41.318745,VerAI,0.25,0.5719,1,1,Balanced,verais systematic methodology increases the probability of success in discovering economic deposits by two orders of magnitude shortening the targeting time from years to months and reducing the targeting costs by over
"VerAI deploys a novel proprietary AI/ML Discovery Platform that detects concealed mineral deposits in underexplored covered terrains. Our platform utilizes tailor-made datasets relevant for the challenge of exploring undercover, to directly identify with high probability the location of economic mineral deposits. Our Platform works with different commodity styles and in different geological jurisdictions.",p,https://ver-ai.com/,Home - VerAI Discoveries,VerAI Discoveries is disrupting Mineral Exploration by deploying a revolutionary Artificial Intelligence Platform that detects concealed mineral deposits.,[],2024-11-21T11:18:41.318746,VerAI,0.14333333333333334,0.3818,5,5,Balanced,verai deploys a novel proprietary aiml discovery platform that detects concealed mineral deposits in underexplored covered terrains our platform utilizes tailormade datasets relevant for the challenge of exploring undercover to directly identify with high probability the location of economic mineral deposits our platform works with different commodity styles and in different geological jurisdictions
"VerAI is generating AI-based, high-probability target portfolios that are at drill ready stage. We then partner with Explorers to develop our fully owned asset portfolios and generate value by monetizing equity and royalty from these successful assets.",p,https://ver-ai.com/,Home - VerAI Discoveries,VerAI Discoveries is disrupting Mineral Exploration by deploying a revolutionary Artificial Intelligence Platform that detects concealed mineral deposits.,[],2024-11-21T11:18:41.318747,VerAI,0.475,0.9038,0,0,Other,verai is generating aibased highprobability target portfolios that are at drill ready stage we then partner with explorers to develop our fully owned asset portfolios and generate value by monetizing equity and royalty from these successful assets
REVEAL™,h2,https://ideon.ai/ideon-reveal-for-exploration,Ideon Reveal for Exploration - Ideon Technologies,,"['Muon Tomography for Mapping Voids & Remnant Mineralization at Vale Base Metals’ Creighton Mine', 'Muon Tomography for Mine Extension at Vale Base Metals’ Totten Mine', 'Muon Tomography & Multi-Physics Fusion for Nickel Massive Sulphide Mapping at BHP’s Leinster Mine', 'Imaging High-Grade Uranium Deposits at Orano’s McClean Lake Project']",2024-11-21T11:18:53.642140,Ideon,0.0,0.0,0,0,Other,reveal
for Exploration,p,https://ideon.ai/ideon-reveal-for-exploration,Ideon Reveal for Exploration - Ideon Technologies,,"['Muon Tomography for Mapping Voids & Remnant Mineralization at Vale Base Metals’ Creighton Mine', 'Muon Tomography for Mine Extension at Vale Base Metals’ Totten Mine', 'Muon Tomography & Multi-Physics Fusion for Nickel Massive Sulphide Mapping at BHP’s Leinster Mine', 'Imaging High-Grade Uranium Deposits at Orano’s McClean Lake Project']",2024-11-21T11:18:53.642178,Ideon,0.0,0.2263,1,1,Balanced,for exploration
"Access the high-resolution imaging needed to precisely delineate subsurface features, at depth, and in the complex operational environment of an active mine site. No other remote sensing technology can deliver this powerful combination.",p,https://ideon.ai/ideon-reveal-for-exploration,Ideon Reveal for Exploration - Ideon Technologies,,"['Muon Tomography for Mapping Voids & Remnant Mineralization at Vale Base Metals’ Creighton Mine', 'Muon Tomography for Mine Extension at Vale Base Metals’ Totten Mine', 'Muon Tomography & Multi-Physics Fusion for Nickel Massive Sulphide Mapping at BHP’s Leinster Mine', 'Imaging High-Grade Uranium Deposits at Orano’s McClean Lake Project']",2024-11-21T11:18:53.642187,Ideon,0.03819444444444445,0.5789,1,2,Value Proposition,access the highresolution imaging needed to precisely delineate subsurface features at depth and in the complex operational environment of an active mine site no other remote sensing technology can deliver this powerful combination
Identify and map targets,h2,https://ideon.ai/ideon-reveal-for-exploration,Ideon Reveal for Exploration - Ideon Technologies,,"['Muon Tomography for Mapping Voids & Remnant Mineralization at Vale Base Metals’ Creighton Mine', 'Muon Tomography for Mine Extension at Vale Base Metals’ Totten Mine', 'Muon Tomography & Multi-Physics Fusion for Nickel Massive Sulphide Mapping at BHP’s Leinster Mine', 'Imaging High-Grade Uranium Deposits at Orano’s McClean Lake Project']",2024-11-21T11:18:53.642190,Ideon,0.0,0.0,0,0,Other,identify and map targets
Measure characteristics,h2,https://ideon.ai/ideon-reveal-for-exploration,Ideon Reveal for Exploration - Ideon Technologies,,"['Muon Tomography for Mapping Voids & Remnant Mineralization at Vale Base Metals’ Creighton Mine', 'Muon Tomography for Mine Extension at Vale Base Metals’ Totten Mine', 'Muon Tomography & Multi-Physics Fusion for Nickel Massive Sulphide Mapping at BHP’s Leinster Mine', 'Imaging High-Grade Uranium Deposits at Orano’s McClean Lake Project']",2024-11-21T11:18:53.642192,Ideon,0.0,0.0,0,0,Other,measure characteristics
Determine the value of ore,h2,https://ideon.ai/ideon-reveal-for-exploration,Ideon Reveal for Exploration - Ideon Technologies,,"['Muon Tomography for Mapping Voids & Remnant Mineralization at Vale Base Metals’ Creighton Mine', 'Muon Tomography for Mine Extension at Vale Base Metals’ Totten Mine', 'Muon Tomography & Multi-Physics Fusion for Nickel Massive Sulphide Mapping at BHP’s Leinster Mine', 'Imaging High-Grade Uranium Deposits at Orano’s McClean Lake Project']",2024-11-21T11:18:53.642194,Ideon,0.0,0.34,0,0,Other,determine the value of ore
Optimize operations,h2,https://ideon.ai/ideon-reveal-for-exploration,Ideon Reveal for Exploration - Ideon Technologies,,"['Muon Tomography for Mapping Voids & Remnant Mineralization at Vale Base Metals’ Creighton Mine', 'Muon Tomography for Mine Extension at Vale Base Metals’ Totten Mine', 'Muon Tomography & Multi-Physics Fusion for Nickel Massive Sulphide Mapping at BHP’s Leinster Mine', 'Imaging High-Grade Uranium Deposits at Orano’s McClean Lake Project']",2024-11-21T11:18:53.642196,Ideon,0.0,0.4939,0,0,Other,optimize operations
Operate safely,h2,https://ideon.ai/ideon-reveal-for-exploration,Ideon Reveal for Exploration - Ideon Technologies,,"['Muon Tomography for Mapping Voids & Remnant Mineralization at Vale Base Metals’ Creighton Mine', 'Muon Tomography for Mine Extension at Vale Base Metals’ Totten Mine', 'Muon Tomography & Multi-Physics Fusion for Nickel Massive Sulphide Mapping at BHP’s Leinster Mine', 'Imaging High-Grade Uranium Deposits at Orano’s McClean Lake Project']",2024-11-21T11:18:53.642197,Ideon,0.5,0.4939,0,0,Other,operate safely
Drill less. Discover more. Faster.,h2,https://ideon.ai/ideon-reveal-for-exploration,Ideon Reveal for Exploration - Ideon Technologies,,"['Muon Tomography for Mapping Voids & Remnant Mineralization at Vale Base Metals’ Creighton Mine', 'Muon Tomography for Mine Extension at Vale Base Metals’ Totten Mine', 'Muon Tomography & Multi-Physics Fusion for Nickel Massive Sulphide Mapping at BHP’s Leinster Mine', 'Imaging High-Grade Uranium Deposits at Orano’s McClean Lake Project']",2024-11-21T11:18:53.642199,Ideon,0.16666666666666669,0.0,0,0,Other,drill less discover more faster
Exploration focuses on finding new deposits or extensions to existing deposits.Exploration activities provide accurate spatial information and intelligence to determine if there are minerals underground in a target area. Greenfield exploration focuses on potential new mine sites in unexplored or currently undeveloped areas. Brownfield exploration involves searching in the immediate vicinity of existing mine sites for additional deposits to replenish resources and reserves as mining companies draw down on them each year. Ideon is focused on mine life extension and production capacity increases on active mine sites that have the potential to materially improve the world supply of critical metals.,p,https://ideon.ai/ideon-reveal-for-exploration,Ideon Reveal for Exploration - Ideon Technologies,,"['Muon Tomography for Mapping Voids & Remnant Mineralization at Vale Base Metals’ Creighton Mine', 'Muon Tomography for Mine Extension at Vale Base Metals’ Totten Mine', 'Muon Tomography & Multi-Physics Fusion for Nickel Massive Sulphide Mapping at BHP’s Leinster Mine', 'Imaging High-Grade Uranium Deposits at Orano’s McClean Lake Project']",2024-11-21T11:18:53.642210,Ideon,0.04264870931537598,0.9136,7,8,Value Proposition,exploration focuses on finding new deposits or extensions to existing depositsexploration activities provide accurate spatial information and intelligence to determine if there are minerals underground in a target area greenfield exploration focuses on potential new mine sites in unexplored or currently undeveloped areas brownfield exploration involves searching in the immediate vicinity of existing mine sites for additional deposits to replenish resources and reserves as mining companies draw down on them each year ideon is focused on mine life extension and production capacity increases on active mine sites that have the potential to materially improve the world supply of critical metals
"Geological uncertainty impedes growth, drives cost, and increases time to market.The big challenge in mining is never knowing for certain what lies in the subsurface. You may extract and analyze data from hundreds or thousands of drill holes, interpolating what may exist between those geological biopsies. Even with all those holes, you still don’t know for sure. It feels like flying blind sometimes, yet enormous investment and operational decisions are based on that fractional information about what might be there.",p,https://ideon.ai/ideon-reveal-for-exploration,Ideon Reveal for Exploration - Ideon Technologies,,"['Muon Tomography for Mapping Voids & Remnant Mineralization at Vale Base Metals’ Creighton Mine', 'Muon Tomography for Mine Extension at Vale Base Metals’ Totten Mine', 'Muon Tomography & Multi-Physics Fusion for Nickel Massive Sulphide Mapping at BHP’s Leinster Mine', 'Imaging High-Grade Uranium Deposits at Orano’s McClean Lake Project']",2024-11-21T11:18:53.642214,Ideon,0.04285714285714286,-0.2533,1,1,Balanced,geological uncertainty impedes growth drives cost and increases time to marketthe big challenge in mining is never knowing for certain what lies in the subsurface you may extract and analyze data from hundreds or thousands of drill holes interpolating what may exist between those geological biopsies even with all those holes you still dont know for sure it feels like flying blind sometimes yet enormous investment and operational decisions are based on that fractional information about what might be there
"Ideon reduces geological uncertainty, giving you confidence to move earlier, faster, and with less risk",h2,https://ideon.ai/ideon-reveal-for-exploration,Ideon Reveal for Exploration - Ideon Technologies,,"['Muon Tomography for Mapping Voids & Remnant Mineralization at Vale Base Metals’ Creighton Mine', 'Muon Tomography for Mine Extension at Vale Base Metals’ Totten Mine', 'Muon Tomography & Multi-Physics Fusion for Nickel Massive Sulphide Mapping at BHP’s Leinster Mine', 'Imaging High-Grade Uranium Deposits at Orano’s McClean Lake Project']",2024-11-21T11:18:53.642216,Ideon,-0.08333333333333333,0.3597,0,0,Other,ideon reduces geological uncertainty giving you confidence to move earlier faster and with less risk
"Ideon can confirm what you believe you know about the subsurface – and reveal what you don’t know – which can be even more valuable in terms of decision-making. Our suite of hardware, software, AI-powered services, and multi-physics fusion techniques allows us to create high-resolution, dynamic Earth models and unlock the exponential power of integrated spatial data.",p,https://ideon.ai/ideon-reveal-for-exploration,Ideon Reveal for Exploration - Ideon Technologies,,"['Muon Tomography for Mapping Voids & Remnant Mineralization at Vale Base Metals’ Creighton Mine', 'Muon Tomography for Mine Extension at Vale Base Metals’ Totten Mine', 'Muon Tomography & Multi-Physics Fusion for Nickel Massive Sulphide Mapping at BHP’s Leinster Mine', 'Imaging High-Grade Uranium Deposits at Orano’s McClean Lake Project']",2024-11-21T11:18:53.642219,Ideon,0.25,0.796,1,2,Value Proposition,ideon can confirm what you believe you know about the subsurface and reveal what you dont know which can be even more valuable in terms of decisionmaking our suite of hardware software aipowered services and multiphysics fusion techniques allows us to create highresolution dynamic earth models and unlock the exponential power of integrated spatial data
"We help you identify and map subsurface targets, understand their characteristics, determine the value of ore in the ground, and help optimize your mining operations to get those metals to market quickly, safely, and more profitably.",p,https://ideon.ai/ideon-reveal-for-exploration,Ideon Reveal for Exploration - Ideon Technologies,,"['Muon Tomography for Mapping Voids & Remnant Mineralization at Vale Base Metals’ Creighton Mine', 'Muon Tomography for Mine Extension at Vale Base Metals’ Totten Mine', 'Muon Tomography & Multi-Physics Fusion for Nickel Massive Sulphide Mapping at BHP’s Leinster Mine', 'Imaging High-Grade Uranium Deposits at Orano’s McClean Lake Project']",2024-11-21T11:18:53.642221,Ideon,0.5,0.9441,1,1,Balanced,we help you identify and map subsurface targets understand their characteristics determine the value of ore in the ground and help optimize your mining operations to get those metals to market quickly safely and more profitably
Ideon has imaged billions of cubic metres of the Earth’s subsurface – at metre-scale resolution.,h2,https://ideon.ai/ideon-reveal-for-exploration,Ideon Reveal for Exploration - Ideon Technologies,,"['Muon Tomography for Mapping Voids & Remnant Mineralization at Vale Base Metals’ Creighton Mine', 'Muon Tomography for Mine Extension at Vale Base Metals’ Totten Mine', 'Muon Tomography & Multi-Physics Fusion for Nickel Massive Sulphide Mapping at BHP’s Leinster Mine', 'Imaging High-Grade Uranium Deposits at Orano’s McClean Lake Project']",2024-11-21T11:18:53.642223,Ideon,0.0,0.0,1,1,Balanced,ideon has imaged billions of cubic metres of the earths subsurface at metrescale resolution
"Gain an unmatched understanding of the Earth’s subsurface, unlocking economic value across your operations:",p,https://ideon.ai/ideon-reveal-for-exploration,Ideon Reveal for Exploration - Ideon Technologies,,"['Muon Tomography for Mapping Voids & Remnant Mineralization at Vale Base Metals’ Creighton Mine', 'Muon Tomography for Mine Extension at Vale Base Metals’ Totten Mine', 'Muon Tomography & Multi-Physics Fusion for Nickel Massive Sulphide Mapping at BHP’s Leinster Mine', 'Imaging High-Grade Uranium Deposits at Orano’s McClean Lake Project']",2024-11-21T11:18:53.642224,Ideon,0.2,0.6705,1,1,Balanced,gain an unmatched understanding of the earths subsurface unlocking economic value across your operations
Quickly build a macro view of a large volume of earth in an exploration zone. Focus remaining drilling activity on validating targets rather than trying to discover them.,p,https://ideon.ai/ideon-reveal-for-exploration,Ideon Reveal for Exploration - Ideon Technologies,,"['Muon Tomography for Mapping Voids & Remnant Mineralization at Vale Base Metals’ Creighton Mine', 'Muon Tomography for Mine Extension at Vale Base Metals’ Totten Mine', 'Muon Tomography & Multi-Physics Fusion for Nickel Massive Sulphide Mapping at BHP’s Leinster Mine', 'Imaging High-Grade Uranium Deposits at Orano’s McClean Lake Project']",2024-11-21T11:18:53.642226,Ideon,0.2738095238095238,0.5106,2,2,Balanced,quickly build a macro view of a large volume of earth in an exploration zone focus remaining drilling activity on validating targets rather than trying to discover them
"Image millions of m3 of earth from just a few surface boreholes or from existing underground workings. Achieve more with limited drilling resources, reduce site disruption, and avoid bureaucratic hurdles that slow progress.",p,https://ideon.ai/ideon-reveal-for-exploration,Ideon Reveal for Exploration - Ideon Technologies,,"['Muon Tomography for Mapping Voids & Remnant Mineralization at Vale Base Metals’ Creighton Mine', 'Muon Tomography for Mine Extension at Vale Base Metals’ Totten Mine', 'Muon Tomography & Multi-Physics Fusion for Nickel Massive Sulphide Mapping at BHP’s Leinster Mine', 'Imaging High-Grade Uranium Deposits at Orano’s McClean Lake Project']",2024-11-21T11:18:53.642228,Ideon,-0.01785714285714287,-0.507,1,1,Balanced,image millions of m of earth from just a few surface boreholes or from existing underground workings achieve more with limited drilling resources reduce site disruption and avoid bureaucratic hurdles that slow progress
Remotely identify subsurface structures or voids that could mitigate potentially unsafe situations for personnel or equipment.,p,https://ideon.ai/ideon-reveal-for-exploration,Ideon Reveal for Exploration - Ideon Technologies,,"['Muon Tomography for Mapping Voids & Remnant Mineralization at Vale Base Metals’ Creighton Mine', 'Muon Tomography for Mine Extension at Vale Base Metals’ Totten Mine', 'Muon Tomography & Multi-Physics Fusion for Nickel Massive Sulphide Mapping at BHP’s Leinster Mine', 'Imaging High-Grade Uranium Deposits at Orano’s McClean Lake Project']",2024-11-21T11:18:53.642230,Ideon,-0.05,0.0,1,1,Balanced,remotely identify subsurface structures or voids that could mitigate potentially unsafe situations for personnel or equipment
Identify subtle differences in subsurface features that other technologies completely miss. Unlock previously sterilized areas that may hold untapped ore (often at higher grade). Sterilize other areas that do not contain meaningful mineralization and confidently move on without fear of having missed anything between widely spaced drillholes. Stretch your exploration budget further and get product to market quicker.,p,https://ideon.ai/ideon-reveal-for-exploration,Ideon Reveal for Exploration - Ideon Technologies,,"['Muon Tomography for Mapping Voids & Remnant Mineralization at Vale Base Metals’ Creighton Mine', 'Muon Tomography for Mine Extension at Vale Base Metals’ Totten Mine', 'Muon Tomography & Multi-Physics Fusion for Nickel Massive Sulphide Mapping at BHP’s Leinster Mine', 'Imaging High-Grade Uranium Deposits at Orano’s McClean Lake Project']",2024-11-21T11:18:53.642232,Ideon,0.05000000000000001,0.3763,3,3,Balanced,identify subtle differences in subsurface features that other technologies completely miss unlock previously sterilized areas that may hold untapped ore often at higher grade sterilize other areas that do not contain meaningful mineralization and confidently move on without fear of having missed anything between widely spaced drillholes stretch your exploration budget further and get product to market quicker
See how others are leveraging REVEAL™ for Exploration,h2,https://ideon.ai/ideon-reveal-for-exploration,Ideon Reveal for Exploration - Ideon Technologies,,"['Muon Tomography for Mapping Voids & Remnant Mineralization at Vale Base Metals’ Creighton Mine', 'Muon Tomography for Mine Extension at Vale Base Metals’ Totten Mine', 'Muon Tomography & Multi-Physics Fusion for Nickel Massive Sulphide Mapping at BHP’s Leinster Mine', 'Imaging High-Grade Uranium Deposits at Orano’s McClean Lake Project']",2024-11-21T11:18:53.642234,Ideon,0.0,0.2263,1,1,Balanced,see how others are leveraging reveal for exploration
"The most innovative mining companies in the world are putting Ideon to work, accessing an unmatched understanding of the Earth’s subsurface and unlocking economic value across their operations.",p,https://ideon.ai/ideon-reveal-for-exploration,Ideon Reveal for Exploration - Ideon Technologies,,"['Muon Tomography for Mapping Voids & Remnant Mineralization at Vale Base Metals’ Creighton Mine', 'Muon Tomography for Mine Extension at Vale Base Metals’ Totten Mine', 'Muon Tomography & Multi-Physics Fusion for Nickel Massive Sulphide Mapping at BHP’s Leinster Mine', 'Imaging High-Grade Uranium Deposits at Orano’s McClean Lake Project']",2024-11-21T11:18:53.642236,Ideon,0.39999999999999997,0.6478,1,2,Value Proposition,the most innovative mining companies in the world are putting ideon to work accessing an unmatched understanding of the earths subsurface and unlocking economic value across their operations
Muon Tomography for Mapping Voids & Remnant Mineralization at Vale Base Metals’ Creighton Mine,h1,https://ideon.ai/ideon-reveal-for-exploration,Ideon Reveal for Exploration - Ideon Technologies,,"['Muon Tomography for Mapping Voids & Remnant Mineralization at Vale Base Metals’ Creighton Mine', 'Muon Tomography for Mine Extension at Vale Base Metals’ Totten Mine', 'Muon Tomography & Multi-Physics Fusion for Nickel Massive Sulphide Mapping at BHP’s Leinster Mine', 'Imaging High-Grade Uranium Deposits at Orano’s McClean Lake Project']",2024-11-21T11:18:53.642238,Ideon,-0.8,0.0,1,1,Balanced,muon tomography for mapping voids remnant mineralization at vale base metals creighton mine
Muon Tomography for Mine Extension at Vale Base Metals’ Totten Mine,h1,https://ideon.ai/ideon-reveal-for-exploration,Ideon Reveal for Exploration - Ideon Technologies,,"['Muon Tomography for Mapping Voids & Remnant Mineralization at Vale Base Metals’ Creighton Mine', 'Muon Tomography for Mine Extension at Vale Base Metals’ Totten Mine', 'Muon Tomography & Multi-Physics Fusion for Nickel Massive Sulphide Mapping at BHP’s Leinster Mine', 'Imaging High-Grade Uranium Deposits at Orano’s McClean Lake Project']",2024-11-21T11:18:53.642240,Ideon,-0.8,0.0,0,0,Other,muon tomography for mine extension at vale base metals totten mine
Muon Tomography & Multi-Physics Fusion for Nickel Massive Sulphide Mapping at BHP’s Leinster Mine,h1,https://ideon.ai/ideon-reveal-for-exploration,Ideon Reveal for Exploration - Ideon Technologies,,"['Muon Tomography for Mapping Voids & Remnant Mineralization at Vale Base Metals’ Creighton Mine', 'Muon Tomography for Mine Extension at Vale Base Metals’ Totten Mine', 'Muon Tomography & Multi-Physics Fusion for Nickel Massive Sulphide Mapping at BHP’s Leinster Mine', 'Imaging High-Grade Uranium Deposits at Orano’s McClean Lake Project']",2024-11-21T11:18:53.642241,Ideon,0.0,0.0,0,0,Other,muon tomography multiphysics fusion for nickel massive sulphide mapping at bhps leinster mine
Imaging High-Grade Uranium Deposits at Orano’s McClean Lake Project,h1,https://ideon.ai/ideon-reveal-for-exploration,Ideon Reveal for Exploration - Ideon Technologies,,"['Muon Tomography for Mapping Voids & Remnant Mineralization at Vale Base Metals’ Creighton Mine', 'Muon Tomography for Mine Extension at Vale Base Metals’ Totten Mine', 'Muon Tomography & Multi-Physics Fusion for Nickel Massive Sulphide Mapping at BHP’s Leinster Mine', 'Imaging High-Grade Uranium Deposits at Orano’s McClean Lake Project']",2024-11-21T11:18:53.642242,Ideon,0.0,0.0,1,1,Balanced,imaging highgrade uranium deposits at oranos mcclean lake project
Drill less. Discover more. Faster.,h2,https://ideon.ai/ideon-reveal-for-exploration,Ideon Reveal for Exploration - Ideon Technologies,,"['Muon Tomography for Mapping Voids & Remnant Mineralization at Vale Base Metals’ Creighton Mine', 'Muon Tomography for Mine Extension at Vale Base Metals’ Totten Mine', 'Muon Tomography & Multi-Physics Fusion for Nickel Massive Sulphide Mapping at BHP’s Leinster Mine', 'Imaging High-Grade Uranium Deposits at Orano’s McClean Lake Project']",2024-11-21T11:18:53.642244,Ideon,0.16666666666666669,0.0,0,0,Other,drill less discover more faster
Get in touch with our Business Development team to learn how.,h2,https://ideon.ai/ideon-reveal-for-exploration,Ideon Reveal for Exploration - Ideon Technologies,,"['Muon Tomography for Mapping Voids & Remnant Mineralization at Vale Base Metals’ Creighton Mine', 'Muon Tomography for Mine Extension at Vale Base Metals’ Totten Mine', 'Muon Tomography & Multi-Physics Fusion for Nickel Massive Sulphide Mapping at BHP’s Leinster Mine', 'Imaging High-Grade Uranium Deposits at Orano’s McClean Lake Project']",2024-11-21T11:18:53.642246,Ideon,0.0,0.0,0,0,Other,get in touch with our business development team to learn how
"© 2024 Ideon Technologies, Inc. All Rights Reserved.",p,https://ideon.ai/ideon-reveal-for-exploration,Ideon Reveal for Exploration - Ideon Technologies,,"['Muon Tomography for Mapping Voids & Remnant Mineralization at Vale Base Metals’ Creighton Mine', 'Muon Tomography for Mine Extension at Vale Base Metals’ Totten Mine', 'Muon Tomography & Multi-Physics Fusion for Nickel Massive Sulphide Mapping at BHP’s Leinster Mine', 'Imaging High-Grade Uranium Deposits at Orano’s McClean Lake Project']",2024-11-21T11:18:53.642251,Ideon,0.0,0.0,0,0,Other,ideon technologies inc all rights reserved
"March 5, 2024",p,https://ideon.ai/results/bhp-leinster-mine,Muon Tomography & Multi-Physics Fusion for Nickel Massive Sulphide Mapping at BHP's Leinster Mine Mine Case Study - Ideon Technologies,"Using multiphysics to map nickel massive sulphide at BHP's Leinster Mine, located at the Nickel West operations in Western Australia.",['Muon Tomography & Multi-Physics Fusion for Nickel Massive Sulphide Mapping'],2024-11-21T11:18:55.496196,Ideon,0.0,0.0,0,0,Other,march
Muon Tomography & Multi-Physics Fusion for Nickel Massive Sulphide Mapping,h1,https://ideon.ai/results/bhp-leinster-mine,Muon Tomography & Multi-Physics Fusion for Nickel Massive Sulphide Mapping at BHP's Leinster Mine Mine Case Study - Ideon Technologies,"Using multiphysics to map nickel massive sulphide at BHP's Leinster Mine, located at the Nickel West operations in Western Australia.",['Muon Tomography & Multi-Physics Fusion for Nickel Massive Sulphide Mapping'],2024-11-21T11:18:55.496204,Ideon,0.0,0.0,0,0,Other,muon tomography multiphysics fusion for nickel massive sulphide mapping
"This case study demonstrates the value of cosmic-ray muon tomography, deployed in mine and in boreholes from surface, for mineral exploration, resource mapping, and void detection. It shows how Ideon imaged 1.5 billion m3 of the subsurface with no additional drilling, delivering metre-scale resolution of both high- and low-density anomalies over a large area — unlocking low-cost, high-resolution prospecting and ore body mapping.",p,https://ideon.ai/results/bhp-leinster-mine,Muon Tomography & Multi-Physics Fusion for Nickel Massive Sulphide Mapping at BHP's Leinster Mine Mine Case Study - Ideon Technologies,"Using multiphysics to map nickel massive sulphide at BHP's Leinster Mine, located at the Nickel West operations in Western Australia.",['Muon Tomography & Multi-Physics Fusion for Nickel Massive Sulphide Mapping'],2024-11-21T11:18:55.496206,Ideon,0.18714285714285714,0.2263,3,3,Balanced,this case study demonstrates the value of cosmicray muon tomography deployed in mine and in boreholes from surface for mineral exploration resource mapping and void detection it shows how ideon imaged billion m of the subsurface with no additional drilling delivering metrescale resolution of both high and lowdensity anomalies over a large area unlocking lowcost highresolution prospecting and ore body mapping
Nickel West,p,https://ideon.ai/results/bhp-leinster-mine,Muon Tomography & Multi-Physics Fusion for Nickel Massive Sulphide Mapping at BHP's Leinster Mine Mine Case Study - Ideon Technologies,"Using multiphysics to map nickel massive sulphide at BHP's Leinster Mine, located at the Nickel West operations in Western Australia.",['Muon Tomography & Multi-Physics Fusion for Nickel Massive Sulphide Mapping'],2024-11-21T11:18:55.496208,Ideon,0.0,0.0,0,0,Other,nickel west
PROJECT,p,https://ideon.ai/results/bhp-leinster-mine,Muon Tomography & Multi-Physics Fusion for Nickel Massive Sulphide Mapping at BHP's Leinster Mine Mine Case Study - Ideon Technologies,"Using multiphysics to map nickel massive sulphide at BHP's Leinster Mine, located at the Nickel West operations in Western Australia.",['Muon Tomography & Multi-Physics Fusion for Nickel Massive Sulphide Mapping'],2024-11-21T11:18:55.496210,Ideon,0.0,0.0,0,0,Other,project
"Leinster, Australia",p,https://ideon.ai/results/bhp-leinster-mine,Muon Tomography & Multi-Physics Fusion for Nickel Massive Sulphide Mapping at BHP's Leinster Mine Mine Case Study - Ideon Technologies,"Using multiphysics to map nickel massive sulphide at BHP's Leinster Mine, located at the Nickel West operations in Western Australia.",['Muon Tomography & Multi-Physics Fusion for Nickel Massive Sulphide Mapping'],2024-11-21T11:18:55.496211,Ideon,0.0,0.0,0,0,Other,leinster australia
LOCATION,p,https://ideon.ai/results/bhp-leinster-mine,Muon Tomography & Multi-Physics Fusion for Nickel Massive Sulphide Mapping at BHP's Leinster Mine Mine Case Study - Ideon Technologies,"Using multiphysics to map nickel massive sulphide at BHP's Leinster Mine, located at the Nickel West operations in Western Australia.",['Muon Tomography & Multi-Physics Fusion for Nickel Massive Sulphide Mapping'],2024-11-21T11:18:55.496212,Ideon,0.0,0.0,0,0,Other,location
In-Mine & Borehole,p,https://ideon.ai/results/bhp-leinster-mine,Muon Tomography & Multi-Physics Fusion for Nickel Massive Sulphide Mapping at BHP's Leinster Mine Mine Case Study - Ideon Technologies,"Using multiphysics to map nickel massive sulphide at BHP's Leinster Mine, located at the Nickel West operations in Western Australia.",['Muon Tomography & Multi-Physics Fusion for Nickel Massive Sulphide Mapping'],2024-11-21T11:18:55.496213,Ideon,0.0,0.0,0,0,Other,inmine borehole
IDEON DETECTOR TYPES,p,https://ideon.ai/results/bhp-leinster-mine,Muon Tomography & Multi-Physics Fusion for Nickel Massive Sulphide Mapping at BHP's Leinster Mine Mine Case Study - Ideon Technologies,"Using multiphysics to map nickel massive sulphide at BHP's Leinster Mine, located at the Nickel West operations in Western Australia.",['Muon Tomography & Multi-Physics Fusion for Nickel Massive Sulphide Mapping'],2024-11-21T11:18:55.496215,Ideon,0.0,0.0,1,1,Balanced,ideon detector types
Nickel Massive Sulphide,p,https://ideon.ai/results/bhp-leinster-mine,Muon Tomography & Multi-Physics Fusion for Nickel Massive Sulphide Mapping at BHP's Leinster Mine Mine Case Study - Ideon Technologies,"Using multiphysics to map nickel massive sulphide at BHP's Leinster Mine, located at the Nickel West operations in Western Australia.",['Muon Tomography & Multi-Physics Fusion for Nickel Massive Sulphide Mapping'],2024-11-21T11:18:55.496216,Ideon,0.0,0.0,0,0,Other,nickel massive sulphide
DEPOSIT TYPE,p,https://ideon.ai/results/bhp-leinster-mine,Muon Tomography & Multi-Physics Fusion for Nickel Massive Sulphide Mapping at BHP's Leinster Mine Mine Case Study - Ideon Technologies,"Using multiphysics to map nickel massive sulphide at BHP's Leinster Mine, located at the Nickel West operations in Western Australia.",['Muon Tomography & Multi-Physics Fusion for Nickel Massive Sulphide Mapping'],2024-11-21T11:18:55.496217,Ideon,0.0,0.0,0,0,Other,deposit type
Key Highlight,h2,https://ideon.ai/results/bhp-leinster-mine,Muon Tomography & Multi-Physics Fusion for Nickel Massive Sulphide Mapping at BHP's Leinster Mine Mine Case Study - Ideon Technologies,"Using multiphysics to map nickel massive sulphide at BHP's Leinster Mine, located at the Nickel West operations in Western Australia.",['Muon Tomography & Multi-Physics Fusion for Nickel Massive Sulphide Mapping'],2024-11-21T11:18:55.496218,Ideon,0.0,0.34,0,0,Other,key highlight
"Multi-site, multi-phase, multi-physics program demonstrating cost-effectiveness and high resolution of muon tomography imaging to inform nickel exploration, resource mapping, and void detection of a multi-kilometre strike extent.",p,https://ideon.ai/results/bhp-leinster-mine,Muon Tomography & Multi-Physics Fusion for Nickel Massive Sulphide Mapping at BHP's Leinster Mine Mine Case Study - Ideon Technologies,"Using multiphysics to map nickel massive sulphide at BHP's Leinster Mine, located at the Nickel West operations in Western Australia.",['Muon Tomography & Multi-Physics Fusion for Nickel Massive Sulphide Mapping'],2024-11-21T11:18:55.496220,Ideon,0.16,0.1027,1,1,Balanced,multisite multiphase multiphysics program demonstrating costeffectiveness and high resolution of muon tomography imaging to inform nickel exploration resource mapping and void detection of a multikilometre strike extent
Value Impacts,h2,https://ideon.ai/results/bhp-leinster-mine,Muon Tomography & Multi-Physics Fusion for Nickel Massive Sulphide Mapping at BHP's Leinster Mine Mine Case Study - Ideon Technologies,"Using multiphysics to map nickel massive sulphide at BHP's Leinster Mine, located at the Nickel West operations in Western Australia.",['Muon Tomography & Multi-Physics Fusion for Nickel Massive Sulphide Mapping'],2024-11-21T11:18:55.496222,Ideon,0.0,0.34,0,0,Other,value impacts
"Cliff and Leinster mines are situated in the Agnew-Wiluna greenstone belt in Western Australia, approximately 150 km apart from each other, and a wholly owned by BHP and operated by BHP’s Nickel West group.",p,https://ideon.ai/results/bhp-leinster-mine,Muon Tomography & Multi-Physics Fusion for Nickel Massive Sulphide Mapping at BHP's Leinster Mine Mine Case Study - Ideon Technologies,"Using multiphysics to map nickel massive sulphide at BHP's Leinster Mine, located at the Nickel West operations in Western Australia.",['Muon Tomography & Multi-Physics Fusion for Nickel Massive Sulphide Mapping'],2024-11-21T11:18:55.496223,Ideon,-0.17500000000000002,0.0,0,0,Other,cliff and leinster mines are situated in the agnewwiluna greenstone belt in western australia approximately km apart from each other and a wholly owned by bhp and operated by bhps nickel west group
"The Cliffs orebody consists of massive Fe-Ni sulphide mineralization associated with the basal contact of the Cliffs Ultramafic Unit (UCL). In its central and northern parts, the orebody presents as a N-trending, subvertical sheet, approximately 500m wide (down-dip) and plunging southward from surface for 1.5 km. The UCL has a density of approximately 2.8 g/cc, while the massive Fe-Ni sulphide ore domain has an average density of 3.9 g/cc.",p,https://ideon.ai/results/bhp-leinster-mine,Muon Tomography & Multi-Physics Fusion for Nickel Massive Sulphide Mapping at BHP's Leinster Mine Mine Case Study - Ideon Technologies,"Using multiphysics to map nickel massive sulphide at BHP's Leinster Mine, located at the Nickel West operations in Western Australia.",['Muon Tomography & Multi-Physics Fusion for Nickel Massive Sulphide Mapping'],2024-11-21T11:18:55.496224,Ideon,-0.15,0.0,3,3,Balanced,the cliffs orebody consists of massive feni sulphide mineralization associated with the basal contact of the cliffs ultramafic unit ucl in its central and northern parts the orebody presents as a ntrending subvertical sheet approximately m wide downdip and plunging southward from surface for km the ucl has a density of approximately gcc while the massive feni sulphide ore domain has an average density of gcc
"At Leinster, the Perseverance Ultramafic Complex (UPC) hosts several Type 1 Fe-Ni sulphide ore bodies. Immediately west of the UPC, the Rocky’s Reward Ultramafic (URR) is a structural slice of ultramafic rock that hosts the Rocky’s Reward and Harmony ore bodies. Mineralization is associated with distinct terrace structures hypothesized to recur down-dip of the known Rocky’s Reward terrace, which is the basis of the Balboa exploration target.",p,https://ideon.ai/results/bhp-leinster-mine,Muon Tomography & Multi-Physics Fusion for Nickel Massive Sulphide Mapping at BHP's Leinster Mine Mine Case Study - Ideon Technologies,"Using multiphysics to map nickel massive sulphide at BHP's Leinster Mine, located at the Nickel West operations in Western Australia.",['Muon Tomography & Multi-Physics Fusion for Nickel Massive Sulphide Mapping'],2024-11-21T11:18:55.496227,Ideon,0.0,0.9403,2,2,Balanced,at leinster the perseverance ultramafic complex upc hosts several type feni sulphide ore bodies immediately west of the upc the rockys reward ultramafic urr is a structural slice of ultramafic rock that hosts the rockys reward and harmony ore bodies mineralization is associated with distinct terrace structures hypothesized to recur downdip of the known rockys reward terrace which is the basis of the balboa exploration target
"Ideon deployed five in-mine detectors about 50 m apart in an underground drive approximately 200 m deep in the Cliffs mine, gathering data over a period of 60 days. With successful outcomes at Cliffs, those five detectors were relocated to a 2 km-long drive in the Leinster mine at approximately 800 m depth, screening the volume above for undiscovered massive Fe-Ni sulphide mineralization. These sensors were moved along the drive during the survey period to capture the full target zone above, for a total of approximately 8 months of active imaging.",p,https://ideon.ai/results/bhp-leinster-mine,Muon Tomography & Multi-Physics Fusion for Nickel Massive Sulphide Mapping at BHP's Leinster Mine Mine Case Study - Ideon Technologies,"Using multiphysics to map nickel massive sulphide at BHP's Leinster Mine, located at the Nickel West operations in Western Australia.",['Muon Tomography & Multi-Physics Fusion for Nickel Massive Sulphide Mapping'],2024-11-21T11:18:55.496228,Ideon,-0.02121212121212122,0.7579,2,2,Balanced,ideon deployed five inmine detectors about m apart in an underground drive approximately m deep in the cliffs mine gathering data over a period of days with successful outcomes at cliffs those five detectors were relocated to a kmlong drive in the leinster mine at approximately m depth screening the volume above for undiscovered massive feni sulphide mineralization these sensors were moved along the drive during the survey period to capture the full target zone above for a total of approximately months of active imaging
"The world’s first deployment of borehole muon tomography for nickel exploration then took place at the Balboa exploration site, with nine detectors positioned in three drill holes around a target zone for new mineralization. Imaging took place over a period of approximately 4.5 months.",p,https://ideon.ai/results/bhp-leinster-mine,Muon Tomography & Multi-Physics Fusion for Nickel Massive Sulphide Mapping at BHP's Leinster Mine Mine Case Study - Ideon Technologies,"Using multiphysics to map nickel massive sulphide at BHP's Leinster Mine, located at the Nickel West operations in Western Australia.",['Muon Tomography & Multi-Physics Fusion for Nickel Massive Sulphide Mapping'],2024-11-21T11:18:55.496230,Ideon,-0.0045454545454545565,0.4215,3,3,Balanced,the worlds first deployment of borehole muon tomography for nickel exploration then took place at the balboa exploration site with nine detectors positioned in three drill holes around a target zone for new mineralization imaging took place over a period of approximately months
"Ideon used provided airborne gravity gradient and ground gravity data to perform a multi-physics joint inversion and deliver a robust, unified 3D model of the Leinster area. BHP leveraged extensive drill data to validate the outcomes in areas where drill information was available.",p,https://ideon.ai/results/bhp-leinster-mine,Muon Tomography & Multi-Physics Fusion for Nickel Massive Sulphide Mapping at BHP's Leinster Mine Mine Case Study - Ideon Technologies,"Using multiphysics to map nickel massive sulphide at BHP's Leinster Mine, located at the Nickel West operations in Western Australia.",['Muon Tomography & Multi-Physics Fusion for Nickel Massive Sulphide Mapping'],2024-11-21T11:18:55.496231,Ideon,0.2,0.7579,0,1,Value Proposition,ideon used provided airborne gravity gradient and ground gravity data to perform a multiphysics joint inversion and deliver a robust unified d model of the leinster area bhp leveraged extensive drill data to validate the outcomes in areas where drill information was available
Leinster Case Study Walkthrough,h2,https://ideon.ai/results/bhp-leinster-mine,Muon Tomography & Multi-Physics Fusion for Nickel Massive Sulphide Mapping at BHP's Leinster Mine Mine Case Study - Ideon Technologies,"Using multiphysics to map nickel massive sulphide at BHP's Leinster Mine, located at the Nickel West operations in Western Australia.",['Muon Tomography & Multi-Physics Fusion for Nickel Massive Sulphide Mapping'],2024-11-21T11:18:55.496234,Ideon,0.0,0.0,0,0,Other,leinster case study walkthrough
"Watch Ideon CTO and Co-founder, Doug Schouten, provide an in-depth review of the Leinster program and results.",p,https://ideon.ai/results/bhp-leinster-mine,Muon Tomography & Multi-Physics Fusion for Nickel Massive Sulphide Mapping at BHP's Leinster Mine Mine Case Study - Ideon Technologies,"Using multiphysics to map nickel massive sulphide at BHP's Leinster Mine, located at the Nickel West operations in Western Australia.",['Muon Tomography & Multi-Physics Fusion for Nickel Massive Sulphide Mapping'],2024-11-21T11:18:55.496236,Ideon,0.0,0.0,0,0,Other,watch ideon cto and cofounder doug schouten provide an indepth review of the leinster program and results
"For more detailed content and results from Leinster, download the full case study.",h2,https://ideon.ai/results/bhp-leinster-mine,Muon Tomography & Multi-Physics Fusion for Nickel Massive Sulphide Mapping at BHP's Leinster Mine Mine Case Study - Ideon Technologies,"Using multiphysics to map nickel massive sulphide at BHP's Leinster Mine, located at the Nickel West operations in Western Australia.",['Muon Tomography & Multi-Physics Fusion for Nickel Massive Sulphide Mapping'],2024-11-21T11:18:55.496237,Ideon,0.4166666666666667,0.0,0,0,Other,for more detailed content and results from leinster download the full case study
"© 2024 Ideon Technologies, Inc. All Rights Reserved.",p,https://ideon.ai/results/bhp-leinster-mine,Muon Tomography & Multi-Physics Fusion for Nickel Massive Sulphide Mapping at BHP's Leinster Mine Mine Case Study - Ideon Technologies,"Using multiphysics to map nickel massive sulphide at BHP's Leinster Mine, located at the Nickel West operations in Western Australia.",['Muon Tomography & Multi-Physics Fusion for Nickel Massive Sulphide Mapping'],2024-11-21T11:18:55.496238,Ideon,0.0,0.0,0,0,Other,ideon technologies inc all rights reserved
"April 24, 2023",p,https://ideon.ai/results/orano-mcclean-lake,Imaging High-Grade Uranium Deposits at Orano's McClean Lake Project Case Study - Ideon Technologies,"World's first borehole muon tomography field trial, imaging high-grade uranium at Orano's McClean Lake project in the Athabasca Basin.",['Muon Tomography for High-Grade Uranium Deposits'],2024-11-21T11:18:56.467816,Ideon,0.0,0.0,0,0,Other,april
Muon Tomography for High-Grade Uranium Deposits,h1,https://ideon.ai/results/orano-mcclean-lake,Imaging High-Grade Uranium Deposits at Orano's McClean Lake Project Case Study - Ideon Technologies,"World's first borehole muon tomography field trial, imaging high-grade uranium at Orano's McClean Lake project in the Athabasca Basin.",['Muon Tomography for High-Grade Uranium Deposits'],2024-11-21T11:18:56.467823,Ideon,0.0,0.0,1,1,Balanced,muon tomography for highgrade uranium deposits
The world’s first borehole muon tomography field trial successfully imaging alteration surrounding compact uranium ore pods.,p,https://ideon.ai/results/orano-mcclean-lake,Imaging High-Grade Uranium Deposits at Orano's McClean Lake Project Case Study - Ideon Technologies,"World's first borehole muon tomography field trial, imaging high-grade uranium at Orano's McClean Lake project in the Athabasca Basin.",['Muon Tomography for High-Grade Uranium Deposits'],2024-11-21T11:18:56.467826,Ideon,0.5,0.4939,0,0,Other,the worlds first borehole muon tomography field trial successfully imaging alteration surrounding compact uranium ore pods
McClean Lake,p,https://ideon.ai/results/orano-mcclean-lake,Imaging High-Grade Uranium Deposits at Orano's McClean Lake Project Case Study - Ideon Technologies,"World's first borehole muon tomography field trial, imaging high-grade uranium at Orano's McClean Lake project in the Athabasca Basin.",['Muon Tomography for High-Grade Uranium Deposits'],2024-11-21T11:18:56.467827,Ideon,0.0,0.0,0,0,Other,mcclean lake
PROJECT,p,https://ideon.ai/results/orano-mcclean-lake,Imaging High-Grade Uranium Deposits at Orano's McClean Lake Project Case Study - Ideon Technologies,"World's first borehole muon tomography field trial, imaging high-grade uranium at Orano's McClean Lake project in the Athabasca Basin.",['Muon Tomography for High-Grade Uranium Deposits'],2024-11-21T11:18:56.467829,Ideon,0.0,0.0,0,0,Other,project
"Athabasca Basin, Canada",p,https://ideon.ai/results/orano-mcclean-lake,Imaging High-Grade Uranium Deposits at Orano's McClean Lake Project Case Study - Ideon Technologies,"World's first borehole muon tomography field trial, imaging high-grade uranium at Orano's McClean Lake project in the Athabasca Basin.",['Muon Tomography for High-Grade Uranium Deposits'],2024-11-21T11:18:56.467830,Ideon,0.0,0.0,0,0,Other,athabasca basin canada
LOCATION,p,https://ideon.ai/results/orano-mcclean-lake,Imaging High-Grade Uranium Deposits at Orano's McClean Lake Project Case Study - Ideon Technologies,"World's first borehole muon tomography field trial, imaging high-grade uranium at Orano's McClean Lake project in the Athabasca Basin.",['Muon Tomography for High-Grade Uranium Deposits'],2024-11-21T11:18:56.467831,Ideon,0.0,0.0,0,0,Other,location
Borehole,p,https://ideon.ai/results/orano-mcclean-lake,Imaging High-Grade Uranium Deposits at Orano's McClean Lake Project Case Study - Ideon Technologies,"World's first borehole muon tomography field trial, imaging high-grade uranium at Orano's McClean Lake project in the Athabasca Basin.",['Muon Tomography for High-Grade Uranium Deposits'],2024-11-21T11:18:56.467832,Ideon,0.0,0.0,0,0,Other,borehole
IDEON DETECTOR TYPE,p,https://ideon.ai/results/orano-mcclean-lake,Imaging High-Grade Uranium Deposits at Orano's McClean Lake Project Case Study - Ideon Technologies,"World's first borehole muon tomography field trial, imaging high-grade uranium at Orano's McClean Lake project in the Athabasca Basin.",['Muon Tomography for High-Grade Uranium Deposits'],2024-11-21T11:18:56.467833,Ideon,0.0,0.0,0,0,Other,ideon detector type
Unconformity-related uranium,p,https://ideon.ai/results/orano-mcclean-lake,Imaging High-Grade Uranium Deposits at Orano's McClean Lake Project Case Study - Ideon Technologies,"World's first borehole muon tomography field trial, imaging high-grade uranium at Orano's McClean Lake project in the Athabasca Basin.",['Muon Tomography for High-Grade Uranium Deposits'],2024-11-21T11:18:56.467835,Ideon,0.0,0.0,0,0,Other,unconformityrelated uranium
DEPOSIT TYPE,p,https://ideon.ai/results/orano-mcclean-lake,Imaging High-Grade Uranium Deposits at Orano's McClean Lake Project Case Study - Ideon Technologies,"World's first borehole muon tomography field trial, imaging high-grade uranium at Orano's McClean Lake project in the Athabasca Basin.",['Muon Tomography for High-Grade Uranium Deposits'],2024-11-21T11:18:56.467836,Ideon,0.0,0.0,0,0,Other,deposit type
"This trial of borehole muon tomography demonstrated the effectiveness of the technique to image low-grade mineralization and alteration surrounding high-grade compact uranium deposits. Outcomes matched the existing geological model, delineating structural trends and mapping broad alterations surrounding uranium mineralization. Minor variations in density (in the range of 0.1 – 0.2 g/cc) within the alteration zone correlated spatially with the known mineralization halo.",p,https://ideon.ai/results/orano-mcclean-lake,Imaging High-Grade Uranium Deposits at Orano's McClean Lake Project Case Study - Ideon Technologies,"World's first borehole muon tomography field trial, imaging high-grade uranium at Orano's McClean Lake project in the Athabasca Basin.",['Muon Tomography for High-Grade Uranium Deposits'],2024-11-21T11:18:56.467838,Ideon,0.006249999999999999,0.0,4,4,Balanced,this trial of borehole muon tomography demonstrated the effectiveness of the technique to image lowgrade mineralization and alteration surrounding highgrade compact uranium deposits outcomes matched the existing geological model delineating structural trends and mapping broad alterations surrounding uranium mineralization minor variations in density in the range of gcc within the alteration zone correlated spatially with the known mineralization halo
"McClean Lake is located within the eastern part of the Athabasca Basin in northern Saskatchewan, 850 kilometres north of Saskatoon. Orano’s McClean Lake operations include the world’s most technologically advanced uranium mill for the processing of undiluted, high-grade uranium ore. The Sue deposits, one of which was the site of this trial, are situated along the western margin of the Archean Collins Bay granitic dome within a graphitic pelitic gneiss corridor known as the Sue Trend. The uranium mineralization in this area is mainly composed of uraninite as nodules, shear vein fillings, and veinlets.",p,https://ideon.ai/results/orano-mcclean-lake,Imaging High-Grade Uranium Deposits at Orano's McClean Lake Project Case Study - Ideon Technologies,"World's first borehole muon tomography field trial, imaging high-grade uranium at Orano's McClean Lake project in the Athabasca Basin.",['Muon Tomography for High-Grade Uranium Deposits'],2024-11-21T11:18:56.467839,Ideon,0.26666666666666666,0.3134,3,4,Value Proposition,mcclean lake is located within the eastern part of the athabasca basin in northern saskatchewan kilometres north of saskatoon oranos mcclean lake operations include the worlds most technologically advanced uranium mill for the processing of undiluted highgrade uranium ore the sue deposits one of which was the site of this trial are situated along the western margin of the archean collins bay granitic dome within a graphitic pelitic gneiss corridor known as the sue trend the uranium mineralization in this area is mainly composed of uraninite as nodules shear vein fillings and veinlets
"This project followed on an earlier successful field trial conducted at McArthur River, SK using Ideon’s large-format muon detectors positioned in underground drifts at 600m depth. When development on the borehole-format detectors was completed in spring 2021, the first prototype units were deployed at McClean Lake. Six borehole detectors were positioned in a chain at multiple points down a single drillhole 300m deep. Two of the six sensors were positioned above the known deposit to map (and eliminate) near-surface geological complexity. Ideon staff traveled to the site to deploy the detectors. Data were gathered over a period of about 7 months (with some inefficiencies due to power outages), with data collection completed in January 2023. Data intake and analysis were conducted remotely throughout this period to verify quality and calibration.",p,https://ideon.ai/results/orano-mcclean-lake,Imaging High-Grade Uranium Deposits at Orano's McClean Lake Project Case Study - Ideon Technologies,"World's first borehole muon tomography field trial, imaging high-grade uranium at Orano's McClean Lake project in the Athabasca Basin.",['Muon Tomography for High-Grade Uranium Deposits'],2024-11-21T11:18:56.467840,Ideon,0.05480158730158731,0.5859,0,0,Other,this project followed on an earlier successful field trial conducted at mcarthur river sk using ideons largeformat muon detectors positioned in underground drifts at m depth when development on the boreholeformat detectors was completed in spring the first prototype units were deployed at mcclean lake six borehole detectors were positioned in a chain at multiple points down a single drillhole m deep two of the six sensors were positioned above the known deposit to map and eliminate nearsurface geological complexity ideon staff traveled to the site to deploy the detectors data were gathered over a period of about months with some inefficiencies due to power outages with data collection completed in january data intake and analysis were conducted remotely throughout this period to verify quality and calibration
McClean Lake Case Study Walkthrough,h2,https://ideon.ai/results/orano-mcclean-lake,Imaging High-Grade Uranium Deposits at Orano's McClean Lake Project Case Study - Ideon Technologies,"World's first borehole muon tomography field trial, imaging high-grade uranium at Orano's McClean Lake project in the Athabasca Basin.",['Muon Tomography for High-Grade Uranium Deposits'],2024-11-21T11:18:56.467842,Ideon,0.0,0.0,0,0,Other,mcclean lake case study walkthrough
"Watch Ideon CTO and Co-founder, Doug Schouten, provide an in-depth review of the McClean Lake program and results.",p,https://ideon.ai/results/orano-mcclean-lake,Imaging High-Grade Uranium Deposits at Orano's McClean Lake Project Case Study - Ideon Technologies,"World's first borehole muon tomography field trial, imaging high-grade uranium at Orano's McClean Lake project in the Athabasca Basin.",['Muon Tomography for High-Grade Uranium Deposits'],2024-11-21T11:18:56.467843,Ideon,0.0,0.0,0,0,Other,watch ideon cto and cofounder doug schouten provide an indepth review of the mcclean lake program and results
"© 2024 Ideon Technologies, Inc. All Rights Reserved.",p,https://ideon.ai/results/orano-mcclean-lake,Imaging High-Grade Uranium Deposits at Orano's McClean Lake Project Case Study - Ideon Technologies,"World's first borehole muon tomography field trial, imaging high-grade uranium at Orano's McClean Lake project in the Athabasca Basin.",['Muon Tomography for High-Grade Uranium Deposits'],2024-11-21T11:18:56.467844,Ideon,0.0,0.0,0,0,Other,ideon technologies inc all rights reserved
Understand the underground,h1,https://www.seequent.com/,"Seequent: Solutions for the mining, civil, environmental & energy industries","Powerful geoscience analysis, modelling & collaborative technologies to solve complex problems, manage risk, and uncover valuable insights from data.",['\n               Understand the underground            '],2024-11-21T11:18:59.317222,Seequent,0.0,0.0,0,0,Other,understand the underground
"World leading earth-modelling, analysis, data management and collaboration software",p,https://www.seequent.com/,"Seequent: Solutions for the mining, civil, environmental & energy industries","Powerful geoscience analysis, modelling & collaborative technologies to solve complex problems, manage risk, and uncover valuable insights from data.",['\n               Understand the underground            '],2024-11-21T11:18:59.317237,Seequent,0.0,0.0,0,1,Value Proposition,world leading earthmodelling analysis data management and collaboration software
Industries we serve,h2,https://www.seequent.com/,"Seequent: Solutions for the mining, civil, environmental & energy industries","Powerful geoscience analysis, modelling & collaborative technologies to solve complex problems, manage risk, and uncover valuable insights from data.",['\n               Understand the underground            '],2024-11-21T11:18:59.317240,Seequent,0.0,0.0,0,0,Other,industries we serve
"We help organisations to understand the underground, giving the confidence to make better decisions faster.",h3,https://www.seequent.com/,"Seequent: Solutions for the mining, civil, environmental & energy industries","Powerful geoscience analysis, modelling & collaborative technologies to solve complex problems, manage risk, and uncover valuable insights from data.",['\n               Understand the underground            '],2024-11-21T11:18:59.317241,Seequent,0.5,0.8834,0,0,Other,we help organisations to understand the underground giving the confidence to make better decisions faster
Mining,h3,https://www.seequent.com/,"Seequent: Solutions for the mining, civil, environmental & energy industries","Powerful geoscience analysis, modelling & collaborative technologies to solve complex problems, manage risk, and uncover valuable insights from data.",['\n               Understand the underground            '],2024-11-21T11:18:59.317243,Seequent,0.0,0.0,0,0,Other,mining
Energy,h3,https://www.seequent.com/,"Seequent: Solutions for the mining, civil, environmental & energy industries","Powerful geoscience analysis, modelling & collaborative technologies to solve complex problems, manage risk, and uncover valuable insights from data.",['\n               Understand the underground            '],2024-11-21T11:18:59.317244,Seequent,0.0,0.2732,0,0,Other,energy
Civil,h3,https://www.seequent.com/,"Seequent: Solutions for the mining, civil, environmental & energy industries","Powerful geoscience analysis, modelling & collaborative technologies to solve complex problems, manage risk, and uncover valuable insights from data.",['\n               Understand the underground            '],2024-11-21T11:18:59.317246,Seequent,0.0,0.0,0,0,Other,civil
Environmental,h3,https://www.seequent.com/,"Seequent: Solutions for the mining, civil, environmental & energy industries","Powerful geoscience analysis, modelling & collaborative technologies to solve complex problems, manage risk, and uncover valuable insights from data.",['\n               Understand the underground            '],2024-11-21T11:18:59.317248,Seequent,0.0,0.0,0,0,Other,environmental
Hydrocarbon,h3,https://www.seequent.com/,"Seequent: Solutions for the mining, civil, environmental & energy industries","Powerful geoscience analysis, modelling & collaborative technologies to solve complex problems, manage risk, and uncover valuable insights from data.",['\n               Understand the underground            '],2024-11-21T11:18:59.317250,Seequent,0.0,0.0,0,0,Other,hydrocarbon
Unexploded Ordnance,h3,https://www.seequent.com/,"Seequent: Solutions for the mining, civil, environmental & energy industries","Powerful geoscience analysis, modelling & collaborative technologies to solve complex problems, manage risk, and uncover valuable insights from data.",['\n               Understand the underground            '],2024-11-21T11:18:59.317252,Seequent,0.0,0.0,0,0,Other,unexploded ordnance
Mining,h3,https://www.seequent.com/,"Seequent: Solutions for the mining, civil, environmental & energy industries","Powerful geoscience analysis, modelling & collaborative technologies to solve complex problems, manage risk, and uncover valuable insights from data.",['\n               Understand the underground            '],2024-11-21T11:18:59.317254,Seequent,0.0,0.0,0,0,Other,mining
Energy,h3,https://www.seequent.com/,"Seequent: Solutions for the mining, civil, environmental & energy industries","Powerful geoscience analysis, modelling & collaborative technologies to solve complex problems, manage risk, and uncover valuable insights from data.",['\n               Understand the underground            '],2024-11-21T11:18:59.317256,Seequent,0.0,0.2732,0,0,Other,energy
Civil,h3,https://www.seequent.com/,"Seequent: Solutions for the mining, civil, environmental & energy industries","Powerful geoscience analysis, modelling & collaborative technologies to solve complex problems, manage risk, and uncover valuable insights from data.",['\n               Understand the underground            '],2024-11-21T11:18:59.317258,Seequent,0.0,0.0,0,0,Other,civil
Environmental,h3,https://www.seequent.com/,"Seequent: Solutions for the mining, civil, environmental & energy industries","Powerful geoscience analysis, modelling & collaborative technologies to solve complex problems, manage risk, and uncover valuable insights from data.",['\n               Understand the underground            '],2024-11-21T11:18:59.317259,Seequent,0.0,0.0,0,0,Other,environmental
Hydrocarbon,h3,https://www.seequent.com/,"Seequent: Solutions for the mining, civil, environmental & energy industries","Powerful geoscience analysis, modelling & collaborative technologies to solve complex problems, manage risk, and uncover valuable insights from data.",['\n               Understand the underground            '],2024-11-21T11:18:59.317261,Seequent,0.0,0.0,0,0,Other,hydrocarbon
Unexploded Ordnance,h3,https://www.seequent.com/,"Seequent: Solutions for the mining, civil, environmental & energy industries","Powerful geoscience analysis, modelling & collaborative technologies to solve complex problems, manage risk, and uncover valuable insights from data.",['\n               Understand the underground            '],2024-11-21T11:18:59.317263,Seequent,0.0,0.0,0,0,Other,unexploded ordnance
Mining,h3,https://www.seequent.com/,"Seequent: Solutions for the mining, civil, environmental & energy industries","Powerful geoscience analysis, modelling & collaborative technologies to solve complex problems, manage risk, and uncover valuable insights from data.",['\n               Understand the underground            '],2024-11-21T11:18:59.317264,Seequent,0.0,0.0,0,0,Other,mining
Energy,h3,https://www.seequent.com/,"Seequent: Solutions for the mining, civil, environmental & energy industries","Powerful geoscience analysis, modelling & collaborative technologies to solve complex problems, manage risk, and uncover valuable insights from data.",['\n               Understand the underground            '],2024-11-21T11:18:59.317266,Seequent,0.0,0.2732,0,0,Other,energy
Civil,h3,https://www.seequent.com/,"Seequent: Solutions for the mining, civil, environmental & energy industries","Powerful geoscience analysis, modelling & collaborative technologies to solve complex problems, manage risk, and uncover valuable insights from data.",['\n               Understand the underground            '],2024-11-21T11:18:59.317268,Seequent,0.0,0.0,0,0,Other,civil
Environmental,h3,https://www.seequent.com/,"Seequent: Solutions for the mining, civil, environmental & energy industries","Powerful geoscience analysis, modelling & collaborative technologies to solve complex problems, manage risk, and uncover valuable insights from data.",['\n               Understand the underground            '],2024-11-21T11:18:59.317270,Seequent,0.0,0.0,0,0,Other,environmental
Hydrocarbon,h3,https://www.seequent.com/,"Seequent: Solutions for the mining, civil, environmental & energy industries","Powerful geoscience analysis, modelling & collaborative technologies to solve complex problems, manage risk, and uncover valuable insights from data.",['\n               Understand the underground            '],2024-11-21T11:18:59.317271,Seequent,0.0,0.0,0,0,Other,hydrocarbon
Unexploded Ordnance,h3,https://www.seequent.com/,"Seequent: Solutions for the mining, civil, environmental & energy industries","Powerful geoscience analysis, modelling & collaborative technologies to solve complex problems, manage risk, and uncover valuable insights from data.",['\n               Understand the underground            '],2024-11-21T11:18:59.317273,Seequent,0.0,0.0,0,0,Other,unexploded ordnance
Seequent Unearthed,h2,https://www.seequent.com/,"Seequent: Solutions for the mining, civil, environmental & energy industries","Powerful geoscience analysis, modelling & collaborative technologies to solve complex problems, manage risk, and uncover valuable insights from data.",['\n               Understand the underground            '],2024-11-21T11:18:59.317275,Seequent,0.0,0.0,0,0,Other,seequent unearthed
Explore a world of positive impact and deeper understanding,p,https://www.seequent.com/,"Seequent: Solutions for the mining, civil, environmental & energy industries","Powerful geoscience analysis, modelling & collaborative technologies to solve complex problems, manage risk, and uncover valuable insights from data.",['\n               Understand the underground            '],2024-11-21T11:18:59.317277,Seequent,0.22727272727272727,0.5574,0,0,Other,explore a world of positive impact and deeper understanding
Seequent and the International Geothermal Association Partner to Unlock Geothermal Energy’s Potential for a Sustainable Future,h3,https://www.seequent.com/,"Seequent: Solutions for the mining, civil, environmental & energy industries","Powerful geoscience analysis, modelling & collaborative technologies to solve complex problems, manage risk, and uncover valuable insights from data.",['\n               Understand the underground            '],2024-11-21T11:18:59.317279,Seequent,0.0,0.0,0,0,Other,seequent and the international geothermal association partner to unlock geothermal energys potential for a sustainable future
"Geothermal has been overlooked as a key renewable energy source, says IGA and Seequent",p,https://www.seequent.com/,"Seequent: Solutions for the mining, civil, environmental & energy industries","Powerful geoscience analysis, modelling & collaborative technologies to solve complex problems, manage risk, and uncover valuable insights from data.",['\n               Understand the underground            '],2024-11-21T11:18:59.317280,Seequent,0.0,0.25,0,0,Other,geothermal has been overlooked as a key renewable energy source says iga and seequent
Seequent showcases tech to support India's 'Viksit Bharat 2047' roadmap,h3,https://www.seequent.com/,"Seequent: Solutions for the mining, civil, environmental & energy industries","Powerful geoscience analysis, modelling & collaborative technologies to solve complex problems, manage risk, and uncover valuable insights from data.",['\n               Understand the underground            '],2024-11-21T11:18:59.317283,Seequent,0.0,0.4019,0,0,Other,seequent showcases tech to support indias viksit bharat roadmap
Seequent demonstrated how its technology supports sustainable and resilient infrastructure development.,p,https://www.seequent.com/,"Seequent: Solutions for the mining, civil, environmental & energy industries","Powerful geoscience analysis, modelling & collaborative technologies to solve complex problems, manage risk, and uncover valuable insights from data.",['\n               Understand the underground            '],2024-11-21T11:18:59.317285,Seequent,0.0,0.3612,1,1,Balanced,seequent demonstrated how its technology supports sustainable and resilient infrastructure development
Bentley Systems names 2024 Going Digital Awards winners,h3,https://www.seequent.com/,"Seequent: Solutions for the mining, civil, environmental & energy industries","Powerful geoscience analysis, modelling & collaborative technologies to solve complex problems, manage risk, and uncover valuable insights from data.",['\n               Understand the underground            '],2024-11-21T11:18:59.317287,Seequent,0.0,0.7269,0,0,Other,bentley systems names going digital awards winners
Seequent customers win subsurface modelling and analysis award for work on Victoria's largest infrastructure project.,p,https://www.seequent.com/,"Seequent: Solutions for the mining, civil, environmental & energy industries","Powerful geoscience analysis, modelling & collaborative technologies to solve complex problems, manage risk, and uncover valuable insights from data.",['\n               Understand the underground            '],2024-11-21T11:18:59.317288,Seequent,0.8,0.8074,2,2,Balanced,seequent customers win subsurface modelling and analysis award for work on victorias largest infrastructure project
"Future 'not just about software', says Seequent expert",h3,https://www.seequent.com/,"Seequent: Solutions for the mining, civil, environmental & energy industries","Powerful geoscience analysis, modelling & collaborative technologies to solve complex problems, manage risk, and uncover valuable insights from data.",['\n               Understand the underground            '],2024-11-21T11:18:59.317291,Seequent,0.0,0.0,0,0,Other,future not just about software says seequent expert
"Segment Director, Production, Pieter Neethling tells Perth audience 'automation is changing the skills of the future'",p,https://www.seequent.com/,"Seequent: Solutions for the mining, civil, environmental & energy industries","Powerful geoscience analysis, modelling & collaborative technologies to solve complex problems, manage risk, and uncover valuable insights from data.",['\n               Understand the underground            '],2024-11-21T11:18:59.317292,Seequent,0.0,0.0,1,1,Balanced,segment director production pieter neethling tells perth audience automation is changing the skills of the future
"© 2024 Seequent, The Bentley Subsurface Company. All rights reserved",p,https://www.seequent.com/,"Seequent: Solutions for the mining, civil, environmental & energy industries","Powerful geoscience analysis, modelling & collaborative technologies to solve complex problems, manage risk, and uncover valuable insights from data.",['\n               Understand the underground            '],2024-11-21T11:18:59.317294,Seequent,0.0,0.0,1,1,Balanced,seequent the bentley subsurface company all rights reserved
Discover trends in data with Leapfrog Geo,h1,https://www.seequent.com/products-solutions/leapfrog-geo,Leapfrog Geo | 3D Modelling Software - Seequent,"See trends in data with Leapfrog Geo. Rapidly integrate, communicate, and interpret geological data with industry-leading 3D modelling.",['Discover trends in data with Leapfrog Geo'],2024-11-21T11:19:01.902012,Seequent,0.0,0.0,0,0,Other,discover trends in data with leapfrog geo
"Rapidly integrate, communicate, and interpret geological data with industry-leading 3D modelling",p,https://www.seequent.com/products-solutions/leapfrog-geo,Leapfrog Geo | 3D Modelling Software - Seequent,"See trends in data with Leapfrog Geo. Rapidly integrate, communicate, and interpret geological data with industry-leading 3D modelling.",['Discover trends in data with Leapfrog Geo'],2024-11-21T11:19:01.902100,Seequent,0.0,0.0,0,1,Value Proposition,rapidly integrate communicate and interpret geological data with industryleading d modelling
"Spend time on geology, not data",h2,https://www.seequent.com/products-solutions/leapfrog-geo,Leapfrog Geo | 3D Modelling Software - Seequent,"See trends in data with Leapfrog Geo. Rapidly integrate, communicate, and interpret geological data with industry-leading 3D modelling.",['Discover trends in data with Leapfrog Geo'],2024-11-21T11:19:01.902104,Seequent,0.0,0.0,1,1,Balanced,spend time on geology not data
"Leapfrog geological modelling is made by geologists, for geologists.",p,https://www.seequent.com/products-solutions/leapfrog-geo,Leapfrog Geo | 3D Modelling Software - Seequent,"See trends in data with Leapfrog Geo. Rapidly integrate, communicate, and interpret geological data with industry-leading 3D modelling.",['Discover trends in data with Leapfrog Geo'],2024-11-21T11:19:01.902106,Seequent,0.0,0.0,0,0,Other,leapfrog geological modelling is made by geologists for geologists
"Intuitive workflows, rapid data processing, and visualisation tools bring teams together – and enable the discussions that drive decisions.",p,https://www.seequent.com/products-solutions/leapfrog-geo,Leapfrog Geo | 3D Modelling Software - Seequent,"See trends in data with Leapfrog Geo. Rapidly integrate, communicate, and interpret geological data with industry-leading 3D modelling.",['Discover trends in data with Leapfrog Geo'],2024-11-21T11:19:01.902108,Seequent,0.0,0.0,1,2,Value Proposition,intuitive workflows rapid data processing and visualisation tools bring teams together and enable the discussions that drive decisions
Save your time for interpretation,h2,https://www.seequent.com/products-solutions/leapfrog-geo,Leapfrog Geo | 3D Modelling Software - Seequent,"See trends in data with Leapfrog Geo. Rapidly integrate, communicate, and interpret geological data with industry-leading 3D modelling.",['Discover trends in data with Leapfrog Geo'],2024-11-21T11:19:01.902110,Seequent,0.0,0.4939,0,0,Other,save your time for interpretation
"Build and refine geological models with user-friendly tools. Input large data sets and rapidly generate models directly from the data, bypassing time-consuming wireframing. Quickly see your geological data visualised in 3D and gain visual insights to guide your interpretations.",p,https://www.seequent.com/products-solutions/leapfrog-geo,Leapfrog Geo | 3D Modelling Software - Seequent,"See trends in data with Leapfrog Geo. Rapidly integrate, communicate, and interpret geological data with industry-leading 3D modelling.",['Discover trends in data with Leapfrog Geo'],2024-11-21T11:19:01.902111,Seequent,0.16190476190476188,0.5267,0,0,Other,build and refine geological models with userfriendly tools input large data sets and rapidly generate models directly from the data bypassing timeconsuming wireframing quickly see your geological data visualised in d and gain visual insights to guide your interpretations
"As you add new data to a model, the rules and parameters you already set are automatically applied. Make a change to one model and any dependant models are instantly updated – ensuring models are always up to date.",p,https://www.seequent.com/products-solutions/leapfrog-geo,Leapfrog Geo | 3D Modelling Software - Seequent,"See trends in data with Leapfrog Geo. Rapidly integrate, communicate, and interpret geological data with industry-leading 3D modelling.",['Discover trends in data with Leapfrog Geo'],2024-11-21T11:19:01.902113,Seequent,0.06818181818181818,0.2732,0,0,Other,as you add new data to a model the rules and parameters you already set are automatically applied make a change to one model and any dependant models are instantly updated ensuring models are always up to date
"Analysing data is quick and intuitive with Leapfrog Geo’s features, such as exploratory data analysis, distance function, structural modelling, vein modelling, and indicator interpolation tools.",p,https://www.seequent.com/products-solutions/leapfrog-geo,Leapfrog Geo | 3D Modelling Software - Seequent,"See trends in data with Leapfrog Geo. Rapidly integrate, communicate, and interpret geological data with industry-leading 3D modelling.",['Discover trends in data with Leapfrog Geo'],2024-11-21T11:19:01.902114,Seequent,0.16666666666666666,0.0,0,1,Value Proposition,analysing data is quick and intuitive with leapfrog geos features such as exploratory data analysis distance function structural modelling vein modelling and indicator interpolation tools
Minimise risk and uncertainty,h2,https://www.seequent.com/products-solutions/leapfrog-geo,Leapfrog Geo | 3D Modelling Software - Seequent,"See trends in data with Leapfrog Geo. Rapidly integrate, communicate, and interpret geological data with industry-leading 3D modelling.",['Discover trends in data with Leapfrog Geo'],2024-11-21T11:19:01.902116,Seequent,0.0,-0.5423,0,0,Other,minimise risk and uncertainty
"Test new ideas and refine your model, quickly. Duplicate models and apply streamlined workflows so you can iterate interpretations the moment new insights become available.",p,https://www.seequent.com/products-solutions/leapfrog-geo,Leapfrog Geo | 3D Modelling Software - Seequent,"See trends in data with Leapfrog Geo. Rapidly integrate, communicate, and interpret geological data with industry-leading 3D modelling.",['Discover trends in data with Leapfrog Geo'],2024-11-21T11:19:01.902118,Seequent,0.25151515151515147,0.0,0,1,Value Proposition,test new ideas and refine your model quickly duplicate models and apply streamlined workflows so you can iterate interpretations the moment new insights become available
"Rapidly copy, modify, test, and share alternative interpretations. Keep track of how decisions were made for auditing with a record of all input data and parameters used to construct a surface.",p,https://www.seequent.com/products-solutions/leapfrog-geo,Leapfrog Geo | 3D Modelling Software - Seequent,"See trends in data with Leapfrog Geo. Rapidly integrate, communicate, and interpret geological data with industry-leading 3D modelling.",['Discover trends in data with Leapfrog Geo'],2024-11-21T11:19:01.902119,Seequent,0.0,0.296,0,0,Other,rapidly copy modify test and share alternative interpretations keep track of how decisions were made for auditing with a record of all input data and parameters used to construct a surface
"Get teams and non-technical stakeholders on the same page by sharing 3D models or 2D slices with annotations. Create movies of your model to illustrate ideas clearly, and export high quality images for reports and presentations.",p,https://www.seequent.com/products-solutions/leapfrog-geo,Leapfrog Geo | 3D Modelling Software - Seequent,"See trends in data with Leapfrog Geo. Rapidly integrate, communicate, and interpret geological data with industry-leading 3D modelling.",['Discover trends in data with Leapfrog Geo'],2024-11-21T11:19:01.902120,Seequent,0.08666666666666667,0.765,0,0,Other,get teams and nontechnical stakeholders on the same page by sharing d models or d slices with annotations create movies of your model to illustrate ideas clearly and export high quality images for reports and presentations
Incorporate all your data,h2,https://www.seequent.com/products-solutions/leapfrog-geo,Leapfrog Geo | 3D Modelling Software - Seequent,"See trends in data with Leapfrog Geo. Rapidly integrate, communicate, and interpret geological data with industry-leading 3D modelling.",['Discover trends in data with Leapfrog Geo'],2024-11-21T11:19:01.902122,Seequent,0.0,0.0,0,0,Other,incorporate all your data
"Bring in data directly from Seequent solutions such as MX Deposit and Imago, or from industry-leading partner solutions, such as acQuire, Maptek, ioGAS Link, IMDEXHUB-IQ, ALS Coreviewer and Coreshed.",p,https://www.seequent.com/products-solutions/leapfrog-geo,Leapfrog Geo | 3D Modelling Software - Seequent,"See trends in data with Leapfrog Geo. Rapidly integrate, communicate, and interpret geological data with industry-leading 3D modelling.",['Discover trends in data with Leapfrog Geo'],2024-11-21T11:19:01.902125,Seequent,0.03333333333333333,0.34,0,1,Value Proposition,bring in data directly from seequent solutions such as mx deposit and imago or from industryleading partner solutions such as acquire maptek iogas link imdexhubiq als coreviewer and coreshed
"Import and work with many different types of data, like GIS, maps and images, drillhole, points, geophysical, structural, meshes, polylines, and geochemical data.",p,https://www.seequent.com/products-solutions/leapfrog-geo,Leapfrog Geo | 3D Modelling Software - Seequent,"See trends in data with Leapfrog Geo. Rapidly integrate, communicate, and interpret geological data with industry-leading 3D modelling.",['Discover trends in data with Leapfrog Geo'],2024-11-21T11:19:01.902126,Seequent,0.25,0.3612,1,1,Balanced,import and work with many different types of data like gis maps and images drillhole points geophysical structural meshes polylines and geochemical data
“The integration of Leapfrog Edge estimation software with Leapfrog Geo has allowed close to full automation of the company’s internal resource estimation checks.”,p,https://www.seequent.com/products-solutions/leapfrog-geo,Leapfrog Geo | 3D Modelling Software - Seequent,"See trends in data with Leapfrog Geo. Rapidly integrate, communicate, and interpret geological data with industry-leading 3D modelling.",['Discover trends in data with Leapfrog Geo'],2024-11-21T11:19:01.902130,Seequent,0.175,0.0,1,1,Balanced,the integration of leapfrog edge estimation software with leapfrog geo has allowed close to full automation of the companys internal resource estimation checks
“Leapfrog Geo is critical to develop a realistic presentation of the geology at each site.”,p,https://www.seequent.com/products-solutions/leapfrog-geo,Leapfrog Geo | 3D Modelling Software - Seequent,"See trends in data with Leapfrog Geo. Rapidly integrate, communicate, and interpret geological data with industry-leading 3D modelling.",['Discover trends in data with Leapfrog Geo'],2024-11-21T11:19:01.902132,Seequent,0.08333333333333333,-0.3182,1,1,Balanced,leapfrog geo is critical to develop a realistic presentation of the geology at each site
"“Until recently, we estimated mine resources based on paper form data. Now, we are using the best technologies in the world. For this purpose, we’ve been using Seequent software since 2018,”",p,https://www.seequent.com/products-solutions/leapfrog-geo,Leapfrog Geo | 3D Modelling Software - Seequent,"See trends in data with Leapfrog Geo. Rapidly integrate, communicate, and interpret geological data with industry-leading 3D modelling.",['Discover trends in data with Leapfrog Geo'],2024-11-21T11:19:01.902134,Seequent,0.5,0.6369,0,0,Other,until recently we estimated mine resources based on paper form data now we are using the best technologies in the world for this purpose weve been using seequent software since
See why Leapfrog Geo is the leading 3D geological modelling software for the mining and exploration industries:,h3,https://www.seequent.com/products-solutions/leapfrog-geo,Leapfrog Geo | 3D Modelling Software - Seequent,"See trends in data with Leapfrog Geo. Rapidly integrate, communicate, and interpret geological data with industry-leading 3D modelling.",['Discover trends in data with Leapfrog Geo'],2024-11-21T11:19:01.902136,Seequent,0.0,0.2263,1,2,Value Proposition,see why leapfrog geo is the leading d geological modelling software for the mining and exploration industries
Share a common understanding,h2,https://www.seequent.com/products-solutions/leapfrog-geo,Leapfrog Geo | 3D Modelling Software - Seequent,"See trends in data with Leapfrog Geo. Rapidly integrate, communicate, and interpret geological data with industry-leading 3D modelling.",['Discover trends in data with Leapfrog Geo'],2024-11-21T11:19:01.902138,Seequent,-0.3,0.296,0,0,Other,share a common understanding
Learn more about Leapfrog Geo,p,https://www.seequent.com/products-solutions/leapfrog-geo,Leapfrog Geo | 3D Modelling Software - Seequent,"See trends in data with Leapfrog Geo. Rapidly integrate, communicate, and interpret geological data with industry-leading 3D modelling.",['Discover trends in data with Leapfrog Geo'],2024-11-21T11:19:01.902139,Seequent,0.5,0.0,0,0,Other,learn more about leapfrog geo
"Using Leapfrog Edge to Automate Internal Resource Estimation Reviews at the Alpala Porphyry Copper-Gold Deposit, Cascabel Project, Northern Ecuador",h3,https://www.seequent.com/products-solutions/leapfrog-geo,Leapfrog Geo | 3D Modelling Software - Seequent,"See trends in data with Leapfrog Geo. Rapidly integrate, communicate, and interpret geological data with industry-leading 3D modelling.",['Discover trends in data with Leapfrog Geo'],2024-11-21T11:19:01.902140,Seequent,0.0,0.0,0,0,Other,using leapfrog edge to automate internal resource estimation reviews at the alpala porphyry coppergold deposit cascabel project northern ecuador
Erdenet Mining Corp’s digital revolution with Seequent,h3,https://www.seequent.com/products-solutions/leapfrog-geo,Leapfrog Geo | 3D Modelling Software - Seequent,"See trends in data with Leapfrog Geo. Rapidly integrate, communicate, and interpret geological data with industry-leading 3D modelling.",['Discover trends in data with Leapfrog Geo'],2024-11-21T11:19:01.902142,Seequent,0.0,0.0,0,0,Other,erdenet mining corps digital revolution with seequent
"Rapidly integrate, communicate, and interpret geological data with industry-leading 3D modelling",h2,https://www.seequent.com/products-solutions/leapfrog-geo,Leapfrog Geo | 3D Modelling Software - Seequent,"See trends in data with Leapfrog Geo. Rapidly integrate, communicate, and interpret geological data with industry-leading 3D modelling.",['Discover trends in data with Leapfrog Geo'],2024-11-21T11:19:01.902143,Seequent,0.0,0.0,0,1,Value Proposition,rapidly integrate communicate and interpret geological data with industryleading d modelling
"Build your best model, quickly",h2,https://www.seequent.com/products-solutions/leapfrog-geo,Leapfrog Geo | 3D Modelling Software - Seequent,"See trends in data with Leapfrog Geo. Rapidly integrate, communicate, and interpret geological data with industry-leading 3D modelling.",['Discover trends in data with Leapfrog Geo'],2024-11-21T11:19:01.902145,Seequent,0.6666666666666666,0.6369,0,0,Other,build your best model quickly
Spend your time testing ideas and making the best decisions with streamlined workflows and tools designed for geologists.,p,https://www.seequent.com/products-solutions/leapfrog-geo,Leapfrog Geo | 3D Modelling Software - Seequent,"See trends in data with Leapfrog Geo. Rapidly integrate, communicate, and interpret geological data with industry-leading 3D modelling.",['Discover trends in data with Leapfrog Geo'],2024-11-21T11:19:01.902147,Seequent,1.0,0.6369,0,1,Value Proposition,spend your time testing ideas and making the best decisions with streamlined workflows and tools designed for geologists
Leapfrog geological modelling provides:,p,https://www.seequent.com/products-solutions/leapfrog-geo,Leapfrog Geo | 3D Modelling Software - Seequent,"See trends in data with Leapfrog Geo. Rapidly integrate, communicate, and interpret geological data with industry-leading 3D modelling.",['Discover trends in data with Leapfrog Geo'],2024-11-21T11:19:01.902148,Seequent,0.0,0.0,0,0,Other,leapfrog geological modelling provides
An intuitive interface,h3,https://www.seequent.com/products-solutions/leapfrog-geo,Leapfrog Geo | 3D Modelling Software - Seequent,"See trends in data with Leapfrog Geo. Rapidly integrate, communicate, and interpret geological data with industry-leading 3D modelling.",['Discover trends in data with Leapfrog Geo'],2024-11-21T11:19:01.902149,Seequent,0.0,0.0,0,0,Other,an intuitive interface
"Leapfrog Geo offers tools crafted for the geologist and logical workflows that save time and frustration, as well as shorten training times.",p,https://www.seequent.com/products-solutions/leapfrog-geo,Leapfrog Geo | 3D Modelling Software - Seequent,"See trends in data with Leapfrog Geo. Rapidly integrate, communicate, and interpret geological data with industry-leading 3D modelling.",['Discover trends in data with Leapfrog Geo'],2024-11-21T11:19:01.902151,Seequent,0.175,0.296,0,0,Other,leapfrog geo offers tools crafted for the geologist and logical workflows that save time and frustration as well as shorten training times
"Users can learn the fundamentals in just a few days and quickly become proficient, allowing faster modelling and making more time for scientific analysis.",p,https://www.seequent.com/products-solutions/leapfrog-geo,Leapfrog Geo | 3D Modelling Software - Seequent,"See trends in data with Leapfrog Geo. Rapidly integrate, communicate, and interpret geological data with industry-leading 3D modelling.",['Discover trends in data with Leapfrog Geo'],2024-11-21T11:19:01.902152,Seequent,0.2111111111111111,0.0,0,0,Other,users can learn the fundamentals in just a few days and quickly become proficient allowing faster modelling and making more time for scientific analysis
Domain modelling,h3,https://www.seequent.com/products-solutions/leapfrog-geo,Leapfrog Geo | 3D Modelling Software - Seequent,"See trends in data with Leapfrog Geo. Rapidly integrate, communicate, and interpret geological data with industry-leading 3D modelling.",['Discover trends in data with Leapfrog Geo'],2024-11-21T11:19:01.902154,Seequent,0.0,0.0,0,0,Other,domain modelling
"Build complex geological models rapidly from drillhole data, structural data, points, polylines, and meshes in the project.",p,https://www.seequent.com/products-solutions/leapfrog-geo,Leapfrog Geo | 3D Modelling Software - Seequent,"See trends in data with Leapfrog Geo. Rapidly integrate, communicate, and interpret geological data with industry-leading 3D modelling.",['Discover trends in data with Leapfrog Geo'],2024-11-21T11:19:01.902156,Seequent,-0.3,0.0,0,0,Other,build complex geological models rapidly from drillhole data structural data points polylines and meshes in the project
Numeric modelling,h3,https://www.seequent.com/products-solutions/leapfrog-geo,Leapfrog Geo | 3D Modelling Software - Seequent,"See trends in data with Leapfrog Geo. Rapidly integrate, communicate, and interpret geological data with industry-leading 3D modelling.",['Discover trends in data with Leapfrog Geo'],2024-11-21T11:19:01.902157,Seequent,0.0,0.0,0,0,Other,numeric modelling
Easily build isosurfaces from drillholes and point data. See visual trends in the data and continuity in surfaces. Advance understanding with rapid first pass visualisation of patterns in numeric data.,p,https://www.seequent.com/products-solutions/leapfrog-geo,Leapfrog Geo | 3D Modelling Software - Seequent,"See trends in data with Leapfrog Geo. Rapidly integrate, communicate, and interpret geological data with industry-leading 3D modelling.",['Discover trends in data with Leapfrog Geo'],2024-11-21T11:19:01.902158,Seequent,0.22777777777777777,0.34,0,1,Value Proposition,easily build isosurfaces from drillholes and point data see visual trends in the data and continuity in surfaces advance understanding with rapid first pass visualisation of patterns in numeric data
Add on resource estimation extension Leapfrog Edge  to carry out robust resource estimates.,p,https://www.seequent.com/products-solutions/leapfrog-geo,Leapfrog Geo | 3D Modelling Software - Seequent,"See trends in data with Leapfrog Geo. Rapidly integrate, communicate, and interpret geological data with industry-leading 3D modelling.",['Discover trends in data with Leapfrog Geo'],2024-11-21T11:19:01.902160,Seequent,0.0,0.34,0,1,Value Proposition,add on resource estimation extension leapfrog edge to carry out robust resource estimates
Visualisation,h3,https://www.seequent.com/products-solutions/leapfrog-geo,Leapfrog Geo | 3D Modelling Software - Seequent,"See trends in data with Leapfrog Geo. Rapidly integrate, communicate, and interpret geological data with industry-leading 3D modelling.",['Discover trends in data with Leapfrog Geo'],2024-11-21T11:19:01.902161,Seequent,0.0,0.0,0,0,Other,visualisation
Being able to rapidly visualise in 3D brings clarity and understanding to even complex data.,p,https://www.seequent.com/products-solutions/leapfrog-geo,Leapfrog Geo | 3D Modelling Software - Seequent,"See trends in data with Leapfrog Geo. Rapidly integrate, communicate, and interpret geological data with industry-leading 3D modelling.",['Discover trends in data with Leapfrog Geo'],2024-11-21T11:19:01.902163,Seequent,0.1,0.4019,0,0,Other,being able to rapidly visualise in d brings clarity and understanding to even complex data
"Interactive 2D and 3D visualisation tools aid in analysing your data and spotting correlations and patterns. View a model from any angle, discover trends, and detect errors.",p,https://www.seequent.com/products-solutions/leapfrog-geo,Leapfrog Geo | 3D Modelling Software - Seequent,"See trends in data with Leapfrog Geo. Rapidly integrate, communicate, and interpret geological data with industry-leading 3D modelling.",['Discover trends in data with Leapfrog Geo'],2024-11-21T11:19:01.902164,Seequent,0.0,-0.34,0,0,Other,interactive d and d visualisation tools aid in analysing your data and spotting correlations and patterns view a model from any angle discover trends and detect errors
Block modelling,h3,https://www.seequent.com/products-solutions/leapfrog-geo,Leapfrog Geo | 3D Modelling Software - Seequent,"See trends in data with Leapfrog Geo. Rapidly integrate, communicate, and interpret geological data with industry-leading 3D modelling.",['Discover trends in data with Leapfrog Geo'],2024-11-21T11:19:01.902166,Seequent,0.0,-0.4404,0,0,Other,block modelling
Easily build block models in 3D and keep them up-to-date.,p,https://www.seequent.com/products-solutions/leapfrog-geo,Leapfrog Geo | 3D Modelling Software - Seequent,"See trends in data with Leapfrog Geo. Rapidly integrate, communicate, and interpret geological data with industry-leading 3D modelling.",['Discover trends in data with Leapfrog Geo'],2024-11-21T11:19:01.902167,Seequent,0.43333333333333335,-0.128,0,0,Other,easily build block models in d and keep them uptodate
When coupled with optional extension Leapfrog Edge it provides a complete resource estimation solution.,p,https://www.seequent.com/products-solutions/leapfrog-geo,Leapfrog Geo | 3D Modelling Software - Seequent,"See trends in data with Leapfrog Geo. Rapidly integrate, communicate, and interpret geological data with industry-leading 3D modelling.",['Discover trends in data with Leapfrog Geo'],2024-11-21T11:19:01.902169,Seequent,0.1,0.3182,0,0,Other,when coupled with optional extension leapfrog edge it provides a complete resource estimation solution
Sharing,h3,https://www.seequent.com/products-solutions/leapfrog-geo,Leapfrog Geo | 3D Modelling Software - Seequent,"See trends in data with Leapfrog Geo. Rapidly integrate, communicate, and interpret geological data with industry-leading 3D modelling.",['Discover trends in data with Leapfrog Geo'],2024-11-21T11:19:01.902170,Seequent,0.0,0.4215,0,0,Other,sharing
"Communicate your insights with anyone in the organisation by displaying cross sections, renders, scenes, and movies in 2D and 3D.",p,https://www.seequent.com/products-solutions/leapfrog-geo,Leapfrog Geo | 3D Modelling Software - Seequent,"See trends in data with Leapfrog Geo. Rapidly integrate, communicate, and interpret geological data with industry-leading 3D modelling.",['Discover trends in data with Leapfrog Geo'],2024-11-21T11:19:01.902172,Seequent,0.0,0.0,0,0,Other,communicate your insights with anyone in the organisation by displaying cross sections renders scenes and movies in d and d
"Help team members and stakeholders with different levels of technical knowledge understand your model, and have conversations that lead to decisions.",p,https://www.seequent.com/products-solutions/leapfrog-geo,Leapfrog Geo | 3D Modelling Software - Seequent,"See trends in data with Leapfrog Geo. Rapidly integrate, communicate, and interpret geological data with industry-leading 3D modelling.",['Discover trends in data with Leapfrog Geo'],2024-11-21T11:19:01.902174,Seequent,0.0,0.4019,0,0,Other,help team members and stakeholders with different levels of technical knowledge understand your model and have conversations that lead to decisions
Accessibility,h3,https://www.seequent.com/products-solutions/leapfrog-geo,Leapfrog Geo | 3D Modelling Software - Seequent,"See trends in data with Leapfrog Geo. Rapidly integrate, communicate, and interpret geological data with industry-leading 3D modelling.",['Discover trends in data with Leapfrog Geo'],2024-11-21T11:19:01.902175,Seequent,0.0,0.0,0,0,Other,accessibility
Your Seequent ID allows you to sign in and receive updates to your Leapfrog Geo software from anywhere with internet connection. Going off the grid? Sign in online and your software will run on your computer without connection for up to 30 days.,p,https://www.seequent.com/products-solutions/leapfrog-geo,Leapfrog Geo | 3D Modelling Software - Seequent,"See trends in data with Leapfrog Geo. Rapidly integrate, communicate, and interpret geological data with industry-leading 3D modelling.",['Discover trends in data with Leapfrog Geo'],2024-11-21T11:19:01.902177,Seequent,0.0,0.0,0,0,Other,your seequent id allows you to sign in and receive updates to your leapfrog geo software from anywhere with internet connection going off the grid sign in online and your software will run on your computer without connection for up to days
"On your MySeequent account, discover in-depth training courses, events, as well as helpful tips and tricks – and our User Help Centre.",p,https://www.seequent.com/products-solutions/leapfrog-geo,Leapfrog Geo | 3D Modelling Software - Seequent,"See trends in data with Leapfrog Geo. Rapidly integrate, communicate, and interpret geological data with industry-leading 3D modelling.",['Discover trends in data with Leapfrog Geo'],2024-11-21T11:19:01.902179,Seequent,0.0,0.7269,0,0,Other,on your myseequent account discover indepth training courses events as well as helpful tips and tricks and our user help centre
Seequent technology supports interoperability,h2,https://www.seequent.com/products-solutions/leapfrog-geo,Leapfrog Geo | 3D Modelling Software - Seequent,"See trends in data with Leapfrog Geo. Rapidly integrate, communicate, and interpret geological data with industry-leading 3D modelling.",['Discover trends in data with Leapfrog Geo'],2024-11-21T11:19:01.902231,Seequent,0.0,0.3612,0,0,Other,seequent technology supports interoperability
"Seequent is a member of the Global Mining Guidelines Group made up of representatives from software and mining companies who work collaboratively to develop the Open Mining Format (OMF), an open-source file specification for 3D data interoperability.",p,https://www.seequent.com/products-solutions/leapfrog-geo,Leapfrog Geo | 3D Modelling Software - Seequent,"See trends in data with Leapfrog Geo. Rapidly integrate, communicate, and interpret geological data with industry-leading 3D modelling.",['Discover trends in data with Leapfrog Geo'],2024-11-21T11:19:01.902269,Seequent,0.0,0.0,0,0,Other,seequent is a member of the global mining guidelines group made up of representatives from software and mining companies who work collaboratively to develop the open mining format omf an opensource file specification for d data interoperability
Useful Information,h2,https://www.seequent.com/products-solutions/leapfrog-geo,Leapfrog Geo | 3D Modelling Software - Seequent,"See trends in data with Leapfrog Geo. Rapidly integrate, communicate, and interpret geological data with industry-leading 3D modelling.",['Discover trends in data with Leapfrog Geo'],2024-11-21T11:19:01.902272,Seequent,0.3,0.4404,0,0,Other,useful information
"We recommend you use Windows 10, with a reasonably fast processor, mid range graphics and 32GB of system memory.",p,https://www.seequent.com/products-solutions/leapfrog-geo,Leapfrog Geo | 3D Modelling Software - Seequent,"See trends in data with Leapfrog Geo. Rapidly integrate, communicate, and interpret geological data with industry-leading 3D modelling.",['Discover trends in data with Leapfrog Geo'],2024-11-21T11:19:01.902274,Seequent,0.1,0.3612,0,1,Value Proposition,we recommend you use windows with a reasonably fast processor mid range graphics and gb of system memory
Supported kinds of data and formats that you can use with Leapfrog Geo.,p,https://www.seequent.com/products-solutions/leapfrog-geo,Leapfrog Geo | 3D Modelling Software - Seequent,"See trends in data with Leapfrog Geo. Rapidly integrate, communicate, and interpret geological data with industry-leading 3D modelling.",['Discover trends in data with Leapfrog Geo'],2024-11-21T11:19:01.902275,Seequent,0.0,0.3182,0,0,Other,supported kinds of data and formats that you can use with leapfrog geo
"No two companies, projects, or teams are the same.",h2,https://www.seequent.com/products-solutions/leapfrog-geo,Leapfrog Geo | 3D Modelling Software - Seequent,"See trends in data with Leapfrog Geo. Rapidly integrate, communicate, and interpret geological data with industry-leading 3D modelling.",['Discover trends in data with Leapfrog Geo'],2024-11-21T11:19:01.902277,Seequent,0.0,-0.296,0,0,Other,no two companies projects or teams are the same
That’s why we offer flexible licensing options.,h2,https://www.seequent.com/products-solutions/leapfrog-geo,Leapfrog Geo | 3D Modelling Software - Seequent,"See trends in data with Leapfrog Geo. Rapidly integrate, communicate, and interpret geological data with industry-leading 3D modelling.",['Discover trends in data with Leapfrog Geo'],2024-11-21T11:19:01.902278,Seequent,0.0,0.2263,0,1,Value Proposition,thats why we offer flexible licensing options
"© 2024 Seequent, The Bentley Subsurface Company. All rights reserved",p,https://www.seequent.com/products-solutions/leapfrog-geo,Leapfrog Geo | 3D Modelling Software - Seequent,"See trends in data with Leapfrog Geo. Rapidly integrate, communicate, and interpret geological data with industry-leading 3D modelling.",['Discover trends in data with Leapfrog Geo'],2024-11-21T11:19:01.902280,Seequent,0.0,0.0,1,1,Balanced,seequent the bentley subsurface company all rights reserved
Privacy Preference Center,h2,https://www.seequent.com/products-solutions/leapfrog-geo,Leapfrog Geo | 3D Modelling Software - Seequent,"See trends in data with Leapfrog Geo. Rapidly integrate, communicate, and interpret geological data with industry-leading 3D modelling.",['Discover trends in data with Leapfrog Geo'],2024-11-21T11:19:01.902281,Seequent,-0.1,0.0,0,0,Other,privacy preference center
Your Privacy,h3,https://www.seequent.com/products-solutions/leapfrog-geo,Leapfrog Geo | 3D Modelling Software - Seequent,"See trends in data with Leapfrog Geo. Rapidly integrate, communicate, and interpret geological data with industry-leading 3D modelling.",['Discover trends in data with Leapfrog Geo'],2024-11-21T11:19:01.902283,Seequent,0.0,0.0,0,0,Other,your privacy
Strictly Necessary Cookies,h3,https://www.seequent.com/products-solutions/leapfrog-geo,Leapfrog Geo | 3D Modelling Software - Seequent,"See trends in data with Leapfrog Geo. Rapidly integrate, communicate, and interpret geological data with industry-leading 3D modelling.",['Discover trends in data with Leapfrog Geo'],2024-11-21T11:19:01.902284,Seequent,0.0,0.0,0,0,Other,strictly necessary cookies
Functional Cookies,h3,https://www.seequent.com/products-solutions/leapfrog-geo,Leapfrog Geo | 3D Modelling Software - Seequent,"See trends in data with Leapfrog Geo. Rapidly integrate, communicate, and interpret geological data with industry-leading 3D modelling.",['Discover trends in data with Leapfrog Geo'],2024-11-21T11:19:01.902286,Seequent,0.0,0.0,0,0,Other,functional cookies
Performance Cookies,h3,https://www.seequent.com/products-solutions/leapfrog-geo,Leapfrog Geo | 3D Modelling Software - Seequent,"See trends in data with Leapfrog Geo. Rapidly integrate, communicate, and interpret geological data with industry-leading 3D modelling.",['Discover trends in data with Leapfrog Geo'],2024-11-21T11:19:01.902287,Seequent,0.0,0.0,0,0,Other,performance cookies
Targeting Cookies,h3,https://www.seequent.com/products-solutions/leapfrog-geo,Leapfrog Geo | 3D Modelling Software - Seequent,"See trends in data with Leapfrog Geo. Rapidly integrate, communicate, and interpret geological data with industry-leading 3D modelling.",['Discover trends in data with Leapfrog Geo'],2024-11-21T11:19:01.902289,Seequent,0.0,0.0,0,0,Other,targeting cookies
"When you visit our website, we will use cookies to ensure that you get the best experience on our website. These cookies might be about you, your preferences or your device. The information does not usually directly identify you, but it can give you a more personalized web experience. Because we respect your right to privacy, you can choose not to allow some types of cookies. Click on the different category headings to find out more and change our default settings. However, blocking some types of cookies may impact your experience of the site and the services we are able to offer. For more information, please see our Cookie Policy.

We will need to use a cookie to remember the choices that you have made within our cookie consent manager. This will have a couple of consequences:

If you delete all your cookies you will have to update your preferences with us again.
If you use a different device or browser you will have to tell us your preferences again.",p,https://www.seequent.com/products-solutions/leapfrog-geo,Leapfrog Geo | 3D Modelling Software - Seequent,"See trends in data with Leapfrog Geo. Rapidly integrate, communicate, and interpret geological data with industry-leading 3D modelling.",['Discover trends in data with Leapfrog Geo'],2024-11-21T11:19:01.902293,Seequent,0.3595238095238095,0.8346,2,2,Balanced,when you visit our website we will use cookies to ensure that you get the best experience on our website these cookies might be about you your preferences or your device the information does not usually directly identify you but it can give you a more personalized web experience because we respect your right to privacy you can choose not to allow some types of cookies click on the different category headings to find out more and change our default settings however blocking some types of cookies may impact your experience of the site and the services we are able to offer for more information please see our cookie policy we will need to use a cookie to remember the choices that you have made within our cookie consent manager this will have a couple of consequences if you delete all your cookies you will have to update your preferences with us again if you use a different device or browser you will have to tell us your preferences again
We will need to use a cookie to remember the choices that you have made within our cookie consent manager. This will have a couple of consequences:,p,https://www.seequent.com/products-solutions/leapfrog-geo,Leapfrog Geo | 3D Modelling Software - Seequent,"See trends in data with Leapfrog Geo. Rapidly integrate, communicate, and interpret geological data with industry-leading 3D modelling.",['Discover trends in data with Leapfrog Geo'],2024-11-21T11:19:01.902295,Seequent,0.0,0.2263,0,0,Other,we will need to use a cookie to remember the choices that you have made within our cookie consent manager this will have a couple of consequences
"These cookies are necessary for the website to function and cannot be switched off in our systems. They are usually only set in response to actions made by you which amount to a request for services, such as setting your privacy preferences, logging in or filling in forms. You can set your browser to block or alert you about these cookies, but some parts of the site will not then work. These cookies do not store any personally identifiable information.",p,https://www.seequent.com/products-solutions/leapfrog-geo,Leapfrog Geo | 3D Modelling Software - Seequent,"See trends in data with Leapfrog Geo. Rapidly integrate, communicate, and interpret geological data with industry-leading 3D modelling.",['Discover trends in data with Leapfrog Geo'],2024-11-21T11:19:01.902297,Seequent,0.025,-0.09,0,0,Other,these cookies are necessary for the website to function and cannot be switched off in our systems they are usually only set in response to actions made by you which amount to a request for services such as setting your privacy preferences logging in or filling in forms you can set your browser to block or alert you about these cookies but some parts of the site will not then work these cookies do not store any personally identifiable information
These cookies enable the website to provide enhanced functionality and personalisation. They may be set by us or by third party providers whose services we have added to our pages. If you do not allow these cookies then some or all of these services may not function properly.,p,https://www.seequent.com/products-solutions/leapfrog-geo,Leapfrog Geo | 3D Modelling Software - Seequent,"See trends in data with Leapfrog Geo. Rapidly integrate, communicate, and interpret geological data with industry-leading 3D modelling.",['Discover trends in data with Leapfrog Geo'],2024-11-21T11:19:01.902298,Seequent,0.0,0.2579,0,0,Other,these cookies enable the website to provide enhanced functionality and personalisation they may be set by us or by third party providers whose services we have added to our pages if you do not allow these cookies then some or all of these services may not function properly
"These cookies allow us to count visits and traffic sources so we can measure and improve the performance of our site. They help us to know which pages are the most and least popular and see how visitors move around the site. All information these cookies collect is aggregated and therefore anonymous. If you do not allow these cookies we will not know when you have visited our site, and will not be able to monitor its performance.",p,https://www.seequent.com/products-solutions/leapfrog-geo,Leapfrog Geo | 3D Modelling Software - Seequent,"See trends in data with Leapfrog Geo. Rapidly integrate, communicate, and interpret geological data with industry-leading 3D modelling.",['Discover trends in data with Leapfrog Geo'],2024-11-21T11:19:01.902300,Seequent,0.325,0.7071,0,0,Other,these cookies allow us to count visits and traffic sources so we can measure and improve the performance of our site they help us to know which pages are the most and least popular and see how visitors move around the site all information these cookies collect is aggregated and therefore anonymous if you do not allow these cookies we will not know when you have visited our site and will not be able to monitor its performance
"These cookies may be set through our site by our advertising partners. They may be used by those companies to build a profile of your interests and show you relevant adverts on other sites. They do not store directly personal information, but are based on uniquely identifying your browser and internet device. If you do not allow these cookies, you will experience less targeted advertising.",p,https://www.seequent.com/products-solutions/leapfrog-geo,Leapfrog Geo | 3D Modelling Software - Seequent,"See trends in data with Leapfrog Geo. Rapidly integrate, communicate, and interpret geological data with industry-leading 3D modelling.",['Discover trends in data with Leapfrog Geo'],2024-11-21T11:19:01.902302,Seequent,0.09666666666666668,-0.1278,0,0,Other,these cookies may be set through our site by our advertising partners they may be used by those companies to build a profile of your interests and show you relevant adverts on other sites they do not store directly personal information but are based on uniquely identifying your browser and internet device if you do not allow these cookies you will experience less targeted advertising
Cookie List,h3,https://www.seequent.com/products-solutions/leapfrog-geo,Leapfrog Geo | 3D Modelling Software - Seequent,"See trends in data with Leapfrog Geo. Rapidly integrate, communicate, and interpret geological data with industry-leading 3D modelling.",['Discover trends in data with Leapfrog Geo'],2024-11-21T11:19:01.902303,Seequent,0.0,0.0,0,0,Other,cookie list
Explore with confidence using Target,h1,https://www.seequent.com/products-solutions/geosoft-target,Target | Geosoft - Seequent,"Make faster, more informed exploration decisions with Target. Automate routine data processing tasks and streamline workflows to spend less time processing data and more time exploring.",['Explore with confidence using Target'],2024-11-21T11:19:03.135666,Seequent,0.0,0.5106,0,0,Other,explore with confidence using target
"Visualise, quality control, and share drillhole and geoscience data – to find what’s hidden, faster.",p,https://www.seequent.com/products-solutions/geosoft-target,Target | Geosoft - Seequent,"Make faster, more informed exploration decisions with Target. Automate routine data processing tasks and streamline workflows to spend less time processing data and more time exploring.",['Explore with confidence using Target'],2024-11-21T11:19:03.135675,Seequent,-0.16666666666666666,0.296,0,0,Other,visualise quality control and share drillhole and geoscience data to find whats hidden faster
Working with GIS?,h2,https://www.seequent.com/products-solutions/geosoft-target,Target | Geosoft - Seequent,"Make faster, more informed exploration decisions with Target. Automate routine data processing tasks and streamline workflows to spend less time processing data and more time exploring.",['Explore with confidence using Target'],2024-11-21T11:19:03.135677,Seequent,0.0,0.0,0,0,Other,working with gis
Target for ArcGIS Pro,h3,https://www.seequent.com/products-solutions/geosoft-target,Target | Geosoft - Seequent,"Make faster, more informed exploration decisions with Target. Automate routine data processing tasks and streamline workflows to spend less time processing data and more time exploring.",['Explore with confidence using Target'],2024-11-21T11:19:03.135679,Seequent,0.0,0.0,0,0,Other,target for arcgis pro
Advance your understanding of drillhole and subsurface data in the next generation Esri ArcGIS Pro environment.,p,https://www.seequent.com/products-solutions/geosoft-target,Target | Geosoft - Seequent,"Make faster, more informed exploration decisions with Target. Automate routine data processing tasks and streamline workflows to spend less time processing data and more time exploring.",['Explore with confidence using Target'],2024-11-21T11:19:03.135684,Seequent,0.0,0.0,1,1,Balanced,advance your understanding of drillhole and subsurface data in the next generation esri arcgis pro environment
"Make faster, more informed exploration decisions",h2,https://www.seequent.com/products-solutions/geosoft-target,Target | Geosoft - Seequent,"Make faster, more informed exploration decisions with Target. Automate routine data processing tasks and streamline workflows to spend less time processing data and more time exploring.",['Explore with confidence using Target'],2024-11-21T11:19:03.135686,Seequent,0.5,0.2911,1,1,Balanced,make faster more informed exploration decisions
Explore more effectively,h2,https://www.seequent.com/products-solutions/geosoft-target,Target | Geosoft - Seequent,"Make faster, more informed exploration decisions with Target. Automate routine data processing tasks and streamline workflows to spend less time processing data and more time exploring.",['Explore with confidence using Target'],2024-11-21T11:19:03.135687,Seequent,0.55,0.4927,0,0,Other,explore more effectively
"Automate routine data processing tasks and streamline workflows to spend less time processing data and more time exploring. Easy-to-use interactive tools support every stage of your exploration projects, so you can:",p,https://www.seequent.com/products-solutions/geosoft-target,Target | Geosoft - Seequent,"Make faster, more informed exploration decisions with Target. Automate routine data processing tasks and streamline workflows to spend less time processing data and more time exploring.",['Explore with confidence using Target'],2024-11-21T11:19:03.135692,Seequent,0.16666666666666669,0.5574,3,3,Balanced,automate routine data processing tasks and streamline workflows to spend less time processing data and more time exploring easytouse interactive tools support every stage of your exploration projects so you can
Bring all data together,h2,https://www.seequent.com/products-solutions/geosoft-target,Target | Geosoft - Seequent,"Make faster, more informed exploration decisions with Target. Automate routine data processing tasks and streamline workflows to spend less time processing data and more time exploring.",['Explore with confidence using Target'],2024-11-21T11:19:03.135693,Seequent,0.0,0.0,0,0,Other,bring all data together
"Make confident decisions using all of your existing and ongoing geology, geophysics, geochemistry, and GIS data. Create integrated interpretations that improve prospecting and discovery results.",p,https://www.seequent.com/products-solutions/geosoft-target,Target | Geosoft - Seequent,"Make faster, more informed exploration decisions with Target. Automate routine data processing tasks and streamline workflows to spend less time processing data and more time exploring.",['Explore with confidence using Target'],2024-11-21T11:19:03.135695,Seequent,0.5,0.802,2,3,Value Proposition,make confident decisions using all of your existing and ongoing geology geophysics geochemistry and gis data create integrated interpretations that improve prospecting and discovery results
"Import and organise more than 50 supported data formats including CAD, GIS, and mine planning and modelling. Connect your 3D model with the original data to validate your thinking. Build iterations rapidly and refine your 3D results as new data is collected.",p,https://www.seequent.com/products-solutions/geosoft-target,Target | Geosoft - Seequent,"Make faster, more informed exploration decisions with Target. Automate routine data processing tasks and streamline workflows to spend less time processing data and more time exploring.",['Explore with confidence using Target'],2024-11-21T11:19:03.135696,Seequent,0.3371212121212121,0.7479,0,0,Other,import and organise more than supported data formats including cad gis and mine planning and modelling connect your d model with the original data to validate your thinking build iterations rapidly and refine your d results as new data is collected
Collaborate across disciplines,h2,https://www.seequent.com/products-solutions/geosoft-target,Target | Geosoft - Seequent,"Make faster, more informed exploration decisions with Target. Automate routine data processing tasks and streamline workflows to spend less time processing data and more time exploring.",['Explore with confidence using Target'],2024-11-21T11:19:03.135698,Seequent,0.0,0.0,0,0,Other,collaborate across disciplines
"Effectively share and discuss your results with team members and knowledge experts. Work together to better manage project risk, costs, and timelines.",p,https://www.seequent.com/products-solutions/geosoft-target,Target | Geosoft - Seequent,"Make faster, more informed exploration decisions with Target. Automate routine data processing tasks and streamline workflows to spend less time processing data and more time exploring.",['Explore with confidence using Target'],2024-11-21T11:19:03.135700,Seequent,0.55,0.7096,0,0,Other,effectively share and discuss your results with team members and knowledge experts work together to better manage project risk costs and timelines
"View all your drillhole data as maps, sections, and 3D views in a single integrated environment. Incorporate data from major mine planning and other exploration software formats. Share your results as 2D or 3D PDF files or by exporting them to a variety of file formats.",p,https://www.seequent.com/products-solutions/geosoft-target,Target | Geosoft - Seequent,"Make faster, more informed exploration decisions with Target. Automate routine data processing tasks and streamline workflows to spend less time processing data and more time exploring.",['Explore with confidence using Target'],2024-11-21T11:19:03.135701,Seequent,-0.044642857142857144,0.4767,1,2,Value Proposition,view all your drillhole data as maps sections and d views in a single integrated environment incorporate data from major mine planning and other exploration software formats share your results as d or d pdf files or by exporting them to a variety of file formats
"“Target is very intuitive and easy to learn, but the key is how well it integrates surface data and downhole drill data. With the wireframing features now incorporated, it’s also able to meet our 3D geology requirements.”",p,https://www.seequent.com/products-solutions/geosoft-target,Target | Geosoft - Seequent,"Make faster, more informed exploration decisions with Target. Automate routine data processing tasks and streamline workflows to spend less time processing data and more time exploring.",['Explore with confidence using Target'],2024-11-21T11:19:03.135703,Seequent,0.2833333333333333,0.5764,1,1,Balanced,target is very intuitive and easy to learn but the key is how well it integrates surface data and downhole drill data with the wireframing features now incorporated its also able to meet our d geology requirements
“Target allows us to do comprehensive compilations by tying in historical data with airborne and ground geophysics and our latest geochemical and drillhole data. It graphically communicates important information to both investors and geologists.”,p,https://www.seequent.com/products-solutions/geosoft-target,Target | Geosoft - Seequent,"Make faster, more informed exploration decisions with Target. Automate routine data processing tasks and streamline workflows to spend less time processing data and more time exploring.",['Explore with confidence using Target'],2024-11-21T11:19:03.135706,Seequent,0.3,0.4215,1,2,Value Proposition,target allows us to do comprehensive compilations by tying in historical data with airborne and ground geophysics and our latest geochemical and drillhole data it graphically communicates important information to both investors and geologists
Integrate your exploration data,h2,https://www.seequent.com/products-solutions/geosoft-target,Target | Geosoft - Seequent,"Make faster, more informed exploration decisions with Target. Automate routine data processing tasks and streamline workflows to spend less time processing data and more time exploring.",['Explore with confidence using Target'],2024-11-21T11:19:03.135707,Seequent,0.0,0.2263,1,1,Balanced,integrate your exploration data
"Minimise risks, costs, and time with automated and manual tools for data QA/QC, modelling, and analysis.",p,https://www.seequent.com/products-solutions/geosoft-target,Target | Geosoft - Seequent,"Make faster, more informed exploration decisions with Target. Automate routine data processing tasks and streamline workflows to spend less time processing data and more time exploring.",['Explore with confidence using Target'],2024-11-21T11:19:03.135709,Seequent,0.0,-0.2732,0,1,Value Proposition,minimise risks costs and time with automated and manual tools for data qaqc modelling and analysis
"Data import, organisation, and validation",h3,https://www.seequent.com/products-solutions/geosoft-target,Target | Geosoft - Seequent,"Make faster, more informed exploration decisions with Target. Automate routine data processing tasks and streamline workflows to spend less time processing data and more time exploring.",['Explore with confidence using Target'],2024-11-21T11:19:03.135710,Seequent,0.0,0.0,0,0,Other,data import organisation and validation
"User-friendly import wizards and efficient databases enable quick organisation of all types of drilling data. Work with more than 50 supported data formats. Validate, identify, and correct discrepancies with a full set of quality assurance and quality control tools.",p,https://www.seequent.com/products-solutions/geosoft-target,Target | Geosoft - Seequent,"Make faster, more informed exploration decisions with Target. Automate routine data processing tasks and streamline workflows to spend less time processing data and more time exploring.",['Explore with confidence using Target'],2024-11-21T11:19:03.135712,Seequent,0.3944444444444444,0.8505,2,4,Value Proposition,userfriendly import wizards and efficient databases enable quick organisation of all types of drilling data work with more than supported data formats validate identify and correct discrepancies with a full set of quality assurance and quality control tools
Integrated mapping and analysis,h3,https://www.seequent.com/products-solutions/geosoft-target,Target | Geosoft - Seequent,"Make faster, more informed exploration decisions with Target. Automate routine data processing tasks and streamline workflows to spend less time processing data and more time exploring.",['Explore with confidence using Target'],2024-11-21T11:19:03.135713,Seequent,0.0,0.0,0,1,Value Proposition,integrated mapping and analysis
"Create integrated maps using geology, geophysics, geochemistry, GIS data, and satellite imagery to increase your subsurface understanding. Create grids, and add contours, geophysics, and remote sensing data to enhance your interpretations and guide drilling decisions.",p,https://www.seequent.com/products-solutions/geosoft-target,Target | Geosoft - Seequent,"Make faster, more informed exploration decisions with Target. Automate routine data processing tasks and streamline workflows to spend less time processing data and more time exploring.",['Explore with confidence using Target'],2024-11-21T11:19:03.135715,Seequent,-0.1,0.6705,5,6,Value Proposition,create integrated maps using geology geophysics geochemistry gis data and satellite imagery to increase your subsurface understanding create grids and add contours geophysics and remote sensing data to enhance your interpretations and guide drilling decisions
Work seamlessly across exploration and GIS environments with built-in Esri integration.,p,https://www.seequent.com/products-solutions/geosoft-target,Target | Geosoft - Seequent,"Make faster, more informed exploration decisions with Target. Automate routine data processing tasks and streamline workflows to spend less time processing data and more time exploring.",['Explore with confidence using Target'],2024-11-21T11:19:03.135716,Seequent,0.1,0.2263,1,1,Balanced,work seamlessly across exploration and gis environments with builtin esri integration
Section mapping and interpretation,h3,https://www.seequent.com/products-solutions/geosoft-target,Target | Geosoft - Seequent,"Make faster, more informed exploration decisions with Target. Automate routine data processing tasks and streamline workflows to spend less time processing data and more time exploring.",['Explore with confidence using Target'],2024-11-21T11:19:03.135717,Seequent,0.0,0.0,0,0,Other,section mapping and interpretation
"Visualise your subsurface data by creating sections, stacked sections, fence diagrams, and graphical borehole logs. Quickly create detailed sections for interpretation and geological modelling.",p,https://www.seequent.com/products-solutions/geosoft-target,Target | Geosoft - Seequent,"Make faster, more informed exploration decisions with Target. Automate routine data processing tasks and streamline workflows to spend less time processing data and more time exploring.",['Explore with confidence using Target'],2024-11-21T11:19:03.135719,Seequent,0.3666666666666667,0.5106,1,1,Balanced,visualise your subsurface data by creating sections stacked sections fence diagrams and graphical borehole logs quickly create detailed sections for interpretation and geological modelling
"Incorporate surface data, slice voxels and 3D wireframes or meshes into sections to guide your interpretations. Share results and information more efficiently via visually rich e-maps, 3D PDFs, and Map Snapshots to mark areas of interest.",p,https://www.seequent.com/products-solutions/geosoft-target,Target | Geosoft - Seequent,"Make faster, more informed exploration decisions with Target. Automate routine data processing tasks and streamline workflows to spend less time processing data and more time exploring.",['Explore with confidence using Target'],2024-11-21T11:19:03.135720,Seequent,0.4375,0.8955,0,0,Other,incorporate surface data slice voxels and d wireframes or meshes into sections to guide your interpretations share results and information more efficiently via visually rich emaps d pdfs and map snapshots to mark areas of interest
Geological modelling,h3,https://www.seequent.com/products-solutions/geosoft-target,Target | Geosoft - Seequent,"Make faster, more informed exploration decisions with Target. Automate routine data processing tasks and streamline workflows to spend less time processing data and more time exploring.",['Explore with confidence using Target'],2024-11-21T11:19:03.135722,Seequent,0.0,0.0,0,0,Other,geological modelling
Build 3D subsurface geological models from digitised interpretations with Target’s easy-to-use wireframing interface. Collaborate on 3D modelling projects by sharing interpretations and wireframing results.,p,https://www.seequent.com/products-solutions/geosoft-target,Target | Geosoft - Seequent,"Make faster, more informed exploration decisions with Target. Automate routine data processing tasks and streamline workflows to spend less time processing data and more time exploring.",['Explore with confidence using Target'],2024-11-21T11:19:03.135726,Seequent,0.0,0.4215,1,1,Balanced,build d subsurface geological models from digitised interpretations with targets easytouse wireframing interface collaborate on d modelling projects by sharing interpretations and wireframing results
Create 3D voxel block models and isosurfaces from your drillhole data. Calculate volume and grade estimates based on geological models.,p,https://www.seequent.com/products-solutions/geosoft-target,Target | Geosoft - Seequent,"Make faster, more informed exploration decisions with Target. Automate routine data processing tasks and streamline workflows to spend less time processing data and more time exploring.",['Explore with confidence using Target'],2024-11-21T11:19:03.135727,Seequent,0.0,-0.2023,0,0,Other,create d voxel block models and isosurfaces from your drillhole data calculate volume and grade estimates based on geological models
Drillhole planning and reporting,h3,https://www.seequent.com/products-solutions/geosoft-target,Target | Geosoft - Seequent,"Make faster, more informed exploration decisions with Target. Automate routine data processing tasks and streamline workflows to spend less time processing data and more time exploring.",['Explore with confidence using Target'],2024-11-21T11:19:03.135729,Seequent,0.0,0.0,0,0,Other,drillhole planning and reporting
Create professional presentations for daily or seasonal drillhole planning and project management. Plan new drillholes within an existing project – in 2D and 3D.,p,https://www.seequent.com/products-solutions/geosoft-target,Target | Geosoft - Seequent,"Make faster, more informed exploration decisions with Target. Automate routine data processing tasks and streamline workflows to spend less time processing data and more time exploring.",['Explore with confidence using Target'],2024-11-21T11:19:03.135731,Seequent,0.07878787878787878,0.2732,0,0,Other,create professional presentations for daily or seasonal drillhole planning and project management plan new drillholes within an existing project in d and d
"Refresh and update plan and section maps using automated tools, to make informed daily targeting and drilling decisions.",p,https://www.seequent.com/products-solutions/geosoft-target,Target | Geosoft - Seequent,"Make faster, more informed exploration decisions with Target. Automate routine data processing tasks and streamline workflows to spend less time processing data and more time exploring.",['Explore with confidence using Target'],2024-11-21T11:19:03.135734,Seequent,0.0,0.0,1,2,Value Proposition,refresh and update plan and section maps using automated tools to make informed daily targeting and drilling decisions
Geochemical analysis and QA,h3,https://www.seequent.com/products-solutions/geosoft-target,Target | Geosoft - Seequent,"Make faster, more informed exploration decisions with Target. Automate routine data processing tasks and streamline workflows to spend less time processing data and more time exploring.",['Explore with confidence using Target'],2024-11-21T11:19:03.135736,Seequent,0.0,0.0,0,0,Other,geochemical analysis and qa
"Effectively import, validate, and analyse your surface geochemical data with a toolset designed for exploration geologists. Easily perform essential tasks for due-diligence and reporting.",p,https://www.seequent.com/products-solutions/geosoft-target,Target | Geosoft - Seequent,"Make faster, more informed exploration decisions with Target. Automate routine data processing tasks and streamline workflows to spend less time processing data and more time exploring.",['Explore with confidence using Target'],2024-11-21T11:19:03.135737,Seequent,0.3444444444444444,0.8271,1,1,Balanced,effectively import validate and analyse your surface geochemical data with a toolset designed for exploration geologists easily perform essential tasks for duediligence and reporting
"Conduct geochemical analysis using summary statistics, histograms, scattergrams, tri-plots, principle component analysis, probability analysis and correlation plots.",p,https://www.seequent.com/products-solutions/geosoft-target,Target | Geosoft - Seequent,"Make faster, more informed exploration decisions with Target. Automate routine data processing tasks and streamline workflows to spend less time processing data and more time exploring.",['Explore with confidence using Target'],2024-11-21T11:19:03.135739,Seequent,0.0,0.0,0,0,Other,conduct geochemical analysis using summary statistics histograms scattergrams triplots principle component analysis probability analysis and correlation plots
Target Stories,h2,https://www.seequent.com/products-solutions/geosoft-target,Target | Geosoft - Seequent,"Make faster, more informed exploration decisions with Target. Automate routine data processing tasks and streamline workflows to spend less time processing data and more time exploring.",['Explore with confidence using Target'],2024-11-21T11:19:03.135740,Seequent,0.0,0.0,0,0,Other,target stories
All stories,p,https://www.seequent.com/products-solutions/geosoft-target,Target | Geosoft - Seequent,"Make faster, more informed exploration decisions with Target. Automate routine data processing tasks and streamline workflows to spend less time processing data and more time exploring.",['Explore with confidence using Target'],2024-11-21T11:19:03.135742,Seequent,0.0,0.0,0,0,Other,all stories
Target for ArcGIS Pro enhances integration of mining and exploration data,h3,https://www.seequent.com/products-solutions/geosoft-target,Target | Geosoft - Seequent,"Make faster, more informed exploration decisions with Target. Automate routine data processing tasks and streamline workflows to spend less time processing data and more time exploring.",['Explore with confidence using Target'],2024-11-21T11:19:03.135743,Seequent,0.0,0.2263,1,1,Balanced,target for arcgis pro enhances integration of mining and exploration data
Create a polygon (*.PLY) from a shapefile (*.SHP),h3,https://www.seequent.com/products-solutions/geosoft-target,Target | Geosoft - Seequent,"Make faster, more informed exploration decisions with Target. Automate routine data processing tasks and streamline workflows to spend less time processing data and more time exploring.",['Explore with confidence using Target'],2024-11-21T11:19:03.135745,Seequent,0.0,0.2732,0,0,Other,create a polygon ply from a shapefile shp
Uranium Exploration: A Guide for the Uninitiated,h3,https://www.seequent.com/products-solutions/geosoft-target,Target | Geosoft - Seequent,"Make faster, more informed exploration decisions with Target. Automate routine data processing tasks and streamline workflows to spend less time processing data and more time exploring.",['Explore with confidence using Target'],2024-11-21T11:19:03.135746,Seequent,0.0,0.2263,1,1,Balanced,uranium exploration a guide for the uninitiated
Useful Information,h2,https://www.seequent.com/products-solutions/geosoft-target,Target | Geosoft - Seequent,"Make faster, more informed exploration decisions with Target. Automate routine data processing tasks and streamline workflows to spend less time processing data and more time exploring.",['Explore with confidence using Target'],2024-11-21T11:19:03.135747,Seequent,0.3,0.4404,0,0,Other,useful information
"We recommend you use Windows 10, with a reasonably fast processor, mid range graphics and 16-32GB of system memory.",p,https://www.seequent.com/products-solutions/geosoft-target,Target | Geosoft - Seequent,"Make faster, more informed exploration decisions with Target. Automate routine data processing tasks and streamline workflows to spend less time processing data and more time exploring.",['Explore with confidence using Target'],2024-11-21T11:19:03.135749,Seequent,0.1,0.3612,0,1,Value Proposition,we recommend you use windows with a reasonably fast processor mid range graphics and gb of system memory
Supported kinds of data and formats that you can use with Target.,p,https://www.seequent.com/products-solutions/geosoft-target,Target | Geosoft - Seequent,"Make faster, more informed exploration decisions with Target. Automate routine data processing tasks and streamline workflows to spend less time processing data and more time exploring.",['Explore with confidence using Target'],2024-11-21T11:19:03.135751,Seequent,0.0,0.3182,0,0,Other,supported kinds of data and formats that you can use with target
Explore with confidence using Target,h2,https://www.seequent.com/products-solutions/geosoft-target,Target | Geosoft - Seequent,"Make faster, more informed exploration decisions with Target. Automate routine data processing tasks and streamline workflows to spend less time processing data and more time exploring.",['Explore with confidence using Target'],2024-11-21T11:19:03.135752,Seequent,0.0,0.5106,0,0,Other,explore with confidence using target
Need help?,h3,https://www.seequent.com/products-solutions/geosoft-target,Target | Geosoft - Seequent,"Make faster, more informed exploration decisions with Target. Automate routine data processing tasks and streamline workflows to spend less time processing data and more time exploring.",['Explore with confidence using Target'],2024-11-21T11:19:03.135753,Seequent,0.0,0.4019,0,0,Other,need help
"Access online support and learning resources, and get links to the latest versions of Seequent products & tools.",p,https://www.seequent.com/products-solutions/geosoft-target,Target | Geosoft - Seequent,"Make faster, more informed exploration decisions with Target. Automate routine data processing tasks and streamline workflows to spend less time processing data and more time exploring.",['Explore with confidence using Target'],2024-11-21T11:19:03.135755,Seequent,0.5,0.4019,0,0,Other,access online support and learning resources and get links to the latest versions of seequent products tools
"© 2024 Seequent, The Bentley Subsurface Company. All rights reserved",p,https://www.seequent.com/products-solutions/geosoft-target,Target | Geosoft - Seequent,"Make faster, more informed exploration decisions with Target. Automate routine data processing tasks and streamline workflows to spend less time processing data and more time exploring.",['Explore with confidence using Target'],2024-11-21T11:19:03.135756,Seequent,0.0,0.0,1,1,Balanced,seequent the bentley subsurface company all rights reserved
Privacy Preference Center,h2,https://www.seequent.com/products-solutions/geosoft-target,Target | Geosoft - Seequent,"Make faster, more informed exploration decisions with Target. Automate routine data processing tasks and streamline workflows to spend less time processing data and more time exploring.",['Explore with confidence using Target'],2024-11-21T11:19:03.135758,Seequent,-0.1,0.0,0,0,Other,privacy preference center
Your Privacy,h3,https://www.seequent.com/products-solutions/geosoft-target,Target | Geosoft - Seequent,"Make faster, more informed exploration decisions with Target. Automate routine data processing tasks and streamline workflows to spend less time processing data and more time exploring.",['Explore with confidence using Target'],2024-11-21T11:19:03.135760,Seequent,0.0,0.0,0,0,Other,your privacy
Strictly Necessary Cookies,h3,https://www.seequent.com/products-solutions/geosoft-target,Target | Geosoft - Seequent,"Make faster, more informed exploration decisions with Target. Automate routine data processing tasks and streamline workflows to spend less time processing data and more time exploring.",['Explore with confidence using Target'],2024-11-21T11:19:03.135762,Seequent,0.0,0.0,0,0,Other,strictly necessary cookies
Functional Cookies,h3,https://www.seequent.com/products-solutions/geosoft-target,Target | Geosoft - Seequent,"Make faster, more informed exploration decisions with Target. Automate routine data processing tasks and streamline workflows to spend less time processing data and more time exploring.",['Explore with confidence using Target'],2024-11-21T11:19:03.135764,Seequent,0.0,0.0,0,0,Other,functional cookies
Performance Cookies,h3,https://www.seequent.com/products-solutions/geosoft-target,Target | Geosoft - Seequent,"Make faster, more informed exploration decisions with Target. Automate routine data processing tasks and streamline workflows to spend less time processing data and more time exploring.",['Explore with confidence using Target'],2024-11-21T11:19:03.135765,Seequent,0.0,0.0,0,0,Other,performance cookies
Targeting Cookies,h3,https://www.seequent.com/products-solutions/geosoft-target,Target | Geosoft - Seequent,"Make faster, more informed exploration decisions with Target. Automate routine data processing tasks and streamline workflows to spend less time processing data and more time exploring.",['Explore with confidence using Target'],2024-11-21T11:19:03.135767,Seequent,0.0,0.0,0,0,Other,targeting cookies
"When you visit our website, we will use cookies to ensure that you get the best experience on our website. These cookies might be about you, your preferences or your device. The information does not usually directly identify you, but it can give you a more personalized web experience. Because we respect your right to privacy, you can choose not to allow some types of cookies. Click on the different category headings to find out more and change our default settings. However, blocking some types of cookies may impact your experience of the site and the services we are able to offer. For more information, please see our Cookie Policy.

We will need to use a cookie to remember the choices that you have made within our cookie consent manager. This will have a couple of consequences:

If you delete all your cookies you will have to update your preferences with us again.
If you use a different device or browser you will have to tell us your preferences again.",p,https://www.seequent.com/products-solutions/geosoft-target,Target | Geosoft - Seequent,"Make faster, more informed exploration decisions with Target. Automate routine data processing tasks and streamline workflows to spend less time processing data and more time exploring.",['Explore with confidence using Target'],2024-11-21T11:19:03.135771,Seequent,0.3595238095238095,0.8346,2,2,Balanced,when you visit our website we will use cookies to ensure that you get the best experience on our website these cookies might be about you your preferences or your device the information does not usually directly identify you but it can give you a more personalized web experience because we respect your right to privacy you can choose not to allow some types of cookies click on the different category headings to find out more and change our default settings however blocking some types of cookies may impact your experience of the site and the services we are able to offer for more information please see our cookie policy we will need to use a cookie to remember the choices that you have made within our cookie consent manager this will have a couple of consequences if you delete all your cookies you will have to update your preferences with us again if you use a different device or browser you will have to tell us your preferences again
We will need to use a cookie to remember the choices that you have made within our cookie consent manager. This will have a couple of consequences:,p,https://www.seequent.com/products-solutions/geosoft-target,Target | Geosoft - Seequent,"Make faster, more informed exploration decisions with Target. Automate routine data processing tasks and streamline workflows to spend less time processing data and more time exploring.",['Explore with confidence using Target'],2024-11-21T11:19:03.135773,Seequent,0.0,0.2263,0,0,Other,we will need to use a cookie to remember the choices that you have made within our cookie consent manager this will have a couple of consequences
"These cookies are necessary for the website to function and cannot be switched off in our systems. They are usually only set in response to actions made by you which amount to a request for services, such as setting your privacy preferences, logging in or filling in forms. You can set your browser to block or alert you about these cookies, but some parts of the site will not then work. These cookies do not store any personally identifiable information.",p,https://www.seequent.com/products-solutions/geosoft-target,Target | Geosoft - Seequent,"Make faster, more informed exploration decisions with Target. Automate routine data processing tasks and streamline workflows to spend less time processing data and more time exploring.",['Explore with confidence using Target'],2024-11-21T11:19:03.135775,Seequent,0.025,-0.09,0,0,Other,these cookies are necessary for the website to function and cannot be switched off in our systems they are usually only set in response to actions made by you which amount to a request for services such as setting your privacy preferences logging in or filling in forms you can set your browser to block or alert you about these cookies but some parts of the site will not then work these cookies do not store any personally identifiable information
These cookies enable the website to provide enhanced functionality and personalisation. They may be set by us or by third party providers whose services we have added to our pages. If you do not allow these cookies then some or all of these services may not function properly.,p,https://www.seequent.com/products-solutions/geosoft-target,Target | Geosoft - Seequent,"Make faster, more informed exploration decisions with Target. Automate routine data processing tasks and streamline workflows to spend less time processing data and more time exploring.",['Explore with confidence using Target'],2024-11-21T11:19:03.135776,Seequent,0.0,0.2579,0,0,Other,these cookies enable the website to provide enhanced functionality and personalisation they may be set by us or by third party providers whose services we have added to our pages if you do not allow these cookies then some or all of these services may not function properly
"These cookies allow us to count visits and traffic sources so we can measure and improve the performance of our site. They help us to know which pages are the most and least popular and see how visitors move around the site. All information these cookies collect is aggregated and therefore anonymous. If you do not allow these cookies we will not know when you have visited our site, and will not be able to monitor its performance.",p,https://www.seequent.com/products-solutions/geosoft-target,Target | Geosoft - Seequent,"Make faster, more informed exploration decisions with Target. Automate routine data processing tasks and streamline workflows to spend less time processing data and more time exploring.",['Explore with confidence using Target'],2024-11-21T11:19:03.135778,Seequent,0.325,0.7071,0,0,Other,these cookies allow us to count visits and traffic sources so we can measure and improve the performance of our site they help us to know which pages are the most and least popular and see how visitors move around the site all information these cookies collect is aggregated and therefore anonymous if you do not allow these cookies we will not know when you have visited our site and will not be able to monitor its performance
"These cookies may be set through our site by our advertising partners. They may be used by those companies to build a profile of your interests and show you relevant adverts on other sites. They do not store directly personal information, but are based on uniquely identifying your browser and internet device. If you do not allow these cookies, you will experience less targeted advertising.",p,https://www.seequent.com/products-solutions/geosoft-target,Target | Geosoft - Seequent,"Make faster, more informed exploration decisions with Target. Automate routine data processing tasks and streamline workflows to spend less time processing data and more time exploring.",['Explore with confidence using Target'],2024-11-21T11:19:03.135779,Seequent,0.09666666666666668,-0.1278,0,0,Other,these cookies may be set through our site by our advertising partners they may be used by those companies to build a profile of your interests and show you relevant adverts on other sites they do not store directly personal information but are based on uniquely identifying your browser and internet device if you do not allow these cookies you will experience less targeted advertising
Cookie List,h3,https://www.seequent.com/products-solutions/geosoft-target,Target | Geosoft - Seequent,"Make faster, more informed exploration decisions with Target. Automate routine data processing tasks and streamline workflows to spend less time processing data and more time exploring.",['Explore with confidence using Target'],2024-11-21T11:19:03.135781,Seequent,0.0,0.0,0,0,Other,cookie list
Central,h1,https://www.seequent.com/products-solutions/seequent-central,Seequent Central - Seequent,"Cloud-based Seequent Central offers shared 3D visualisation, team collaboration, and tracking of geological data within a single, auditable environment.",['\n               Central            '],2024-11-21T11:19:04.773734,Seequent,0.0,0.0,0,0,Other,central
"Visualise, track, integrate, and manage ​your ​geoscience data",p,https://www.seequent.com/products-solutions/seequent-central,Seequent Central - Seequent,"Cloud-based Seequent Central offers shared 3D visualisation, team collaboration, and tracking of geological data within a single, auditable environment.",['\n               Central            '],2024-11-21T11:19:04.773746,Seequent,0.0,0.0,0,0,Other,visualise track integrate and manage your geoscience data
Manage your complex geological data with ease,h2,https://www.seequent.com/products-solutions/seequent-central,Seequent Central - Seequent,"Cloud-based Seequent Central offers shared 3D visualisation, team collaboration, and tracking of geological data within a single, auditable environment.",['\n               Central            '],2024-11-21T11:19:04.773749,Seequent,-0.3,0.3612,0,0,Other,manage your complex geological data with ease
"Work with your geoscience data in a centralised, auditable environment. Collaborate in the cloud and connect every stakeholder — even remote or distributed teams — to shared 3D visualisation and timely, relevant data. It’s the cloud-based heart of a smarter workflow for all your geological data.",p,https://www.seequent.com/products-solutions/seequent-central,Seequent Central - Seequent,"Cloud-based Seequent Central offers shared 3D visualisation, team collaboration, and tracking of geological data within a single, auditable environment.",['\n               Central            '],2024-11-21T11:19:04.773751,Seequent,0.15000000000000002,0.6597,2,2,Balanced,work with your geoscience data in a centralised auditable environment collaborate in the cloud and connect every stakeholder even remote or distributed teams to shared d visualisation and timely relevant data its the cloudbased heart of a smarter workflow for all your geological data
Key Benefits,p,https://www.seequent.com/products-solutions/seequent-central,Seequent Central - Seequent,"Cloud-based Seequent Central offers shared 3D visualisation, team collaboration, and tracking of geological data within a single, auditable environment.",['\n               Central            '],2024-11-21T11:19:04.773752,Seequent,0.0,0.3818,0,0,Other,key benefits
Bring teams and data together,h2,https://www.seequent.com/products-solutions/seequent-central,Seequent Central - Seequent,"Cloud-based Seequent Central offers shared 3D visualisation, team collaboration, and tracking of geological data within a single, auditable environment.",['\n               Central            '],2024-11-21T11:19:04.773754,Seequent,0.0,0.0,0,0,Other,bring teams and data together
"Visualise and collaborate on models with your team through connected data from Leapfrog, Oasis montaj.",p,https://www.seequent.com/products-solutions/seequent-central,Seequent Central - Seequent,"Cloud-based Seequent Central offers shared 3D visualisation, team collaboration, and tracking of geological data within a single, auditable environment.",['\n               Central            '],2024-11-21T11:19:04.773756,Seequent,0.0,0.0,0,0,Other,visualise and collaborate on models with your team through connected data from leapfrog oasis montaj
Get notified when mesh files are updated in Central and pull them into your model in moments.,p,https://www.seequent.com/products-solutions/seequent-central,Seequent Central - Seequent,"Cloud-based Seequent Central offers shared 3D visualisation, team collaboration, and tracking of geological data within a single, auditable environment.",['\n               Central            '],2024-11-21T11:19:04.773757,Seequent,0.0,0.0,0,0,Other,get notified when mesh files are updated in central and pull them into your model in moments
"Share your Central projects ​and visualisations in the cloud​ — anyone can view, investigate, ​and discuss your project in one place.​",p,https://www.seequent.com/products-solutions/seequent-central,Seequent Central - Seequent,"Cloud-based Seequent Central offers shared 3D visualisation, team collaboration, and tracking of geological data within a single, auditable environment.",['\n               Central            '],2024-11-21T11:19:04.773760,Seequent,0.0,0.296,0,0,Other,share your central projects and visualisations in the cloud anyone can view investigate and discuss your project in one place
"Full version control, access permissions, project history​,​ and trackability to ensure decisions are made using a single source of truth.",p,https://www.seequent.com/products-solutions/seequent-central,Seequent Central - Seequent,"Cloud-based Seequent Central offers shared 3D visualisation, team collaboration, and tracking of geological data within a single, auditable environment.",['\n               Central            '],2024-11-21T11:19:04.773761,Seequent,0.1392857142857143,0.5994,0,0,Other,full version control access permissions project history and trackability to ensure decisions are made using a single source of truth
"Model alternative scenarios with project branching, enabling you to validate hypotheses and improve decision-making.",p,https://www.seequent.com/products-solutions/seequent-central,Seequent Central - Seequent,"Cloud-based Seequent Central offers shared 3D visualisation, team collaboration, and tracking of geological data within a single, auditable environment.",['\n               Central            '],2024-11-21T11:19:04.773763,Seequent,0.0,0.6597,0,0,Other,model alternative scenarios with project branching enabling you to validate hypotheses and improve decisionmaking
"Hosted in Microsoft Azure cloud for secure access to files, data, and project updates from anywhere with an internet connection.",p,https://www.seequent.com/products-solutions/seequent-central,Seequent Central - Seequent,"Cloud-based Seequent Central offers shared 3D visualisation, team collaboration, and tracking of geological data within a single, auditable environment.",['\n               Central            '],2024-11-21T11:19:04.773766,Seequent,0.4,0.34,1,1,Balanced,hosted in microsoft azure cloud for secure access to files data and project updates from anywhere with an internet connection
Product information,p,https://www.seequent.com/products-solutions/seequent-central,Seequent Central - Seequent,"Cloud-based Seequent Central offers shared 3D visualisation, team collaboration, and tracking of geological data within a single, auditable environment.",['\n               Central            '],2024-11-21T11:19:04.773767,Seequent,0.0,0.0,0,0,Other,product information
Effortlessly communicate findings and models,h2,https://www.seequent.com/products-solutions/seequent-central,Seequent Central - Seequent,"Cloud-based Seequent Central offers shared 3D visualisation, team collaboration, and tracking of geological data within a single, auditable environment.",['\n               Central            '],2024-11-21T11:19:04.773768,Seequent,0.0,0.0,0,0,Other,effortlessly communicate findings and models
Share interactive models with any stakeholders who don’t have a product license via a URL link that you can send or embed.,p,https://www.seequent.com/products-solutions/seequent-central,Seequent Central - Seequent,"Cloud-based Seequent Central offers shared 3D visualisation, team collaboration, and tracking of geological data within a single, auditable environment.",['\n               Central            '],2024-11-21T11:19:04.773770,Seequent,0.0,0.296,0,0,Other,share interactive models with any stakeholders who dont have a product license via a url link that you can send or embed
Integrations,p,https://www.seequent.com/products-solutions/seequent-central,Seequent Central - Seequent,"Cloud-based Seequent Central offers shared 3D visualisation, team collaboration, and tracking of geological data within a single, auditable environment.",['\n               Central            '],2024-11-21T11:19:04.773771,Seequent,0.0,0.0,0,0,Other,integrations
Data management designed for modelling,h2,https://www.seequent.com/products-solutions/seequent-central,Seequent Central - Seequent,"Cloud-based Seequent Central offers shared 3D visualisation, team collaboration, and tracking of geological data within a single, auditable environment.",['\n               Central            '],2024-11-21T11:19:04.773772,Seequent,0.0,0.0,0,0,Other,data management designed for modelling
"Data integrity and version control is one of the consistent challenges that teams building geological models face. Central solves this through integrations with industry standard tools – including Leapfrog, GeoStudio, PLAXIS, Oasis montaj, and IMDEXHUB-IQ – for seamless data and project version management as you work.",p,https://www.seequent.com/products-solutions/seequent-central,Seequent Central - Seequent,"Cloud-based Seequent Central offers shared 3D visualisation, team collaboration, and tracking of geological data within a single, auditable environment.",['\n               Central            '],2024-11-21T11:19:04.773774,Seequent,0.0875,0.6124,0,0,Other,data integrity and version control is one of the consistent challenges that teams building geological models face central solves this through integrations with industry standard tools including leapfrog geostudio plaxis oasis montaj and imdexhubiq for seamless data and project version management as you work
With secure cloud hosting on Microsoft Azure and individual user subscriptions and Leapfrog Connector licenses you can easily scale Central to suit your working and team requirements.,p,https://www.seequent.com/products-solutions/seequent-central,Seequent Central - Seequent,"Cloud-based Seequent Central offers shared 3D visualisation, team collaboration, and tracking of geological data within a single, auditable environment.",['\n               Central            '],2024-11-21T11:19:04.773775,Seequent,0.20833333333333334,0.5859,1,1,Balanced,with secure cloud hosting on microsoft azure and individual user subscriptions and leapfrog connector licenses you can easily scale central to suit your working and team requirements
Subscriptions,p,https://www.seequent.com/products-solutions/seequent-central,Seequent Central - Seequent,"Cloud-based Seequent Central offers shared 3D visualisation, team collaboration, and tracking of geological data within a single, auditable environment.",['\n               Central            '],2024-11-21T11:19:04.773776,Seequent,0.0,0.0,0,0,Other,subscriptions
Subscriptions for collaboration,h2,https://www.seequent.com/products-solutions/seequent-central,Seequent Central - Seequent,"Cloud-based Seequent Central offers shared 3D visualisation, team collaboration, and tracking of geological data within a single, auditable environment.",['\n               Central            '],2024-11-21T11:19:04.773778,Seequent,0.0,0.0,0,0,Other,subscriptions for collaboration
Cloud hosting,h3,https://www.seequent.com/products-solutions/seequent-central,Seequent Central - Seequent,"Cloud-based Seequent Central offers shared 3D visualisation, team collaboration, and tracking of geological data within a single, auditable environment.",['\n               Central            '],2024-11-21T11:19:04.773779,Seequent,0.0,0.0,1,1,Balanced,cloud hosting
One hosting instance required per organisation  * Intergrations require a subscription to run,p,https://www.seequent.com/products-solutions/seequent-central,Seequent Central - Seequent,"Cloud-based Seequent Central offers shared 3D visualisation, team collaboration, and tracking of geological data within a single, auditable environment.",['\n               Central            '],2024-11-21T11:19:04.773780,Seequent,0.0,0.0,0,0,Other,one hosting instance required per organisation intergrations require a subscription to run
User subscription,h3,https://www.seequent.com/products-solutions/seequent-central,Seequent Central - Seequent,"Cloud-based Seequent Central offers shared 3D visualisation, team collaboration, and tracking of geological data within a single, auditable environment.",['\n               Central            '],2024-11-21T11:19:04.773782,Seequent,0.0,0.0,0,0,Other,user subscription
One subscription per user accessing Central,p,https://www.seequent.com/products-solutions/seequent-central,Seequent Central - Seequent,"Cloud-based Seequent Central offers shared 3D visualisation, team collaboration, and tracking of geological data within a single, auditable environment.",['\n               Central            '],2024-11-21T11:19:04.773783,Seequent,0.0,0.0,0,0,Other,one subscription per user accessing central
Leapfrog Connector,h3,https://www.seequent.com/products-solutions/seequent-central,Seequent Central - Seequent,"Cloud-based Seequent Central offers shared 3D visualisation, team collaboration, and tracking of geological data within a single, auditable environment.",['\n               Central            '],2024-11-21T11:19:04.773787,Seequent,0.0,0.0,0,0,Other,leapfrog connector
One connector required per user  modelling in Leapfrog,p,https://www.seequent.com/products-solutions/seequent-central,Seequent Central - Seequent,"Cloud-based Seequent Central offers shared 3D visualisation, team collaboration, and tracking of geological data within a single, auditable environment.",['\n               Central            '],2024-11-21T11:19:04.773788,Seequent,0.0,0.0,0,0,Other,one connector required per user modelling in leapfrog
"For more information about Central pricing and purchase, talk to us",h3,https://www.seequent.com/products-solutions/seequent-central,Seequent Central - Seequent,"Cloud-based Seequent Central offers shared 3D visualisation, team collaboration, and tracking of geological data within a single, auditable environment.",['\n               Central            '],2024-11-21T11:19:04.773790,Seequent,0.25,0.0,0,0,Other,for more information about central pricing and purchase talk to us
Central Add-ons,h2,https://www.seequent.com/products-solutions/seequent-central,Seequent Central - Seequent,"Cloud-based Seequent Central offers shared 3D visualisation, team collaboration, and tracking of geological data within a single, auditable environment.",['\n               Central            '],2024-11-21T11:19:04.773791,Seequent,0.0,0.0,0,0,Other,central addons
"All add-ons require an Central subscription to purchase and
                            run",p,https://www.seequent.com/products-solutions/seequent-central,Seequent Central - Seequent,"Cloud-based Seequent Central offers shared 3D visualisation, team collaboration, and tracking of geological data within a single, auditable environment.",['\n               Central            '],2024-11-21T11:19:04.773792,Seequent,0.0,0.0,0,0,Other,all addons require an central subscription to purchase and run
Advanced Bundle,h3,https://www.seequent.com/products-solutions/seequent-central,Seequent Central - Seequent,"Cloud-based Seequent Central offers shared 3D visualisation, team collaboration, and tracking of geological data within a single, auditable environment.",['\n               Central            '],2024-11-21T11:19:04.773793,Seequent,0.4,0.25,0,1,Value Proposition,advanced bundle
One hosting instance required per organisation  * Intergrations require a subscription to run,p,https://www.seequent.com/products-solutions/seequent-central,Seequent Central - Seequent,"Cloud-based Seequent Central offers shared 3D visualisation, team collaboration, and tracking of geological data within a single, auditable environment.",['\n               Central            '],2024-11-21T11:19:04.773795,Seequent,0.0,0.0,0,0,Other,one hosting instance required per organisation intergrations require a subscription to run
"Includes: Web Portal, Data collector, Data entry, Professional, Excel extension, Civil 3D extension, Civil tools extension, Template studio",p,https://www.seequent.com/products-solutions/seequent-central,Seequent Central - Seequent,"Cloud-based Seequent Central offers shared 3D visualisation, team collaboration, and tracking of geological data within a single, auditable environment.",['\n               Central            '],2024-11-21T11:19:04.773799,Seequent,0.1,0.4588,0,0,Other,includes web portal data collector data entry professional excel extension civil d extension civil tools extension template studio
"For more information about Central pricing and purchase, talk to us",h3,https://www.seequent.com/products-solutions/seequent-central,Seequent Central - Seequent,"Cloud-based Seequent Central offers shared 3D visualisation, team collaboration, and tracking of geological data within a single, auditable environment.",['\n               Central            '],2024-11-21T11:19:04.773800,Seequent,0.25,0.0,0,0,Other,for more information about central pricing and purchase talk to us
"“We used to spend, literally, hours trying to find the right versions and track the right versions on the server. Now we always know exactly what the latest version is.”",h3,https://www.seequent.com/products-solutions/seequent-central,Seequent Central - Seequent,"Cloud-based Seequent Central offers shared 3D visualisation, team collaboration, and tracking of geological data within a single, auditable environment.",['\n               Central            '],2024-11-21T11:19:04.773802,Seequent,0.33035714285714285,0.0,0,0,Other,we used to spend literally hours trying to find the right versions and track the right versions on the server now we always know exactly what the latest version is
"Wayne Barnett,
                                Principal Structural Geologist at SRK Consulting",p,https://www.seequent.com/products-solutions/seequent-central,Seequent Central - Seequent,"Cloud-based Seequent Central offers shared 3D visualisation, team collaboration, and tracking of geological data within a single, auditable environment.",['\n               Central            '],2024-11-21T11:19:04.773803,Seequent,0.0,0.0,0,0,Other,wayne barnett principal structural geologist at srk consulting
Free​ ​training and support resources,h2,https://www.seequent.com/products-solutions/seequent-central,Seequent Central - Seequent,"Cloud-based Seequent Central offers shared 3D visualisation, team collaboration, and tracking of geological data within a single, auditable environment.",['\n               Central            '],2024-11-21T11:19:04.773805,Seequent,0.0,0.4019,0,0,Other,free training and support resources
"Accelerate your Central usage with Knowledge Base articles, free training resources and support from our team of geoscience experts.",p,https://www.seequent.com/products-solutions/seequent-central,Seequent Central - Seequent,"Cloud-based Seequent Central offers shared 3D visualisation, team collaboration, and tracking of geological data within a single, auditable environment.",['\n               Central            '],2024-11-21T11:19:04.773806,Seequent,-0.13333333333333333,0.7184,0,0,Other,accelerate your central usage with knowledge base articles free training resources and support from our team of geoscience experts
Get started fast or upskill with our onboarding and advanced free eLearning courses available for​ C​​entral​.,p,https://www.seequent.com/products-solutions/seequent-central,Seequent Central - Seequent,"Cloud-based Seequent Central offers shared 3D visualisation, team collaboration, and tracking of geological data within a single, auditable environment.",['\n               Central            '],2024-11-21T11:19:04.773808,Seequent,0.35,0.6486,0,2,Value Proposition,get started fast or upskill with our onboarding and advanced free elearning courses available for central
Search our ​K​nowledge ​B​ase for quick reference articles to troubleshoot or resolve any errors ​fast.​,p,https://www.seequent.com/products-solutions/seequent-central,Seequent Central - Seequent,"Cloud-based Seequent Central offers shared 3D visualisation, team collaboration, and tracking of geological data within a single, auditable environment.",['\n               Central            '],2024-11-21T11:19:04.773809,Seequent,0.3333333333333333,0.25,0,1,Value Proposition,search our knowledge base for quick reference articles to troubleshoot or resolve any errors fast
​​Explore a ​full library of 2-5 minute videos that demonstrate everything from basic workflows to more advanced tips and tricks.,p,https://www.seequent.com/products-solutions/seequent-central,Seequent Central - Seequent,"Cloud-based Seequent Central offers shared 3D visualisation, team collaboration, and tracking of geological data within a single, auditable environment.",['\n               Central            '],2024-11-21T11:19:04.773811,Seequent,0.3,0.2006,0,1,Value Proposition,explore a full library of minute videos that demonstrate everything from basic workflows to more advanced tips and tricks
Customer stories,p,https://www.seequent.com/products-solutions/seequent-central,Seequent Central - Seequent,"Cloud-based Seequent Central offers shared 3D visualisation, team collaboration, and tracking of geological data within a single, auditable environment.",['\n               Central            '],2024-11-21T11:19:04.773812,Seequent,0.0,0.0,0,0,Other,customer stories
Central ​in action​,h2,https://www.seequent.com/products-solutions/seequent-central,Seequent Central - Seequent,"Cloud-based Seequent Central offers shared 3D visualisation, team collaboration, and tracking of geological data within a single, auditable environment.",['\n               Central            '],2024-11-21T11:19:04.773813,Seequent,0.0,0.0,0,0,Other,central in action
Explore c​ase studies and articles ​to see ​how Central is being applied in research and industry,p,https://www.seequent.com/products-solutions/seequent-central,Seequent Central - Seequent,"Cloud-based Seequent Central offers shared 3D visualisation, team collaboration, and tracking of geological data within a single, auditable environment.",['\n               Central            '],2024-11-21T11:19:04.773815,Seequent,0.0,0.0,0,0,Other,explore case studies and articles to see how central is being applied in research and industry
Leapfrog Works,p,https://www.seequent.com/products-solutions/seequent-central,Seequent Central - Seequent,"Cloud-based Seequent Central offers shared 3D visualisation, team collaboration, and tracking of geological data within a single, auditable environment.",['\n               Central            '],2024-11-21T11:19:04.773816,Seequent,0.0,0.0,0,0,Other,leapfrog works
Modelling the Norwegian subsurface – Learn how Multiconsult gained deeper geological insights with Leapfrog Works and Seequent Central,p,https://www.seequent.com/products-solutions/seequent-central,Seequent Central - Seequent,"Cloud-based Seequent Central offers shared 3D visualisation, team collaboration, and tracking of geological data within a single, auditable environment.",['\n               Central            '],2024-11-21T11:19:04.773817,Seequent,0.0,0.3818,1,1,Balanced,modelling the norwegian subsurface learn how multiconsult gained deeper geological insights with leapfrog works and seequent central
Read article,p,https://www.seequent.com/products-solutions/seequent-central,Seequent Central - Seequent,"Cloud-based Seequent Central offers shared 3D visualisation, team collaboration, and tracking of geological data within a single, auditable environment.",['\n               Central            '],2024-11-21T11:19:04.773819,Seequent,0.0,0.0,0,0,Other,read article
Energy,p,https://www.seequent.com/products-solutions/seequent-central,Seequent Central - Seequent,"Cloud-based Seequent Central offers shared 3D visualisation, team collaboration, and tracking of geological data within a single, auditable environment.",['\n               Central            '],2024-11-21T11:19:04.773820,Seequent,0.0,0.2732,0,0,Other,energy
The geothermal innovation powering Google’s data centres,p,https://www.seequent.com/products-solutions/seequent-central,Seequent Central - Seequent,"Cloud-based Seequent Central offers shared 3D visualisation, team collaboration, and tracking of geological data within a single, auditable environment.",['\n               Central            '],2024-11-21T11:19:04.773821,Seequent,0.0,0.3818,0,0,Other,the geothermal innovation powering googles data centres
Read article,p,https://www.seequent.com/products-solutions/seequent-central,Seequent Central - Seequent,"Cloud-based Seequent Central offers shared 3D visualisation, team collaboration, and tracking of geological data within a single, auditable environment.",['\n               Central            '],2024-11-21T11:19:04.773823,Seequent,0.0,0.0,0,0,Other,read article
Mining,p,https://www.seequent.com/products-solutions/seequent-central,Seequent Central - Seequent,"Cloud-based Seequent Central offers shared 3D visualisation, team collaboration, and tracking of geological data within a single, auditable environment.",['\n               Central            '],2024-11-21T11:19:04.773825,Seequent,0.0,0.0,0,0,Other,mining
Better manage your data with a powerful workflow designed for exploration success,p,https://www.seequent.com/products-solutions/seequent-central,Seequent Central - Seequent,"Cloud-based Seequent Central offers shared 3D visualisation, team collaboration, and tracking of geological data within a single, auditable environment.",['\n               Central            '],2024-11-21T11:19:04.773826,Seequent,0.3666666666666667,0.8834,1,2,Value Proposition,better manage your data with a powerful workflow designed for exploration success
Read article,p,https://www.seequent.com/products-solutions/seequent-central,Seequent Central - Seequent,"Cloud-based Seequent Central offers shared 3D visualisation, team collaboration, and tracking of geological data within a single, auditable environment.",['\n               Central            '],2024-11-21T11:19:04.773827,Seequent,0.0,0.0,0,0,Other,read article
Leapfrog Geo,p,https://www.seequent.com/products-solutions/seequent-central,Seequent Central - Seequent,"Cloud-based Seequent Central offers shared 3D visualisation, team collaboration, and tracking of geological data within a single, auditable environment.",['\n               Central            '],2024-11-21T11:19:04.773829,Seequent,0.0,0.0,0,0,Other,leapfrog geo
Building a better understanding of the earth beneath,p,https://www.seequent.com/products-solutions/seequent-central,Seequent Central - Seequent,"Cloud-based Seequent Central offers shared 3D visualisation, team collaboration, and tracking of geological data within a single, auditable environment.",['\n               Central            '],2024-11-21T11:19:04.773830,Seequent,0.5,0.4404,0,0,Other,building a better understanding of the earth beneath
Read article,p,https://www.seequent.com/products-solutions/seequent-central,Seequent Central - Seequent,"Cloud-based Seequent Central offers shared 3D visualisation, team collaboration, and tracking of geological data within a single, auditable environment.",['\n               Central            '],2024-11-21T11:19:04.773831,Seequent,0.0,0.0,0,0,Other,read article
"Trusted by the top 40 
                                global mining and large global engineering service companies.",h2,https://www.seequent.com/products-solutions/seequent-central,Seequent Central - Seequent,"Cloud-based Seequent Central offers shared 3D visualisation, team collaboration, and tracking of geological data within a single, auditable environment.",['\n               Central            '],2024-11-21T11:19:04.773833,Seequent,0.17857142857142858,0.5994,0,0,Other,trusted by the top global mining and large global engineering service companies
"© 2024 Seequent, The Bentley Subsurface Company. All rights reserved",p,https://www.seequent.com/products-solutions/seequent-central,Seequent Central - Seequent,"Cloud-based Seequent Central offers shared 3D visualisation, team collaboration, and tracking of geological data within a single, auditable environment.",['\n               Central            '],2024-11-21T11:19:04.773834,Seequent,0.0,0.0,1,1,Balanced,seequent the bentley subsurface company all rights reserved
Privacy Preference Center,h2,https://www.seequent.com/products-solutions/seequent-central,Seequent Central - Seequent,"Cloud-based Seequent Central offers shared 3D visualisation, team collaboration, and tracking of geological data within a single, auditable environment.",['\n               Central            '],2024-11-21T11:19:04.773836,Seequent,-0.1,0.0,0,0,Other,privacy preference center
Your Privacy,h3,https://www.seequent.com/products-solutions/seequent-central,Seequent Central - Seequent,"Cloud-based Seequent Central offers shared 3D visualisation, team collaboration, and tracking of geological data within a single, auditable environment.",['\n               Central            '],2024-11-21T11:19:04.773837,Seequent,0.0,0.0,0,0,Other,your privacy
Strictly Necessary Cookies,h3,https://www.seequent.com/products-solutions/seequent-central,Seequent Central - Seequent,"Cloud-based Seequent Central offers shared 3D visualisation, team collaboration, and tracking of geological data within a single, auditable environment.",['\n               Central            '],2024-11-21T11:19:04.773839,Seequent,0.0,0.0,0,0,Other,strictly necessary cookies
Functional Cookies,h3,https://www.seequent.com/products-solutions/seequent-central,Seequent Central - Seequent,"Cloud-based Seequent Central offers shared 3D visualisation, team collaboration, and tracking of geological data within a single, auditable environment.",['\n               Central            '],2024-11-21T11:19:04.773840,Seequent,0.0,0.0,0,0,Other,functional cookies
Performance Cookies,h3,https://www.seequent.com/products-solutions/seequent-central,Seequent Central - Seequent,"Cloud-based Seequent Central offers shared 3D visualisation, team collaboration, and tracking of geological data within a single, auditable environment.",['\n               Central            '],2024-11-21T11:19:04.773841,Seequent,0.0,0.0,0,0,Other,performance cookies
Targeting Cookies,h3,https://www.seequent.com/products-solutions/seequent-central,Seequent Central - Seequent,"Cloud-based Seequent Central offers shared 3D visualisation, team collaboration, and tracking of geological data within a single, auditable environment.",['\n               Central            '],2024-11-21T11:19:04.773842,Seequent,0.0,0.0,0,0,Other,targeting cookies
"When you visit our website, we will use cookies to ensure that you get the best experience on our website. These cookies might be about you, your preferences or your device. The information does not usually directly identify you, but it can give you a more personalized web experience. Because we respect your right to privacy, you can choose not to allow some types of cookies. Click on the different category headings to find out more and change our default settings. However, blocking some types of cookies may impact your experience of the site and the services we are able to offer. For more information, please see our Cookie Policy.

We will need to use a cookie to remember the choices that you have made within our cookie consent manager. This will have a couple of consequences:

If you delete all your cookies you will have to update your preferences with us again.
If you use a different device or browser you will have to tell us your preferences again.",p,https://www.seequent.com/products-solutions/seequent-central,Seequent Central - Seequent,"Cloud-based Seequent Central offers shared 3D visualisation, team collaboration, and tracking of geological data within a single, auditable environment.",['\n               Central            '],2024-11-21T11:19:04.773845,Seequent,0.3595238095238095,0.8346,2,2,Balanced,when you visit our website we will use cookies to ensure that you get the best experience on our website these cookies might be about you your preferences or your device the information does not usually directly identify you but it can give you a more personalized web experience because we respect your right to privacy you can choose not to allow some types of cookies click on the different category headings to find out more and change our default settings however blocking some types of cookies may impact your experience of the site and the services we are able to offer for more information please see our cookie policy we will need to use a cookie to remember the choices that you have made within our cookie consent manager this will have a couple of consequences if you delete all your cookies you will have to update your preferences with us again if you use a different device or browser you will have to tell us your preferences again
We will need to use a cookie to remember the choices that you have made within our cookie consent manager. This will have a couple of consequences:,p,https://www.seequent.com/products-solutions/seequent-central,Seequent Central - Seequent,"Cloud-based Seequent Central offers shared 3D visualisation, team collaboration, and tracking of geological data within a single, auditable environment.",['\n               Central            '],2024-11-21T11:19:04.773847,Seequent,0.0,0.2263,0,0,Other,we will need to use a cookie to remember the choices that you have made within our cookie consent manager this will have a couple of consequences
"These cookies are necessary for the website to function and cannot be switched off in our systems. They are usually only set in response to actions made by you which amount to a request for services, such as setting your privacy preferences, logging in or filling in forms. You can set your browser to block or alert you about these cookies, but some parts of the site will not then work. These cookies do not store any personally identifiable information.",p,https://www.seequent.com/products-solutions/seequent-central,Seequent Central - Seequent,"Cloud-based Seequent Central offers shared 3D visualisation, team collaboration, and tracking of geological data within a single, auditable environment.",['\n               Central            '],2024-11-21T11:19:04.773848,Seequent,0.025,-0.09,0,0,Other,these cookies are necessary for the website to function and cannot be switched off in our systems they are usually only set in response to actions made by you which amount to a request for services such as setting your privacy preferences logging in or filling in forms you can set your browser to block or alert you about these cookies but some parts of the site will not then work these cookies do not store any personally identifiable information
These cookies enable the website to provide enhanced functionality and personalisation. They may be set by us or by third party providers whose services we have added to our pages. If you do not allow these cookies then some or all of these services may not function properly.,p,https://www.seequent.com/products-solutions/seequent-central,Seequent Central - Seequent,"Cloud-based Seequent Central offers shared 3D visualisation, team collaboration, and tracking of geological data within a single, auditable environment.",['\n               Central            '],2024-11-21T11:19:04.773850,Seequent,0.0,0.2579,0,0,Other,these cookies enable the website to provide enhanced functionality and personalisation they may be set by us or by third party providers whose services we have added to our pages if you do not allow these cookies then some or all of these services may not function properly
"These cookies allow us to count visits and traffic sources so we can measure and improve the performance of our site. They help us to know which pages are the most and least popular and see how visitors move around the site. All information these cookies collect is aggregated and therefore anonymous. If you do not allow these cookies we will not know when you have visited our site, and will not be able to monitor its performance.",p,https://www.seequent.com/products-solutions/seequent-central,Seequent Central - Seequent,"Cloud-based Seequent Central offers shared 3D visualisation, team collaboration, and tracking of geological data within a single, auditable environment.",['\n               Central            '],2024-11-21T11:19:04.773852,Seequent,0.325,0.7071,0,0,Other,these cookies allow us to count visits and traffic sources so we can measure and improve the performance of our site they help us to know which pages are the most and least popular and see how visitors move around the site all information these cookies collect is aggregated and therefore anonymous if you do not allow these cookies we will not know when you have visited our site and will not be able to monitor its performance
"These cookies may be set through our site by our advertising partners. They may be used by those companies to build a profile of your interests and show you relevant adverts on other sites. They do not store directly personal information, but are based on uniquely identifying your browser and internet device. If you do not allow these cookies, you will experience less targeted advertising.",p,https://www.seequent.com/products-solutions/seequent-central,Seequent Central - Seequent,"Cloud-based Seequent Central offers shared 3D visualisation, team collaboration, and tracking of geological data within a single, auditable environment.",['\n               Central            '],2024-11-21T11:19:04.773853,Seequent,0.09666666666666668,-0.1278,0,0,Other,these cookies may be set through our site by our advertising partners they may be used by those companies to build a profile of your interests and show you relevant adverts on other sites they do not store directly personal information but are based on uniquely identifying your browser and internet device if you do not allow these cookies you will experience less targeted advertising
Cookie List,h3,https://www.seequent.com/products-solutions/seequent-central,Seequent Central - Seequent,"Cloud-based Seequent Central offers shared 3D visualisation, team collaboration, and tracking of geological data within a single, auditable environment.",['\n               Central            '],2024-11-21T11:19:04.773854,Seequent,0.0,0.0,0,0,Other,cookie list
Imago,h1,https://www.seequent.com/products-solutions/imago,Imago  - Seequent,"Imago enables validation of data insights and decisions by capturing, managing, and sharing high-quality geoscientific images in the cloud.",['\n               Imago\u202f            '],2024-11-21T11:19:05.935208,Seequent,0.0,0.0,0,0,Other,imago
Capture and manage h​igh-quality core imagery,p,https://www.seequent.com/products-solutions/imago,Imago  - Seequent,"Imago enables validation of data insights and decisions by capturing, managing, and sharing high-quality geoscientific images in the cloud.",['\n               Imago\u202f            '],2024-11-21T11:19:05.935216,Seequent,0.0,0.0,0,0,Other,capture and manage highquality core imagery
Preserve critical insights and validate decisions ​faster​,h2,https://www.seequent.com/products-solutions/imago,Imago  - Seequent,"Imago enables validation of data insights and decisions by capturing, managing, and sharing high-quality geoscientific images in the cloud.",['\n               Imago\u202f            '],2024-11-21T11:19:05.935218,Seequent,0.0,0.0516,0,0,Other,preserve critical insights and validate decisions faster
"Streamline capturing and managing core imagery with Imago. Imago automatically crops, catalogues, and syncs after capturing images in the core shed. This data can be easily accessed or integrated with modelling tools such as Leapfrog to instantly validate decisions by placing imagery alongside data and models.",p,https://www.seequent.com/products-solutions/imago,Imago  - Seequent,"Imago enables validation of data insights and decisions by capturing, managing, and sharing high-quality geoscientific images in the cloud.",['\n               Imago\u202f            '],2024-11-21T11:19:05.935220,Seequent,0.14444444444444446,0.5994,0,1,Value Proposition,streamline capturing and managing core imagery with imago imago automatically crops catalogues and syncs after capturing images in the core shed this data can be easily accessed or integrated with modelling tools such as leapfrog to instantly validate decisions by placing imagery alongside data and models
Key Benefits,p,https://www.seequent.com/products-solutions/imago,Imago  - Seequent,"Imago enables validation of data insights and decisions by capturing, managing, and sharing high-quality geoscientific images in the cloud.",['\n               Imago\u202f            '],2024-11-21T11:19:05.935222,Seequent,0.0,0.3818,0,0,Other,key benefits
​Quality across your entire workflow​,h2,https://www.seequent.com/products-solutions/imago,Imago  - Seequent,"Imago enables validation of data insights and decisions by capturing, managing, and sharing high-quality geoscientific images in the cloud.",['\n               Imago\u202f            '],2024-11-21T11:19:05.935223,Seequent,0.0,0.0,0,0,Other,quality across your entire workflow
Imago's AutoCrop enhances the data collection process by automatically cropping and linearising core tray imagery.,p,https://www.seequent.com/products-solutions/imago,Imago  - Seequent,"Imago enables validation of data insights and decisions by capturing, managing, and sharing high-quality geoscientific images in the cloud.",['\n               Imago\u202f            '],2024-11-21T11:19:05.935224,Seequent,0.0,0.0,0,0,Other,imagos autocrop enhances the data collection process by automatically cropping and linearising core tray imagery
"From the field​ ​to the office​,​ Imago helps teams spend more time on modelling and analysis than core image documentation and capture.",p,https://www.seequent.com/products-solutions/imago,Imago  - Seequent,"Imago enables validation of data insights and decisions by capturing, managing, and sharing high-quality geoscientific images in the cloud.",['\n               Imago\u202f            '],2024-11-21T11:19:05.935226,Seequent,0.5,0.3818,0,0,Other,from the field to the office imago helps teams spend more time on modelling and analysis than core image documentation and capture
Verify data and control errors or anomalies in assay and logs using catalogued images rather than needing to manually recall core samples.,p,https://www.seequent.com/products-solutions/imago,Imago  - Seequent,"Imago enables validation of data insights and decisions by capturing, managing, and sharing high-quality geoscientific images in the cloud.",['\n               Imago\u202f            '],2024-11-21T11:19:05.935227,Seequent,0.0,-0.34,1,1,Balanced,verify data and control errors or anomalies in assay and logs using catalogued images rather than needing to manually recall core samples
"Catalogue your drill core and transform it into an asset that insures against degradation, damage, or loss whether you’re on or off-site.",p,https://www.seequent.com/products-solutions/imago,Imago  - Seequent,"Imago enables validation of data insights and decisions by capturing, managing, and sharing high-quality geoscientific images in the cloud.",['\n               Imago\u202f            '],2024-11-21T11:19:05.935229,Seequent,0.0,-0.7506,0,0,Other,catalogue your drill core and transform it into an asset that insures against degradation damage or loss whether youre on or offsite
Cloud hosting removes the need for costly server-based IT hardware and ongoing maintenance costs.,p,https://www.seequent.com/products-solutions/imago,Imago  - Seequent,"Imago enables validation of data insights and decisions by capturing, managing, and sharing high-quality geoscientific images in the cloud.",['\n               Imago\u202f            '],2024-11-21T11:19:05.935230,Seequent,0.0,-0.1027,1,1,Balanced,cloud hosting removes the need for costly serverbased it hardware and ongoing maintenance costs
Integrate core imagery with geological data and tools ​for​ instant access to ​the​ rich data ​you need ​to support interpretation and modelling.,p,https://www.seequent.com/products-solutions/imago,Imago  - Seequent,"Imago enables validation of data insights and decisions by capturing, managing, and sharing high-quality geoscientific images in the cloud.",['\n               Imago\u202f            '],2024-11-21T11:19:05.935233,Seequent,0.1875,0.743,0,0,Other,integrate core imagery with geological data and tools for instant access to the rich data you need to support interpretation and modelling
PRODUCT PLANS,p,https://www.seequent.com/products-solutions/imago,Imago  - Seequent,"Imago enables validation of data insights and decisions by capturing, managing, and sharing high-quality geoscientific images in the cloud.",['\n               Imago\u202f            '],2024-11-21T11:19:05.935234,Seequent,0.0,0.0,0,0,Other,product plans
Explore Imago’s features and capabilities,h2,https://www.seequent.com/products-solutions/imago,Imago  - Seequent,"Imago enables validation of data insights and decisions by capturing, managing, and sharing high-quality geoscientific images in the cloud.",['\n               Imago\u202f            '],2024-11-21T11:19:05.935235,Seequent,0.0,0.0,0,0,Other,explore imagos features and capabilities
Imago,h3,https://www.seequent.com/products-solutions/imago,Imago  - Seequent,"Imago enables validation of data insights and decisions by capturing, managing, and sharing high-quality geoscientific images in the cloud.",['\n               Imago\u202f            '],2024-11-21T11:19:05.935236,Seequent,0.0,0.0,0,0,Other,imago
"Imago is a cloud-based solution for automatically cataloguing and managing your imagery to enable quicker and easier ways to validate data, models, and decisions with drill-core photographs.

Try out Imago Portal on our free demo platform of provided imagery.",p,https://www.seequent.com/products-solutions/imago,Imago  - Seequent,"Imago enables validation of data insights and decisions by capturing, managing, and sharing high-quality geoscientific images in the cloud.",['\n               Imago\u202f            '],2024-11-21T11:19:05.935238,Seequent,0.4,0.872,2,2,Balanced,imago is a cloudbased solution for automatically cataloguing and managing your imagery to enable quicker and easier ways to validate data models and decisions with drillcore photographs try out imago portal on our free demo platform of provided imagery
"Imago Capture X manages your image capture workflows by controlling your camera and automatically labelling, cropping, and storing your images.",p,https://www.seequent.com/products-solutions/imago,Imago  - Seequent,"Imago enables validation of data insights and decisions by capturing, managing, and sharing high-quality geoscientific images in the cloud.",['\n               Imago\u202f            '],2024-11-21T11:19:05.935240,Seequent,0.0,0.0,0,0,Other,imago capture x manages your image capture workflows by controlling your camera and automatically labelling cropping and storing your images
Imago Connect is a connectivity toolkit for streamlining image management and integrations. Additions include ​export workflows ​and program interoperability for automation and batch operations.,p,https://www.seequent.com/products-solutions/imago,Imago  - Seequent,"Imago enables validation of data insights and decisions by capturing, managing, and sharing high-quality geoscientific images in the cloud.",['\n               Imago\u202f            '],2024-11-21T11:19:05.935241,Seequent,0.0,0.0,1,1,Balanced,imago connect is a connectivity toolkit for streamlining image management and integrations additions include export workflows and program interoperability for automation and batch operations
"Traditional methods of managing images are manual, time consuming, and easy to lose track of. The Imago ​P​ortal is a cloud-based platform for cataloguing and managing your imagery, allowing you to centralise your libraries and easily share them with stakeholders and teams.",p,https://www.seequent.com/products-solutions/imago,Imago  - Seequent,"Imago enables validation of data insights and decisions by capturing, managing, and sharing high-quality geoscientific images in the cloud.",['\n               Imago\u202f            '],2024-11-21T11:19:05.935243,Seequent,0.2888888888888889,0.5859,2,2,Balanced,traditional methods of managing images are manual time consuming and easy to lose track of the imago portal is a cloudbased platform for cataloguing and managing your imagery allowing you to centralise your libraries and easily share them with stakeholders and teams
Imago Portal plans​,p,https://www.seequent.com/products-solutions/imago,Imago  - Seequent,"Imago enables validation of data insights and decisions by capturing, managing, and sharing high-quality geoscientific images in the cloud.",['\n               Imago\u202f            '],2024-11-21T11:19:05.935244,Seequent,0.0,0.0,0,0,Other,imago portal plans
Imago Portal plans​,h2,https://www.seequent.com/products-solutions/imago,Imago  - Seequent,"Imago enables validation of data insights and decisions by capturing, managing, and sharing high-quality geoscientific images in the cloud.",['\n               Imago\u202f            '],2024-11-21T11:19:05.935245,Seequent,0.0,0.0,0,0,Other,imago portal plans
Standard,h3,https://www.seequent.com/products-solutions/imago,Imago  - Seequent,"Imago enables validation of data insights and decisions by capturing, managing, and sharing high-quality geoscientific images in the cloud.",['\n               Imago\u202f            '],2024-11-21T11:19:05.935246,Seequent,0.0,0.0,0,0,Other,standard
12 month subscription. Additional mine sites require separate Imago subscriptions.,p,https://www.seequent.com/products-solutions/imago,Imago  - Seequent,"Imago enables validation of data insights and decisions by capturing, managing, and sharing high-quality geoscientific images in the cloud.",['\n               Imago\u202f            '],2024-11-21T11:19:05.935248,Seequent,0.0,0.0,0,0,Other,month subscription additional mine sites require separate imago subscriptions
Enterprise,h3,https://www.seequent.com/products-solutions/imago,Imago  - Seequent,"Imago enables validation of data insights and decisions by capturing, managing, and sharing high-quality geoscientific images in the cloud.",['\n               Imago\u202f            '],2024-11-21T11:19:05.935249,Seequent,0.0,0.0,0,0,Other,enterprise
12 month subscription. Additional mine sites require separate Imago subscriptions.,p,https://www.seequent.com/products-solutions/imago,Imago  - Seequent,"Imago enables validation of data insights and decisions by capturing, managing, and sharing high-quality geoscientific images in the cloud.",['\n               Imago\u202f            '],2024-11-21T11:19:05.935250,Seequent,0.0,0.0,0,0,Other,month subscription additional mine sites require separate imago subscriptions
Junior,h3,https://www.seequent.com/products-solutions/imago,Imago  - Seequent,"Imago enables validation of data insights and decisions by capturing, managing, and sharing high-quality geoscientific images in the cloud.",['\n               Imago\u202f            '],2024-11-21T11:19:05.935251,Seequent,0.0,0.0,0,0,Other,junior
12 month subscription.  For non-producing companies or academic licensing only.,p,https://www.seequent.com/products-solutions/imago,Imago  - Seequent,"Imago enables validation of data insights and decisions by capturing, managing, and sharing high-quality geoscientific images in the cloud.",['\n               Imago\u202f            '],2024-11-21T11:19:05.935253,Seequent,0.0,0.0,0,0,Other,month subscription for nonproducing companies or academic licensing only
"For more information about Imago products, pricing, and purchase, talk to us",h3,https://www.seequent.com/products-solutions/imago,Imago  - Seequent,"Imago enables validation of data insights and decisions by capturing, managing, and sharing high-quality geoscientific images in the cloud.",['\n               Imago\u202f            '],2024-11-21T11:19:05.935254,Seequent,0.5,0.0,0,0,Other,for more information about imago products pricing and purchase talk to us
Imago Add-ons,h2,https://www.seequent.com/products-solutions/imago,Imago  - Seequent,"Imago enables validation of data insights and decisions by capturing, managing, and sharing high-quality geoscientific images in the cloud.",['\n               Imago\u202f            '],2024-11-21T11:19:05.935255,Seequent,0.0,0.0,0,0,Other,imago addons
"All add-ons require an Imago subscription to purchase and
                            run",p,https://www.seequent.com/products-solutions/imago,Imago  - Seequent,"Imago enables validation of data insights and decisions by capturing, managing, and sharing high-quality geoscientific images in the cloud.",['\n               Imago\u202f            '],2024-11-21T11:19:05.935256,Seequent,0.0,0.0,0,0,Other,all addons require an imago subscription to purchase and run
Chip shot,h3,https://www.seequent.com/products-solutions/imago,Imago  - Seequent,"Imago enables validation of data insights and decisions by capturing, managing, and sharing high-quality geoscientific images in the cloud.",['\n               Imago\u202f            '],2024-11-21T11:19:05.935258,Seequent,0.0,0.0,0,0,Other,chip shot
12 month subscription. Additional mine sites require separate Imago subscriptions.,p,https://www.seequent.com/products-solutions/imago,Imago  - Seequent,"Imago enables validation of data insights and decisions by capturing, managing, and sharing high-quality geoscientific images in the cloud.",['\n               Imago\u202f            '],2024-11-21T11:19:05.935259,Seequent,0.0,0.0,0,0,Other,month subscription additional mine sites require separate imago subscriptions
Controls your camera in Capture X and capture RC chips in 2-5 compartment chip trays.,p,https://www.seequent.com/products-solutions/imago,Imago  - Seequent,"Imago enables validation of data insights and decisions by capturing, managing, and sharing high-quality geoscientific images in the cloud.",['\n               Imago\u202f            '],2024-11-21T11:19:05.935260,Seequent,0.0,0.0,0,0,Other,controls your camera in capture x and capture rc chips in compartment chip trays
Mobile Capture,h3,https://www.seequent.com/products-solutions/imago,Imago  - Seequent,"Imago enables validation of data insights and decisions by capturing, managing, and sharing high-quality geoscientific images in the cloud.",['\n               Imago\u202f            '],2024-11-21T11:19:05.935261,Seequent,0.0,0.0,0,0,Other,mobile capture
12 month subscription. Additional mine sites require separate Imago subscriptions.,p,https://www.seequent.com/products-solutions/imago,Imago  - Seequent,"Imago enables validation of data insights and decisions by capturing, managing, and sharing high-quality geoscientific images in the cloud.",['\n               Imago\u202f            '],2024-11-21T11:19:05.935262,Seequent,0.0,0.0,0,0,Other,month subscription additional mine sites require separate imago subscriptions
Smartphone workflows to capture geoscience imagery from the field into Imago.,p,https://www.seequent.com/products-solutions/imago,Imago  - Seequent,"Imago enables validation of data insights and decisions by capturing, managing, and sharing high-quality geoscientific images in the cloud.",['\n               Imago\u202f            '],2024-11-21T11:19:05.935264,Seequent,0.0,0.0,0,0,Other,smartphone workflows to capture geoscience imagery from the field into imago
Storage,h3,https://www.seequent.com/products-solutions/imago,Imago  - Seequent,"Imago enables validation of data insights and decisions by capturing, managing, and sharing high-quality geoscientific images in the cloud.",['\n               Imago\u202f            '],2024-11-21T11:19:05.935265,Seequent,0.0,0.0,0,0,Other,storage
12 month subscription. Additional mine sites require separate Imago subscriptions.,p,https://www.seequent.com/products-solutions/imago,Imago  - Seequent,"Imago enables validation of data insights and decisions by capturing, managing, and sharing high-quality geoscientific images in the cloud.",['\n               Imago\u202f            '],2024-11-21T11:19:05.935266,Seequent,0.0,0.0,0,0,Other,month subscription additional mine sites require separate imago subscriptions
Purchase more storage in 1TB increments for your Imago Portal.,p,https://www.seequent.com/products-solutions/imago,Imago  - Seequent,"Imago enables validation of data insights and decisions by capturing, managing, and sharing high-quality geoscientific images in the cloud.",['\n               Imago\u202f            '],2024-11-21T11:19:05.935267,Seequent,0.5,0.0,0,0,Other,purchase more storage in tb increments for your imago portal
"For more information about Imago products, pricing, and purchase, talk to us",h3,https://www.seequent.com/products-solutions/imago,Imago  - Seequent,"Imago enables validation of data insights and decisions by capturing, managing, and sharing high-quality geoscientific images in the cloud.",['\n               Imago\u202f            '],2024-11-21T11:19:05.935269,Seequent,0.5,0.0,0,0,Other,for more information about imago products pricing and purchase talk to us
“We were surprised when we started using Imago how much operational time the software saved us. A 2000m core we now expect to take us 10 hours to photograph and curate. Previously this would have taken us approximately 50 hours.”,h3,https://www.seequent.com/products-solutions/imago,Imago  - Seequent,"Imago enables validation of data insights and decisions by capturing, managing, and sharing high-quality geoscientific images in the cloud.",['\n               Imago\u202f            '],2024-11-21T11:19:05.935270,Seequent,-0.06666666666666665,0.5719,0,0,Other,we were surprised when we started using imago how much operational time the software saved us a m core we now expect to take us hours to photograph and curate previously this would have taken us approximately hours
"Adam Matthews,
                                Senior Geologist, Cornish Lithium",p,https://www.seequent.com/products-solutions/imago,Imago  - Seequent,"Imago enables validation of data insights and decisions by capturing, managing, and sharing high-quality geoscientific images in the cloud.",['\n               Imago\u202f            '],2024-11-21T11:19:05.935271,Seequent,0.0,0.0,0,0,Other,adam matthews senior geologist cornish lithium
Resources,p,https://www.seequent.com/products-solutions/imago,Imago  - Seequent,"Imago enables validation of data insights and decisions by capturing, managing, and sharing high-quality geoscientific images in the cloud.",['\n               Imago\u202f            '],2024-11-21T11:19:05.935273,Seequent,0.0,0.0,0,0,Other,resources
Free training and support resources,h2,https://www.seequent.com/products-solutions/imago,Imago  - Seequent,"Imago enables validation of data insights and decisions by capturing, managing, and sharing high-quality geoscientific images in the cloud.",['\n               Imago\u202f            '],2024-11-21T11:19:05.935274,Seequent,0.4,0.7184,0,0,Other,free training and support resources
"Accelerate your ​Imago usage​ with free resources, knowledge base articles, or support from our team of geotechnical experts",p,https://www.seequent.com/products-solutions/imago,Imago  - Seequent,"Imago enables validation of data insights and decisions by capturing, managing, and sharing high-quality geoscientific images in the cloud.",['\n               Imago\u202f            '],2024-11-21T11:19:05.935275,Seequent,-0.2,0.7184,0,0,Other,accelerate your imago usage with free resources knowledge base articles or support from our team of geotechnical experts
"Free​ ​help and resources for onboarding and upskilling on topics ​including​ sign​-​in, migration, administration, and more.",p,https://www.seequent.com/products-solutions/imago,Imago  - Seequent,"Imago enables validation of data insights and decisions by capturing, managing, and sharing high-quality geoscientific images in the cloud.",['\n               Imago\u202f            '],2024-11-21T11:19:05.935276,Seequent,0.5,0.0,0,0,Other,free help and resources for onboarding and upskilling on topics including signin migration administration and more
Search our knowledge base for quick reference articles to troubleshoot or resolve any errors ​fast.​,p,https://www.seequent.com/products-solutions/imago,Imago  - Seequent,"Imago enables validation of data insights and decisions by capturing, managing, and sharing high-quality geoscientific images in the cloud.",['\n               Imago\u202f            '],2024-11-21T11:19:05.935278,Seequent,-0.23333333333333336,0.25,0,1,Value Proposition,search our knowledge base for quick reference articles to troubleshoot or resolve any errors fast
Expert support from our global team of geoscience professionals when you submit a ticket on the MySeequent customer portal.,p,https://www.seequent.com/products-solutions/imago,Imago  - Seequent,"Imago enables validation of data insights and decisions by capturing, managing, and sharing high-quality geoscientific images in the cloud.",['\n               Imago\u202f            '],2024-11-21T11:19:05.935279,Seequent,0.0,0.4019,0,0,Other,expert support from our global team of geoscience professionals when you submit a ticket on the myseequent customer portal
Customer Stories,p,https://www.seequent.com/products-solutions/imago,Imago  - Seequent,"Imago enables validation of data insights and decisions by capturing, managing, and sharing high-quality geoscientific images in the cloud.",['\n               Imago\u202f            '],2024-11-21T11:19:05.935280,Seequent,0.0,0.0,0,0,Other,customer stories
Imago at work,h2,https://www.seequent.com/products-solutions/imago,Imago  - Seequent,"Imago enables validation of data insights and decisions by capturing, managing, and sharing high-quality geoscientific images in the cloud.",['\n               Imago\u202f            '],2024-11-21T11:19:05.935281,Seequent,0.0,0.0,0,0,Other,imago at work
See the impact of Imago in research and industry​,p,https://www.seequent.com/products-solutions/imago,Imago  - Seequent,"Imago enables validation of data insights and decisions by capturing, managing, and sharing high-quality geoscientific images in the cloud.",['\n               Imago\u202f            '],2024-11-21T11:19:05.935283,Seequent,0.0,0.0,0,0,Other,see the impact of imago in research and industry
Case Studies,p,https://www.seequent.com/products-solutions/imago,Imago  - Seequent,"Imago enables validation of data insights and decisions by capturing, managing, and sharing high-quality geoscientific images in the cloud.",['\n               Imago\u202f            '],2024-11-21T11:19:05.935284,Seequent,0.0,0.0,0,0,Other,case studies
"How IGO captured over 50,000 geological images with Imago",p,https://www.seequent.com/products-solutions/imago,Imago  - Seequent,"Imago enables validation of data insights and decisions by capturing, managing, and sharing high-quality geoscientific images in the cloud.",['\n               Imago\u202f            '],2024-11-21T11:19:05.935285,Seequent,0.0,0.0,0,0,Other,how igo captured over geological images with imago
Read article,p,https://www.seequent.com/products-solutions/imago,Imago  - Seequent,"Imago enables validation of data insights and decisions by capturing, managing, and sharing high-quality geoscientific images in the cloud.",['\n               Imago\u202f            '],2024-11-21T11:19:05.935287,Seequent,0.0,0.0,0,0,Other,read article
Imago,p,https://www.seequent.com/products-solutions/imago,Imago  - Seequent,"Imago enables validation of data insights and decisions by capturing, managing, and sharing high-quality geoscientific images in the cloud.",['\n               Imago\u202f            '],2024-11-21T11:19:05.935288,Seequent,0.0,0.0,0,0,Other,imago
Save time and extract meaningful insights from your geoscientific imagery with Imago,p,https://www.seequent.com/products-solutions/imago,Imago  - Seequent,"Imago enables validation of data insights and decisions by capturing, managing, and sharing high-quality geoscientific images in the cloud.",['\n               Imago\u202f            '],2024-11-21T11:19:05.935289,Seequent,0.5,0.6705,0,0,Other,save time and extract meaningful insights from your geoscientific imagery with imago
Read article,p,https://www.seequent.com/products-solutions/imago,Imago  - Seequent,"Imago enables validation of data insights and decisions by capturing, managing, and sharing high-quality geoscientific images in the cloud.",['\n               Imago\u202f            '],2024-11-21T11:19:05.935291,Seequent,0.0,0.0,0,0,Other,read article
Imago,p,https://www.seequent.com/products-solutions/imago,Imago  - Seequent,"Imago enables validation of data insights and decisions by capturing, managing, and sharing high-quality geoscientific images in the cloud.",['\n               Imago\u202f            '],2024-11-21T11:19:05.935292,Seequent,0.0,0.0,0,0,Other,imago
MX Deposit & Imago logging and capture in action,p,https://www.seequent.com/products-solutions/imago,Imago  - Seequent,"Imago enables validation of data insights and decisions by capturing, managing, and sharing high-quality geoscientific images in the cloud.",['\n               Imago\u202f            '],2024-11-21T11:19:05.935293,Seequent,0.1,0.0,0,0,Other,mx deposit imago logging and capture in action
Read article,p,https://www.seequent.com/products-solutions/imago,Imago  - Seequent,"Imago enables validation of data insights and decisions by capturing, managing, and sharing high-quality geoscientific images in the cloud.",['\n               Imago\u202f            '],2024-11-21T11:19:05.935295,Seequent,0.0,0.0,0,0,Other,read article
Imago,p,https://www.seequent.com/products-solutions/imago,Imago  - Seequent,"Imago enables validation of data insights and decisions by capturing, managing, and sharing high-quality geoscientific images in the cloud.",['\n               Imago\u202f            '],2024-11-21T11:19:05.935296,Seequent,0.0,0.0,0,0,Other,imago
The Seequent Solution for Integrating Imago core imagery into Leapfrog geological models,p,https://www.seequent.com/products-solutions/imago,Imago  - Seequent,"Imago enables validation of data insights and decisions by capturing, managing, and sharing high-quality geoscientific images in the cloud.",['\n               Imago\u202f            '],2024-11-21T11:19:05.935297,Seequent,0.0,0.3182,0,0,Other,the seequent solution for integrating imago core imagery into leapfrog geological models
Read article,p,https://www.seequent.com/products-solutions/imago,Imago  - Seequent,"Imago enables validation of data insights and decisions by capturing, managing, and sharing high-quality geoscientific images in the cloud.",['\n               Imago\u202f            '],2024-11-21T11:19:05.935299,Seequent,0.0,0.0,0,0,Other,read article
"We’re changing the way
                                that data management is done in mining projects",h2,https://www.seequent.com/products-solutions/imago,Imago  - Seequent,"Imago enables validation of data insights and decisions by capturing, managing, and sharing high-quality geoscientific images in the cloud.",['\n               Imago\u202f            '],2024-11-21T11:19:05.935301,Seequent,0.0,0.0,0,0,Other,were changing the way that data management is done in mining projects
"© 2024 Seequent, The Bentley Subsurface Company. All rights reserved",p,https://www.seequent.com/products-solutions/imago,Imago  - Seequent,"Imago enables validation of data insights and decisions by capturing, managing, and sharing high-quality geoscientific images in the cloud.",['\n               Imago\u202f            '],2024-11-21T11:19:05.935302,Seequent,0.0,0.0,1,1,Balanced,seequent the bentley subsurface company all rights reserved
Privacy Preference Center,h2,https://www.seequent.com/products-solutions/imago,Imago  - Seequent,"Imago enables validation of data insights and decisions by capturing, managing, and sharing high-quality geoscientific images in the cloud.",['\n               Imago\u202f            '],2024-11-21T11:19:05.935303,Seequent,-0.1,0.0,0,0,Other,privacy preference center
Your Privacy,h3,https://www.seequent.com/products-solutions/imago,Imago  - Seequent,"Imago enables validation of data insights and decisions by capturing, managing, and sharing high-quality geoscientific images in the cloud.",['\n               Imago\u202f            '],2024-11-21T11:19:05.935305,Seequent,0.0,0.0,0,0,Other,your privacy
Strictly Necessary Cookies,h3,https://www.seequent.com/products-solutions/imago,Imago  - Seequent,"Imago enables validation of data insights and decisions by capturing, managing, and sharing high-quality geoscientific images in the cloud.",['\n               Imago\u202f            '],2024-11-21T11:19:05.935306,Seequent,0.0,0.0,0,0,Other,strictly necessary cookies
Functional Cookies,h3,https://www.seequent.com/products-solutions/imago,Imago  - Seequent,"Imago enables validation of data insights and decisions by capturing, managing, and sharing high-quality geoscientific images in the cloud.",['\n               Imago\u202f            '],2024-11-21T11:19:05.935307,Seequent,0.0,0.0,0,0,Other,functional cookies
Performance Cookies,h3,https://www.seequent.com/products-solutions/imago,Imago  - Seequent,"Imago enables validation of data insights and decisions by capturing, managing, and sharing high-quality geoscientific images in the cloud.",['\n               Imago\u202f            '],2024-11-21T11:19:05.935309,Seequent,0.0,0.0,0,0,Other,performance cookies
Targeting Cookies,h3,https://www.seequent.com/products-solutions/imago,Imago  - Seequent,"Imago enables validation of data insights and decisions by capturing, managing, and sharing high-quality geoscientific images in the cloud.",['\n               Imago\u202f            '],2024-11-21T11:19:05.935310,Seequent,0.0,0.0,0,0,Other,targeting cookies
"When you visit our website, we will use cookies to ensure that you get the best experience on our website. These cookies might be about you, your preferences or your device. The information does not usually directly identify you, but it can give you a more personalized web experience. Because we respect your right to privacy, you can choose not to allow some types of cookies. Click on the different category headings to find out more and change our default settings. However, blocking some types of cookies may impact your experience of the site and the services we are able to offer. For more information, please see our Cookie Policy.

We will need to use a cookie to remember the choices that you have made within our cookie consent manager. This will have a couple of consequences:

If you delete all your cookies you will have to update your preferences with us again.
If you use a different device or browser you will have to tell us your preferences again.",p,https://www.seequent.com/products-solutions/imago,Imago  - Seequent,"Imago enables validation of data insights and decisions by capturing, managing, and sharing high-quality geoscientific images in the cloud.",['\n               Imago\u202f            '],2024-11-21T11:19:05.935313,Seequent,0.3595238095238095,0.8346,2,2,Balanced,when you visit our website we will use cookies to ensure that you get the best experience on our website these cookies might be about you your preferences or your device the information does not usually directly identify you but it can give you a more personalized web experience because we respect your right to privacy you can choose not to allow some types of cookies click on the different category headings to find out more and change our default settings however blocking some types of cookies may impact your experience of the site and the services we are able to offer for more information please see our cookie policy we will need to use a cookie to remember the choices that you have made within our cookie consent manager this will have a couple of consequences if you delete all your cookies you will have to update your preferences with us again if you use a different device or browser you will have to tell us your preferences again
We will need to use a cookie to remember the choices that you have made within our cookie consent manager. This will have a couple of consequences:,p,https://www.seequent.com/products-solutions/imago,Imago  - Seequent,"Imago enables validation of data insights and decisions by capturing, managing, and sharing high-quality geoscientific images in the cloud.",['\n               Imago\u202f            '],2024-11-21T11:19:05.935314,Seequent,0.0,0.2263,0,0,Other,we will need to use a cookie to remember the choices that you have made within our cookie consent manager this will have a couple of consequences
"These cookies are necessary for the website to function and cannot be switched off in our systems. They are usually only set in response to actions made by you which amount to a request for services, such as setting your privacy preferences, logging in or filling in forms. You can set your browser to block or alert you about these cookies, but some parts of the site will not then work. These cookies do not store any personally identifiable information.",p,https://www.seequent.com/products-solutions/imago,Imago  - Seequent,"Imago enables validation of data insights and decisions by capturing, managing, and sharing high-quality geoscientific images in the cloud.",['\n               Imago\u202f            '],2024-11-21T11:19:05.935316,Seequent,0.025,-0.09,0,0,Other,these cookies are necessary for the website to function and cannot be switched off in our systems they are usually only set in response to actions made by you which amount to a request for services such as setting your privacy preferences logging in or filling in forms you can set your browser to block or alert you about these cookies but some parts of the site will not then work these cookies do not store any personally identifiable information
These cookies enable the website to provide enhanced functionality and personalisation. They may be set by us or by third party providers whose services we have added to our pages. If you do not allow these cookies then some or all of these services may not function properly.,p,https://www.seequent.com/products-solutions/imago,Imago  - Seequent,"Imago enables validation of data insights and decisions by capturing, managing, and sharing high-quality geoscientific images in the cloud.",['\n               Imago\u202f            '],2024-11-21T11:19:05.935317,Seequent,0.0,0.2579,0,0,Other,these cookies enable the website to provide enhanced functionality and personalisation they may be set by us or by third party providers whose services we have added to our pages if you do not allow these cookies then some or all of these services may not function properly
"These cookies allow us to count visits and traffic sources so we can measure and improve the performance of our site. They help us to know which pages are the most and least popular and see how visitors move around the site. All information these cookies collect is aggregated and therefore anonymous. If you do not allow these cookies we will not know when you have visited our site, and will not be able to monitor its performance.",p,https://www.seequent.com/products-solutions/imago,Imago  - Seequent,"Imago enables validation of data insights and decisions by capturing, managing, and sharing high-quality geoscientific images in the cloud.",['\n               Imago\u202f            '],2024-11-21T11:19:05.935320,Seequent,0.325,0.7071,0,0,Other,these cookies allow us to count visits and traffic sources so we can measure and improve the performance of our site they help us to know which pages are the most and least popular and see how visitors move around the site all information these cookies collect is aggregated and therefore anonymous if you do not allow these cookies we will not know when you have visited our site and will not be able to monitor its performance
"These cookies may be set through our site by our advertising partners. They may be used by those companies to build a profile of your interests and show you relevant adverts on other sites. They do not store directly personal information, but are based on uniquely identifying your browser and internet device. If you do not allow these cookies, you will experience less targeted advertising.",p,https://www.seequent.com/products-solutions/imago,Imago  - Seequent,"Imago enables validation of data insights and decisions by capturing, managing, and sharing high-quality geoscientific images in the cloud.",['\n               Imago\u202f            '],2024-11-21T11:19:05.935322,Seequent,0.09666666666666668,-0.1278,0,0,Other,these cookies may be set through our site by our advertising partners they may be used by those companies to build a profile of your interests and show you relevant adverts on other sites they do not store directly personal information but are based on uniquely identifying your browser and internet device if you do not allow these cookies you will experience less targeted advertising
Cookie List,h3,https://www.seequent.com/products-solutions/imago,Imago  - Seequent,"Imago enables validation of data insights and decisions by capturing, managing, and sharing high-quality geoscientific images in the cloud.",['\n               Imago\u202f            '],2024-11-21T11:19:05.935323,Seequent,0.0,0.0,0,0,Other,cookie list
Intelligent geoscience for mining: Go deeper,h1,https://www.seequent.com/products-solutions/mining,Mining Geoscience Software Solutions | For Mining Industries - Seequent,"In over 100 countries, mining industry professionals are using Seequent technologies to tackle challenges in the geosciences.",['\n               Intelligent geoscience for mining: Go deeper            '],2024-11-21T11:19:07.326797,Seequent,0.8,0.4588,0,1,Value Proposition,intelligent geoscience for mining go deeper
Unlock the value of subsurface data and transform exploration and mine performance,p,https://www.seequent.com/products-solutions/mining,Mining Geoscience Software Solutions | For Mining Industries - Seequent,"In over 100 countries, mining industry professionals are using Seequent technologies to tackle challenges in the geosciences.",['\n               Intelligent geoscience for mining: Go deeper            '],2024-11-21T11:19:07.326816,Seequent,0.0,0.5106,2,2,Balanced,unlock the value of subsurface data and transform exploration and mine performance
"From exploration to mine closure, smarter",h2,https://www.seequent.com/products-solutions/mining,Mining Geoscience Software Solutions | For Mining Industries - Seequent,"In over 100 countries, mining industry professionals are using Seequent technologies to tackle challenges in the geosciences.",['\n               Intelligent geoscience for mining: Go deeper            '],2024-11-21T11:19:07.326818,Seequent,0.0,0.5994,1,1,Balanced,from exploration to mine closure smarter
"Innovative solutions that help develop a better understanding of the underground to minimise subsurface uncertainty, inform critical decisions and ultimately mine smarter.",p,https://www.seequent.com/products-solutions/mining,Mining Geoscience Software Solutions | For Mining Industries - Seequent,"In over 100 countries, mining industry professionals are using Seequent technologies to tackle challenges in the geosciences.",['\n               Intelligent geoscience for mining: Go deeper            '],2024-11-21T11:19:07.326820,Seequent,0.25,0.8176,1,2,Value Proposition,innovative solutions that help develop a better understanding of the underground to minimise subsurface uncertainty inform critical decisions and ultimately mine smarter
"From data to decision, at every phase of the mine lifecycle",h2,https://www.seequent.com/products-solutions/mining,Mining Geoscience Software Solutions | For Mining Industries - Seequent,"In over 100 countries, mining industry professionals are using Seequent technologies to tackle challenges in the geosciences.",['\n               Intelligent geoscience for mining: Go deeper            '],2024-11-21T11:19:07.326821,Seequent,0.0,0.0,0,0,Other,from data to decision at every phase of the mine lifecycle
"Enhance productivity with connected workflows that bring together data, people and technology to
solve the complex challenges we face today and, in the future.",p,https://www.seequent.com/products-solutions/mining,Mining Geoscience Software Solutions | For Mining Industries - Seequent,"In over 100 countries, mining industry professionals are using Seequent technologies to tackle challenges in the geosciences.",['\n               Intelligent geoscience for mining: Go deeper            '],2024-11-21T11:19:07.326823,Seequent,-0.15,0.2732,0,1,Value Proposition,enhance productivity with connected workflows that bring together data people and technology to solve the complex challenges we face today and in the future
Seequent Mining Solutions,h3,https://www.seequent.com/products-solutions/mining,Mining Geoscience Software Solutions | For Mining Industries - Seequent,"In over 100 countries, mining industry professionals are using Seequent technologies to tackle challenges in the geosciences.",['\n               Intelligent geoscience for mining: Go deeper            '],2024-11-21T11:19:07.326825,Seequent,0.0,0.1779,0,0,Other,seequent mining solutions
Geophysics for Exploration,h3,https://www.seequent.com/products-solutions/mining,Mining Geoscience Software Solutions | For Mining Industries - Seequent,"In over 100 countries, mining industry professionals are using Seequent technologies to tackle challenges in the geosciences.",['\n               Intelligent geoscience for mining: Go deeper            '],2024-11-21T11:19:07.326826,Seequent,0.0,0.2263,2,2,Balanced,geophysics for exploration
"Geophysics is essential in mining, providing detailed subsurface insights that guide drilling decisions for mineral discovery. Our industry-standard tools enable geoscientists to accurately interpret large datasets, which helps reduce exploration risks, optimise resource management, and ensure cost-effective and sustainable project outcomes.",p,https://www.seequent.com/products-solutions/mining,Mining Geoscience Software Solutions | For Mining Industries - Seequent,"In over 100 countries, mining industry professionals are using Seequent technologies to tackle challenges in the geosciences.",['\n               Intelligent geoscience for mining: Go deeper            '],2024-11-21T11:19:07.326828,Seequent,0.25357142857142856,0.7845,4,5,Value Proposition,geophysics is essential in mining providing detailed subsurface insights that guide drilling decisions for mineral discovery our industrystandard tools enable geoscientists to accurately interpret large datasets which helps reduce exploration risks optimise resource management and ensure costeffective and sustainable project outcomes
Oasis montaj,h3,https://www.seequent.com/products-solutions/mining,Mining Geoscience Software Solutions | For Mining Industries - Seequent,"In over 100 countries, mining industry professionals are using Seequent technologies to tackle challenges in the geosciences.",['\n               Intelligent geoscience for mining: Go deeper            '],2024-11-21T11:19:07.326829,Seequent,0.0,0.0,0,0,Other,oasis montaj
"Easily process, invert, and visualise EM, ERT, and IP data using a purpose-built application",p,https://www.seequent.com/products-solutions/mining,Mining Geoscience Software Solutions | For Mining Industries - Seequent,"In over 100 countries, mining industry professionals are using Seequent technologies to tackle challenges in the geosciences.",['\n               Intelligent geoscience for mining: Go deeper            '],2024-11-21T11:19:07.326831,Seequent,0.43333333333333335,0.34,0,0,Other,easily process invert and visualise em ert and ip data using a purposebuilt application
AGS Workbench,h3,https://www.seequent.com/products-solutions/mining,Mining Geoscience Software Solutions | For Mining Industries - Seequent,"In over 100 countries, mining industry professionals are using Seequent technologies to tackle challenges in the geosciences.",['\n               Intelligent geoscience for mining: Go deeper            '],2024-11-21T11:19:07.326832,Seequent,0.0,0.0,0,0,Other,ags workbench
"Easily process, invert, and visualise EM, ERT, and IP data using a purpose-built application",p,https://www.seequent.com/products-solutions/mining,Mining Geoscience Software Solutions | For Mining Industries - Seequent,"In over 100 countries, mining industry professionals are using Seequent technologies to tackle challenges in the geosciences.",['\n               Intelligent geoscience for mining: Go deeper            '],2024-11-21T11:19:07.326833,Seequent,0.43333333333333335,0.34,0,0,Other,easily process invert and visualise em ert and ip data using a purposebuilt application
AGS Res2D/3DInv,h3,https://www.seequent.com/products-solutions/mining,Mining Geoscience Software Solutions | For Mining Industries - Seequent,"In over 100 countries, mining industry professionals are using Seequent technologies to tackle challenges in the geosciences.",['\n               Intelligent geoscience for mining: Go deeper            '],2024-11-21T11:19:07.326835,Seequent,0.0,0.0,0,0,Other,ags resddinv
Rapidly and easily process and invert your resistivity and induced polarisation data,p,https://www.seequent.com/products-solutions/mining,Mining Geoscience Software Solutions | For Mining Industries - Seequent,"In over 100 countries, mining industry professionals are using Seequent technologies to tackle challenges in the geosciences.",['\n               Intelligent geoscience for mining: Go deeper            '],2024-11-21T11:19:07.326836,Seequent,0.43333333333333335,0.34,0,0,Other,rapidly and easily process and invert your resistivity and induced polarisation data
Drillhole data management,h3,https://www.seequent.com/products-solutions/mining,Mining Geoscience Software Solutions | For Mining Industries - Seequent,"In over 100 countries, mining industry professionals are using Seequent technologies to tackle challenges in the geosciences.",['\n               Intelligent geoscience for mining: Go deeper            '],2024-11-21T11:19:07.326837,Seequent,0.0,0.0,0,0,Other,drillhole data management
"Data management sits at the core of informed decision-making across exploration, production, and remediation in the mining value chain. With our integrated set of data management products, the time spent on data management tasks, including historical data, no longer needs to be a barrier to work.",p,https://www.seequent.com/products-solutions/mining,Mining Geoscience Software Solutions | For Mining Industries - Seequent,"In over 100 countries, mining industry professionals are using Seequent technologies to tackle challenges in the geosciences.",['\n               Intelligent geoscience for mining: Go deeper            '],2024-11-21T11:19:07.326839,Seequent,-0.05,0.1531,1,2,Value Proposition,data management sits at the core of informed decisionmaking across exploration production and remediation in the mining value chain with our integrated set of data management products the time spent on data management tasks including historical data no longer needs to be a barrier to work
Seequent Central,h3,https://www.seequent.com/products-solutions/mining,Mining Geoscience Software Solutions | For Mining Industries - Seequent,"In over 100 countries, mining industry professionals are using Seequent technologies to tackle challenges in the geosciences.",['\n               Intelligent geoscience for mining: Go deeper            '],2024-11-21T11:19:07.326840,Seequent,0.0,0.0,0,0,Other,seequent central
"Manage, track, and collaborate on geological data in a single, accessible environment.",p,https://www.seequent.com/products-solutions/mining,Mining Geoscience Software Solutions | For Mining Industries - Seequent,"In over 100 countries, mining industry professionals are using Seequent technologies to tackle challenges in the geosciences.",['\n               Intelligent geoscience for mining: Go deeper            '],2024-11-21T11:19:07.326842,Seequent,0.1517857142857143,0.0,0,0,Other,manage track and collaborate on geological data in a single accessible environment
Imago,h3,https://www.seequent.com/products-solutions/mining,Mining Geoscience Software Solutions | For Mining Industries - Seequent,"In over 100 countries, mining industry professionals are using Seequent technologies to tackle challenges in the geosciences.",['\n               Intelligent geoscience for mining: Go deeper            '],2024-11-21T11:19:07.326843,Seequent,0.0,0.0,0,0,Other,imago
"Access, collaborate, and validate data insights from your high-quality geoscientific images – enabling more discoveries and confident decisions.",p,https://www.seequent.com/products-solutions/mining,Mining Geoscience Software Solutions | For Mining Industries - Seequent,"In over 100 countries, mining industry professionals are using Seequent technologies to tackle challenges in the geosciences.",['\n               Intelligent geoscience for mining: Go deeper            '],2024-11-21T11:19:07.326844,Seequent,0.5,0.7152,0,0,Other,access collaborate and validate data insights from your highquality geoscientific images enabling more discoveries and confident decisions
Leapfrog Geo,h3,https://www.seequent.com/products-solutions/mining,Mining Geoscience Software Solutions | For Mining Industries - Seequent,"In over 100 countries, mining industry professionals are using Seequent technologies to tackle challenges in the geosciences.",['\n               Intelligent geoscience for mining: Go deeper            '],2024-11-21T11:19:07.326846,Seequent,0.0,0.0,0,0,Other,leapfrog geo
"Integrate, communicate, and interpret geoscience data with rapid 3D modelling.",p,https://www.seequent.com/products-solutions/mining,Mining Geoscience Software Solutions | For Mining Industries - Seequent,"In over 100 countries, mining industry professionals are using Seequent technologies to tackle challenges in the geosciences.",['\n               Intelligent geoscience for mining: Go deeper            '],2024-11-21T11:19:07.326849,Seequent,0.0,0.0,0,1,Value Proposition,integrate communicate and interpret geoscience data with rapid d modelling
MX Deposit,h3,https://www.seequent.com/products-solutions/mining,Mining Geoscience Software Solutions | For Mining Industries - Seequent,"In over 100 countries, mining industry professionals are using Seequent technologies to tackle challenges in the geosciences.",['\n               Intelligent geoscience for mining: Go deeper            '],2024-11-21T11:19:07.326851,Seequent,0.0,0.0,0,0,Other,mx deposit
"Collect, manage, share, and access your drillhole and sample data in the Cloud.",p,https://www.seequent.com/products-solutions/mining,Mining Geoscience Software Solutions | For Mining Industries - Seequent,"In over 100 countries, mining industry professionals are using Seequent technologies to tackle challenges in the geosciences.",['\n               Intelligent geoscience for mining: Go deeper            '],2024-11-21T11:19:07.326852,Seequent,0.0,0.296,1,1,Balanced,collect manage share and access your drillhole and sample data in the cloud
Interested in our data management solutions?,h3,https://www.seequent.com/products-solutions/mining,Mining Geoscience Software Solutions | For Mining Industries - Seequent,"In over 100 countries, mining industry professionals are using Seequent technologies to tackle challenges in the geosciences.",['\n               Intelligent geoscience for mining: Go deeper            '],2024-11-21T11:19:07.326853,Seequent,0.25,0.5267,0,0,Other,interested in our data management solutions
Geological Modelling,h3,https://www.seequent.com/products-solutions/mining,Mining Geoscience Software Solutions | For Mining Industries - Seequent,"In over 100 countries, mining industry professionals are using Seequent technologies to tackle challenges in the geosciences.",['\n               Intelligent geoscience for mining: Go deeper            '],2024-11-21T11:19:07.326855,Seequent,0.0,0.0,0,0,Other,geological modelling
"Rapidly integrate, communicate, and interpret geoscience data with industry-leading 3D subsurface modelling, and make better decisions across the mine life cycle.",p,https://www.seequent.com/products-solutions/mining,Mining Geoscience Software Solutions | For Mining Industries - Seequent,"In over 100 countries, mining industry professionals are using Seequent technologies to tackle challenges in the geosciences.",['\n               Intelligent geoscience for mining: Go deeper            '],2024-11-21T11:19:07.326856,Seequent,0.5,0.4404,1,2,Value Proposition,rapidly integrate communicate and interpret geoscience data with industryleading d subsurface modelling and make better decisions across the mine life cycle
Seequent Central,h3,https://www.seequent.com/products-solutions/mining,Mining Geoscience Software Solutions | For Mining Industries - Seequent,"In over 100 countries, mining industry professionals are using Seequent technologies to tackle challenges in the geosciences.",['\n               Intelligent geoscience for mining: Go deeper            '],2024-11-21T11:19:07.326858,Seequent,0.0,0.0,0,0,Other,seequent central
"Manage, track, and collaborate on geological data in a single, accessible environment.",p,https://www.seequent.com/products-solutions/mining,Mining Geoscience Software Solutions | For Mining Industries - Seequent,"In over 100 countries, mining industry professionals are using Seequent technologies to tackle challenges in the geosciences.",['\n               Intelligent geoscience for mining: Go deeper            '],2024-11-21T11:19:07.326859,Seequent,0.1517857142857143,0.0,0,0,Other,manage track and collaborate on geological data in a single accessible environment
Leapfrog Edge,h3,https://www.seequent.com/products-solutions/mining,Mining Geoscience Software Solutions | For Mining Industries - Seequent,"In over 100 countries, mining industry professionals are using Seequent technologies to tackle challenges in the geosciences.",['\n               Intelligent geoscience for mining: Go deeper            '],2024-11-21T11:19:07.326861,Seequent,0.0,0.0,0,0,Other,leapfrog edge
Fully integrate resource estimation into your 3D geoscience models.,p,https://www.seequent.com/products-solutions/mining,Mining Geoscience Software Solutions | For Mining Industries - Seequent,"In over 100 countries, mining industry professionals are using Seequent technologies to tackle challenges in the geosciences.",['\n               Intelligent geoscience for mining: Go deeper            '],2024-11-21T11:19:07.326862,Seequent,0.0,0.0,0,0,Other,fully integrate resource estimation into your d geoscience models
Oasis montaj,h3,https://www.seequent.com/products-solutions/mining,Mining Geoscience Software Solutions | For Mining Industries - Seequent,"In over 100 countries, mining industry professionals are using Seequent technologies to tackle challenges in the geosciences.",['\n               Intelligent geoscience for mining: Go deeper            '],2024-11-21T11:19:07.326863,Seequent,0.0,0.0,0,0,Other,oasis montaj
"Visualise, analyse, and integrate all your geoscience data in interactive 2D and 3D models.",p,https://www.seequent.com/products-solutions/mining,Mining Geoscience Software Solutions | For Mining Industries - Seequent,"In over 100 countries, mining industry professionals are using Seequent technologies to tackle challenges in the geosciences.",['\n               Intelligent geoscience for mining: Go deeper            '],2024-11-21T11:19:07.326865,Seequent,0.0,0.0,0,0,Other,visualise analyse and integrate all your geoscience data in interactive d and d models
Leapfrog Geo,h3,https://www.seequent.com/products-solutions/mining,Mining Geoscience Software Solutions | For Mining Industries - Seequent,"In over 100 countries, mining industry professionals are using Seequent technologies to tackle challenges in the geosciences.",['\n               Intelligent geoscience for mining: Go deeper            '],2024-11-21T11:19:07.326866,Seequent,0.0,0.0,0,0,Other,leapfrog geo
"Integrate, communicate, and interpret geoscience data with rapid 3D modelling.",p,https://www.seequent.com/products-solutions/mining,Mining Geoscience Software Solutions | For Mining Industries - Seequent,"In over 100 countries, mining industry professionals are using Seequent technologies to tackle challenges in the geosciences.",['\n               Intelligent geoscience for mining: Go deeper            '],2024-11-21T11:19:07.326867,Seequent,0.0,0.0,0,1,Value Proposition,integrate communicate and interpret geoscience data with rapid d modelling
Mineral resource estimation,h3,https://www.seequent.com/products-solutions/mining,Mining Geoscience Software Solutions | For Mining Industries - Seequent,"In over 100 countries, mining industry professionals are using Seequent technologies to tackle challenges in the geosciences.",['\n               Intelligent geoscience for mining: Go deeper            '],2024-11-21T11:19:07.326869,Seequent,0.0,0.0,0,0,Other,mineral resource estimation
"An intuitive and robust digital workflow combining data, geology and geostatistics, to prospect smarter, model faster and carry out complex resource estimations with confidence.",p,https://www.seequent.com/products-solutions/mining,Mining Geoscience Software Solutions | For Mining Industries - Seequent,"In over 100 countries, mining industry professionals are using Seequent technologies to tackle challenges in the geosciences.",['\n               Intelligent geoscience for mining: Go deeper            '],2024-11-21T11:19:07.326873,Seequent,-0.15,0.872,1,2,Value Proposition,an intuitive and robust digital workflow combining data geology and geostatistics to prospect smarter model faster and carry out complex resource estimations with confidence
Seequent Central,h3,https://www.seequent.com/products-solutions/mining,Mining Geoscience Software Solutions | For Mining Industries - Seequent,"In over 100 countries, mining industry professionals are using Seequent technologies to tackle challenges in the geosciences.",['\n               Intelligent geoscience for mining: Go deeper            '],2024-11-21T11:19:07.326874,Seequent,0.0,0.0,0,0,Other,seequent central
"Manage, track, and collaborate on geological data in a single, accessible environment.",p,https://www.seequent.com/products-solutions/mining,Mining Geoscience Software Solutions | For Mining Industries - Seequent,"In over 100 countries, mining industry professionals are using Seequent technologies to tackle challenges in the geosciences.",['\n               Intelligent geoscience for mining: Go deeper            '],2024-11-21T11:19:07.326875,Seequent,0.1517857142857143,0.0,0,0,Other,manage track and collaborate on geological data in a single accessible environment
Leapfrog Geo,h3,https://www.seequent.com/products-solutions/mining,Mining Geoscience Software Solutions | For Mining Industries - Seequent,"In over 100 countries, mining industry professionals are using Seequent technologies to tackle challenges in the geosciences.",['\n               Intelligent geoscience for mining: Go deeper            '],2024-11-21T11:19:07.326877,Seequent,0.0,0.0,0,0,Other,leapfrog geo
"Integrate, communicate, and interpret geoscience data with rapid 3D modelling.",p,https://www.seequent.com/products-solutions/mining,Mining Geoscience Software Solutions | For Mining Industries - Seequent,"In over 100 countries, mining industry professionals are using Seequent technologies to tackle challenges in the geosciences.",['\n               Intelligent geoscience for mining: Go deeper            '],2024-11-21T11:19:07.326881,Seequent,0.0,0.0,0,1,Value Proposition,integrate communicate and interpret geoscience data with rapid d modelling
MX Deposit,h3,https://www.seequent.com/products-solutions/mining,Mining Geoscience Software Solutions | For Mining Industries - Seequent,"In over 100 countries, mining industry professionals are using Seequent technologies to tackle challenges in the geosciences.",['\n               Intelligent geoscience for mining: Go deeper            '],2024-11-21T11:19:07.326883,Seequent,0.0,0.0,0,0,Other,mx deposit
"Collect, manage, share, and access your drillhole and sample data in the Cloud.",p,https://www.seequent.com/products-solutions/mining,Mining Geoscience Software Solutions | For Mining Industries - Seequent,"In over 100 countries, mining industry professionals are using Seequent technologies to tackle challenges in the geosciences.",['\n               Intelligent geoscience for mining: Go deeper            '],2024-11-21T11:19:07.326884,Seequent,0.0,0.296,1,1,Balanced,collect manage share and access your drillhole and sample data in the cloud
Leapfrog Edge,h3,https://www.seequent.com/products-solutions/mining,Mining Geoscience Software Solutions | For Mining Industries - Seequent,"In over 100 countries, mining industry professionals are using Seequent technologies to tackle challenges in the geosciences.",['\n               Intelligent geoscience for mining: Go deeper            '],2024-11-21T11:19:07.326886,Seequent,0.0,0.0,0,0,Other,leapfrog edge
Fully integrate resource estimation into your 3D geoscience models.,p,https://www.seequent.com/products-solutions/mining,Mining Geoscience Software Solutions | For Mining Industries - Seequent,"In over 100 countries, mining industry professionals are using Seequent technologies to tackle challenges in the geosciences.",['\n               Intelligent geoscience for mining: Go deeper            '],2024-11-21T11:19:07.326887,Seequent,0.0,0.0,0,0,Other,fully integrate resource estimation into your d geoscience models
Grade control,h3,https://www.seequent.com/products-solutions/mining,Mining Geoscience Software Solutions | For Mining Industries - Seequent,"In over 100 countries, mining industry professionals are using Seequent technologies to tackle challenges in the geosciences.",['\n               Intelligent geoscience for mining: Go deeper            '],2024-11-21T11:19:07.326889,Seequent,0.0,0.0,0,0,Other,grade control
"Unlock the value of subsurface data to help make better decisions in classifying ore and waste; save time, reduce costs and waste and increase profitability.",p,https://www.seequent.com/products-solutions/mining,Mining Geoscience Software Solutions | For Mining Industries - Seequent,"In over 100 countries, mining industry professionals are using Seequent technologies to tackle challenges in the geosciences.",['\n               Intelligent geoscience for mining: Go deeper            '],2024-11-21T11:19:07.326892,Seequent,0.033333333333333326,0.8402,1,1,Balanced,unlock the value of subsurface data to help make better decisions in classifying ore and waste save time reduce costs and waste and increase profitability
Seequent Central,h3,https://www.seequent.com/products-solutions/mining,Mining Geoscience Software Solutions | For Mining Industries - Seequent,"In over 100 countries, mining industry professionals are using Seequent technologies to tackle challenges in the geosciences.",['\n               Intelligent geoscience for mining: Go deeper            '],2024-11-21T11:19:07.326893,Seequent,0.0,0.0,0,0,Other,seequent central
"Manage, track, and collaborate on geological data in a single, accessible environment.",p,https://www.seequent.com/products-solutions/mining,Mining Geoscience Software Solutions | For Mining Industries - Seequent,"In over 100 countries, mining industry professionals are using Seequent technologies to tackle challenges in the geosciences.",['\n               Intelligent geoscience for mining: Go deeper            '],2024-11-21T11:19:07.326894,Seequent,0.1517857142857143,0.0,0,0,Other,manage track and collaborate on geological data in a single accessible environment
Leapfrog Geo,h3,https://www.seequent.com/products-solutions/mining,Mining Geoscience Software Solutions | For Mining Industries - Seequent,"In over 100 countries, mining industry professionals are using Seequent technologies to tackle challenges in the geosciences.",['\n               Intelligent geoscience for mining: Go deeper            '],2024-11-21T11:19:07.326896,Seequent,0.0,0.0,0,0,Other,leapfrog geo
"Integrate, communicate, and interpret geoscience data with rapid 3D modelling.",p,https://www.seequent.com/products-solutions/mining,Mining Geoscience Software Solutions | For Mining Industries - Seequent,"In over 100 countries, mining industry professionals are using Seequent technologies to tackle challenges in the geosciences.",['\n               Intelligent geoscience for mining: Go deeper            '],2024-11-21T11:19:07.326898,Seequent,0.0,0.0,0,1,Value Proposition,integrate communicate and interpret geoscience data with rapid d modelling
Leapfrog Edge,h3,https://www.seequent.com/products-solutions/mining,Mining Geoscience Software Solutions | For Mining Industries - Seequent,"In over 100 countries, mining industry professionals are using Seequent technologies to tackle challenges in the geosciences.",['\n               Intelligent geoscience for mining: Go deeper            '],2024-11-21T11:19:07.326899,Seequent,0.0,0.0,0,0,Other,leapfrog edge
Fully integrate resource estimation into your 3D geoscience models.,p,https://www.seequent.com/products-solutions/mining,Mining Geoscience Software Solutions | For Mining Industries - Seequent,"In over 100 countries, mining industry professionals are using Seequent technologies to tackle challenges in the geosciences.",['\n               Intelligent geoscience for mining: Go deeper            '],2024-11-21T11:19:07.326901,Seequent,0.0,0.0,0,0,Other,fully integrate resource estimation into your d geoscience models
Interested in our Grade Control solution?,h3,https://www.seequent.com/products-solutions/mining,Mining Geoscience Software Solutions | For Mining Industries - Seequent,"In over 100 countries, mining industry professionals are using Seequent technologies to tackle challenges in the geosciences.",['\n               Intelligent geoscience for mining: Go deeper            '],2024-11-21T11:19:07.326902,Seequent,0.25,0.6124,0,0,Other,interested in our grade control solution
Tailings storage facilities,h3,https://www.seequent.com/products-solutions/mining,Mining Geoscience Software Solutions | For Mining Industries - Seequent,"In over 100 countries, mining industry professionals are using Seequent technologies to tackle challenges in the geosciences.",['\n               Intelligent geoscience for mining: Go deeper            '],2024-11-21T11:19:07.326904,Seequent,0.0,0.0,0,0,Other,tailings storage facilities
"A uniquely powerful workflow that enables a dynamic digital twin of the subsurface, to better manage and predict TSF performance",p,https://www.seequent.com/products-solutions/mining,Mining Geoscience Software Solutions | For Mining Industries - Seequent,"In over 100 countries, mining industry professionals are using Seequent technologies to tackle challenges in the geosciences.",['\n               Intelligent geoscience for mining: Go deeper            '],2024-11-21T11:19:07.326905,Seequent,0.2,0.8074,1,2,Value Proposition,a uniquely powerful workflow that enables a dynamic digital twin of the subsurface to better manage and predict tsf performance
Seequent Central,h3,https://www.seequent.com/products-solutions/mining,Mining Geoscience Software Solutions | For Mining Industries - Seequent,"In over 100 countries, mining industry professionals are using Seequent technologies to tackle challenges in the geosciences.",['\n               Intelligent geoscience for mining: Go deeper            '],2024-11-21T11:19:07.326906,Seequent,0.0,0.0,0,0,Other,seequent central
"Manage, track, and collaborate on geological data in a single, accessible environment.",p,https://www.seequent.com/products-solutions/mining,Mining Geoscience Software Solutions | For Mining Industries - Seequent,"In over 100 countries, mining industry professionals are using Seequent technologies to tackle challenges in the geosciences.",['\n               Intelligent geoscience for mining: Go deeper            '],2024-11-21T11:19:07.326907,Seequent,0.1517857142857143,0.0,0,0,Other,manage track and collaborate on geological data in a single accessible environment
Leapfrog Geo,h3,https://www.seequent.com/products-solutions/mining,Mining Geoscience Software Solutions | For Mining Industries - Seequent,"In over 100 countries, mining industry professionals are using Seequent technologies to tackle challenges in the geosciences.",['\n               Intelligent geoscience for mining: Go deeper            '],2024-11-21T11:19:07.326909,Seequent,0.0,0.0,0,0,Other,leapfrog geo
"Integrate, communicate, and interpret geoscience data with rapid 3D modelling.",p,https://www.seequent.com/products-solutions/mining,Mining Geoscience Software Solutions | For Mining Industries - Seequent,"In over 100 countries, mining industry professionals are using Seequent technologies to tackle challenges in the geosciences.",['\n               Intelligent geoscience for mining: Go deeper            '],2024-11-21T11:19:07.326912,Seequent,0.0,0.0,0,1,Value Proposition,integrate communicate and interpret geoscience data with rapid d modelling
GeoStudio,h3,https://www.seequent.com/products-solutions/mining,Mining Geoscience Software Solutions | For Mining Industries - Seequent,"In over 100 countries, mining industry professionals are using Seequent technologies to tackle challenges in the geosciences.",['\n               Intelligent geoscience for mining: Go deeper            '],2024-11-21T11:19:07.326913,Seequent,0.0,0.0,0,0,Other,geostudio
"Analyse slope stability, groundwater flow, and heat and mass transfer in soil and rock with an integrated geotechnical analysis software suite.",p,https://www.seequent.com/products-solutions/mining,Mining Geoscience Software Solutions | For Mining Industries - Seequent,"In over 100 countries, mining industry professionals are using Seequent technologies to tackle challenges in the geosciences.",['\n               Intelligent geoscience for mining: Go deeper            '],2024-11-21T11:19:07.326914,Seequent,0.0,0.0,0,1,Value Proposition,analyse slope stability groundwater flow and heat and mass transfer in soil and rock with an integrated geotechnical analysis software suite
OpenGround,h3,https://www.seequent.com/products-solutions/mining,Mining Geoscience Software Solutions | For Mining Industries - Seequent,"In over 100 countries, mining industry professionals are using Seequent technologies to tackle challenges in the geosciences.",['\n               Intelligent geoscience for mining: Go deeper            '],2024-11-21T11:19:07.326915,Seequent,0.0,0.0,0,0,Other,openground
Streamline site investigation with data capture that goes right from the field to the cloud.,p,https://www.seequent.com/products-solutions/mining,Mining Geoscience Software Solutions | For Mining Industries - Seequent,"In over 100 countries, mining industry professionals are using Seequent technologies to tackle challenges in the geosciences.",['\n               Intelligent geoscience for mining: Go deeper            '],2024-11-21T11:19:07.326917,Seequent,0.2857142857142857,0.0,1,1,Balanced,streamline site investigation with data capture that goes right from the field to the cloud
Oasis montaj,h3,https://www.seequent.com/products-solutions/mining,Mining Geoscience Software Solutions | For Mining Industries - Seequent,"In over 100 countries, mining industry professionals are using Seequent technologies to tackle challenges in the geosciences.",['\n               Intelligent geoscience for mining: Go deeper            '],2024-11-21T11:19:07.326918,Seequent,0.0,0.0,0,0,Other,oasis montaj
"Visualise, analyse, and integrate all your geoscience data in interactive 2D and 3D models.",p,https://www.seequent.com/products-solutions/mining,Mining Geoscience Software Solutions | For Mining Industries - Seequent,"In over 100 countries, mining industry professionals are using Seequent technologies to tackle challenges in the geosciences.",['\n               Intelligent geoscience for mining: Go deeper            '],2024-11-21T11:19:07.326919,Seequent,0.0,0.0,0,0,Other,visualise analyse and integrate all your geoscience data in interactive d and d models
Interested in our Tailings solutions?,h3,https://www.seequent.com/products-solutions/mining,Mining Geoscience Software Solutions | For Mining Industries - Seequent,"In over 100 countries, mining industry professionals are using Seequent technologies to tackle challenges in the geosciences.",['\n               Intelligent geoscience for mining: Go deeper            '],2024-11-21T11:19:07.326920,Seequent,0.25,0.5267,0,0,Other,interested in our tailings solutions
Industrial minerals,h3,https://www.seequent.com/products-solutions/mining,Mining Geoscience Software Solutions | For Mining Industries - Seequent,"In over 100 countries, mining industry professionals are using Seequent technologies to tackle challenges in the geosciences.",['\n               Intelligent geoscience for mining: Go deeper            '],2024-11-21T11:19:07.326922,Seequent,0.0,0.0,0,0,Other,industrial minerals
"Harness the power of a digital workflow to better define the chemical and physical characteristics of your deposit, and plan proactively with profitability and waste reduction in mind.",p,https://www.seequent.com/products-solutions/mining,Mining Geoscience Software Solutions | For Mining Industries - Seequent,"In over 100 countries, mining industry professionals are using Seequent technologies to tackle challenges in the geosciences.",['\n               Intelligent geoscience for mining: Go deeper            '],2024-11-21T11:19:07.326924,Seequent,0.075,0.296,0,0,Other,harness the power of a digital workflow to better define the chemical and physical characteristics of your deposit and plan proactively with profitability and waste reduction in mind
Seequent Central,h3,https://www.seequent.com/products-solutions/mining,Mining Geoscience Software Solutions | For Mining Industries - Seequent,"In over 100 countries, mining industry professionals are using Seequent technologies to tackle challenges in the geosciences.",['\n               Intelligent geoscience for mining: Go deeper            '],2024-11-21T11:19:07.326926,Seequent,0.0,0.0,0,0,Other,seequent central
"Manage, track, and collaborate on geological data in a single, accessible environment.",p,https://www.seequent.com/products-solutions/mining,Mining Geoscience Software Solutions | For Mining Industries - Seequent,"In over 100 countries, mining industry professionals are using Seequent technologies to tackle challenges in the geosciences.",['\n               Intelligent geoscience for mining: Go deeper            '],2024-11-21T11:19:07.326927,Seequent,0.1517857142857143,0.0,0,0,Other,manage track and collaborate on geological data in a single accessible environment
MX Deposit,h3,https://www.seequent.com/products-solutions/mining,Mining Geoscience Software Solutions | For Mining Industries - Seequent,"In over 100 countries, mining industry professionals are using Seequent technologies to tackle challenges in the geosciences.",['\n               Intelligent geoscience for mining: Go deeper            '],2024-11-21T11:19:07.326928,Seequent,0.0,0.0,0,0,Other,mx deposit
"Collect, manage, share, and access your drillhole and sample data in the Cloud.",p,https://www.seequent.com/products-solutions/mining,Mining Geoscience Software Solutions | For Mining Industries - Seequent,"In over 100 countries, mining industry professionals are using Seequent technologies to tackle challenges in the geosciences.",['\n               Intelligent geoscience for mining: Go deeper            '],2024-11-21T11:19:07.326929,Seequent,0.0,0.296,1,1,Balanced,collect manage share and access your drillhole and sample data in the cloud
Leapfrog Geo,h3,https://www.seequent.com/products-solutions/mining,Mining Geoscience Software Solutions | For Mining Industries - Seequent,"In over 100 countries, mining industry professionals are using Seequent technologies to tackle challenges in the geosciences.",['\n               Intelligent geoscience for mining: Go deeper            '],2024-11-21T11:19:07.326931,Seequent,0.0,0.0,0,0,Other,leapfrog geo
"Integrate, communicate, and interpret geoscience data with rapid 3D modelling.",p,https://www.seequent.com/products-solutions/mining,Mining Geoscience Software Solutions | For Mining Industries - Seequent,"In over 100 countries, mining industry professionals are using Seequent technologies to tackle challenges in the geosciences.",['\n               Intelligent geoscience for mining: Go deeper            '],2024-11-21T11:19:07.326933,Seequent,0.0,0.0,0,1,Value Proposition,integrate communicate and interpret geoscience data with rapid d modelling
Leapfrog Edge,h3,https://www.seequent.com/products-solutions/mining,Mining Geoscience Software Solutions | For Mining Industries - Seequent,"In over 100 countries, mining industry professionals are using Seequent technologies to tackle challenges in the geosciences.",['\n               Intelligent geoscience for mining: Go deeper            '],2024-11-21T11:19:07.326934,Seequent,0.0,0.0,0,0,Other,leapfrog edge
Fully integrate resource estimation into your 3D geoscience models.,p,https://www.seequent.com/products-solutions/mining,Mining Geoscience Software Solutions | For Mining Industries - Seequent,"In over 100 countries, mining industry professionals are using Seequent technologies to tackle challenges in the geosciences.",['\n               Intelligent geoscience for mining: Go deeper            '],2024-11-21T11:19:07.326935,Seequent,0.0,0.0,0,0,Other,fully integrate resource estimation into your d geoscience models
Interested in our Industrial Mineral solutions?,h3,https://www.seequent.com/products-solutions/mining,Mining Geoscience Software Solutions | For Mining Industries - Seequent,"In over 100 countries, mining industry professionals are using Seequent technologies to tackle challenges in the geosciences.",['\n               Intelligent geoscience for mining: Go deeper            '],2024-11-21T11:19:07.326937,Seequent,0.25,0.5267,0,0,Other,interested in our industrial mineral solutions
"A big win for us simply comes down to housekeeping. We collaborate more, we’re more organised and way more efficient. And most importantly it’s ensuring that we meet standards and uphold our responsibilities and social license to operate in this unique and beautiful part of the world,",p,https://www.seequent.com/products-solutions/mining,Mining Geoscience Software Solutions | For Mining Industries - Seequent,"In over 100 countries, mining industry professionals are using Seequent technologies to tackle challenges in the geosciences.",['\n               Intelligent geoscience for mining: Go deeper            '],2024-11-21T11:19:07.326939,Seequent,0.3585648148148148,0.9408,0,1,Value Proposition,a big win for us simply comes down to housekeeping we collaborate more were more organised and way more efficient and most importantly its ensuring that we meet standards and uphold our responsibilities and social license to operate in this unique and beautiful part of the world
"A positive impact of going digital which Seequent's solutions, is more responsive management and governance, to ensure better resilience and ultimately minimise environmental risks or impact to our local communities",p,https://www.seequent.com/products-solutions/mining,Mining Geoscience Software Solutions | For Mining Industries - Seequent,"In over 100 countries, mining industry professionals are using Seequent technologies to tackle challenges in the geosciences.",['\n               Intelligent geoscience for mining: Go deeper            '],2024-11-21T11:19:07.326940,Seequent,0.20454545454545456,0.8883,0,0,Other,a positive impact of going digital which seequents solutions is more responsive management and governance to ensure better resilience and ultimately minimise environmental risks or impact to our local communities
"We are proud of our long history of exploration success and resource development, and we’re focused on delivering exceptional results to shareholders. By introducing Seequent Central we are improving our modelling techniques and helping us achieve that success.",p,https://www.seequent.com/products-solutions/mining,Mining Geoscience Software Solutions | For Mining Industries - Seequent,"In over 100 countries, mining industry professionals are using Seequent technologies to tackle challenges in the geosciences.",['\n               Intelligent geoscience for mining: Go deeper            '],2024-11-21T11:19:07.326942,Seequent,0.3361111111111111,0.9584,1,1,Balanced,we are proud of our long history of exploration success and resource development and were focused on delivering exceptional results to shareholders by introducing seequent central we are improving our modelling techniques and helping us achieve that success
"A better understanding of the subsurface allows us to be more confident in our decision-making, to use resources more wisely and reduce our footprint",p,https://www.seequent.com/products-solutions/mining,Mining Geoscience Software Solutions | For Mining Industries - Seequent,"In over 100 countries, mining industry professionals are using Seequent technologies to tackle challenges in the geosciences.",['\n               Intelligent geoscience for mining: Go deeper            '],2024-11-21T11:19:07.326943,Seequent,0.54,0.8586,1,1,Balanced,a better understanding of the subsurface allows us to be more confident in our decisionmaking to use resources more wisely and reduce our footprint
Delivering success in mining projects,h3,https://www.seequent.com/products-solutions/mining,Mining Geoscience Software Solutions | For Mining Industries - Seequent,"In over 100 countries, mining industry professionals are using Seequent technologies to tackle challenges in the geosciences.",['\n               Intelligent geoscience for mining: Go deeper            '],2024-11-21T11:19:07.326944,Seequent,0.3,0.5719,0,0,Other,delivering success in mining projects
Discover how organisations are forging the future of mining with Seequent solutions.,p,https://www.seequent.com/products-solutions/mining,Mining Geoscience Software Solutions | For Mining Industries - Seequent,"In over 100 countries, mining industry professionals are using Seequent technologies to tackle challenges in the geosciences.",['\n               Intelligent geoscience for mining: Go deeper            '],2024-11-21T11:19:07.326948,Seequent,0.0,0.1779,0,0,Other,discover how organisations are forging the future of mining with seequent solutions
Share a common understanding,h2,https://www.seequent.com/products-solutions/mining,Mining Geoscience Software Solutions | For Mining Industries - Seequent,"In over 100 countries, mining industry professionals are using Seequent technologies to tackle challenges in the geosciences.",['\n               Intelligent geoscience for mining: Go deeper            '],2024-11-21T11:19:07.326949,Seequent,-0.3,0.296,0,0,Other,share a common understanding
See how Erdenet Corporation is going through a digital revolution.,p,https://www.seequent.com/products-solutions/mining,Mining Geoscience Software Solutions | For Mining Industries - Seequent,"In over 100 countries, mining industry professionals are using Seequent technologies to tackle challenges in the geosciences.",['\n               Intelligent geoscience for mining: Go deeper            '],2024-11-21T11:19:07.326951,Seequent,0.0,0.0,0,0,Other,see how erdenet corporation is going through a digital revolution
The Evolution of data in mining: a decade of transformation,h3,https://www.seequent.com/products-solutions/mining,Mining Geoscience Software Solutions | For Mining Industries - Seequent,"In over 100 countries, mining industry professionals are using Seequent technologies to tackle challenges in the geosciences.",['\n               Intelligent geoscience for mining: Go deeper            '],2024-11-21T11:19:07.326952,Seequent,0.0,0.0,0,0,Other,the evolution of data in mining a decade of transformation
How geo-data workflow experts are transforming nickel mining in Indonesia,h3,https://www.seequent.com/products-solutions/mining,Mining Geoscience Software Solutions | For Mining Industries - Seequent,"In over 100 countries, mining industry professionals are using Seequent technologies to tackle challenges in the geosciences.",['\n               Intelligent geoscience for mining: Go deeper            '],2024-11-21T11:19:07.326954,Seequent,0.0,0.0,0,0,Other,how geodata workflow experts are transforming nickel mining in indonesia
"© 2024 Seequent, The Bentley Subsurface Company. All rights reserved",p,https://www.seequent.com/products-solutions/mining,Mining Geoscience Software Solutions | For Mining Industries - Seequent,"In over 100 countries, mining industry professionals are using Seequent technologies to tackle challenges in the geosciences.",['\n               Intelligent geoscience for mining: Go deeper            '],2024-11-21T11:19:07.326955,Seequent,0.0,0.0,1,1,Balanced,seequent the bentley subsurface company all rights reserved
Privacy Preference Center,h2,https://www.seequent.com/products-solutions/mining,Mining Geoscience Software Solutions | For Mining Industries - Seequent,"In over 100 countries, mining industry professionals are using Seequent technologies to tackle challenges in the geosciences.",['\n               Intelligent geoscience for mining: Go deeper            '],2024-11-21T11:19:07.326957,Seequent,-0.1,0.0,0,0,Other,privacy preference center
Your Privacy,h3,https://www.seequent.com/products-solutions/mining,Mining Geoscience Software Solutions | For Mining Industries - Seequent,"In over 100 countries, mining industry professionals are using Seequent technologies to tackle challenges in the geosciences.",['\n               Intelligent geoscience for mining: Go deeper            '],2024-11-21T11:19:07.326958,Seequent,0.0,0.0,0,0,Other,your privacy
Strictly Necessary Cookies,h3,https://www.seequent.com/products-solutions/mining,Mining Geoscience Software Solutions | For Mining Industries - Seequent,"In over 100 countries, mining industry professionals are using Seequent technologies to tackle challenges in the geosciences.",['\n               Intelligent geoscience for mining: Go deeper            '],2024-11-21T11:19:07.326959,Seequent,0.0,0.0,0,0,Other,strictly necessary cookies
Functional Cookies,h3,https://www.seequent.com/products-solutions/mining,Mining Geoscience Software Solutions | For Mining Industries - Seequent,"In over 100 countries, mining industry professionals are using Seequent technologies to tackle challenges in the geosciences.",['\n               Intelligent geoscience for mining: Go deeper            '],2024-11-21T11:19:07.326961,Seequent,0.0,0.0,0,0,Other,functional cookies
Performance Cookies,h3,https://www.seequent.com/products-solutions/mining,Mining Geoscience Software Solutions | For Mining Industries - Seequent,"In over 100 countries, mining industry professionals are using Seequent technologies to tackle challenges in the geosciences.",['\n               Intelligent geoscience for mining: Go deeper            '],2024-11-21T11:19:07.326962,Seequent,0.0,0.0,0,0,Other,performance cookies
Targeting Cookies,h3,https://www.seequent.com/products-solutions/mining,Mining Geoscience Software Solutions | For Mining Industries - Seequent,"In over 100 countries, mining industry professionals are using Seequent technologies to tackle challenges in the geosciences.",['\n               Intelligent geoscience for mining: Go deeper            '],2024-11-21T11:19:07.326963,Seequent,0.0,0.0,0,0,Other,targeting cookies
"When you visit our website, we will use cookies to ensure that you get the best experience on our website. These cookies might be about you, your preferences or your device. The information does not usually directly identify you, but it can give you a more personalized web experience. Because we respect your right to privacy, you can choose not to allow some types of cookies. Click on the different category headings to find out more and change our default settings. However, blocking some types of cookies may impact your experience of the site and the services we are able to offer. For more information, please see our Cookie Policy.

We will need to use a cookie to remember the choices that you have made within our cookie consent manager. This will have a couple of consequences:

If you delete all your cookies you will have to update your preferences with us again.
If you use a different device or browser you will have to tell us your preferences again.",p,https://www.seequent.com/products-solutions/mining,Mining Geoscience Software Solutions | For Mining Industries - Seequent,"In over 100 countries, mining industry professionals are using Seequent technologies to tackle challenges in the geosciences.",['\n               Intelligent geoscience for mining: Go deeper            '],2024-11-21T11:19:07.326967,Seequent,0.3595238095238095,0.8346,2,2,Balanced,when you visit our website we will use cookies to ensure that you get the best experience on our website these cookies might be about you your preferences or your device the information does not usually directly identify you but it can give you a more personalized web experience because we respect your right to privacy you can choose not to allow some types of cookies click on the different category headings to find out more and change our default settings however blocking some types of cookies may impact your experience of the site and the services we are able to offer for more information please see our cookie policy we will need to use a cookie to remember the choices that you have made within our cookie consent manager this will have a couple of consequences if you delete all your cookies you will have to update your preferences with us again if you use a different device or browser you will have to tell us your preferences again
We will need to use a cookie to remember the choices that you have made within our cookie consent manager. This will have a couple of consequences:,p,https://www.seequent.com/products-solutions/mining,Mining Geoscience Software Solutions | For Mining Industries - Seequent,"In over 100 countries, mining industry professionals are using Seequent technologies to tackle challenges in the geosciences.",['\n               Intelligent geoscience for mining: Go deeper            '],2024-11-21T11:19:07.326968,Seequent,0.0,0.2263,0,0,Other,we will need to use a cookie to remember the choices that you have made within our cookie consent manager this will have a couple of consequences
"These cookies are necessary for the website to function and cannot be switched off in our systems. They are usually only set in response to actions made by you which amount to a request for services, such as setting your privacy preferences, logging in or filling in forms. You can set your browser to block or alert you about these cookies, but some parts of the site will not then work. These cookies do not store any personally identifiable information.",p,https://www.seequent.com/products-solutions/mining,Mining Geoscience Software Solutions | For Mining Industries - Seequent,"In over 100 countries, mining industry professionals are using Seequent technologies to tackle challenges in the geosciences.",['\n               Intelligent geoscience for mining: Go deeper            '],2024-11-21T11:19:07.326970,Seequent,0.025,-0.09,0,0,Other,these cookies are necessary for the website to function and cannot be switched off in our systems they are usually only set in response to actions made by you which amount to a request for services such as setting your privacy preferences logging in or filling in forms you can set your browser to block or alert you about these cookies but some parts of the site will not then work these cookies do not store any personally identifiable information
These cookies enable the website to provide enhanced functionality and personalisation. They may be set by us or by third party providers whose services we have added to our pages. If you do not allow these cookies then some or all of these services may not function properly.,p,https://www.seequent.com/products-solutions/mining,Mining Geoscience Software Solutions | For Mining Industries - Seequent,"In over 100 countries, mining industry professionals are using Seequent technologies to tackle challenges in the geosciences.",['\n               Intelligent geoscience for mining: Go deeper            '],2024-11-21T11:19:07.326971,Seequent,0.0,0.2579,0,0,Other,these cookies enable the website to provide enhanced functionality and personalisation they may be set by us or by third party providers whose services we have added to our pages if you do not allow these cookies then some or all of these services may not function properly
"These cookies allow us to count visits and traffic sources so we can measure and improve the performance of our site. They help us to know which pages are the most and least popular and see how visitors move around the site. All information these cookies collect is aggregated and therefore anonymous. If you do not allow these cookies we will not know when you have visited our site, and will not be able to monitor its performance.",p,https://www.seequent.com/products-solutions/mining,Mining Geoscience Software Solutions | For Mining Industries - Seequent,"In over 100 countries, mining industry professionals are using Seequent technologies to tackle challenges in the geosciences.",['\n               Intelligent geoscience for mining: Go deeper            '],2024-11-21T11:19:07.326973,Seequent,0.325,0.7071,0,0,Other,these cookies allow us to count visits and traffic sources so we can measure and improve the performance of our site they help us to know which pages are the most and least popular and see how visitors move around the site all information these cookies collect is aggregated and therefore anonymous if you do not allow these cookies we will not know when you have visited our site and will not be able to monitor its performance
"These cookies may be set through our site by our advertising partners. They may be used by those companies to build a profile of your interests and show you relevant adverts on other sites. They do not store directly personal information, but are based on uniquely identifying your browser and internet device. If you do not allow these cookies, you will experience less targeted advertising.",p,https://www.seequent.com/products-solutions/mining,Mining Geoscience Software Solutions | For Mining Industries - Seequent,"In over 100 countries, mining industry professionals are using Seequent technologies to tackle challenges in the geosciences.",['\n               Intelligent geoscience for mining: Go deeper            '],2024-11-21T11:19:07.326974,Seequent,0.09666666666666668,-0.1278,0,0,Other,these cookies may be set through our site by our advertising partners they may be used by those companies to build a profile of your interests and show you relevant adverts on other sites they do not store directly personal information but are based on uniquely identifying your browser and internet device if you do not allow these cookies you will experience less targeted advertising
Cookie List,h3,https://www.seequent.com/products-solutions/mining,Mining Geoscience Software Solutions | For Mining Industries - Seequent,"In over 100 countries, mining industry professionals are using Seequent technologies to tackle challenges in the geosciences.",['\n               Intelligent geoscience for mining: Go deeper            '],2024-11-21T11:19:07.326975,Seequent,0.0,0.0,0,0,Other,cookie list
Artificial intelligence to understand the underground,h1,https://www.seequent.com/artificial-intelligence-to-understand-the-underground,Geospatial AI: Artifical intelligence to understand the underground,"Discover how artificial intelligence is transforming the way geoscientists understand the underground. Learn about data-centric platforms, machine learning applications, and the future of geospatial AI in solving global challenges.",['Artificial intelligence to understand the underground\xa0'],2024-11-21T11:19:08.543339,Seequent,-0.6,0.4767,0,0,Other,artificial intelligence to understand the underground
"Artificial Intelligence (AI) is here, and we are all experiencing its impact, fast – from maps and navigation to facial recognition, text editors, human-indistinguishable generated videos and photos, social media algorithms and more.",p,https://www.seequent.com/artificial-intelligence-to-understand-the-underground,Geospatial AI: Artifical intelligence to understand the underground,"Discover how artificial intelligence is transforming the way geoscientists understand the underground. Learn about data-centric platforms, machine learning applications, and the future of geospatial AI in solving global challenges.",['Artificial intelligence to understand the underground\xa0'],2024-11-21T11:19:08.543353,Seequent,0.026666666666666672,0.4767,0,1,Value Proposition,artificial intelligence ai is here and we are all experiencing its impact fast from maps and navigation to facial recognition text editors humanindistinguishable generated videos and photos social media algorithms and more
"It’s taking over organisations on a global scale, too, with research from IBM finding more than 40 per cent of enterprise-scale businesses have actively deployed AI within their operations. And despite concerns around some aspects of the technology, such as the potential to drive misinformation online, the opportunities ahead are almost beyond current comprehension. McKinsey’s report on The economic potential of generative AI estimates half of today’s work activities could be automated by 2060, roughly a decade earlier than in previous estimates.",p,https://www.seequent.com/artificial-intelligence-to-understand-the-underground,Geospatial AI: Artifical intelligence to understand the underground,"Discover how artificial intelligence is transforming the way geoscientists understand the underground. Learn about data-centric platforms, machine learning applications, and the future of geospatial AI in solving global challenges.",['Artificial intelligence to understand the underground\xa0'],2024-11-21T11:19:08.543356,Seequent,0.011111111111111115,0.3818,0,1,Value Proposition,its taking over organisations on a global scale too with research from ibm finding more than per cent of enterprisescale businesses have actively deployed ai within their operations and despite concerns around some aspects of the technology such as the potential to drive misinformation online the opportunities ahead are almost beyond current comprehension mckinseys report on the economic potential of generative ai estimates half of todays work activities could be automated by roughly a decade earlier than in previous estimates
"At Seequent, we see a huge opportunity in the value and innovation that can be driven by AI. If used properly, AI can be a major contributor in solving the big problems facing the planet right now – like building more resilient infrastructure, efficient sourcing of critical minerals and so on. However, it comes with its own set of difficulties.",p,https://www.seequent.com/artificial-intelligence-to-understand-the-underground,Geospatial AI: Artifical intelligence to understand the underground,"Discover how artificial intelligence is transforming the way geoscientists understand the underground. Learn about data-centric platforms, machine learning applications, and the future of geospatial AI in solving global challenges.",['Artificial intelligence to understand the underground\xa0'],2024-11-21T11:19:08.543358,Seequent,0.2310267857142857,0.8709,1,2,Value Proposition,at seequent we see a huge opportunity in the value and innovation that can be driven by ai if used properly ai can be a major contributor in solving the big problems facing the planet right now like building more resilient infrastructure efficient sourcing of critical minerals and so on however it comes with its own set of difficulties
Exploring uncharted depths,p,https://www.seequent.com/artificial-intelligence-to-understand-the-underground,Geospatial AI: Artifical intelligence to understand the underground,"Discover how artificial intelligence is transforming the way geoscientists understand the underground. Learn about data-centric platforms, machine learning applications, and the future of geospatial AI in solving global challenges.",['Artificial intelligence to understand the underground\xa0'],2024-11-21T11:19:08.543359,Seequent,0.0,0.0,0,0,Other,exploring uncharted depths
"Witnessing this first-hand, Dr Alexandre Boucher, Vice President of Seequent Labs and one of the world’s leading geo-statisticians, identifies the vast quantities and unorganised proliferation of data as one of the biggest hurdles to deploying AI for the subsurface. “If we look towards any of the AI success stories – Chat GPT or Microsoft Copilot – they have the capability to structure and then train large language machine learning models using vast amounts of data. But in the subsurface we are dealing with unknowns because the data often isn’t there or it is unstructured; we rely on techniques like mapping and drilling to find it. And even when we do have data, it is often siloed – in project files, or on an individual’s hard drive, held in different file formats and organised in a wide array of different data standards – meaning it cannot easily be combined.”",p,https://www.seequent.com/artificial-intelligence-to-understand-the-underground,Geospatial AI: Artifical intelligence to understand the underground,"Discover how artificial intelligence is transforming the way geoscientists understand the underground. Learn about data-centric platforms, machine learning applications, and the future of geospatial AI in solving global challenges.",['Artificial intelligence to understand the underground\xa0'],2024-11-21T11:19:08.543361,Seequent,0.055595238095238086,0.3498,3,4,Value Proposition,witnessing this firsthand dr alexandre boucher vice president of seequent labs and one of the worlds leading geostatisticians identifies the vast quantities and unorganised proliferation of data as one of the biggest hurdles to deploying ai for the subsurface if we look towards any of the ai success stories chat gpt or microsoft copilot they have the capability to structure and then train large language machine learning models using vast amounts of data but in the subsurface we are dealing with unknowns because the data often isnt there or it is unstructured we rely on techniques like mapping and drilling to find it and even when we do have data it is often siloed in project files or on an individuals hard drive held in different file formats and organised in a wide array of different data standards meaning it cannot easily be combined
Machine learning in Earth’s shadows,p,https://www.seequent.com/artificial-intelligence-to-understand-the-underground,Geospatial AI: Artifical intelligence to understand the underground,"Discover how artificial intelligence is transforming the way geoscientists understand the underground. Learn about data-centric platforms, machine learning applications, and the future of geospatial AI in solving global challenges.",['Artificial intelligence to understand the underground\xa0'],2024-11-21T11:19:08.543363,Seequent,0.0,0.0,0,0,Other,machine learning in earths shadows
"The world is consuming resources at a faster rate than ever before, demanding geoscientists to find new ways to understand the underground; and do it better, smarter, and with less impact. There is no doubt AI will speed up data analysis, improve workflows and reduce manual errors for the geoprofessionals we work with. It will free up these operationally-critical teams to focus on more meaningful pursuits and deliver business efficiencies and better outcomes.",p,https://www.seequent.com/artificial-intelligence-to-understand-the-underground,Geospatial AI: Artifical intelligence to understand the underground,"Discover how artificial intelligence is transforming the way geoscientists understand the underground. Learn about data-centric platforms, machine learning applications, and the future of geospatial AI in solving global challenges.",['Artificial intelligence to understand the underground\xa0'],2024-11-21T11:19:08.543365,Seequent,0.3385281385281385,0.9041,0,0,Other,the world is consuming resources at a faster rate than ever before demanding geoscientists to find new ways to understand the underground and do it better smarter and with less impact there is no doubt ai will speed up data analysis improve workflows and reduce manual errors for the geoprofessionals we work with it will free up these operationallycritical teams to focus on more meaningful pursuits and deliver business efficiencies and better outcomes
"Several years ago, we identified that to help our customers use AI effectively within processes and workflows, we needed to dismantle the barriers limiting interoperability and liberating the data. This starts with a platform that seamlessly integrates data of any type or format, unlocking AI’s full potential for subsurface applications.",p,https://www.seequent.com/artificial-intelligence-to-understand-the-underground,Geospatial AI: Artifical intelligence to understand the underground,"Discover how artificial intelligence is transforming the way geoscientists understand the underground. Learn about data-centric platforms, machine learning applications, and the future of geospatial AI in solving global challenges.",['Artificial intelligence to understand the underground\xa0'],2024-11-21T11:19:08.543366,Seequent,0.20999999999999996,0.6808,2,2,Balanced,several years ago we identified that to help our customers use ai effectively within processes and workflows we needed to dismantle the barriers limiting interoperability and liberating the data this starts with a platform that seamlessly integrates data of any type or format unlocking ais full potential for subsurface applications
It all starts with the data: our data-centric ecosystem,p,https://www.seequent.com/artificial-intelligence-to-understand-the-underground,Geospatial AI: Artifical intelligence to understand the underground,"Discover how artificial intelligence is transforming the way geoscientists understand the underground. Learn about data-centric platforms, machine learning applications, and the future of geospatial AI in solving global challenges.",['Artificial intelligence to understand the underground\xa0'],2024-11-21T11:19:08.543368,Seequent,0.0,0.0,0,0,Other,it all starts with the data our datacentric ecosystem
"That’s why we’re building a unified and open data platform: The platform  will be open and our customers can easily integrate solutions and data sources, whether from Seequent or any other provider. It is designed to meet the rigorous data security and privacy requirements of the world’s largest organisations.",p,https://www.seequent.com/artificial-intelligence-to-understand-the-underground,Geospatial AI: Artifical intelligence to understand the underground,"Discover how artificial intelligence is transforming the way geoscientists understand the underground. Learn about data-centric platforms, machine learning applications, and the future of geospatial AI in solving global challenges.",['Artificial intelligence to understand the underground\xa0'],2024-11-21T11:19:08.543369,Seequent,0.07708333333333334,0.7184,2,2,Balanced,thats why were building a unified and open data platform the platform will be open and our customers can easily integrate solutions and data sources whether from seequent or any other provider it is designed to meet the rigorous data security and privacy requirements of the worlds largest organisations
"”Seequent is investing in the future of our planet by building this unique platform that will allow companies to build the deepest understanding of the underground that has ever been seen, by removing barriers to understanding. It is the connected future of technology for the subsurface. We can see it disrupting and transforming industries, at scale, in the years to come says Dr Boucher.",p,https://www.seequent.com/artificial-intelligence-to-understand-the-underground,Geospatial AI: Artifical intelligence to understand the underground,"Discover how artificial intelligence is transforming the way geoscientists understand the underground. Learn about data-centric platforms, machine learning applications, and the future of geospatial AI in solving global challenges.",['Artificial intelligence to understand the underground\xa0'],2024-11-21T11:19:08.543372,Seequent,0.125,0.2263,2,2,Balanced,seequent is investing in the future of our planet by building this unique platform that will allow companies to build the deepest understanding of the underground that has ever been seen by removing barriers to understanding it is the connected future of technology for the subsurface we can see it disrupting and transforming industries at scale in the years to come says dr boucher
"A leading player in the mining industry, and one of Seequent’s customers, has been a part of the early access program for the new data platform and sees it as a way to expedite their operations and enhance efficiencies, commenting: “We believe in the vision Seequent has, which is why we got involved in the early access program. If there is potential to make better use of our data, and save time in the process, that’s something we should all get on board with.”",p,https://www.seequent.com/artificial-intelligence-to-understand-the-underground,Geospatial AI: Artifical intelligence to understand the underground,"Discover how artificial intelligence is transforming the way geoscientists understand the underground. Learn about data-centric platforms, machine learning applications, and the future of geospatial AI in solving global challenges.",['Artificial intelligence to understand the underground\xa0'],2024-11-21T11:19:08.543374,Seequent,0.1672727272727273,0.8658,1,2,Value Proposition,a leading player in the mining industry and one of seequents customers has been a part of the early access program for the new data platform and sees it as a way to expedite their operations and enhance efficiencies commenting we believe in the vision seequent has which is why we got involved in the early access program if there is potential to make better use of our data and save time in the process thats something we should all get on board with
Enhancing product capabilities,p,https://www.seequent.com/artificial-intelligence-to-understand-the-underground,Geospatial AI: Artifical intelligence to understand the underground,"Discover how artificial intelligence is transforming the way geoscientists understand the underground. Learn about data-centric platforms, machine learning applications, and the future of geospatial AI in solving global challenges.",['Artificial intelligence to understand the underground\xa0'],2024-11-21T11:19:08.543376,Seequent,0.0,0.0,0,0,Other,enhancing product capabilities
"Work is also underway to bring in-product AI and Machine Learning (ML) capabilities to our customers’ workflows to automate repetitive tasks and reduce time spent on manual processing, while also speeding up analysis. This will enable geoprofessionals to address higher-value work and improve project outcomes.",p,https://www.seequent.com/artificial-intelligence-to-understand-the-underground,Geospatial AI: Artifical intelligence to understand the underground,"Discover how artificial intelligence is transforming the way geoscientists understand the underground. Learn about data-centric platforms, machine learning applications, and the future of geospatial AI in solving global challenges.",['Artificial intelligence to understand the underground\xa0'],2024-11-21T11:19:08.543378,Seequent,-0.175,0.2263,1,1,Balanced,work is also underway to bring inproduct ai and machine learning ml capabilities to our customers workflows to automate repetitive tasks and reduce time spent on manual processing while also speeding up analysis this will enable geoprofessionals to address highervalue work and improve project outcomes
"ML techniques use AI to enable a computer to learn and develop without explicit instruction. ML has great potential to speed up geoscience tasks, for example the lengthy interpretation of large amounts of field data.",p,https://www.seequent.com/artificial-intelligence-to-understand-the-underground,Geospatial AI: Artifical intelligence to understand the underground,"Discover how artificial intelligence is transforming the way geoscientists understand the underground. Learn about data-centric platforms, machine learning applications, and the future of geospatial AI in solving global challenges.",['Artificial intelligence to understand the underground\xa0'],2024-11-21T11:19:08.543379,Seequent,0.33809523809523806,0.6249,0,0,Other,ml techniques use ai to enable a computer to learn and develop without explicit instruction ml has great potential to speed up geoscience tasks for example the lengthy interpretation of large amounts of field data
A high-resolution image of subsurface core samples in Seequent’s Imago. New machine learning capability is speeding up the process of logging core image data.,p,https://www.seequent.com/artificial-intelligence-to-understand-the-underground,Geospatial AI: Artifical intelligence to understand the underground,"Discover how artificial intelligence is transforming the way geoscientists understand the underground. Learn about data-centric platforms, machine learning applications, and the future of geospatial AI in solving global challenges.",['Artificial intelligence to understand the underground\xa0'],2024-11-21T11:19:08.543381,Seequent,0.13636363636363635,0.0,1,1,Balanced,a highresolution image of subsurface core samples in seequents imago new machine learning capability is speeding up the process of logging core image data
"Imago AutoCrop – a nifty new tool in our image processing solution Imago – uses machine learning technology to automatically crop and linearise imagery of samples of subsurface materials, called cores. These core samples drilled from the ground are essential for pinpointing the location of mineral deposits for new and existing mines. As these samples degrade over time, capturing information when they have been freshly drilled is vital. Imago was developed to streamline the laborious task of core logging, which, according to a satisfied AutoCrop customer, has now transformed from hours to minutes.",p,https://www.seequent.com/artificial-intelligence-to-understand-the-underground,Geospatial AI: Artifical intelligence to understand the underground,"Discover how artificial intelligence is transforming the way geoscientists understand the underground. Learn about data-centric platforms, machine learning applications, and the future of geospatial AI in solving global challenges.",['Artificial intelligence to understand the underground\xa0'],2024-11-21T11:19:08.543383,Seequent,0.18181818181818182,0.7269,3,3,Balanced,imago autocrop a nifty new tool in our image processing solution imago uses machine learning technology to automatically crop and linearise imagery of samples of subsurface materials called cores these core samples drilled from the ground are essential for pinpointing the location of mineral deposits for new and existing mines as these samples degrade over time capturing information when they have been freshly drilled is vital imago was developed to streamline the laborious task of core logging which according to a satisfied autocrop customer has now transformed from hours to minutes
"We’re further enhancing this efficiency with new machine learning-assisted logging features and also running early access programs on cutting-edge data science techniques and the detection of geological trends, integrating AI and ML capabilities across our product portfolio.",p,https://www.seequent.com/artificial-intelligence-to-understand-the-underground,Geospatial AI: Artifical intelligence to understand the underground,"Discover how artificial intelligence is transforming the way geoscientists understand the underground. Learn about data-centric platforms, machine learning applications, and the future of geospatial AI in solving global challenges.",['Artificial intelligence to understand the underground\xa0'],2024-11-21T11:19:08.543384,Seequent,0.07878787878787878,0.4357,0,1,Value Proposition,were further enhancing this efficiency with new machine learningassisted logging features and also running early access programs on cuttingedge data science techniques and the detection of geological trends integrating ai and ml capabilities across our product portfolio
Customer-led innovation,p,https://www.seequent.com/artificial-intelligence-to-understand-the-underground,Geospatial AI: Artifical intelligence to understand the underground,"Discover how artificial intelligence is transforming the way geoscientists understand the underground. Learn about data-centric platforms, machine learning applications, and the future of geospatial AI in solving global challenges.",['Artificial intelligence to understand the underground\xa0'],2024-11-21T11:19:08.543386,Seequent,0.0,0.3818,0,0,Other,customerled innovation
And it’s not just what we’re doing. Our journey is fuelled by our customers’ creativity with our software. The geoscience team at Australian mining and exploration company IGO are building a virtual reality platform to find exploration targets using Seequent’s 3D modelling solution Leapfrog Geo.,p,https://www.seequent.com/artificial-intelligence-to-understand-the-underground,Geospatial AI: Artifical intelligence to understand the underground,"Discover how artificial intelligence is transforming the way geoscientists understand the underground. Learn about data-centric platforms, machine learning applications, and the future of geospatial AI in solving global challenges.",['Artificial intelligence to understand the underground\xa0'],2024-11-21T11:19:08.543388,Seequent,0.0,0.7717,3,3,Balanced,and its not just what were doing our journey is fuelled by our customers creativity with our software the geoscience team at australian mining and exploration company igo are building a virtual reality platform to find exploration targets using seequents d modelling solution leapfrog geo
"© 2024 Seequent, The Bentley Subsurface Company. All rights reserved",p,https://www.seequent.com/artificial-intelligence-to-understand-the-underground,Geospatial AI: Artifical intelligence to understand the underground,"Discover how artificial intelligence is transforming the way geoscientists understand the underground. Learn about data-centric platforms, machine learning applications, and the future of geospatial AI in solving global challenges.",['Artificial intelligence to understand the underground\xa0'],2024-11-21T11:19:08.543390,Seequent,0.0,0.0,1,1,Balanced,seequent the bentley subsurface company all rights reserved
Privacy Preference Center,h2,https://www.seequent.com/artificial-intelligence-to-understand-the-underground,Geospatial AI: Artifical intelligence to understand the underground,"Discover how artificial intelligence is transforming the way geoscientists understand the underground. Learn about data-centric platforms, machine learning applications, and the future of geospatial AI in solving global challenges.",['Artificial intelligence to understand the underground\xa0'],2024-11-21T11:19:08.543391,Seequent,-0.1,0.0,0,0,Other,privacy preference center
Your Privacy,h3,https://www.seequent.com/artificial-intelligence-to-understand-the-underground,Geospatial AI: Artifical intelligence to understand the underground,"Discover how artificial intelligence is transforming the way geoscientists understand the underground. Learn about data-centric platforms, machine learning applications, and the future of geospatial AI in solving global challenges.",['Artificial intelligence to understand the underground\xa0'],2024-11-21T11:19:08.543392,Seequent,0.0,0.0,0,0,Other,your privacy
Strictly Necessary Cookies,h3,https://www.seequent.com/artificial-intelligence-to-understand-the-underground,Geospatial AI: Artifical intelligence to understand the underground,"Discover how artificial intelligence is transforming the way geoscientists understand the underground. Learn about data-centric platforms, machine learning applications, and the future of geospatial AI in solving global challenges.",['Artificial intelligence to understand the underground\xa0'],2024-11-21T11:19:08.543394,Seequent,0.0,0.0,0,0,Other,strictly necessary cookies
Functional Cookies,h3,https://www.seequent.com/artificial-intelligence-to-understand-the-underground,Geospatial AI: Artifical intelligence to understand the underground,"Discover how artificial intelligence is transforming the way geoscientists understand the underground. Learn about data-centric platforms, machine learning applications, and the future of geospatial AI in solving global challenges.",['Artificial intelligence to understand the underground\xa0'],2024-11-21T11:19:08.543395,Seequent,0.0,0.0,0,0,Other,functional cookies
Performance Cookies,h3,https://www.seequent.com/artificial-intelligence-to-understand-the-underground,Geospatial AI: Artifical intelligence to understand the underground,"Discover how artificial intelligence is transforming the way geoscientists understand the underground. Learn about data-centric platforms, machine learning applications, and the future of geospatial AI in solving global challenges.",['Artificial intelligence to understand the underground\xa0'],2024-11-21T11:19:08.543397,Seequent,0.0,0.0,0,0,Other,performance cookies
Targeting Cookies,h3,https://www.seequent.com/artificial-intelligence-to-understand-the-underground,Geospatial AI: Artifical intelligence to understand the underground,"Discover how artificial intelligence is transforming the way geoscientists understand the underground. Learn about data-centric platforms, machine learning applications, and the future of geospatial AI in solving global challenges.",['Artificial intelligence to understand the underground\xa0'],2024-11-21T11:19:08.543398,Seequent,0.0,0.0,0,0,Other,targeting cookies
"When you visit our website, we will use cookies to ensure that you get the best experience on our website. These cookies might be about you, your preferences or your device. The information does not usually directly identify you, but it can give you a more personalized web experience. Because we respect your right to privacy, you can choose not to allow some types of cookies. Click on the different category headings to find out more and change our default settings. However, blocking some types of cookies may impact your experience of the site and the services we are able to offer. For more information, please see our Cookie Policy.

We will need to use a cookie to remember the choices that you have made within our cookie consent manager. This will have a couple of consequences:

If you delete all your cookies you will have to update your preferences with us again.
If you use a different device or browser you will have to tell us your preferences again.",p,https://www.seequent.com/artificial-intelligence-to-understand-the-underground,Geospatial AI: Artifical intelligence to understand the underground,"Discover how artificial intelligence is transforming the way geoscientists understand the underground. Learn about data-centric platforms, machine learning applications, and the future of geospatial AI in solving global challenges.",['Artificial intelligence to understand the underground\xa0'],2024-11-21T11:19:08.543401,Seequent,0.3595238095238095,0.8346,2,2,Balanced,when you visit our website we will use cookies to ensure that you get the best experience on our website these cookies might be about you your preferences or your device the information does not usually directly identify you but it can give you a more personalized web experience because we respect your right to privacy you can choose not to allow some types of cookies click on the different category headings to find out more and change our default settings however blocking some types of cookies may impact your experience of the site and the services we are able to offer for more information please see our cookie policy we will need to use a cookie to remember the choices that you have made within our cookie consent manager this will have a couple of consequences if you delete all your cookies you will have to update your preferences with us again if you use a different device or browser you will have to tell us your preferences again
We will need to use a cookie to remember the choices that you have made within our cookie consent manager. This will have a couple of consequences:,p,https://www.seequent.com/artificial-intelligence-to-understand-the-underground,Geospatial AI: Artifical intelligence to understand the underground,"Discover how artificial intelligence is transforming the way geoscientists understand the underground. Learn about data-centric platforms, machine learning applications, and the future of geospatial AI in solving global challenges.",['Artificial intelligence to understand the underground\xa0'],2024-11-21T11:19:08.543403,Seequent,0.0,0.2263,0,0,Other,we will need to use a cookie to remember the choices that you have made within our cookie consent manager this will have a couple of consequences
"These cookies are necessary for the website to function and cannot be switched off in our systems. They are usually only set in response to actions made by you which amount to a request for services, such as setting your privacy preferences, logging in or filling in forms. You can set your browser to block or alert you about these cookies, but some parts of the site will not then work. These cookies do not store any personally identifiable information.",p,https://www.seequent.com/artificial-intelligence-to-understand-the-underground,Geospatial AI: Artifical intelligence to understand the underground,"Discover how artificial intelligence is transforming the way geoscientists understand the underground. Learn about data-centric platforms, machine learning applications, and the future of geospatial AI in solving global challenges.",['Artificial intelligence to understand the underground\xa0'],2024-11-21T11:19:08.543405,Seequent,0.025,-0.09,0,0,Other,these cookies are necessary for the website to function and cannot be switched off in our systems they are usually only set in response to actions made by you which amount to a request for services such as setting your privacy preferences logging in or filling in forms you can set your browser to block or alert you about these cookies but some parts of the site will not then work these cookies do not store any personally identifiable information
These cookies enable the website to provide enhanced functionality and personalisation. They may be set by us or by third party providers whose services we have added to our pages. If you do not allow these cookies then some or all of these services may not function properly.,p,https://www.seequent.com/artificial-intelligence-to-understand-the-underground,Geospatial AI: Artifical intelligence to understand the underground,"Discover how artificial intelligence is transforming the way geoscientists understand the underground. Learn about data-centric platforms, machine learning applications, and the future of geospatial AI in solving global challenges.",['Artificial intelligence to understand the underground\xa0'],2024-11-21T11:19:08.543406,Seequent,0.0,0.2579,0,0,Other,these cookies enable the website to provide enhanced functionality and personalisation they may be set by us or by third party providers whose services we have added to our pages if you do not allow these cookies then some or all of these services may not function properly
"These cookies allow us to count visits and traffic sources so we can measure and improve the performance of our site. They help us to know which pages are the most and least popular and see how visitors move around the site. All information these cookies collect is aggregated and therefore anonymous. If you do not allow these cookies we will not know when you have visited our site, and will not be able to monitor its performance.",p,https://www.seequent.com/artificial-intelligence-to-understand-the-underground,Geospatial AI: Artifical intelligence to understand the underground,"Discover how artificial intelligence is transforming the way geoscientists understand the underground. Learn about data-centric platforms, machine learning applications, and the future of geospatial AI in solving global challenges.",['Artificial intelligence to understand the underground\xa0'],2024-11-21T11:19:08.543408,Seequent,0.325,0.7071,0,0,Other,these cookies allow us to count visits and traffic sources so we can measure and improve the performance of our site they help us to know which pages are the most and least popular and see how visitors move around the site all information these cookies collect is aggregated and therefore anonymous if you do not allow these cookies we will not know when you have visited our site and will not be able to monitor its performance
"These cookies may be set through our site by our advertising partners. They may be used by those companies to build a profile of your interests and show you relevant adverts on other sites. They do not store directly personal information, but are based on uniquely identifying your browser and internet device. If you do not allow these cookies, you will experience less targeted advertising.",p,https://www.seequent.com/artificial-intelligence-to-understand-the-underground,Geospatial AI: Artifical intelligence to understand the underground,"Discover how artificial intelligence is transforming the way geoscientists understand the underground. Learn about data-centric platforms, machine learning applications, and the future of geospatial AI in solving global challenges.",['Artificial intelligence to understand the underground\xa0'],2024-11-21T11:19:08.543409,Seequent,0.09666666666666668,-0.1278,0,0,Other,these cookies may be set through our site by our advertising partners they may be used by those companies to build a profile of your interests and show you relevant adverts on other sites they do not store directly personal information but are based on uniquely identifying your browser and internet device if you do not allow these cookies you will experience less targeted advertising
Cookie List,h3,https://www.seequent.com/artificial-intelligence-to-understand-the-underground,Geospatial AI: Artifical intelligence to understand the underground,"Discover how artificial intelligence is transforming the way geoscientists understand the underground. Learn about data-centric platforms, machine learning applications, and the future of geospatial AI in solving global challenges.",['Artificial intelligence to understand the underground\xa0'],2024-11-21T11:19:08.543410,Seequent,0.0,0.0,0,0,Other,cookie list
"Artificial Intelligence has great potential, but it’s only human…",h1,https://www.seequent.com/artificial-intelligence-has-great-potential-but-its-only-human,"Artificial Intelligence has great potential, but it’s only human… - News & Updates",,"['Artificial Intelligence has great potential, but it’s only human…']",2024-11-21T11:19:09.977205,Seequent,0.05000000000000002,0.5574,0,0,Other,artificial intelligence has great potential but its only human
Is the growth of AI in geoscience industries being held back by unrealistic expectations of “the magic” it can perform? Are we missing out on a valuable technology because we’re feeding it the wrong data diet?,h3,https://www.seequent.com/artificial-intelligence-has-great-potential-but-its-only-human,"Artificial Intelligence has great potential, but it’s only human… - News & Updates",,"['Artificial Intelligence has great potential, but it’s only human…']",2024-11-21T11:19:09.977217,Seequent,-0.13999999999999999,0.1926,0,0,Other,is the growth of ai in geoscience industries being held back by unrealistic expectations of the magic it can perform are we missing out on a valuable technology because were feeding it the wrong data diet
Our Seequent Evo webinar on The application of AI and ML in Geoscience explores a range of current Artificial Intelligence and Machine Learning questions.,p,https://www.seequent.com/artificial-intelligence-has-great-potential-but-its-only-human,"Artificial Intelligence has great potential, but it’s only human… - News & Updates",,"['Artificial Intelligence has great potential, but it’s only human…']",2024-11-21T11:19:09.977219,Seequent,-0.3,0.4767,0,0,Other,our seequent evo webinar on the application of ai and ml in geoscience explores a range of current artificial intelligence and machine learning questions
Six panellists touch on subjects as broad as the simplest definition – “an enabler of things” – through to the power of human versus computer judgement in the geoscience field. But one tenet they all return to is AI’s dependency on good quality data to do its job.,p,https://www.seequent.com/artificial-intelligence-has-great-potential-but-its-only-human,"Artificial Intelligence has great potential, but it’s only human… - News & Updates",,"['Artificial Intelligence has great potential, but it’s only human…']",2024-11-21T11:19:09.977222,Seequent,0.25416666666666665,0.5927,0,0,Other,six panellists touch on subjects as broad as the simplest definition an enabler of things through to the power of human versus computer judgement in the geoscience field but one tenet they all return to is ais dependency on good quality data to do its job
"The combination of AI and ML holds huge potential for any sector that has geoscience at its heart, and the technologies have advanced dramatically across the last decade. For example, this year Google declared it had trained its open-source Switch Transformer AI model to scale up to a record 1.6 trillion parameters, whereas nine years earlier, a ‘mere’ 60 million had been considered a remarkable achievement.",p,https://www.seequent.com/artificial-intelligence-has-great-potential-but-its-only-human,"Artificial Intelligence has great potential, but it’s only human… - News & Updates",,"['Artificial Intelligence has great potential, but it’s only human…']",2024-11-21T11:19:09.977223,Seequent,0.15,0.7845,0,1,Value Proposition,the combination of ai and ml holds huge potential for any sector that has geoscience at its heart and the technologies have advanced dramatically across the last decade for example this year google declared it had trained its opensource switch transformer ai model to scale up to a record trillion parameters whereas nine years earlier a mere million had been considered a remarkable achievement
"AI has already proved its mettle in solving scientific questions beyond the ability of humans, and doing so at remarkable speed. So it’s not surprising that with the appropriate tools, approach, and data to work on, AI and ML promise to increase productivity, reduce waste, enhance the accuracy and speed of exploration, and lift the drudge of dull, repetitive tasks from geoscientists so they can focus on what they do best and add value to the business.",p,https://www.seequent.com/artificial-intelligence-has-great-potential-but-its-only-human,"Artificial Intelligence has great potential, but it’s only human… - News & Updates",,"['Artificial Intelligence has great potential, but it’s only human…']",2024-11-21T11:19:09.977231,Seequent,0.16547619047619047,0.9022,1,3,Value Proposition,ai has already proved its mettle in solving scientific questions beyond the ability of humans and doing so at remarkable speed so its not surprising that with the appropriate tools approach and data to work on ai and ml promise to increase productivity reduce waste enhance the accuracy and speed of exploration and lift the drudge of dull repetitive tasks from geoscientists so they can focus on what they do best and add value to the business
"But to date both Al and ML have received only cautious welcomes from geoscience-based industries, and penetration in areas where they could make real contributions remains limited. Why?",p,https://www.seequent.com/artificial-intelligence-has-great-potential-but-its-only-human,"Artificial Intelligence has great potential, but it’s only human… - News & Updates",,"['Artificial Intelligence has great potential, but it’s only human…']",2024-11-21T11:19:09.977232,Seequent,0.042857142857142864,0.1531,0,0,Other,but to date both al and ml have received only cautious welcomes from geosciencebased industries and penetration in areas where they could make real contributions remains limited why
Cool tools still need grounded targets,h3,https://www.seequent.com/artificial-intelligence-has-great-potential-but-its-only-human,"Artificial Intelligence has great potential, but it’s only human… - News & Updates",,"['Artificial Intelligence has great potential, but it’s only human…']",2024-11-21T11:19:09.977233,Seequent,0.35,0.3182,0,0,Other,cool tools still need grounded targets
"“There is a sense of hyper excitement around these technologies”, says Sebastian Goodfellow, Assistant Professor, Civil and Mineral Engineering, University of Toronto. “People want to use cool tools, but at their heart Al and Machine Learning are just mathematics, they’re not magic!” And like any other mathematical tool, they need reliable, consistent, quality data to function effectively.",p,https://www.seequent.com/artificial-intelligence-has-great-potential-but-its-only-human,"Artificial Intelligence has great potential, but it’s only human… - News & Updates",,"['Artificial Intelligence has great potential, but it’s only human…']",2024-11-21T11:19:09.977236,Seequent,0.12708333333333333,0.6572,0,1,Value Proposition,there is a sense of hyper excitement around these technologies says sebastian goodfellow assistant professor civil and mineral engineering university of toronto people want to use cool tools but at their heart al and machine learning are just mathematics theyre not magic and like any other mathematical tool they need reliable consistent quality data to function effectively
Interpretation vs contradiction,h3,https://www.seequent.com/artificial-intelligence-has-great-potential-but-its-only-human,"Artificial Intelligence has great potential, but it’s only human… - News & Updates",,"['Artificial Intelligence has great potential, but it’s only human…']",2024-11-21T11:19:09.977237,Seequent,0.0,-0.25,0,0,Other,interpretation vs contradiction
"For better or worse, much geoscience data is wrapped up in interpretation, and this poses an issue for AI. Even at the basic level of, say, labelling rock types for drill core data, the results can vary from geo to geo, situation to situation, with data gatherers having to synthesise all the inputs while striving to maintain consistent judgements.",p,https://www.seequent.com/artificial-intelligence-has-great-potential-but-its-only-human,"Artificial Intelligence has great potential, but it’s only human… - News & Updates",,"['Artificial Intelligence has great potential, but it’s only human…']",2024-11-21T11:19:09.977239,Seequent,0.11000000000000001,-0.0516,1,1,Balanced,for better or worse much geoscience data is wrapped up in interpretation and this poses an issue for ai even at the basic level of say labelling rock types for drill core data the results can vary from geo to geo situation to situation with data gatherers having to synthesise all the inputs while striving to maintain consistent judgements
"“Human beings are very capable of balancing contradictions in our heads,” says Sam Cantor, Section head, Economic Geology at Minerva.",p,https://www.seequent.com/artificial-intelligence-has-great-potential-but-its-only-human,"Artificial Intelligence has great potential, but it’s only human… - News & Updates",,"['Artificial Intelligence has great potential, but it’s only human…']",2024-11-21T11:19:09.977240,Seequent,0.15333333333333335,0.1513,1,1,Balanced,human beings are very capable of balancing contradictions in our heads says sam cantor section head economic geology at minerva
"“We can log a region and call it a certain rock type, then go away, do something else, come back later and find that our present self now disagrees with our past self. We can handle that contradiction. Unfortunately machines cannot…”",p,https://www.seequent.com/artificial-intelligence-has-great-potential-but-its-only-human,"Artificial Intelligence has great potential, but it’s only human… - News & Updates",,"['Artificial Intelligence has great potential, but it’s only human…']",2024-11-21T11:19:09.977242,Seequent,-0.08928571428571429,-0.5574,0,0,Other,we can log a region and call it a certain rock type then go away do something else come back later and find that our present self now disagrees with our past self we can handle that contradiction unfortunately machines cannot
Sometimes more data is not the answer,h3,https://www.seequent.com/artificial-intelligence-has-great-potential-but-its-only-human,"Artificial Intelligence has great potential, but it’s only human… - News & Updates",,"['Artificial Intelligence has great potential, but it’s only human…']",2024-11-21T11:19:09.977243,Seequent,0.5,0.0,0,0,Other,sometimes more data is not the answer
"Working with good quality, unbiased data from the outset is an imperative for successful AI and ML applications, agreed all panellists on our webinar. “There is also a common wisdom in Machine Learning that the more data the better”, adds Sebastian Goodfellow. “But often what we actually see flies in the face of that.",p,https://www.seequent.com/artificial-intelligence-has-great-potential-but-its-only-human,"Artificial Intelligence has great potential, but it’s only human… - News & Updates",,"['Artificial Intelligence has great potential, but it’s only human…']",2024-11-21T11:19:09.977244,Seequent,0.35833333333333334,0.9022,0,0,Other,working with good quality unbiased data from the outset is an imperative for successful ai and ml applications agreed all panellists on our webinar there is also a common wisdom in machine learning that the more data the better adds sebastian goodfellow but often what we actually see flies in the face of that
"“A smaller, well-labelled data set is, from my experience in this domain, much more useful than a big data set of noisy labels.”",p,https://www.seequent.com/artificial-intelligence-has-great-potential-but-its-only-human,"Artificial Intelligence has great potential, but it’s only human… - News & Updates",,"['Artificial Intelligence has great potential, but it’s only human…']",2024-11-21T11:19:09.977246,Seequent,0.2,0.3597,0,0,Other,a smaller welllabelled data set is from my experience in this domain much more useful than a big data set of noisy labels
Where can it work best?,h3,https://www.seequent.com/artificial-intelligence-has-great-potential-but-its-only-human,"Artificial Intelligence has great potential, but it’s only human… - News & Updates",,"['Artificial Intelligence has great potential, but it’s only human…']",2024-11-21T11:19:09.977247,Seequent,1.0,0.6369,0,0,Other,where can it work best
So where did our panellists believe geoscience-based industries could find the most successful and profitable inroads to AI and ML usage?,p,https://www.seequent.com/artificial-intelligence-has-great-potential-but-its-only-human,"Artificial Intelligence has great potential, but it’s only human… - News & Updates",,"['Artificial Intelligence has great potential, but it’s only human…']",2024-11-21T11:19:09.977248,Seequent,0.625,0.8051,0,0,Other,so where did our panellists believe geosciencebased industries could find the most successful and profitable inroads to ai and ml usage
"Natalie Caciagli, Practice Lead Geochemistry at BHP, “Look for areas where you are currently collecting robust data, and by that I mean things like numerical geochemical data, something that’s not dependant on human judgement or observation. It’s data we already know is unbiased – a lot easier than working with visual logging comments for example – and is therefore the easiest to deal with.”",p,https://www.seequent.com/artificial-intelligence-has-great-potential-but-its-only-human,"Artificial Intelligence has great potential, but it’s only human… - News & Updates",,"['Artificial Intelligence has great potential, but it’s only human…']",2024-11-21T11:19:09.977249,Seequent,-0.078125,0.8555,0,1,Value Proposition,natalie caciagli practice lead geochemistry at bhp look for areas where you are currently collecting robust data and by that i mean things like numerical geochemical data something thats not dependant on human judgement or observation its data we already know is unbiased a lot easier than working with visual logging comments for example and is therefore the easiest to deal with
"Lucy Potter, Geology and Mineral Resources Professional, “As an industry we tend to place a lot of value or ‘glamour’ on the people processing the data, when it’s the people collecting the data and doing it with consistency and the right controls who are important for AI and Machine Learning. If the data is collected properly from the outset, it gives you a real headstart.”",p,https://www.seequent.com/artificial-intelligence-has-great-potential-but-its-only-human,"Artificial Intelligence has great potential, but it’s only human… - News & Updates",,"['Artificial Intelligence has great potential, but it’s only human…']",2024-11-21T11:19:09.977251,Seequent,0.19714285714285715,0.4939,2,2,Balanced,lucy potter geology and mineral resources professional as an industry we tend to place a lot of value or glamour on the people processing the data when its the people collecting the data and doing it with consistency and the right controls who are important for ai and machine learning if the data is collected properly from the outset it gives you a real headstart
"Sam Cantor, Section head, Economic Geology, Minerva, “For exploration projects with small teams, where it may just be one geologist, I think the more narrow AI tasks that automate a repetitive, time consuming job can be really valuable. Tasks that don’t need an expert geologist’s attention are great places to apply AI solutions, and are really implementable at these scales.”",p,https://www.seequent.com/artificial-intelligence-has-great-potential-but-its-only-human,"Artificial Intelligence has great potential, but it’s only human… - News & Updates",,"['Artificial Intelligence has great potential, but it’s only human…']",2024-11-21T11:19:09.977252,Seequent,0.15,0.8439,2,2,Balanced,sam cantor section head economic geology minerva for exploration projects with small teams where it may just be one geologist i think the more narrow ai tasks that automate a repetitive time consuming job can be really valuable tasks that dont need an expert geologists attention are great places to apply ai solutions and are really implementable at these scales
"Mike Martos, Chief Geological Data Scientist, Newmont, “As humans, we can only think probably in three, four, or five different dimensions. Computers can help us look at hundreds of different layers or columns, and try to make sense of it, or find patterns… Machine Learning is useful for reducing the dimensionality of all that data and feeding it into a more interpretable pipeline. But ultimately, to Sam’s point, that judgement decision is left to the humans.”",p,https://www.seequent.com/artificial-intelligence-has-great-potential-but-its-only-human,"Artificial Intelligence has great potential, but it’s only human… - News & Updates",,"['Artificial Intelligence has great potential, but it’s only human…']",2024-11-21T11:19:09.977253,Seequent,0.1142857142857143,0.4215,0,0,Other,mike martos chief geological data scientist newmont as humans we can only think probably in three four or five different dimensions computers can help us look at hundreds of different layers or columns and try to make sense of it or find patterns machine learning is useful for reducing the dimensionality of all that data and feeding it into a more interpretable pipeline but ultimately to sams point that judgement decision is left to the humans
"Mikael Arthursson, CTO at Minalyze, “Remember that it doesn’t always have to be too complex. You don’t necessarily have to throw a full blown, deep-learning algorithm at every problem out there. Sometimes a simple decision tree or a set of very clear rules might get you there fast, efficiently and simply – and still fall under the definition of AI even if it’s not deep learning.”",p,https://www.seequent.com/artificial-intelligence-has-great-potential-but-its-only-human,"Artificial Intelligence has great potential, but it’s only human… - News & Updates",,"['Artificial Intelligence has great potential, but it’s only human…']",2024-11-21T11:19:09.977255,Seequent,0.0475,0.4391,1,2,Value Proposition,mikael arthursson cto at minalyze remember that it doesnt always have to be too complex you dont necessarily have to throw a full blown deeplearning algorithm at every problem out there sometimes a simple decision tree or a set of very clear rules might get you there fast efficiently and simply and still fall under the definition of ai even if its not deep learning
"To watch our full webinar, follow the link below",h2,https://www.seequent.com/artificial-intelligence-has-great-potential-but-its-only-human,"Artificial Intelligence has great potential, but it’s only human… - News & Updates",,"['Artificial Intelligence has great potential, but it’s only human…']",2024-11-21T11:19:09.977256,Seequent,0.35,0.0,0,0,Other,to watch our full webinar follow the link below
Panelists,h3,https://www.seequent.com/artificial-intelligence-has-great-potential-but-its-only-human,"Artificial Intelligence has great potential, but it’s only human… - News & Updates",,"['Artificial Intelligence has great potential, but it’s only human…']",2024-11-21T11:19:09.977257,Seequent,0.0,0.0,0,0,Other,panelists
"© 2024 Seequent, The Bentley Subsurface Company. All rights reserved",p,https://www.seequent.com/artificial-intelligence-has-great-potential-but-its-only-human,"Artificial Intelligence has great potential, but it’s only human… - News & Updates",,"['Artificial Intelligence has great potential, but it’s only human…']",2024-11-21T11:19:09.977262,Seequent,0.0,0.0,1,1,Balanced,seequent the bentley subsurface company all rights reserved
Privacy Preference Center,h2,https://www.seequent.com/artificial-intelligence-has-great-potential-but-its-only-human,"Artificial Intelligence has great potential, but it’s only human… - News & Updates",,"['Artificial Intelligence has great potential, but it’s only human…']",2024-11-21T11:19:09.977263,Seequent,-0.1,0.0,0,0,Other,privacy preference center
Your Privacy,h3,https://www.seequent.com/artificial-intelligence-has-great-potential-but-its-only-human,"Artificial Intelligence has great potential, but it’s only human… - News & Updates",,"['Artificial Intelligence has great potential, but it’s only human…']",2024-11-21T11:19:09.977264,Seequent,0.0,0.0,0,0,Other,your privacy
Strictly Necessary Cookies,h3,https://www.seequent.com/artificial-intelligence-has-great-potential-but-its-only-human,"Artificial Intelligence has great potential, but it’s only human… - News & Updates",,"['Artificial Intelligence has great potential, but it’s only human…']",2024-11-21T11:19:09.977266,Seequent,0.0,0.0,0,0,Other,strictly necessary cookies
Functional Cookies,h3,https://www.seequent.com/artificial-intelligence-has-great-potential-but-its-only-human,"Artificial Intelligence has great potential, but it’s only human… - News & Updates",,"['Artificial Intelligence has great potential, but it’s only human…']",2024-11-21T11:19:09.977268,Seequent,0.0,0.0,0,0,Other,functional cookies
Performance Cookies,h3,https://www.seequent.com/artificial-intelligence-has-great-potential-but-its-only-human,"Artificial Intelligence has great potential, but it’s only human… - News & Updates",,"['Artificial Intelligence has great potential, but it’s only human…']",2024-11-21T11:19:09.977269,Seequent,0.0,0.0,0,0,Other,performance cookies
Targeting Cookies,h3,https://www.seequent.com/artificial-intelligence-has-great-potential-but-its-only-human,"Artificial Intelligence has great potential, but it’s only human… - News & Updates",,"['Artificial Intelligence has great potential, but it’s only human…']",2024-11-21T11:19:09.977270,Seequent,0.0,0.0,0,0,Other,targeting cookies
"When you visit our website, we will use cookies to ensure that you get the best experience on our website. These cookies might be about you, your preferences or your device. The information does not usually directly identify you, but it can give you a more personalized web experience. Because we respect your right to privacy, you can choose not to allow some types of cookies. Click on the different category headings to find out more and change our default settings. However, blocking some types of cookies may impact your experience of the site and the services we are able to offer. For more information, please see our Cookie Policy.

We will need to use a cookie to remember the choices that you have made within our cookie consent manager. This will have a couple of consequences:

If you delete all your cookies you will have to update your preferences with us again.
If you use a different device or browser you will have to tell us your preferences again.",p,https://www.seequent.com/artificial-intelligence-has-great-potential-but-its-only-human,"Artificial Intelligence has great potential, but it’s only human… - News & Updates",,"['Artificial Intelligence has great potential, but it’s only human…']",2024-11-21T11:19:09.977274,Seequent,0.3595238095238095,0.8346,2,2,Balanced,when you visit our website we will use cookies to ensure that you get the best experience on our website these cookies might be about you your preferences or your device the information does not usually directly identify you but it can give you a more personalized web experience because we respect your right to privacy you can choose not to allow some types of cookies click on the different category headings to find out more and change our default settings however blocking some types of cookies may impact your experience of the site and the services we are able to offer for more information please see our cookie policy we will need to use a cookie to remember the choices that you have made within our cookie consent manager this will have a couple of consequences if you delete all your cookies you will have to update your preferences with us again if you use a different device or browser you will have to tell us your preferences again
We will need to use a cookie to remember the choices that you have made within our cookie consent manager. This will have a couple of consequences:,p,https://www.seequent.com/artificial-intelligence-has-great-potential-but-its-only-human,"Artificial Intelligence has great potential, but it’s only human… - News & Updates",,"['Artificial Intelligence has great potential, but it’s only human…']",2024-11-21T11:19:09.977275,Seequent,0.0,0.2263,0,0,Other,we will need to use a cookie to remember the choices that you have made within our cookie consent manager this will have a couple of consequences
"These cookies are necessary for the website to function and cannot be switched off in our systems. They are usually only set in response to actions made by you which amount to a request for services, such as setting your privacy preferences, logging in or filling in forms. You can set your browser to block or alert you about these cookies, but some parts of the site will not then work. These cookies do not store any personally identifiable information.",p,https://www.seequent.com/artificial-intelligence-has-great-potential-but-its-only-human,"Artificial Intelligence has great potential, but it’s only human… - News & Updates",,"['Artificial Intelligence has great potential, but it’s only human…']",2024-11-21T11:19:09.977277,Seequent,0.025,-0.09,0,0,Other,these cookies are necessary for the website to function and cannot be switched off in our systems they are usually only set in response to actions made by you which amount to a request for services such as setting your privacy preferences logging in or filling in forms you can set your browser to block or alert you about these cookies but some parts of the site will not then work these cookies do not store any personally identifiable information
These cookies enable the website to provide enhanced functionality and personalisation. They may be set by us or by third party providers whose services we have added to our pages. If you do not allow these cookies then some or all of these services may not function properly.,p,https://www.seequent.com/artificial-intelligence-has-great-potential-but-its-only-human,"Artificial Intelligence has great potential, but it’s only human… - News & Updates",,"['Artificial Intelligence has great potential, but it’s only human…']",2024-11-21T11:19:09.977279,Seequent,0.0,0.2579,0,0,Other,these cookies enable the website to provide enhanced functionality and personalisation they may be set by us or by third party providers whose services we have added to our pages if you do not allow these cookies then some or all of these services may not function properly
"These cookies allow us to count visits and traffic sources so we can measure and improve the performance of our site. They help us to know which pages are the most and least popular and see how visitors move around the site. All information these cookies collect is aggregated and therefore anonymous. If you do not allow these cookies we will not know when you have visited our site, and will not be able to monitor its performance.",p,https://www.seequent.com/artificial-intelligence-has-great-potential-but-its-only-human,"Artificial Intelligence has great potential, but it’s only human… - News & Updates",,"['Artificial Intelligence has great potential, but it’s only human…']",2024-11-21T11:19:09.977280,Seequent,0.325,0.7071,0,0,Other,these cookies allow us to count visits and traffic sources so we can measure and improve the performance of our site they help us to know which pages are the most and least popular and see how visitors move around the site all information these cookies collect is aggregated and therefore anonymous if you do not allow these cookies we will not know when you have visited our site and will not be able to monitor its performance
"These cookies may be set through our site by our advertising partners. They may be used by those companies to build a profile of your interests and show you relevant adverts on other sites. They do not store directly personal information, but are based on uniquely identifying your browser and internet device. If you do not allow these cookies, you will experience less targeted advertising.",p,https://www.seequent.com/artificial-intelligence-has-great-potential-but-its-only-human,"Artificial Intelligence has great potential, but it’s only human… - News & Updates",,"['Artificial Intelligence has great potential, but it’s only human…']",2024-11-21T11:19:09.977282,Seequent,0.09666666666666668,-0.1278,0,0,Other,these cookies may be set through our site by our advertising partners they may be used by those companies to build a profile of your interests and show you relevant adverts on other sites they do not store directly personal information but are based on uniquely identifying your browser and internet device if you do not allow these cookies you will experience less targeted advertising
Cookie List,h3,https://www.seequent.com/artificial-intelligence-has-great-potential-but-its-only-human,"Artificial Intelligence has great potential, but it’s only human… - News & Updates",,"['Artificial Intelligence has great potential, but it’s only human…']",2024-11-21T11:19:09.977283,Seequent,0.0,0.0,0,0,Other,cookie list
Equivest Metals,p,https://www.equivestmetals.com/,Equivest Metals - AI-driven mineral systems models for mining exploration,Equivest Metals uses our AI-driven mineral systems models to pinpoint critical processes needed to form large mineral deposits. Our focus is to improve mineral exploration success rates.,"['Using our AI-driven mineral systems models, we pinpoint critical processes needed to form large mineral deposits.', 'Our main goal is to significantly increase exploration success rates']",2024-11-21T11:19:13.748401,Equivest Metals,0.0,0.0,0,0,Other,equivest metals
Home,p,https://www.equivestmetals.com/,Equivest Metals - AI-driven mineral systems models for mining exploration,Equivest Metals uses our AI-driven mineral systems models to pinpoint critical processes needed to form large mineral deposits. Our focus is to improve mineral exploration success rates.,"['Using our AI-driven mineral systems models, we pinpoint critical processes needed to form large mineral deposits.', 'Our main goal is to significantly increase exploration success rates']",2024-11-21T11:19:13.748414,Equivest Metals,0.0,0.0,0,0,Other,home
Services,p,https://www.equivestmetals.com/,Equivest Metals - AI-driven mineral systems models for mining exploration,Equivest Metals uses our AI-driven mineral systems models to pinpoint critical processes needed to form large mineral deposits. Our focus is to improve mineral exploration success rates.,"['Using our AI-driven mineral systems models, we pinpoint critical processes needed to form large mineral deposits.', 'Our main goal is to significantly increase exploration success rates']",2024-11-21T11:19:13.748416,Equivest Metals,0.0,0.0,0,0,Other,services
Contact,p,https://www.equivestmetals.com/,Equivest Metals - AI-driven mineral systems models for mining exploration,Equivest Metals uses our AI-driven mineral systems models to pinpoint critical processes needed to form large mineral deposits. Our focus is to improve mineral exploration success rates.,"['Using our AI-driven mineral systems models, we pinpoint critical processes needed to form large mineral deposits.', 'Our main goal is to significantly increase exploration success rates']",2024-11-21T11:19:13.748418,Equivest Metals,0.0,0.0,0,0,Other,contact
Blog,p,https://www.equivestmetals.com/,Equivest Metals - AI-driven mineral systems models for mining exploration,Equivest Metals uses our AI-driven mineral systems models to pinpoint critical processes needed to form large mineral deposits. Our focus is to improve mineral exploration success rates.,"['Using our AI-driven mineral systems models, we pinpoint critical processes needed to form large mineral deposits.', 'Our main goal is to significantly increase exploration success rates']",2024-11-21T11:19:13.748419,Equivest Metals,0.0,0.0,0,0,Other,blog
More,p,https://www.equivestmetals.com/,Equivest Metals - AI-driven mineral systems models for mining exploration,Equivest Metals uses our AI-driven mineral systems models to pinpoint critical processes needed to form large mineral deposits. Our focus is to improve mineral exploration success rates.,"['Using our AI-driven mineral systems models, we pinpoint critical processes needed to form large mineral deposits.', 'Our main goal is to significantly increase exploration success rates']",2024-11-21T11:19:13.748421,Equivest Metals,0.5,0.0,0,0,Other,more
"Using our AI-driven mineral systems models, we pinpoint critical processes needed to form large mineral deposits.",h1,https://www.equivestmetals.com/,Equivest Metals - AI-driven mineral systems models for mining exploration,Equivest Metals uses our AI-driven mineral systems models to pinpoint critical processes needed to form large mineral deposits. Our focus is to improve mineral exploration success rates.,"['Using our AI-driven mineral systems models, we pinpoint critical processes needed to form large mineral deposits.', 'Our main goal is to significantly increase exploration success rates']",2024-11-21T11:19:13.748422,Equivest Metals,0.10714285714285714,-0.3182,1,1,Balanced,using our aidriven mineral systems models we pinpoint critical processes needed to form large mineral deposits
Our main goal is to significantly increase exploration success rates,h1,https://www.equivestmetals.com/,Equivest Metals - AI-driven mineral systems models for mining exploration,Equivest Metals uses our AI-driven mineral systems models to pinpoint critical processes needed to form large mineral deposits. Our focus is to improve mineral exploration success rates.,"['Using our AI-driven mineral systems models, we pinpoint critical processes needed to form large mineral deposits.', 'Our main goal is to significantly increase exploration success rates']",2024-11-21T11:19:13.748424,Equivest Metals,0.2805555555555555,0.7845,1,1,Balanced,our main goal is to significantly increase exploration success rates
Identify Tier 1 geology,h2,https://www.equivestmetals.com/,Equivest Metals - AI-driven mineral systems models for mining exploration,Equivest Metals uses our AI-driven mineral systems models to pinpoint critical processes needed to form large mineral deposits. Our focus is to improve mineral exploration success rates.,"['Using our AI-driven mineral systems models, we pinpoint critical processes needed to form large mineral deposits.', 'Our main goal is to significantly increase exploration success rates']",2024-11-21T11:19:13.748427,Equivest Metals,0.0,0.0,1,1,Balanced,identify tier geology
"Today, exploration happens backwards by trying to turn mineral occurrences into major deposits.

At Equivest, we think differently and start with Mineral Systems by understanding and mapping processes that form large deposits.It's not about forcing a find; it's about knowing where to look.",p,https://www.equivestmetals.com/,Equivest Metals - AI-driven mineral systems models for mining exploration,Equivest Metals uses our AI-driven mineral systems models to pinpoint critical processes needed to form large mineral deposits. Our focus is to improve mineral exploration success rates.,"['Using our AI-driven mineral systems models, we pinpoint critical processes needed to form large mineral deposits.', 'Our main goal is to significantly increase exploration success rates']",2024-11-21T11:19:13.748429,Equivest Metals,0.09226190476190477,0.2263,3,3,Balanced,today exploration happens backwards by trying to turn mineral occurrences into major deposits at equivest we think differently and start with mineral systems by understanding and mapping processes that form large depositsits not about forcing a find its about knowing where to look
AI & Data Analytics,h2,https://www.equivestmetals.com/,Equivest Metals - AI-driven mineral systems models for mining exploration,Equivest Metals uses our AI-driven mineral systems models to pinpoint critical processes needed to form large mineral deposits. Our focus is to improve mineral exploration success rates.,"['Using our AI-driven mineral systems models, we pinpoint critical processes needed to form large mineral deposits.', 'Our main goal is to significantly increase exploration success rates']",2024-11-21T11:19:13.748431,Equivest Metals,0.0,0.0,1,1,Balanced,ai data analytics
"Modern data analytics and AI provide faster, more accurate answers based on data rather than gut feeling.

At Equivest, we build a proprietary Process and Data Platform to extract geological insights using AI and modern analytics to identify highly prospective areas.",p,https://www.equivestmetals.com/,Equivest Metals - AI-driven mineral systems models for mining exploration,Equivest Metals uses our AI-driven mineral systems models to pinpoint critical processes needed to form large mineral deposits. Our focus is to improve mineral exploration success rates.,"['Using our AI-driven mineral systems models, we pinpoint critical processes needed to form large mineral deposits.', 'Our main goal is to significantly increase exploration success rates']",2024-11-21T11:19:13.748433,Equivest Metals,0.292,0.128,3,4,Value Proposition,modern data analytics and ai provide faster more accurate answers based on data rather than gut feeling at equivest we build a proprietary process and data platform to extract geological insights using ai and modern analytics to identify highly prospective areas
What makes us different,h2,https://www.equivestmetals.com/,Equivest Metals - AI-driven mineral systems models for mining exploration,Equivest Metals uses our AI-driven mineral systems models to pinpoint critical processes needed to form large mineral deposits. Our focus is to improve mineral exploration success rates.,"['Using our AI-driven mineral systems models, we pinpoint critical processes needed to form large mineral deposits.', 'Our main goal is to significantly increase exploration success rates']",2024-11-21T11:19:13.748435,Equivest Metals,0.0,0.0,0,0,Other,what makes us different
"Our founders have a proven track record, having invested in numerous major discoveries using our mineral systems models.

We maintain a sharp focus on our mission of improving success rates in exploration. This means we only work in areas with potential to host Tier 1 geology.
Your success, is our success.",p,https://www.equivestmetals.com/,Equivest Metals - AI-driven mineral systems models for mining exploration,Equivest Metals uses our AI-driven mineral systems models to pinpoint critical processes needed to form large mineral deposits. Our focus is to improve mineral exploration success rates.,"['Using our AI-driven mineral systems models, we pinpoint critical processes needed to form large mineral deposits.', 'Our main goal is to significantly increase exploration success rates']",2024-11-21T11:19:13.748438,Equivest Metals,0.10468749999999999,0.9413,2,3,Value Proposition,our founders have a proven track record having invested in numerous major discoveries using our mineral systems models we maintain a sharp focus on our mission of improving success rates in exploration this means we only work in areas with potential to host tier geology your success is our success
"We are one of the six companies in BHP XPLOR 2024 global accelerator program targeting innovative, early-stage mineral exploration companies.",p,https://www.equivestmetals.com/,Equivest Metals - AI-driven mineral systems models for mining exploration,Equivest Metals uses our AI-driven mineral systems models to pinpoint critical processes needed to form large mineral deposits. Our focus is to improve mineral exploration success rates.,"['Using our AI-driven mineral systems models, we pinpoint critical processes needed to form large mineral deposits.', 'Our main goal is to significantly increase exploration success rates']",2024-11-21T11:19:13.748439,Equivest Metals,0.25,0.5859,1,2,Value Proposition,we are one of the six companies in bhp xplor global accelerator program targeting innovative earlystage mineral exploration companies
We are here to help you ensure you always start with Tier 1 geology,h2,https://www.equivestmetals.com/,Equivest Metals - AI-driven mineral systems models for mining exploration,Equivest Metals uses our AI-driven mineral systems models to pinpoint critical processes needed to form large mineral deposits. Our focus is to improve mineral exploration success rates.,"['Using our AI-driven mineral systems models, we pinpoint critical processes needed to form large mineral deposits.', 'Our main goal is to significantly increase exploration success rates']",2024-11-21T11:19:13.748442,Equivest Metals,0.0,0.6486,1,1,Balanced,we are here to help you ensure you always start with tier geology
"Before acquiring new acreage or comitting to drilling, understanding mineral system controls is key to finding major deposits.

Equivest's Regional Prospectivity Study guides you to the best discovery zones.",p,https://www.equivestmetals.com/,Equivest Metals - AI-driven mineral systems models for mining exploration,Equivest Metals uses our AI-driven mineral systems models to pinpoint critical processes needed to form large mineral deposits. Our focus is to improve mineral exploration success rates.,"['Using our AI-driven mineral systems models, we pinpoint critical processes needed to form large mineral deposits.', 'Our main goal is to significantly increase exploration success rates']",2024-11-21T11:19:13.748444,Equivest Metals,0.29971590909090906,0.6369,2,2,Balanced,before acquiring new acreage or comitting to drilling understanding mineral system controls is key to finding major deposits equivests regional prospectivity study guides you to the best discovery zones
​,p,https://www.equivestmetals.com/,Equivest Metals - AI-driven mineral systems models for mining exploration,Equivest Metals uses our AI-driven mineral systems models to pinpoint critical processes needed to form large mineral deposits. Our focus is to improve mineral exploration success rates.,"['Using our AI-driven mineral systems models, we pinpoint critical processes needed to form large mineral deposits.', 'Our main goal is to significantly increase exploration success rates']",2024-11-21T11:19:13.748447,Equivest Metals,0.0,0.0,0,0,Other,
Equivest Metals,h2,https://www.equivestmetals.com/,Equivest Metals - AI-driven mineral systems models for mining exploration,Equivest Metals uses our AI-driven mineral systems models to pinpoint critical processes needed to form large mineral deposits. Our focus is to improve mineral exploration success rates.,"['Using our AI-driven mineral systems models, we pinpoint critical processes needed to form large mineral deposits.', 'Our main goal is to significantly increase exploration success rates']",2024-11-21T11:19:13.748448,Equivest Metals,0.0,0.0,0,0,Other,equivest metals
+ 47 454 17 716,p,https://www.equivestmetals.com/,Equivest Metals - AI-driven mineral systems models for mining exploration,Equivest Metals uses our AI-driven mineral systems models to pinpoint critical processes needed to form large mineral deposits. Our focus is to improve mineral exploration success rates.,"['Using our AI-driven mineral systems models, we pinpoint critical processes needed to form large mineral deposits.', 'Our main goal is to significantly increase exploration success rates']",2024-11-21T11:19:13.748450,Equivest Metals,0.0,0.0,0,0,Other,
info@equivestmetals.com,p,https://www.equivestmetals.com/,Equivest Metals - AI-driven mineral systems models for mining exploration,Equivest Metals uses our AI-driven mineral systems models to pinpoint critical processes needed to form large mineral deposits. Our focus is to improve mineral exploration success rates.,"['Using our AI-driven mineral systems models, we pinpoint critical processes needed to form large mineral deposits.', 'Our main goal is to significantly increase exploration success rates']",2024-11-21T11:19:13.748452,Equivest Metals,0.0,0.0,0,0,Other,infoequivestmetalscom
"Stay informed, join our newsletter",p,https://www.equivestmetals.com/,Equivest Metals - AI-driven mineral systems models for mining exploration,Equivest Metals uses our AI-driven mineral systems models to pinpoint critical processes needed to form large mineral deposits. Our focus is to improve mineral exploration success rates.,"['Using our AI-driven mineral systems models, we pinpoint critical processes needed to form large mineral deposits.', 'Our main goal is to significantly increase exploration success rates']",2024-11-21T11:19:13.748453,Equivest Metals,0.0,0.296,0,0,Other,stay informed join our newsletter
Thank You for Subscribing!,p,https://www.equivestmetals.com/,Equivest Metals - AI-driven mineral systems models for mining exploration,Equivest Metals uses our AI-driven mineral systems models to pinpoint critical processes needed to form large mineral deposits. Our focus is to improve mineral exploration success rates.,"['Using our AI-driven mineral systems models, we pinpoint critical processes needed to form large mineral deposits.', 'Our main goal is to significantly increase exploration success rates']",2024-11-21T11:19:13.748455,Equivest Metals,0.0,0.4199,0,0,Other,thank you for subscribing
Equivest Metals,p,https://www.equivestmetals.com/Services,Services | Regional Prospectivity Study,"Find out how our Regional Prospectivty Study can transform your exploration strategy and lead to your next discovery.  We offer spectral and hyperspectral data processing, AI bedrock maps, mineral system driven prospectivity maps.
",['What does regional\xa0\nprospectivity study include ?'],2024-11-21T11:19:13.901557,Equivest Metals,0.0,0.0,0,0,Other,equivest metals
Home,p,https://www.equivestmetals.com/Services,Services | Regional Prospectivity Study,"Find out how our Regional Prospectivty Study can transform your exploration strategy and lead to your next discovery.  We offer spectral and hyperspectral data processing, AI bedrock maps, mineral system driven prospectivity maps.
",['What does regional\xa0\nprospectivity study include ?'],2024-11-21T11:19:13.901567,Equivest Metals,0.0,0.0,0,0,Other,home
Services,p,https://www.equivestmetals.com/Services,Services | Regional Prospectivity Study,"Find out how our Regional Prospectivty Study can transform your exploration strategy and lead to your next discovery.  We offer spectral and hyperspectral data processing, AI bedrock maps, mineral system driven prospectivity maps.
",['What does regional\xa0\nprospectivity study include ?'],2024-11-21T11:19:13.901569,Equivest Metals,0.0,0.0,0,0,Other,services
Contact,p,https://www.equivestmetals.com/Services,Services | Regional Prospectivity Study,"Find out how our Regional Prospectivty Study can transform your exploration strategy and lead to your next discovery.  We offer spectral and hyperspectral data processing, AI bedrock maps, mineral system driven prospectivity maps.
",['What does regional\xa0\nprospectivity study include ?'],2024-11-21T11:19:13.901570,Equivest Metals,0.0,0.0,0,0,Other,contact
Blog,p,https://www.equivestmetals.com/Services,Services | Regional Prospectivity Study,"Find out how our Regional Prospectivty Study can transform your exploration strategy and lead to your next discovery.  We offer spectral and hyperspectral data processing, AI bedrock maps, mineral system driven prospectivity maps.
",['What does regional\xa0\nprospectivity study include ?'],2024-11-21T11:19:13.901572,Equivest Metals,0.0,0.0,0,0,Other,blog
More,p,https://www.equivestmetals.com/Services,Services | Regional Prospectivity Study,"Find out how our Regional Prospectivty Study can transform your exploration strategy and lead to your next discovery.  We offer spectral and hyperspectral data processing, AI bedrock maps, mineral system driven prospectivity maps.
",['What does regional\xa0\nprospectivity study include ?'],2024-11-21T11:19:13.901573,Equivest Metals,0.5,0.0,0,0,Other,more
"What does regional 
prospectivity study include ?",h1,https://www.equivestmetals.com/Services,Services | Regional Prospectivity Study,"Find out how our Regional Prospectivty Study can transform your exploration strategy and lead to your next discovery.  We offer spectral and hyperspectral data processing, AI bedrock maps, mineral system driven prospectivity maps.
",['What does regional\xa0\nprospectivity study include ?'],2024-11-21T11:19:13.901575,Equivest Metals,0.0,0.0,0,0,Other,what does regional prospectivity study include
Discover Our Expertise,p,https://www.equivestmetals.com/Services,Services | Regional Prospectivity Study,"Find out how our Regional Prospectivty Study can transform your exploration strategy and lead to your next discovery.  We offer spectral and hyperspectral data processing, AI bedrock maps, mineral system driven prospectivity maps.
",['What does regional\xa0\nprospectivity study include ?'],2024-11-21T11:19:13.901576,Equivest Metals,0.0,0.0,0,0,Other,discover our expertise
Data Compilation,p,https://www.equivestmetals.com/Services,Services | Regional Prospectivity Study,"Find out how our Regional Prospectivty Study can transform your exploration strategy and lead to your next discovery.  We offer spectral and hyperspectral data processing, AI bedrock maps, mineral system driven prospectivity maps.
",['What does regional\xa0\nprospectivity study include ?'],2024-11-21T11:19:13.901578,Equivest Metals,0.0,0.0,0,0,Other,data compilation
"Large, free datasets from geological surveys and remote sensing platforms are becoming more and more available. Small explorers often struggle to utilise these large datasets. We take care of this problem for you by incorporating all available data into our models.",p,https://www.equivestmetals.com/Services,Services | Regional Prospectivity Study,"Find out how our Regional Prospectivty Study can transform your exploration strategy and lead to your next discovery.  We offer spectral and hyperspectral data processing, AI bedrock maps, mineral system driven prospectivity maps.
",['What does regional\xa0\nprospectivity study include ?'],2024-11-21T11:19:13.901579,Equivest Metals,0.27285714285714285,0.3612,0,0,Other,large free datasets from geological surveys and remote sensing platforms are becoming more and more available small explorers often struggle to utilise these large datasets we take care of this problem for you by incorporating all available data into our models
​,p,https://www.equivestmetals.com/Services,Services | Regional Prospectivity Study,"Find out how our Regional Prospectivty Study can transform your exploration strategy and lead to your next discovery.  We offer spectral and hyperspectral data processing, AI bedrock maps, mineral system driven prospectivity maps.
",['What does regional\xa0\nprospectivity study include ?'],2024-11-21T11:19:13.901582,Equivest Metals,0.0,0.0,0,0,Other,
"Our workflows include continuous spectral and hyperspectral satellite maps over thousands of kilometers square, all included as part of our regional study.",p,https://www.equivestmetals.com/Services,Services | Regional Prospectivity Study,"Find out how our Regional Prospectivty Study can transform your exploration strategy and lead to your next discovery.  We offer spectral and hyperspectral data processing, AI bedrock maps, mineral system driven prospectivity maps.
",['What does regional\xa0\nprospectivity study include ?'],2024-11-21T11:19:13.901584,Equivest Metals,0.0,0.0,0,0,Other,our workflows include continuous spectral and hyperspectral satellite maps over thousands of kilometers square all included as part of our regional study
Data Cleaning,p,https://www.equivestmetals.com/Services,Services | Regional Prospectivity Study,"Find out how our Regional Prospectivty Study can transform your exploration strategy and lead to your next discovery.  We offer spectral and hyperspectral data processing, AI bedrock maps, mineral system driven prospectivity maps.
",['What does regional\xa0\nprospectivity study include ?'],2024-11-21T11:19:13.901586,Equivest Metals,0.0,0.0,0,0,Other,data cleaning
"Messy data in different formats?

We review your internal data and transform it into an analytics-friendly format, hassle-free for your team.",p,https://www.equivestmetals.com/Services,Services | Regional Prospectivity Study,"Find out how our Regional Prospectivty Study can transform your exploration strategy and lead to your next discovery.  We offer spectral and hyperspectral data processing, AI bedrock maps, mineral system driven prospectivity maps.
",['What does regional\xa0\nprospectivity study include ?'],2024-11-21T11:19:13.901588,Equivest Metals,-0.06666666666666667,-0.3612,1,1,Balanced,messy data in different formats we review your internal data and transform it into an analyticsfriendly format hasslefree for your team
Mineral System Model,p,https://www.equivestmetals.com/Services,Services | Regional Prospectivity Study,"Find out how our Regional Prospectivty Study can transform your exploration strategy and lead to your next discovery.  We offer spectral and hyperspectral data processing, AI bedrock maps, mineral system driven prospectivity maps.
",['What does regional\xa0\nprospectivity study include ?'],2024-11-21T11:19:13.901589,Equivest Metals,0.0,0.0,0,0,Other,mineral system model
"We conduct comprehensive mineral system analyses across the region, producing individual maps of system elements and a combined Mineral System Model map. Our workflow integrates insights from geologists, data analytics and AI generated layers.",p,https://www.equivestmetals.com/Services,Services | Regional Prospectivity Study,"Find out how our Regional Prospectivty Study can transform your exploration strategy and lead to your next discovery.  We offer spectral and hyperspectral data processing, AI bedrock maps, mineral system driven prospectivity maps.
",['What does regional\xa0\nprospectivity study include ?'],2024-11-21T11:19:13.901591,Equivest Metals,0.0,0.25,1,2,Value Proposition,we conduct comprehensive mineral system analyses across the region producing individual maps of system elements and a combined mineral system model map our workflow integrates insights from geologists data analytics and ai generated layers
AI Bedrock Maps,p,https://www.equivestmetals.com/Services,Services | Regional Prospectivity Study,"Find out how our Regional Prospectivty Study can transform your exploration strategy and lead to your next discovery.  We offer spectral and hyperspectral data processing, AI bedrock maps, mineral system driven prospectivity maps.
",['What does regional\xa0\nprospectivity study include ?'],2024-11-21T11:19:13.901593,Equivest Metals,0.0,0.0,0,0,Other,ai bedrock maps
"We use AI to assist geologists, not replace them.
Our products include enhanced bedrock maps using geophysical, geochemical, and satellite data, especially useful in regions with sedimentary cover.

We can also do specialised studies: e.g. mapping important rock formation from single outcrop to the large regional area using AI powered techniques.",p,https://www.equivestmetals.com/Services,Services | Regional Prospectivity Study,"Find out how our Regional Prospectivty Study can transform your exploration strategy and lead to your next discovery.  We offer spectral and hyperspectral data processing, AI bedrock maps, mineral system driven prospectivity maps.
",['What does regional\xa0\nprospectivity study include ?'],2024-11-21T11:19:13.901595,Equivest Metals,0.2857142857142857,0.6115,0,0,Other,we use ai to assist geologists not replace them our products include enhanced bedrock maps using geophysical geochemical and satellite data especially useful in regions with sedimentary cover we can also do specialised studies eg mapping important rock formation from single outcrop to the large regional area using ai powered techniques
AI Prospectivity Maps,p,https://www.equivestmetals.com/Services,Services | Regional Prospectivity Study,"Find out how our Regional Prospectivty Study can transform your exploration strategy and lead to your next discovery.  We offer spectral and hyperspectral data processing, AI bedrock maps, mineral system driven prospectivity maps.
",['What does regional\xa0\nprospectivity study include ?'],2024-11-21T11:19:13.901597,Equivest Metals,0.0,0.0,0,0,Other,ai prospectivity maps
We extract insights from data to produce AI-generated prospectivity maps. We generate both Mineral System driven AI models and machine learning prospectivity products.,p,https://www.equivestmetals.com/Services,Services | Regional Prospectivity Study,"Find out how our Regional Prospectivty Study can transform your exploration strategy and lead to your next discovery.  We offer spectral and hyperspectral data processing, AI bedrock maps, mineral system driven prospectivity maps.
",['What does regional\xa0\nprospectivity study include ?'],2024-11-21T11:19:13.901598,Equivest Metals,0.0,0.0,0,0,Other,we extract insights from data to produce aigenerated prospectivity maps we generate both mineral system driven ai models and machine learning prospectivity products
Prospects Portfolio,p,https://www.equivestmetals.com/Services,Services | Regional Prospectivity Study,"Find out how our Regional Prospectivty Study can transform your exploration strategy and lead to your next discovery.  We offer spectral and hyperspectral data processing, AI bedrock maps, mineral system driven prospectivity maps.
",['What does regional\xa0\nprospectivity study include ?'],2024-11-21T11:19:13.901599,Equivest Metals,0.0,0.296,0,0,Other,prospects portfolio
We use a consistent workflow to generate and rank prospects using Mineral System and AI-driven models.,p,https://www.equivestmetals.com/Services,Services | Regional Prospectivity Study,"Find out how our Regional Prospectivty Study can transform your exploration strategy and lead to your next discovery.  We offer spectral and hyperspectral data processing, AI bedrock maps, mineral system driven prospectivity maps.
",['What does regional\xa0\nprospectivity study include ?'],2024-11-21T11:19:13.901601,Equivest Metals,-0.275,0.296,0,0,Other,we use a consistent workflow to generate and rank prospects using mineral system and aidriven models
All data is delivered in your preferred format for easy integration into geospatial software and backed with prospectivity report.,p,https://www.equivestmetals.com/Services,Services | Regional Prospectivity Study,"Find out how our Regional Prospectivty Study can transform your exploration strategy and lead to your next discovery.  We offer spectral and hyperspectral data processing, AI bedrock maps, mineral system driven prospectivity maps.
",['What does regional\xa0\nprospectivity study include ?'],2024-11-21T11:19:13.901602,Equivest Metals,0.43333333333333335,0.4588,1,1,Balanced,all data is delivered in your preferred format for easy integration into geospatial software and backed with prospectivity report
We are here to help you ensure you always start with Tier 1 geology,h2,https://www.equivestmetals.com/Services,Services | Regional Prospectivity Study,"Find out how our Regional Prospectivty Study can transform your exploration strategy and lead to your next discovery.  We offer spectral and hyperspectral data processing, AI bedrock maps, mineral system driven prospectivity maps.
",['What does regional\xa0\nprospectivity study include ?'],2024-11-21T11:19:13.901604,Equivest Metals,0.0,0.6486,1,1,Balanced,we are here to help you ensure you always start with tier geology
Contact us today to see how our Regional Prospectivty Study can transform your exploration strategy and lead to your next discovery.,p,https://www.equivestmetals.com/Services,Services | Regional Prospectivity Study,"Find out how our Regional Prospectivty Study can transform your exploration strategy and lead to your next discovery.  We offer spectral and hyperspectral data processing, AI bedrock maps, mineral system driven prospectivity maps.
",['What does regional\xa0\nprospectivity study include ?'],2024-11-21T11:19:13.901606,Equivest Metals,0.0,0.2263,1,1,Balanced,contact us today to see how our regional prospectivty study can transform your exploration strategy and lead to your next discovery
Equivest Metals,h2,https://www.equivestmetals.com/Services,Services | Regional Prospectivity Study,"Find out how our Regional Prospectivty Study can transform your exploration strategy and lead to your next discovery.  We offer spectral and hyperspectral data processing, AI bedrock maps, mineral system driven prospectivity maps.
",['What does regional\xa0\nprospectivity study include ?'],2024-11-21T11:19:13.901608,Equivest Metals,0.0,0.0,0,0,Other,equivest metals
+ 47 454 17 716,p,https://www.equivestmetals.com/Services,Services | Regional Prospectivity Study,"Find out how our Regional Prospectivty Study can transform your exploration strategy and lead to your next discovery.  We offer spectral and hyperspectral data processing, AI bedrock maps, mineral system driven prospectivity maps.
",['What does regional\xa0\nprospectivity study include ?'],2024-11-21T11:19:13.901610,Equivest Metals,0.0,0.0,0,0,Other,
info@equivestmetals.com,p,https://www.equivestmetals.com/Services,Services | Regional Prospectivity Study,"Find out how our Regional Prospectivty Study can transform your exploration strategy and lead to your next discovery.  We offer spectral and hyperspectral data processing, AI bedrock maps, mineral system driven prospectivity maps.
",['What does regional\xa0\nprospectivity study include ?'],2024-11-21T11:19:13.901611,Equivest Metals,0.0,0.0,0,0,Other,infoequivestmetalscom
"Stay informed, join our newsletter",p,https://www.equivestmetals.com/Services,Services | Regional Prospectivity Study,"Find out how our Regional Prospectivty Study can transform your exploration strategy and lead to your next discovery.  We offer spectral and hyperspectral data processing, AI bedrock maps, mineral system driven prospectivity maps.
",['What does regional\xa0\nprospectivity study include ?'],2024-11-21T11:19:13.901612,Equivest Metals,0.0,0.296,0,0,Other,stay informed join our newsletter
Thank You for Subscribing!,p,https://www.equivestmetals.com/Services,Services | Regional Prospectivity Study,"Find out how our Regional Prospectivty Study can transform your exploration strategy and lead to your next discovery.  We offer spectral and hyperspectral data processing, AI bedrock maps, mineral system driven prospectivity maps.
",['What does regional\xa0\nprospectivity study include ?'],2024-11-21T11:19:13.901614,Equivest Metals,0.0,0.4199,0,0,Other,thank you for subscribing
Equivest Metals,p,https://www.equivestmetals.com/blog,Geological Insights Blog | Equivest Metals,"Stay updated with the latest trends and insights in mineral systems, geological data, AI mapping technologies, and mineral exploration from the experts at Equivest Metals.",[],2024-11-21T11:19:14.439234,Equivest Metals,0.0,0.0,0,0,Other,equivest metals
Home,p,https://www.equivestmetals.com/blog,Geological Insights Blog | Equivest Metals,"Stay updated with the latest trends and insights in mineral systems, geological data, AI mapping technologies, and mineral exploration from the experts at Equivest Metals.",[],2024-11-21T11:19:14.439247,Equivest Metals,0.0,0.0,0,0,Other,home
Services,p,https://www.equivestmetals.com/blog,Geological Insights Blog | Equivest Metals,"Stay updated with the latest trends and insights in mineral systems, geological data, AI mapping technologies, and mineral exploration from the experts at Equivest Metals.",[],2024-11-21T11:19:14.439249,Equivest Metals,0.0,0.0,0,0,Other,services
Contact,p,https://www.equivestmetals.com/blog,Geological Insights Blog | Equivest Metals,"Stay updated with the latest trends and insights in mineral systems, geological data, AI mapping technologies, and mineral exploration from the experts at Equivest Metals.",[],2024-11-21T11:19:14.439251,Equivest Metals,0.0,0.0,0,0,Other,contact
Blog,p,https://www.equivestmetals.com/blog,Geological Insights Blog | Equivest Metals,"Stay updated with the latest trends and insights in mineral systems, geological data, AI mapping technologies, and mineral exploration from the experts at Equivest Metals.",[],2024-11-21T11:19:14.439253,Equivest Metals,0.0,0.0,0,0,Other,blog
More,p,https://www.equivestmetals.com/blog,Geological Insights Blog | Equivest Metals,"Stay updated with the latest trends and insights in mineral systems, geological data, AI mapping technologies, and mineral exploration from the experts at Equivest Metals.",[],2024-11-21T11:19:14.439254,Equivest Metals,0.5,0.0,0,0,Other,more
How to leverage AI in Mineral Exploration workflows,p,https://www.equivestmetals.com/blog,Geological Insights Blog | Equivest Metals,"Stay updated with the latest trends and insights in mineral systems, geological data, AI mapping technologies, and mineral exploration from the experts at Equivest Metals.",[],2024-11-21T11:19:14.439256,Equivest Metals,0.0,0.2263,1,1,Balanced,how to leverage ai in mineral exploration workflows
Embracing Range in Mineral Exploration,p,https://www.equivestmetals.com/blog,Geological Insights Blog | Equivest Metals,"Stay updated with the latest trends and insights in mineral systems, geological data, AI mapping technologies, and mineral exploration from the experts at Equivest Metals.",[],2024-11-21T11:19:14.439257,Equivest Metals,0.0,0.2263,1,1,Balanced,embracing range in mineral exploration
What could the next decade's discoveries look like ?,p,https://www.equivestmetals.com/blog,Geological Insights Blog | Equivest Metals,"Stay updated with the latest trends and insights in mineral systems, geological data, AI mapping technologies, and mineral exploration from the experts at Equivest Metals.",[],2024-11-21T11:19:14.439258,Equivest Metals,0.0,0.3612,0,0,Other,what could the next decades discoveries look like
Equivest Metals,h2,https://www.equivestmetals.com/blog,Geological Insights Blog | Equivest Metals,"Stay updated with the latest trends and insights in mineral systems, geological data, AI mapping technologies, and mineral exploration from the experts at Equivest Metals.",[],2024-11-21T11:19:14.439260,Equivest Metals,0.0,0.0,0,0,Other,equivest metals
+ 47 454 17 716,p,https://www.equivestmetals.com/blog,Geological Insights Blog | Equivest Metals,"Stay updated with the latest trends and insights in mineral systems, geological data, AI mapping technologies, and mineral exploration from the experts at Equivest Metals.",[],2024-11-21T11:19:14.439261,Equivest Metals,0.0,0.0,0,0,Other,
info@equivestmetals.com,p,https://www.equivestmetals.com/blog,Geological Insights Blog | Equivest Metals,"Stay updated with the latest trends and insights in mineral systems, geological data, AI mapping technologies, and mineral exploration from the experts at Equivest Metals.",[],2024-11-21T11:19:14.439266,Equivest Metals,0.0,0.0,0,0,Other,infoequivestmetalscom
"Stay informed, join our newsletter",p,https://www.equivestmetals.com/blog,Geological Insights Blog | Equivest Metals,"Stay updated with the latest trends and insights in mineral systems, geological data, AI mapping technologies, and mineral exploration from the experts at Equivest Metals.",[],2024-11-21T11:19:14.439269,Equivest Metals,0.0,0.296,0,0,Other,stay informed join our newsletter
Thank You for Subscribing!,p,https://www.equivestmetals.com/blog,Geological Insights Blog | Equivest Metals,"Stay updated with the latest trends and insights in mineral systems, geological data, AI mapping technologies, and mineral exploration from the experts at Equivest Metals.",[],2024-11-21T11:19:14.439270,Equivest Metals,0.0,0.4199,0,0,Other,thank you for subscribing
Equivest Metals,p,https://www.equivestmetals.com/post/what-could-the-next-decade-s-discoveries-look-like,What could the next decade's discoveries look like ?,,"[""What could the next decade's discoveries look like ?""]",2024-11-21T11:19:14.747708,Equivest Metals,0.0,0.0,0,0,Other,equivest metals
Home,p,https://www.equivestmetals.com/post/what-could-the-next-decade-s-discoveries-look-like,What could the next decade's discoveries look like ?,,"[""What could the next decade's discoveries look like ?""]",2024-11-21T11:19:14.747718,Equivest Metals,0.0,0.0,0,0,Other,home
Services,p,https://www.equivestmetals.com/post/what-could-the-next-decade-s-discoveries-look-like,What could the next decade's discoveries look like ?,,"[""What could the next decade's discoveries look like ?""]",2024-11-21T11:19:14.747719,Equivest Metals,0.0,0.0,0,0,Other,services
Contact,p,https://www.equivestmetals.com/post/what-could-the-next-decade-s-discoveries-look-like,What could the next decade's discoveries look like ?,,"[""What could the next decade's discoveries look like ?""]",2024-11-21T11:19:14.747721,Equivest Metals,0.0,0.0,0,0,Other,contact
Blog,p,https://www.equivestmetals.com/post/what-could-the-next-decade-s-discoveries-look-like,What could the next decade's discoveries look like ?,,"[""What could the next decade's discoveries look like ?""]",2024-11-21T11:19:14.747722,Equivest Metals,0.0,0.0,0,0,Other,blog
More,p,https://www.equivestmetals.com/post/what-could-the-next-decade-s-discoveries-look-like,What could the next decade's discoveries look like ?,,"[""What could the next decade's discoveries look like ?""]",2024-11-21T11:19:14.747723,Equivest Metals,0.5,0.0,0,0,Other,more
What could the next decade's discoveries look like ?,h1,https://www.equivestmetals.com/post/what-could-the-next-decade-s-discoveries-look-like,What could the next decade's discoveries look like ?,,"[""What could the next decade's discoveries look like ?""]",2024-11-21T11:19:14.747725,Equivest Metals,0.0,0.3612,0,0,Other,what could the next decades discoveries look like
Updated: Jun 17,p,https://www.equivestmetals.com/post/what-could-the-next-decade-s-discoveries-look-like,What could the next decade's discoveries look like ?,,"[""What could the next decade's discoveries look like ?""]",2024-11-21T11:19:14.747726,Equivest Metals,0.0,0.0,0,0,Other,updated jun
Introduction,h2,https://www.equivestmetals.com/post/what-could-the-next-decade-s-discoveries-look-like,What could the next decade's discoveries look like ?,,"[""What could the next decade's discoveries look like ?""]",2024-11-21T11:19:14.747728,Equivest Metals,0.0,0.0,0,0,Other,introduction
"At the recent Deutsche Goldmesse conference, Joanna from Equivest had the opportunity to deliver a keynote on the future of mining exploration. In Equivest, we are at the forefront of integrating technological innovations into mining. This blog post captures the key points from the keynote, highlighting the challenges and opportunities in the mining industry.",p,https://www.equivestmetals.com/post/what-could-the-next-decade-s-discoveries-look-like,What could the next decade's discoveries look like ?,,"[""What could the next decade's discoveries look like ?""]",2024-11-21T11:19:14.747730,Equivest Metals,0.0,0.765,1,1,Balanced,at the recent deutsche goldmesse conference joanna from equivest had the opportunity to deliver a keynote on the future of mining exploration in equivest we are at the forefront of integrating technological innovations into mining this blog post captures the key points from the keynote highlighting the challenges and opportunities in the mining industry
The State of Mineral Exploration,h2,https://www.equivestmetals.com/post/what-could-the-next-decade-s-discoveries-look-like,What could the next decade's discoveries look like ?,,"[""What could the next decade's discoveries look like ?""]",2024-11-21T11:19:14.747732,Equivest Metals,0.0,0.2263,1,1,Balanced,the state of mineral exploration
"Despite its critical role, early-stage exploration is significantly underfunded. This stage yields the largest discoveries, yet it receives the least investment. The mining industry spends approximately $14 billion annually on exploration, with a success rate of only 1 in 1000, compared to a 1 in 3 success rate in the oil and gas sector.",p,https://www.equivestmetals.com/post/what-could-the-next-decade-s-discoveries-look-like,What could the next decade's discoveries look like ?,,"[""What could the next decade's discoveries look like ?""]",2024-11-21T11:19:14.747734,Equivest Metals,0.03928571428571428,0.9034,2,2,Balanced,despite its critical role earlystage exploration is significantly underfunded this stage yields the largest discoveries yet it receives the least investment the mining industry spends approximately billion annually on exploration with a success rate of only in compared to a in success rate in the oil and gas sector
Strategies for Improvement,h2,https://www.equivestmetals.com/post/what-could-the-next-decade-s-discoveries-look-like,What could the next decade's discoveries look like ?,,"[""What could the next decade's discoveries look like ?""]",2024-11-21T11:19:14.747735,Equivest Metals,0.0,0.4588,0,0,Other,strategies for improvement
"To enhance the success rate in mining exploration, three key areas need to be focused on: People, Processes, and Property.",p,https://www.equivestmetals.com/post/what-could-the-next-decade-s-discoveries-look-like,What could the next decade's discoveries look like ?,,"[""What could the next decade's discoveries look like ?""]",2024-11-21T11:19:14.747736,Equivest Metals,0.15,0.802,1,1,Balanced,to enhance the success rate in mining exploration three key areas need to be focused on people processes and property
People: The expertise and innovative thinking of the team are crucial. Employing talented individuals who can think creatively and challenge existing paradigms is essential.,p,https://www.equivestmetals.com/post/what-could-the-next-decade-s-discoveries-look-like,What could the next decade's discoveries look like ?,,"[""What could the next decade's discoveries look like ?""]",2024-11-21T11:19:14.747738,Equivest Metals,0.33999999999999997,0.8402,0,1,Value Proposition,people the expertise and innovative thinking of the team are crucial employing talented individuals who can think creatively and challenge existing paradigms is essential
Processes: Utilizing efficient and modern exploration techniques can significantly improve outcomes. This includes integrating advanced data analysis methods and innovative technologies.,p,https://www.equivestmetals.com/post/what-could-the-next-decade-s-discoveries-look-like,What could the next decade's discoveries look like ?,,"[""What could the next decade's discoveries look like ?""]",2024-11-21T11:19:14.747740,Equivest Metals,0.36875,0.8885,1,4,Value Proposition,processes utilizing efficient and modern exploration techniques can significantly improve outcomes this includes integrating advanced data analysis methods and innovative technologies
Property: Securing exploration sites is with Tier 1 geology is a must. Better identifying areas with high potential for significant discoveries is what we need to move the needle on discovery rates.,p,https://www.equivestmetals.com/post/what-could-the-next-decade-s-discoveries-look-like,What could the next decade's discoveries look like ?,,"[""What could the next decade's discoveries look like ?""]",2024-11-21T11:19:14.747742,Equivest Metals,0.25875000000000004,0.7845,2,2,Balanced,property securing exploration sites is with tier geology is a must better identifying areas with high potential for significant discoveries is what we need to move the needle on discovery rates
Integrating Data Science in Mining,h2,https://www.equivestmetals.com/post/what-could-the-next-decade-s-discoveries-look-like,What could the next decade's discoveries look like ?,,"[""What could the next decade's discoveries look like ?""]",2024-11-21T11:19:14.747744,Equivest Metals,0.0,0.0,0,0,Other,integrating data science in mining
"One of the most transformative elements in modern mining exploration is the integration of data science. Machine learning and AI are being used to process large geological datasets more efficiently. While these technologies are not a silver bullet, they are powerful tools that, when combined with traditional methods, can significantly enhance exploration efforts.",p,https://www.equivestmetals.com/post/what-could-the-next-decade-s-discoveries-look-like,What could the next decade's discoveries look like ?,,"[""What could the next decade's discoveries look like ?""]",2024-11-21T11:19:14.747745,Equivest Metals,0.29846938775510207,0.8221,2,4,Value Proposition,one of the most transformative elements in modern mining exploration is the integration of data science machine learning and ai are being used to process large geological datasets more efficiently while these technologies are not a silver bullet they are powerful tools that when combined with traditional methods can significantly enhance exploration efforts
"For example, in 2022, Equivest conducted a nickel exploration study in Australia. Out of 60 prospects drilled that year, only four were found to be promising, leading to one small discovery. This highlights the importance of using mineral systems and data driven approaches to focus on high-potential areas.",p,https://www.equivestmetals.com/post/what-could-the-next-decade-s-discoveries-look-like,What could the next decade's discoveries look like ?,,"[""What could the next decade's discoveries look like ?""]",2024-11-21T11:19:14.747747,Equivest Metals,-0.016666666666666663,0.8074,1,2,Value Proposition,for example in equivest conducted a nickel exploration study in australia out of prospects drilled that year only four were found to be promising leading to one small discovery this highlights the importance of using mineral systems and data driven approaches to focus on highpotential areas
Focus on Mineral Systems,h2,https://www.equivestmetals.com/post/what-could-the-next-decade-s-discoveries-look-like,What could the next decade's discoveries look like ?,,"[""What could the next decade's discoveries look like ?""]",2024-11-21T11:19:14.747749,Equivest Metals,0.0,0.0,0,0,Other,focus on mineral systems
"Understanding mineral systems is another critical aspect of successful mining exploration. Geological processes can predict the locations of deposits. For instance, high-grade copper porphyries are typically found in areas with thick crusts, like the Andes, while thinner crusts, like those in British Columbia, are more favorable for gold deposits. This knowledge helps target the right areas for exploration.",p,https://www.equivestmetals.com/post/what-could-the-next-decade-s-discoveries-look-like,What could the next decade's discoveries look like ?,,"[""What could the next decade's discoveries look like ?""]",2024-11-21T11:19:14.747750,Equivest Metals,0.15272108843537419,0.9359,4,4,Balanced,understanding mineral systems is another critical aspect of successful mining exploration geological processes can predict the locations of deposits for instance highgrade copper porphyries are typically found in areas with thick crusts like the andes while thinner crusts like those in british columbia are more favorable for gold deposits this knowledge helps target the right areas for exploration
The Future of Mineral Exploration,h2,https://www.equivestmetals.com/post/what-could-the-next-decade-s-discoveries-look-like,What could the next decade's discoveries look like ?,,"[""What could the next decade's discoveries look like ?""]",2024-11-21T11:19:14.747751,Equivest Metals,0.0,0.2263,1,1,Balanced,the future of mineral exploration
"Looking ahead, the need for better funding allocation and innovative thinking in the mining industry is evident. Despite a challenging year with fewer discoveries, regions like Australia have shown significant potential. By focusing on the three key areas—People, Processes, and Property—and integrating advanced technologies, the mining industry can improve its success rates and drive future discoveries.",p,https://www.equivestmetals.com/post/what-could-the-next-decade-s-discoveries-look-like,What could the next decade's discoveries look like ?,,"[""What could the next decade's discoveries look like ?""]",2024-11-21T11:19:14.747753,Equivest Metals,0.2825,0.9456,0,2,Value Proposition,looking ahead the need for better funding allocation and innovative thinking in the mining industry is evident despite a challenging year with fewer discoveries regions like australia have shown significant potential by focusing on the three key areaspeople processes and propertyand integrating advanced technologies the mining industry can improve its success rates and drive future discoveries
Q&A,h2,https://www.equivestmetals.com/post/what-could-the-next-decade-s-discoveries-look-like,What could the next decade's discoveries look like ?,,"[""What could the next decade's discoveries look like ?""]",2024-11-21T11:19:14.747755,Equivest Metals,0.0,0.0,0,0,Other,qa
"During the Q&A session, several questions were addressed:",p,https://www.equivestmetals.com/post/what-could-the-next-decade-s-discoveries-look-like,What could the next decade's discoveries look like ?,,"[""What could the next decade's discoveries look like ?""]",2024-11-21T11:19:14.747756,Equivest Metals,0.0,0.0,0,0,Other,during the qa session several questions were addressed
AI in Exploration: AI has not yet led to major discoveries but is improving efficiency and data analysis capabilities.,p,https://www.equivestmetals.com/post/what-could-the-next-decade-s-discoveries-look-like,What could the next decade's discoveries look like ?,,"[""What could the next decade's discoveries look like ?""]",2024-11-21T11:19:14.747758,Equivest Metals,0.0625,0.8126,1,2,Value Proposition,ai in exploration ai has not yet led to major discoveries but is improving efficiency and data analysis capabilities
Effective Exploration Methods: Emerging technologies like passive seismic and autonomous soil-sampling robots are promising innovations for mineral exploration.,p,https://www.equivestmetals.com/post/what-could-the-next-decade-s-discoveries-look-like,What could the next decade's discoveries look like ?,,"[""What could the next decade's discoveries look like ?""]",2024-11-21T11:19:14.747762,Equivest Metals,0.39999999999999997,0.8979,4,5,Value Proposition,effective exploration methods emerging technologies like passive seismic and autonomous soilsampling robots are promising innovations for mineral exploration
Recent Posts,h2,https://www.equivestmetals.com/post/what-could-the-next-decade-s-discoveries-look-like,What could the next decade's discoveries look like ?,,"[""What could the next decade's discoveries look like ?""]",2024-11-21T11:19:14.747763,Equivest Metals,0.0,0.0,0,0,Other,recent posts
How to leverage AI in Mineral Exploration workflows,p,https://www.equivestmetals.com/post/what-could-the-next-decade-s-discoveries-look-like,What could the next decade's discoveries look like ?,,"[""What could the next decade's discoveries look like ?""]",2024-11-21T11:19:14.747765,Equivest Metals,0.0,0.2263,1,1,Balanced,how to leverage ai in mineral exploration workflows
Embracing Range in Mineral Exploration,p,https://www.equivestmetals.com/post/what-could-the-next-decade-s-discoveries-look-like,What could the next decade's discoveries look like ?,,"[""What could the next decade's discoveries look like ?""]",2024-11-21T11:19:14.747766,Equivest Metals,0.0,0.2263,1,1,Balanced,embracing range in mineral exploration
Shifting Away from Known Mineral Occurrences,p,https://www.equivestmetals.com/post/what-could-the-next-decade-s-discoveries-look-like,What could the next decade's discoveries look like ?,,"[""What could the next decade's discoveries look like ?""]",2024-11-21T11:19:14.747768,Equivest Metals,0.0,0.0,0,0,Other,shifting away from known mineral occurrences
Equivest Metals,h2,https://www.equivestmetals.com/post/what-could-the-next-decade-s-discoveries-look-like,What could the next decade's discoveries look like ?,,"[""What could the next decade's discoveries look like ?""]",2024-11-21T11:19:14.747769,Equivest Metals,0.0,0.0,0,0,Other,equivest metals
+ 47 454 17 716,p,https://www.equivestmetals.com/post/what-could-the-next-decade-s-discoveries-look-like,What could the next decade's discoveries look like ?,,"[""What could the next decade's discoveries look like ?""]",2024-11-21T11:19:14.747770,Equivest Metals,0.0,0.0,0,0,Other,
info@equivestmetals.com,p,https://www.equivestmetals.com/post/what-could-the-next-decade-s-discoveries-look-like,What could the next decade's discoveries look like ?,,"[""What could the next decade's discoveries look like ?""]",2024-11-21T11:19:14.747772,Equivest Metals,0.0,0.0,0,0,Other,infoequivestmetalscom
"Stay informed, join our newsletter",p,https://www.equivestmetals.com/post/what-could-the-next-decade-s-discoveries-look-like,What could the next decade's discoveries look like ?,,"[""What could the next decade's discoveries look like ?""]",2024-11-21T11:19:14.747773,Equivest Metals,0.0,0.296,0,0,Other,stay informed join our newsletter
Thank You for Subscribing!,p,https://www.equivestmetals.com/post/what-could-the-next-decade-s-discoveries-look-like,What could the next decade's discoveries look like ?,,"[""What could the next decade's discoveries look like ?""]",2024-11-21T11:19:14.747775,Equivest Metals,0.0,0.4199,0,0,Other,thank you for subscribing
Equivest Metals,p,https://www.equivestmetals.com/post/we-assessed-500-exploration-companies-what-are-the-5-most-important-learnings,We assessed 500 exploration companies - what are 5 most important learnings,,['We assessed 500 exploration companies - what are 5 most important learnings'],2024-11-21T11:19:14.882614,Equivest Metals,0.0,0.0,0,0,Other,equivest metals
Home,p,https://www.equivestmetals.com/post/we-assessed-500-exploration-companies-what-are-the-5-most-important-learnings,We assessed 500 exploration companies - what are 5 most important learnings,,['We assessed 500 exploration companies - what are 5 most important learnings'],2024-11-21T11:19:14.882624,Equivest Metals,0.0,0.0,0,0,Other,home
Services,p,https://www.equivestmetals.com/post/we-assessed-500-exploration-companies-what-are-the-5-most-important-learnings,We assessed 500 exploration companies - what are 5 most important learnings,,['We assessed 500 exploration companies - what are 5 most important learnings'],2024-11-21T11:19:14.882626,Equivest Metals,0.0,0.0,0,0,Other,services
Contact,p,https://www.equivestmetals.com/post/we-assessed-500-exploration-companies-what-are-the-5-most-important-learnings,We assessed 500 exploration companies - what are 5 most important learnings,,['We assessed 500 exploration companies - what are 5 most important learnings'],2024-11-21T11:19:14.882628,Equivest Metals,0.0,0.0,0,0,Other,contact
Blog,p,https://www.equivestmetals.com/post/we-assessed-500-exploration-companies-what-are-the-5-most-important-learnings,We assessed 500 exploration companies - what are 5 most important learnings,,['We assessed 500 exploration companies - what are 5 most important learnings'],2024-11-21T11:19:14.882629,Equivest Metals,0.0,0.0,0,0,Other,blog
More,p,https://www.equivestmetals.com/post/we-assessed-500-exploration-companies-what-are-the-5-most-important-learnings,We assessed 500 exploration companies - what are 5 most important learnings,,['We assessed 500 exploration companies - what are 5 most important learnings'],2024-11-21T11:19:14.882632,Equivest Metals,0.5,0.0,0,0,Other,more
We assessed 500 exploration companies - what are 5 most important learnings,h1,https://www.equivestmetals.com/post/we-assessed-500-exploration-companies-what-are-the-5-most-important-learnings,We assessed 500 exploration companies - what are 5 most important learnings,,['We assessed 500 exploration companies - what are 5 most important learnings'],2024-11-21T11:19:14.882634,Equivest Metals,0.45,0.4576,1,1,Balanced,we assessed exploration companies what are most important learnings
"Updated: Jun 28, 2023",p,https://www.equivestmetals.com/post/we-assessed-500-exploration-companies-what-are-the-5-most-important-learnings,We assessed 500 exploration companies - what are 5 most important learnings,,['We assessed 500 exploration companies - what are 5 most important learnings'],2024-11-21T11:19:14.882636,Equivest Metals,0.0,0.0,0,0,Other,updated jun
"Over the last 2 years, we have looked at over 500 exploration companies and hundreds of exploration properties. This work has been done as part of our investment process for our private exploration portfolio and work for our clients, which we have helped with acquisitions of new assets or building their own exploration investment portfolios. Below are some of our observations that can help improve exploration success rates in the industry.",p,https://www.equivestmetals.com/post/we-assessed-500-exploration-companies-what-are-the-5-most-important-learnings,We assessed 500 exploration companies - what are 5 most important learnings,,['We assessed 500 exploration companies - what are 5 most important learnings'],2024-11-21T11:19:14.882638,Equivest Metals,0.20727272727272728,0.9477,5,5,Balanced,over the last years we have looked at over exploration companies and hundreds of exploration properties this work has been done as part of our investment process for our private exploration portfolio and work for our clients which we have helped with acquisitions of new assets or building their own exploration investment portfolios below are some of our observations that can help improve exploration success rates in the industry
Too much focus on historical mineral occurences vs a solid geological model.,p,https://www.equivestmetals.com/post/we-assessed-500-exploration-companies-what-are-the-5-most-important-learnings,We assessed 500 exploration companies - what are 5 most important learnings,,['We assessed 500 exploration companies - what are 5 most important learnings'],2024-11-21T11:19:14.882640,Equivest Metals,0.06666666666666667,0.1531,0,0,Other,too much focus on historical mineral occurences vs a solid geological model
Explorers do not know what is the size of their exploration target.,p,https://www.equivestmetals.com/post/we-assessed-500-exploration-companies-what-are-the-5-most-important-learnings,We assessed 500 exploration companies - what are 5 most important learnings,,['We assessed 500 exploration companies - what are 5 most important learnings'],2024-11-21T11:19:14.882643,Equivest Metals,0.0,0.2263,1,1,Balanced,explorers do not know what is the size of their exploration target
Lack of geologist on the board in exploration company.,p,https://www.equivestmetals.com/post/we-assessed-500-exploration-companies-what-are-the-5-most-important-learnings,We assessed 500 exploration companies - what are 5 most important learnings,,['We assessed 500 exploration companies - what are 5 most important learnings'],2024-11-21T11:19:14.882645,Equivest Metals,0.0,-0.1027,1,1,Balanced,lack of geologist on the board in exploration company
Explorers do not know what is the main geological risk on the project.,p,https://www.equivestmetals.com/post/we-assessed-500-exploration-companies-what-are-the-5-most-important-learnings,We assessed 500 exploration companies - what are 5 most important learnings,,['We assessed 500 exploration companies - what are 5 most important learnings'],2024-11-21T11:19:14.882647,Equivest Metals,0.16666666666666666,-0.2732,0,0,Other,explorers do not know what is the main geological risk on the project
Clear business model - unclear exploration strategy,p,https://www.equivestmetals.com/post/we-assessed-500-exploration-companies-what-are-the-5-most-important-learnings,We assessed 500 exploration companies - what are 5 most important learnings,,['We assessed 500 exploration companies - what are 5 most important learnings'],2024-11-21T11:19:14.882648,Equivest Metals,0.09999999999999999,0.3612,1,1,Balanced,clear business model unclear exploration strategy
1. Too much focus on historical mineral occurences vs a solid geological model.,h3,https://www.equivestmetals.com/post/we-assessed-500-exploration-companies-what-are-the-5-most-important-learnings,We assessed 500 exploration companies - what are 5 most important learnings,,['We assessed 500 exploration companies - what are 5 most important learnings'],2024-11-21T11:19:14.882650,Equivest Metals,0.06666666666666667,0.1531,0,0,Other,too much focus on historical mineral occurences vs a solid geological model
"Unfortunately, the majority of explorers only focus on properties with known historical metal occurrences. These properties do not necessarily have the geological parameters needed to make a significant discovery. The majority of these properties have been worked over the years without any success. This trend is also backed by data gathered by Minex consultants, which shows that known mineral occurrences are a key factor in pegging exploration leases.",p,https://www.equivestmetals.com/post/we-assessed-500-exploration-companies-what-are-the-5-most-important-learnings,We assessed 500 exploration companies - what are 5 most important learnings,,['We assessed 500 exploration companies - what are 5 most important learnings'],2024-11-21T11:19:14.882653,Equivest Metals,0.024999999999999998,-0.3814,1,1,Balanced,unfortunately the majority of explorers only focus on properties with known historical metal occurrences these properties do not necessarily have the geological parameters needed to make a significant discovery the majority of these properties have been worked over the years without any success this trend is also backed by data gathered by minex consultants which shows that known mineral occurrences are a key factor in pegging exploration leases
"Genetic deposit models are very powerful yet simple tools that ensure the set of geological criteria needed to generate a significant mineral deposit exists in location ""X."" You can think of it as a ""recipe."" This set of criteria varies for each deposit style. There has been a lot of effort in research institutions over the last decade to synthesize and improve these models. Unfortunately, the models have not yet made their way into junior exploration companies. In our opinion, this will be an important tool to unlock significant resources of battery metals in the next years, as opposed to looking in places that have been heavily explored and are not particularly prospective.",p,https://www.equivestmetals.com/post/we-assessed-500-exploration-companies-what-are-the-5-most-important-learnings,We assessed 500 exploration companies - what are 5 most important learnings,,['We assessed 500 exploration companies - what are 5 most important learnings'],2024-11-21T11:19:14.882656,Equivest Metals,0.07566666666666667,0.8883,1,2,Value Proposition,genetic deposit models are very powerful yet simple tools that ensure the set of geological criteria needed to generate a significant mineral deposit exists in location x you can think of it as a recipe this set of criteria varies for each deposit style there has been a lot of effort in research institutions over the last decade to synthesize and improve these models unfortunately the models have not yet made their way into junior exploration companies in our opinion this will be an important tool to unlock significant resources of battery metals in the next years as opposed to looking in places that have been heavily explored and are not particularly prospective
"For instance, for magmatic Ni-Cu-PGE sulphide deposits, elements such as proximity to the craton edge, large volumes of mafic rocks, presence of organic-rich sediments, and large structures are some of the important factors. The map below of Western Australia shows how these key geological parameters can be used to generate prospectivity maps, highlighting known mineralized belts and potential new exploration areas that are yet to be worked by explorers. Big data and machine learning play an important role in moving towards more quantified and targeted exploration.",p,https://www.equivestmetals.com/post/we-assessed-500-exploration-companies-what-are-the-5-most-important-learnings,We assessed 500 exploration companies - what are 5 most important learnings,,['We assessed 500 exploration companies - what are 5 most important learnings'],2024-11-21T11:19:14.882659,Equivest Metals,0.16953955135773316,0.7783,3,3,Balanced,for instance for magmatic nicupge sulphide deposits elements such as proximity to the craton edge large volumes of mafic rocks presence of organicrich sediments and large structures are some of the important factors the map below of western australia shows how these key geological parameters can be used to generate prospectivity maps highlighting known mineralized belts and potential new exploration areas that are yet to be worked by explorers big data and machine learning play an important role in moving towards more quantified and targeted exploration
2. Explorers do not know the size of their exploration target.,h3,https://www.equivestmetals.com/post/we-assessed-500-exploration-companies-what-are-the-5-most-important-learnings,We assessed 500 exploration companies - what are 5 most important learnings,,['We assessed 500 exploration companies - what are 5 most important learnings'],2024-11-21T11:19:14.882661,Equivest Metals,0.0,0.2263,1,1,Balanced,explorers do not know the size of their exploration target
"Very few mineral explorers state on their website what their Low-Mid-High exploration target size is. This is a common practice for oil explorers, where numbers are often reported as P90-P50-P10. No business investment decision takes place in an oil exploration company without this number.",p,https://www.equivestmetals.com/post/we-assessed-500-exploration-companies-what-are-the-5-most-important-learnings,We assessed 500 exploration companies - what are 5 most important learnings,,['We assessed 500 exploration companies - what are 5 most important learnings'],2024-11-21T11:19:14.882664,Equivest Metals,-0.28,0.083,2,2,Balanced,very few mineral explorers state on their website what their lowmidhigh exploration target size is this is a common practice for oil explorers where numbers are often reported as ppp no business investment decision takes place in an oil exploration company without this number
"Understanding the size of a potential discovery is critical in making investment decisions, from acquiring property to drilling, acquisition, or divestment. In a nutshell, it forms the backbone of successful portfolio management. From talking directly to explorers, the lack of reporting of these numbers in mineral exploration is not related to market disclosure practices, but often exploration teams do not know what size of deposit they are targeting and operate with a ""blindfold.""",p,https://www.equivestmetals.com/post/we-assessed-500-exploration-companies-what-are-the-5-most-important-learnings,We assessed 500 exploration companies - what are 5 most important learnings,,['We assessed 500 exploration companies - what are 5 most important learnings'],2024-11-21T11:19:14.882665,Equivest Metals,0.16999999999999998,0.4404,3,3,Balanced,understanding the size of a potential discovery is critical in making investment decisions from acquiring property to drilling acquisition or divestment in a nutshell it forms the backbone of successful portfolio management from talking directly to explorers the lack of reporting of these numbers in mineral exploration is not related to market disclosure practices but often exploration teams do not know what size of deposit they are targeting and operate with a blindfold
There is potential for knowledge and practice transfer from oil & gas to mineral exploration. Oil & gas exploration has well-defined workflows for assessing size and even the chance of success (both technical and commercial) of exploration prospects. Below is an example of a mineral explorer that reports the size of their exploration prospect (target).,p,https://www.equivestmetals.com/post/we-assessed-500-exploration-companies-what-are-the-5-most-important-learnings,We assessed 500 exploration companies - what are 5 most important learnings,,['We assessed 500 exploration companies - what are 5 most important learnings'],2024-11-21T11:19:14.882667,Equivest Metals,0.075,0.9287,4,4,Balanced,there is potential for knowledge and practice transfer from oil gas to mineral exploration oil gas exploration has welldefined workflows for assessing size and even the chance of success both technical and commercial of exploration prospects below is an example of a mineral explorer that reports the size of their exploration prospect target
3. Lack of geologist on the board in exploration company.,h3,https://www.equivestmetals.com/post/we-assessed-500-exploration-companies-what-are-the-5-most-important-learnings,We assessed 500 exploration companies - what are 5 most important learnings,,['We assessed 500 exploration companies - what are 5 most important learnings'],2024-11-21T11:19:14.882670,Equivest Metals,0.0,-0.1027,1,1,Balanced,lack of geologist on the board in exploration company
"In academia and industry, geologists are trained to become technical personnel focused on details and geology, and not necessarily on the business aspects of an exploration company. Few geologists develop the commercial skills needed to progress into board positions. As a result, boards of many exploration companies are composed of financial, legal, and marketing personnel, without injecting the needed exploration skills.",p,https://www.equivestmetals.com/post/we-assessed-500-exploration-companies-what-are-the-5-most-important-learnings,We assessed 500 exploration companies - what are 5 most important learnings,,['We assessed 500 exploration companies - what are 5 most important learnings'],2024-11-21T11:19:14.882672,Equivest Metals,0.07142857142857142,0.8625,4,4,Balanced,in academia and industry geologists are trained to become technical personnel focused on details and geology and not necessarily on the business aspects of an exploration company few geologists develop the commercial skills needed to progress into board positions as a result boards of many exploration companies are composed of financial legal and marketing personnel without injecting the needed exploration skills
"Efforts should be made both in academia and within exploration companies to inject business skills into the next generation of geologists and expose them to the commercial side of the business. The key objective of an exploration company is to make a significant mineral discovery and commercialize it either through sale or development. At Equivest, we do not see how this can be achieved without the presence of geologists in key board/management decisions and company strategy.",p,https://www.equivestmetals.com/post/we-assessed-500-exploration-companies-what-are-the-5-most-important-learnings,We assessed 500 exploration companies - what are 5 most important learnings,,['We assessed 500 exploration companies - what are 5 most important learnings'],2024-11-21T11:19:14.882674,Equivest Metals,0.0625,0.4588,2,2,Balanced,efforts should be made both in academia and within exploration companies to inject business skills into the next generation of geologists and expose them to the commercial side of the business the key objective of an exploration company is to make a significant mineral discovery and commercialize it either through sale or development at equivest we do not see how this can be achieved without the presence of geologists in key boardmanagement decisions and company strategy
4. Explorers do not know the main geological risk on their projects.,h3,https://www.equivestmetals.com/post/we-assessed-500-exploration-companies-what-are-the-5-most-important-learnings,We assessed 500 exploration companies - what are 5 most important learnings,,['We assessed 500 exploration companies - what are 5 most important learnings'],2024-11-21T11:19:14.882675,Equivest Metals,0.16666666666666666,-0.2732,0,0,Other,explorers do not know the main geological risk on their projects
"Successful exploration entails that all elements needed to form a mineral deposit are present at the prospect location. The example below (simplified) shows important factors for magmatic Ni-Cu-PGE deposit formation. Unfortunately, in the area where our hypothetical project is located, there are no organic-rich sediments needed to provide sulfur to form Ni-Cu sulfides. It really does not matter if the other elements were in place. If one of the elements fails, the prospect fails.",p,https://www.equivestmetals.com/post/we-assessed-500-exploration-companies-what-are-the-5-most-important-learnings,We assessed 500 exploration companies - what are 5 most important learnings,,['We assessed 500 exploration companies - what are 5 most important learnings'],2024-11-21T11:19:14.882677,Equivest Metals,-0.03437500000000002,0.0931,1,1,Balanced,successful exploration entails that all elements needed to form a mineral deposit are present at the prospect location the example below simplified shows important factors for magmatic nicupge deposit formation unfortunately in the area where our hypothetical project is located there are no organicrich sediments needed to provide sulfur to form nicu sulfides it really does not matter if the other elements were in place if one of the elements fails the prospect fails
"From talking to explorers, there is little awareness of the main geological risk on their projects. In essence, this is the element where successful explorers should spend their time and money to either progress the project or divest it from their portfolio.",p,https://www.equivestmetals.com/post/we-assessed-500-exploration-companies-what-are-the-5-most-important-learnings,We assessed 500 exploration companies - what are 5 most important learnings,,['We assessed 500 exploration companies - what are 5 most important learnings'],2024-11-21T11:19:14.882678,Equivest Metals,0.24305555555555555,0.6705,0,0,Other,from talking to explorers there is little awareness of the main geological risk on their projects in essence this is the element where successful explorers should spend their time and money to either progress the project or divest it from their portfolio
"5. Clear business model, but unclear exploration strategy.",h3,https://www.equivestmetals.com/post/we-assessed-500-exploration-companies-what-are-the-5-most-important-learnings,We assessed 500 exploration companies - what are 5 most important learnings,,['We assessed 500 exploration companies - what are 5 most important learnings'],2024-11-21T11:19:14.882681,Equivest Metals,0.09999999999999999,0.1655,1,1,Balanced,clear business model but unclear exploration strategy
"There is a heavy focus across exploration companies on promoting the battery metals thesis needed for the green transition. The typical business model is, in a nutshell, to ""build a battery metals portfolio and unlock significant discovery within it."" Unfortunately, what is missing is a clear exploration strategy explaining how this will be achieved.",p,https://www.equivestmetals.com/post/we-assessed-500-exploration-companies-what-are-the-5-most-important-learnings,We assessed 500 exploration companies - what are 5 most important learnings,,['We assessed 500 exploration companies - what are 5 most important learnings'],2024-11-21T11:19:14.882683,Equivest Metals,-0.1130952380952381,0.6249,2,2,Balanced,there is a heavy focus across exploration companies on promoting the battery metals thesis needed for the green transition the typical business model is in a nutshell to build a battery metals portfolio and unlock significant discovery within it unfortunately what is missing is a clear exploration strategy explaining how this will be achieved
Very few exploration companies are able to communicate these critical aspects of an exploration strategy. Some important pointers are shown below:,p,https://www.equivestmetals.com/post/we-assessed-500-exploration-companies-what-are-the-5-most-important-learnings,We assessed 500 exploration companies - what are 5 most important learnings,,['We assessed 500 exploration companies - what are 5 most important learnings'],2024-11-21T11:19:14.882684,Equivest Metals,0.16,0.4323,2,2,Balanced,very few exploration companies are able to communicate these critical aspects of an exploration strategy some important pointers are shown below
"1. Why are you exploring in area ""X""? What is unique about this area geologically to produce the next discovery?",p,https://www.equivestmetals.com/post/we-assessed-500-exploration-companies-what-are-the-5-most-important-learnings,We assessed 500 exploration companies - what are 5 most important learnings,,['We assessed 500 exploration companies - what are 5 most important learnings'],2024-11-21T11:19:14.882686,Equivest Metals,0.1875,0.0,0,0,Other,why are you exploring in area x what is unique about this area geologically to produce the next discovery
2. What is the deposit model on your projects? What are the important geological factors that need to be in place?,p,https://www.equivestmetals.com/post/we-assessed-500-exploration-companies-what-are-the-5-most-important-learnings,We assessed 500 exploration companies - what are 5 most important learnings,,['We assessed 500 exploration companies - what are 5 most important learnings'],2024-11-21T11:19:14.882691,Equivest Metals,0.4,0.2869,0,0,Other,what is the deposit model on your projects what are the important geological factors that need to be in place
"3. What techniques are you using, and how are they different from explorers that have already been here?",p,https://www.equivestmetals.com/post/we-assessed-500-exploration-companies-what-are-the-5-most-important-learnings,We assessed 500 exploration companies - what are 5 most important learnings,,['We assessed 500 exploration companies - what are 5 most important learnings'],2024-11-21T11:19:14.882693,Equivest Metals,0.0,0.0,0,0,Other,what techniques are you using and how are they different from explorers that have already been here
4. Why is your team the winning team of explorers?,p,https://www.equivestmetals.com/post/we-assessed-500-exploration-companies-what-are-the-5-most-important-learnings,We assessed 500 exploration companies - what are 5 most important learnings,,['We assessed 500 exploration companies - what are 5 most important learnings'],2024-11-21T11:19:14.882694,Equivest Metals,0.5,0.5267,0,0,Other,why is your team the winning team of explorers
"5. What is your portfolio management strategy? What are the criteria to park an exploration project or progress it to drilling?""",p,https://www.equivestmetals.com/post/we-assessed-500-exploration-companies-what-are-the-5-most-important-learnings,We assessed 500 exploration companies - what are 5 most important learnings,,['We assessed 500 exploration companies - what are 5 most important learnings'],2024-11-21T11:19:14.882696,Equivest Metals,0.0,0.6199,2,2,Balanced,what is your portfolio management strategy what are the criteria to park an exploration project or progress it to drilling
Interested to learn more? Check out my video from Deutsche Goldmesse conference on these topics.,h3,https://www.equivestmetals.com/post/we-assessed-500-exploration-companies-what-are-the-5-most-important-learnings,We assessed 500 exploration companies - what are 5 most important learnings,,['We assessed 500 exploration companies - what are 5 most important learnings'],2024-11-21T11:19:14.882698,Equivest Metals,0.375,0.4019,0,0,Other,interested to learn more check out my video from deutsche goldmesse conference on these topics
at in various geographic locations.,p,https://www.equivestmetals.com/post/we-assessed-500-exploration-companies-what-are-the-5-most-important-learnings,We assessed 500 exploration companies - what are 5 most important learnings,,['We assessed 500 exploration companies - what are 5 most important learnings'],2024-11-21T11:19:14.882700,Equivest Metals,0.0,0.0,0,0,Other,at in various geographic locations
Recent Posts,h2,https://www.equivestmetals.com/post/we-assessed-500-exploration-companies-what-are-the-5-most-important-learnings,We assessed 500 exploration companies - what are 5 most important learnings,,['We assessed 500 exploration companies - what are 5 most important learnings'],2024-11-21T11:19:14.882701,Equivest Metals,0.0,0.0,0,0,Other,recent posts
How to leverage AI in Mineral Exploration workflows,p,https://www.equivestmetals.com/post/we-assessed-500-exploration-companies-what-are-the-5-most-important-learnings,We assessed 500 exploration companies - what are 5 most important learnings,,['We assessed 500 exploration companies - what are 5 most important learnings'],2024-11-21T11:19:14.882702,Equivest Metals,0.0,0.2263,1,1,Balanced,how to leverage ai in mineral exploration workflows
Embracing Range in Mineral Exploration,p,https://www.equivestmetals.com/post/we-assessed-500-exploration-companies-what-are-the-5-most-important-learnings,We assessed 500 exploration companies - what are 5 most important learnings,,['We assessed 500 exploration companies - what are 5 most important learnings'],2024-11-21T11:19:14.882704,Equivest Metals,0.0,0.2263,1,1,Balanced,embracing range in mineral exploration
What could the next decade's discoveries look like ?,p,https://www.equivestmetals.com/post/we-assessed-500-exploration-companies-what-are-the-5-most-important-learnings,We assessed 500 exploration companies - what are 5 most important learnings,,['We assessed 500 exploration companies - what are 5 most important learnings'],2024-11-21T11:19:14.882705,Equivest Metals,0.0,0.3612,0,0,Other,what could the next decades discoveries look like
Equivest Metals,h2,https://www.equivestmetals.com/post/we-assessed-500-exploration-companies-what-are-the-5-most-important-learnings,We assessed 500 exploration companies - what are 5 most important learnings,,['We assessed 500 exploration companies - what are 5 most important learnings'],2024-11-21T11:19:14.882706,Equivest Metals,0.0,0.0,0,0,Other,equivest metals
+ 47 454 17 716,p,https://www.equivestmetals.com/post/we-assessed-500-exploration-companies-what-are-the-5-most-important-learnings,We assessed 500 exploration companies - what are 5 most important learnings,,['We assessed 500 exploration companies - what are 5 most important learnings'],2024-11-21T11:19:14.882708,Equivest Metals,0.0,0.0,0,0,Other,
info@equivestmetals.com,p,https://www.equivestmetals.com/post/we-assessed-500-exploration-companies-what-are-the-5-most-important-learnings,We assessed 500 exploration companies - what are 5 most important learnings,,['We assessed 500 exploration companies - what are 5 most important learnings'],2024-11-21T11:19:14.882709,Equivest Metals,0.0,0.0,0,0,Other,infoequivestmetalscom
"Stay informed, join our newsletter",p,https://www.equivestmetals.com/post/we-assessed-500-exploration-companies-what-are-the-5-most-important-learnings,We assessed 500 exploration companies - what are 5 most important learnings,,['We assessed 500 exploration companies - what are 5 most important learnings'],2024-11-21T11:19:14.882710,Equivest Metals,0.0,0.296,0,0,Other,stay informed join our newsletter
Thank You for Subscribing!,p,https://www.equivestmetals.com/post/we-assessed-500-exploration-companies-what-are-the-5-most-important-learnings,We assessed 500 exploration companies - what are 5 most important learnings,,['We assessed 500 exploration companies - what are 5 most important learnings'],2024-11-21T11:19:14.882712,Equivest Metals,0.0,0.4199,0,0,Other,thank you for subscribing
