2024-11-21 11:14:00,975 - INFO - Successfully loaded configuration for 8 competitors
2024-11-21 11:14:09,174 - INFO - Scraping URL: https://www.fleetspace.com/
2024-11-21 11:14:15,492 - INFO - Scraping URL: https://www.fleetspace.com/about
2024-11-21 11:14:15,977 - INFO - Scraping URL: https://www.fleetspace.com/mineral-exploration
2024-11-21 11:14:16,516 - INFO - Scraping URL: https://www.fleetspace.com/resources/ai-for-explorers-leveraging-ai-tools-optimised-for-modern-mineral-exploration
2024-11-21 11:14:16,926 - INFO - Scraping URL: https://www.fleetspace.com/resources/application-of-ant-to-iron-oxide-copper-gold-exploration-in-chile
2024-11-21 11:14:17,558 - INFO - Scraping URL: https://www.fleetspace.com/resources/accelerating-copper-discovery-in-chile-with-power-nickel
2024-11-21 11:14:20,733 - INFO - Scraping URL: https://mineflow.ai/
2024-11-21 11:14:21,854 - INFO - Scraping URL: https://mineflow.ai/about
2024-11-21 11:14:22,132 - INFO - Scraping URL: https://mineflow.ai/docs
2024-11-21 11:14:29,067 - INFO - Scraping URL: https://mineflow.ai/pricing
2024-11-21 11:14:30,507 - INFO - Scraping URL: https://www.koboldmetals.com/
2024-11-21 11:14:34,146 - INFO - Scraping URL: https://www.koboldmetals.com/partnership
2024-11-21 11:14:34,630 - INFO - Scraping URL: https://www.koboldmetals.com/news
2024-11-21 11:14:35,081 - INFO - Scraping URL: https://www.koboldmetals.com/ethics
2024-11-21 11:14:36,964 - INFO - Scraping URL: https://sensore.com/
2024-11-21 11:14:42,564 - INFO - Scraping URL: https://sensore.com/about
2024-11-21 11:14:45,119 - INFO - Scraping URL: https://sensore.com/technology
2024-11-21 11:14:47,002 - INFO - Scraping URL: https://sensore.com/solutions
2024-11-21 11:14:48,882 - INFO - Scraping URL: https://sensore.com/services
2024-11-21 11:14:50,626 - INFO - Scraping URL: https://sensore.com/insights
2024-11-21 11:14:55,098 - INFO - Scraping URL: https://ver-ai.com/
2024-11-21 11:14:57,341 - INFO - Scraping URL: https://ideon.ai/
2024-11-21 11:15:00,066 - INFO - Scraping URL: https://ideon.ai/ideon-reveal-for-exploration
2024-11-21 11:15:01,230 - INFO - Scraping URL: https://ideon.ai/results/vale-base-metals-creighton-mine
2024-11-21 11:15:02,692 - INFO - Scraping URL: https://ideon.ai/results/bhp-leinster-mine
2024-11-21 11:15:04,142 - INFO - Scraping URL: https://ideon.ai/results/orano-mcclean-lake
2024-11-21 11:15:06,373 - INFO - Scraping URL: https://www.seequent.com/
2024-11-21 11:15:10,186 - INFO - Scraping URL: https://www.seequent.com/products-solutions/leapfrog-geo
2024-11-21 11:15:11,831 - INFO - Scraping URL: https://www.seequent.com/products-solutions/geosoft-target
2024-11-21 11:15:13,063 - INFO - Scraping URL: https://www.seequent.com/products-solutions/seequent-central
2024-11-21 11:15:16,854 - INFO - Scraping URL: https://www.seequent.com/products-solutions/imago
2024-11-21 11:15:18,135 - INFO - Scraping URL: https://www.seequent.com/products-solutions/mining
2024-11-21 11:15:19,541 - INFO - Scraping URL: https://www.seequent.com/artificial-intelligence-to-understand-the-underground
2024-11-21 11:15:20,670 - INFO - Scraping URL: https://www.seequent.com/artificial-intelligence-has-great-potential-but-its-only-human
2024-11-21 11:15:26,483 - INFO - Scraping URL: https://www.equivestmetals.com/
2024-11-21 11:15:27,604 - INFO - Scraping URL: https://www.equivestmetals.com/Services
2024-11-21 11:15:28,318 - INFO - Scraping URL: https://www.equivestmetals.com/blog
2024-11-21 11:15:32,962 - INFO - Scraping URL: https://www.equivestmetals.com/post/what-could-the-next-decade-s-discoveries-look-like
2024-11-21 11:15:34,851 - INFO - Scraping URL: https://www.equivestmetals.com/post/we-assessed-500-exploration-companies-what-are-the-5-most-important-learnings
2024-11-21 11:18:01,458 - INFO - Successfully loaded configuration for 8 competitors
2024-11-21 11:18:03,270 - INFO - Scraping URL: https://www.fleetspace.com/
2024-11-21 11:18:05,903 - INFO - Scraping URL: https://www.fleetspace.com/about
2024-11-21 11:18:06,153 - INFO - Scraping URL: https://www.fleetspace.com/mineral-exploration
2024-11-21 11:18:06,741 - INFO - Scraping URL: https://www.fleetspace.com/resources/ai-for-explorers-leveraging-ai-tools-optimised-for-modern-mineral-exploration
2024-11-21 11:18:07,173 - INFO - Scraping URL: https://www.fleetspace.com/resources/application-of-ant-to-iron-oxide-copper-gold-exploration-in-chile
2024-11-21 11:18:07,386 - INFO - Scraping URL: https://www.fleetspace.com/resources/accelerating-copper-discovery-in-chile-with-power-nickel
2024-11-21 11:18:09,577 - INFO - Scraping URL: https://mineflow.ai/
2024-11-21 11:18:10,514 - INFO - Scraping URL: https://mineflow.ai/about
2024-11-21 11:18:11,577 - INFO - Scraping URL: https://mineflow.ai/docs
2024-11-21 11:18:19,752 - INFO - Scraping URL: https://mineflow.ai/pricing
2024-11-21 11:18:21,144 - INFO - Scraping URL: https://www.koboldmetals.com/
2024-11-21 11:18:23,470 - INFO - Scraping URL: https://www.koboldmetals.com/partnership
2024-11-21 11:18:23,631 - INFO - Scraping URL: https://www.koboldmetals.com/news
2024-11-21 11:18:23,732 - INFO - Scraping URL: https://www.koboldmetals.com/ethics
2024-11-21 11:18:25,253 - INFO - Scraping URL: https://sensore.com/
2024-11-21 11:18:29,612 - INFO - Scraping URL: https://sensore.com/about
2024-11-21 11:18:31,486 - INFO - Scraping URL: https://sensore.com/technology
2024-11-21 11:18:33,652 - INFO - Scraping URL: https://sensore.com/solutions
2024-11-21 11:18:34,867 - INFO - Scraping URL: https://sensore.com/services
2024-11-21 11:18:36,476 - INFO - Scraping URL: https://sensore.com/insights
2024-11-21 11:18:40,076 - INFO - Scraping URL: https://ver-ai.com/
2024-11-21 11:18:42,042 - INFO - Scraping URL: https://ideon.ai/
2024-11-21 11:18:52,602 - INFO - Scraping URL: https://ideon.ai/ideon-reveal-for-exploration
2024-11-21 11:18:53,642 - INFO - Scraping URL: https://ideon.ai/results/vale-base-metals-creighton-mine
2024-11-21 11:18:54,624 - INFO - Scraping URL: https://ideon.ai/results/bhp-leinster-mine
2024-11-21 11:18:55,496 - INFO - Scraping URL: https://ideon.ai/results/orano-mcclean-lake
2024-11-21 11:18:57,693 - INFO - Scraping URL: https://www.seequent.com/
2024-11-21 11:18:59,317 - INFO - Scraping URL: https://www.seequent.com/products-solutions/leapfrog-geo
2024-11-21 11:19:01,902 - INFO - Scraping URL: https://www.seequent.com/products-solutions/geosoft-target
2024-11-21 11:19:03,135 - INFO - Scraping URL: https://www.seequent.com/products-solutions/seequent-central
2024-11-21 11:19:04,773 - INFO - Scraping URL: https://www.seequent.com/products-solutions/imago
2024-11-21 11:19:05,935 - INFO - Scraping URL: https://www.seequent.com/products-solutions/mining
2024-11-21 11:19:07,327 - INFO - Scraping URL: https://www.seequent.com/artificial-intelligence-to-understand-the-underground
2024-11-21 11:19:08,543 - INFO - Scraping URL: https://www.seequent.com/artificial-intelligence-has-great-potential-but-its-only-human
2024-11-21 11:19:12,768 - INFO - Scraping URL: https://www.equivestmetals.com/
2024-11-21 11:19:13,748 - INFO - Scraping URL: https://www.equivestmetals.com/Services
2024-11-21 11:19:13,901 - INFO - Scraping URL: https://www.equivestmetals.com/blog
2024-11-21 11:19:14,439 - INFO - Scraping URL: https://www.equivestmetals.com/post/what-could-the-next-decade-s-discoveries-look-like
2024-11-21 11:19:14,747 - INFO - Scraping URL: https://www.equivestmetals.com/post/we-assessed-500-exploration-companies-what-are-the-5-most-important-learnings
2024-11-21 11:19:16,336 - INFO - Exported CSV to analysis_20241121_111916.csv
2024-11-21 11:19:16,336 - ERROR - Error exporting results: No module named 'openpyxl'
2024-11-21 11:25:29,903 - INFO - Successfully loaded configuration for 8 competitors
2024-11-21 11:25:31,132 - INFO - Scraping URL: https://www.fleetspace.com/
2024-11-21 11:25:33,480 - INFO - Scraping URL: https://www.fleetspace.com/about
2024-11-21 11:25:33,729 - INFO - Scraping URL: https://www.fleetspace.com/mineral-exploration
2024-11-21 11:25:34,166 - INFO - Scraping URL: https://www.fleetspace.com/resources/ai-for-explorers-leveraging-ai-tools-optimised-for-modern-mineral-exploration
2024-11-21 11:25:34,345 - INFO - Scraping URL: https://www.fleetspace.com/resources/application-of-ant-to-iron-oxide-copper-gold-exploration-in-chile
2024-11-21 11:25:34,526 - INFO - Scraping URL: https://www.fleetspace.com/resources/accelerating-copper-discovery-in-chile-with-power-nickel
2024-11-21 11:25:36,802 - INFO - Scraping URL: https://mineflow.ai/
2024-11-21 11:25:37,753 - INFO - Scraping URL: https://mineflow.ai/about
2024-11-21 11:25:38,181 - INFO - Scraping URL: https://mineflow.ai/docs
2024-11-21 11:25:42,239 - INFO - Scraping URL: https://mineflow.ai/pricing
2024-11-21 11:25:43,926 - INFO - Scraping URL: https://www.koboldmetals.com/
2024-11-21 11:25:47,447 - INFO - Scraping URL: https://www.koboldmetals.com/partnership
2024-11-21 11:25:47,575 - INFO - Scraping URL: https://www.koboldmetals.com/news
2024-11-21 11:25:47,689 - INFO - Scraping URL: https://www.koboldmetals.com/ethics
2024-11-21 11:25:49,380 - INFO - Scraping URL: https://sensore.com/
2024-11-21 11:25:54,060 - INFO - Scraping URL: https://sensore.com/about
2024-11-21 11:25:56,010 - INFO - Scraping URL: https://sensore.com/technology
2024-11-21 11:25:57,372 - INFO - Scraping URL: https://sensore.com/solutions
2024-11-21 11:25:58,442 - INFO - Scraping URL: https://sensore.com/services
2024-11-21 11:26:00,182 - INFO - Scraping URL: https://sensore.com/insights
2024-11-21 11:26:03,848 - INFO - Scraping URL: https://ver-ai.com/
2024-11-21 11:26:05,879 - INFO - Scraping URL: https://ideon.ai/
2024-11-21 11:26:08,737 - INFO - Scraping URL: https://ideon.ai/ideon-reveal-for-exploration
2024-11-21 11:26:09,608 - INFO - Scraping URL: https://ideon.ai/results/vale-base-metals-creighton-mine
2024-11-21 11:26:10,524 - INFO - Scraping URL: https://ideon.ai/results/bhp-leinster-mine
2024-11-21 11:26:11,488 - INFO - Scraping URL: https://ideon.ai/results/orano-mcclean-lake
2024-11-21 11:26:13,696 - INFO - Scraping URL: https://www.seequent.com/
2024-11-21 11:26:15,653 - INFO - Scraping URL: https://www.seequent.com/products-solutions/leapfrog-geo
2024-11-21 11:26:18,377 - INFO - Scraping URL: https://www.seequent.com/products-solutions/geosoft-target
2024-11-21 11:26:19,721 - INFO - Scraping URL: https://www.seequent.com/products-solutions/seequent-central
2024-11-21 11:26:21,334 - INFO - Scraping URL: https://www.seequent.com/products-solutions/imago
2024-11-21 11:26:22,600 - INFO - Scraping URL: https://www.seequent.com/products-solutions/mining
2024-11-21 11:26:24,053 - INFO - Scraping URL: https://www.seequent.com/artificial-intelligence-to-understand-the-underground
2024-11-21 11:26:25,690 - INFO - Scraping URL: https://www.seequent.com/artificial-intelligence-has-great-potential-but-its-only-human
2024-11-21 11:26:29,731 - INFO - Scraping URL: https://www.equivestmetals.com/
2024-11-21 11:26:30,389 - INFO - Scraping URL: https://www.equivestmetals.com/Services
2024-11-21 11:26:30,511 - INFO - Scraping URL: https://www.equivestmetals.com/blog
2024-11-21 11:26:31,062 - INFO - Scraping URL: https://www.equivestmetals.com/post/what-could-the-next-decade-s-discoveries-look-like
2024-11-21 11:26:31,183 - INFO - Scraping URL: https://www.equivestmetals.com/post/we-assessed-500-exploration-companies-what-are-the-5-most-important-learnings
2024-11-21 11:26:32,718 - INFO - Exported CSV to analysis_20241121_112632.csv
2024-11-21 11:26:32,718 - ERROR - Error exporting results: No module named 'openpyxl'
2024-11-21 11:26:32,746 - INFO - Successfully loaded configuration for 8 competitors
2024-11-21 11:26:33,384 - INFO - Scraping URL: https://www.fleetspace.com/
2024-11-21 11:26:35,972 - INFO - Scraping URL: https://www.fleetspace.com/about
2024-11-21 11:26:36,355 - INFO - Scraping URL: https://www.fleetspace.com/mineral-exploration
2024-11-21 11:26:36,808 - INFO - Scraping URL: https://www.fleetspace.com/resources/ai-for-explorers-leveraging-ai-tools-optimised-for-modern-mineral-exploration
2024-11-21 11:26:37,020 - INFO - Scraping URL: https://www.fleetspace.com/resources/application-of-ant-to-iron-oxide-copper-gold-exploration-in-chile
2024-11-21 11:26:37,247 - INFO - Scraping URL: https://www.fleetspace.com/resources/accelerating-copper-discovery-in-chile-with-power-nickel
2024-11-21 11:26:39,352 - INFO - Scraping URL: https://mineflow.ai/
2024-11-21 11:26:40,447 - INFO - Scraping URL: https://mineflow.ai/about
2024-11-21 11:26:41,442 - INFO - Scraping URL: https://mineflow.ai/docs
2024-11-21 11:26:48,162 - INFO - Scraping URL: https://mineflow.ai/pricing
2024-11-21 11:26:49,571 - INFO - Scraping URL: https://www.koboldmetals.com/
2024-11-21 11:26:53,021 - INFO - Scraping URL: https://www.koboldmetals.com/partnership
2024-11-21 11:26:53,171 - INFO - Scraping URL: https://www.koboldmetals.com/news
2024-11-21 11:26:53,288 - INFO - Scraping URL: https://www.koboldmetals.com/ethics
2024-11-21 11:26:54,813 - INFO - Scraping URL: https://sensore.com/
2024-11-21 11:26:59,775 - INFO - Scraping URL: https://sensore.com/about
2024-11-21 11:27:01,735 - INFO - Scraping URL: https://sensore.com/technology
2024-11-21 11:27:03,708 - INFO - Scraping URL: https://sensore.com/solutions
2024-11-21 11:27:04,698 - INFO - Scraping URL: https://sensore.com/services
2024-11-21 11:27:06,514 - INFO - Scraping URL: https://sensore.com/insights
2024-11-21 11:27:10,082 - INFO - Scraping URL: https://ver-ai.com/
2024-11-21 11:27:12,077 - INFO - Scraping URL: https://ideon.ai/
2024-11-21 11:27:14,511 - INFO - Scraping URL: https://ideon.ai/ideon-reveal-for-exploration
2024-11-21 11:27:15,475 - INFO - Scraping URL: https://ideon.ai/results/vale-base-metals-creighton-mine
2024-11-21 11:27:16,277 - INFO - Scraping URL: https://ideon.ai/results/bhp-leinster-mine
2024-11-21 11:27:17,224 - INFO - Scraping URL: https://ideon.ai/results/orano-mcclean-lake
2024-11-21 11:27:19,268 - INFO - Scraping URL: https://www.seequent.com/
2024-11-21 11:27:21,142 - INFO - Scraping URL: https://www.seequent.com/products-solutions/leapfrog-geo
2024-11-21 11:27:23,872 - INFO - Scraping URL: https://www.seequent.com/products-solutions/geosoft-target
2024-11-21 11:27:25,328 - INFO - Scraping URL: https://www.seequent.com/products-solutions/seequent-central
2024-11-21 11:27:26,577 - INFO - Scraping URL: https://www.seequent.com/products-solutions/imago
2024-11-21 11:27:27,852 - INFO - Scraping URL: https://www.seequent.com/products-solutions/mining
2024-11-21 11:27:29,428 - INFO - Scraping URL: https://www.seequent.com/artificial-intelligence-to-understand-the-underground
2024-11-21 11:27:30,601 - INFO - Scraping URL: https://www.seequent.com/artificial-intelligence-has-great-potential-but-its-only-human
2024-11-21 11:27:34,394 - INFO - Scraping URL: https://www.equivestmetals.com/
2024-11-21 11:27:35,244 - INFO - Scraping URL: https://www.equivestmetals.com/Services
2024-11-21 11:27:35,374 - INFO - Scraping URL: https://www.equivestmetals.com/blog
2024-11-21 11:27:35,893 - INFO - Scraping URL: https://www.equivestmetals.com/post/what-could-the-next-decade-s-discoveries-look-like
2024-11-21 11:27:36,044 - INFO - Scraping URL: https://www.equivestmetals.com/post/we-assessed-500-exploration-companies-what-are-the-5-most-important-learnings
2024-11-21 11:27:37,433 - INFO - Exported CSV to analysis_20241121_112737.csv
2024-11-21 11:27:37,433 - ERROR - Error exporting results: No module named 'openpyxl'
2024-11-21 11:43:26,067 - INFO - Successfully loaded configuration for 8 competitors
2024-11-21 11:43:27,120 - INFO - Scraping URL: https://www.fleetspace.com/
2024-11-21 11:43:29,523 - INFO - Scraping URL: https://www.fleetspace.com/about
2024-11-21 11:43:29,778 - INFO - Scraping URL: https://www.fleetspace.com/mineral-exploration
2024-11-21 11:43:30,232 - INFO - Scraping URL: https://www.fleetspace.com/resources/ai-for-explorers-leveraging-ai-tools-optimised-for-modern-mineral-exploration
2024-11-21 11:43:30,433 - INFO - Scraping URL: https://www.fleetspace.com/resources/application-of-ant-to-iron-oxide-copper-gold-exploration-in-chile
2024-11-21 11:43:30,615 - INFO - Scraping URL: https://www.fleetspace.com/resources/accelerating-copper-discovery-in-chile-with-power-nickel
2024-11-21 11:43:30,911 - ERROR - Error analyzing text: 'technical'
2024-11-21 11:43:30,917 - ERROR - Error analyzing text: 'technical'
2024-11-21 11:43:30,922 - ERROR - Error analyzing text: 'technical'
2024-11-21 11:43:30,928 - ERROR - Error analyzing text: 'technical'
2024-11-21 11:43:30,934 - ERROR - Error analyzing text: 'technical'
2024-11-21 11:43:30,945 - ERROR - Error analyzing text: 'technical'
2024-11-21 11:43:30,958 - ERROR - Error analyzing text: 'technical'
2024-11-21 11:43:30,968 - ERROR - Error analyzing text: 'technical'
2024-11-21 11:43:30,974 - ERROR - Error analyzing text: 'technical'
2024-11-21 11:43:30,980 - ERROR - Error analyzing text: 'technical'
2024-11-21 11:43:30,985 - ERROR - Error analyzing text: 'technical'
2024-11-21 11:43:30,995 - ERROR - Error analyzing text: 'technical'
2024-11-21 11:43:31,000 - ERROR - Error analyzing text: 'technical'
2024-11-21 11:43:31,012 - ERROR - Error analyzing text: 'technical'
2024-11-21 11:43:31,017 - ERROR - Error analyzing text: 'technical'
2024-11-21 11:43:31,027 - ERROR - Error analyzing text: 'technical'
2024-11-21 11:43:31,033 - ERROR - Error analyzing text: 'technical'
2024-11-21 11:43:31,038 - ERROR - Error analyzing text: 'technical'
2024-11-21 11:43:31,044 - ERROR - Error analyzing text: 'technical'
2024-11-21 11:43:31,049 - ERROR - Error analyzing text: 'technical'
2024-11-21 11:43:31,054 - ERROR - Error analyzing text: 'technical'
2024-11-21 11:43:31,061 - ERROR - Error analyzing text: 'technical'
2024-11-21 11:43:31,066 - ERROR - Error analyzing text: 'technical'
2024-11-21 11:43:31,071 - ERROR - Error analyzing text: 'technical'
2024-11-21 11:43:31,076 - ERROR - Error analyzing text: 'technical'
2024-11-21 11:43:31,082 - ERROR - Error analyzing text: 'technical'
2024-11-21 11:43:31,087 - ERROR - Error analyzing text: 'technical'
2024-11-21 11:43:31,094 - ERROR - Error analyzing text: 'technical'
2024-11-21 11:43:31,100 - ERROR - Error analyzing text: 'technical'
2024-11-21 11:43:31,107 - ERROR - Error analyzing text: 'technical'
2024-11-21 11:43:31,115 - ERROR - Error analyzing text: 'technical'
2024-11-21 11:43:31,120 - ERROR - Error analyzing text: 'technical'
2024-11-21 11:43:31,126 - ERROR - Error analyzing text: 'technical'
2024-11-21 11:43:31,131 - ERROR - Error analyzing text: 'technical'
2024-11-21 11:43:31,138 - ERROR - Error analyzing text: 'technical'
2024-11-21 11:43:31,145 - ERROR - Error analyzing text: 'technical'
2024-11-21 11:43:31,163 - ERROR - Error analyzing text: 'technical'
2024-11-21 11:43:31,168 - ERROR - Error analyzing text: 'technical'
2024-11-21 11:43:31,173 - ERROR - Error analyzing text: 'technical'
2024-11-21 11:43:31,179 - ERROR - Error analyzing text: 'technical'
2024-11-21 11:43:31,184 - ERROR - Error analyzing text: 'technical'
2024-11-21 11:43:31,189 - ERROR - Error analyzing text: 'technical'
2024-11-21 11:43:31,196 - ERROR - Error analyzing text: 'technical'
2024-11-21 11:43:31,201 - ERROR - Error analyzing text: 'technical'
2024-11-21 11:43:31,207 - ERROR - Error analyzing text: 'technical'
2024-11-21 11:43:31,213 - ERROR - Error analyzing text: 'technical'
2024-11-21 11:43:31,221 - ERROR - Error analyzing text: 'technical'
2024-11-21 11:43:31,228 - ERROR - Error analyzing text: 'technical'
2024-11-21 11:43:31,233 - ERROR - Error analyzing text: 'technical'
2024-11-21 11:43:31,238 - ERROR - Error analyzing text: 'technical'
2024-11-21 11:43:31,243 - ERROR - Error analyzing text: 'technical'
2024-11-21 11:43:31,249 - ERROR - Error analyzing text: 'technical'
2024-11-21 11:43:31,254 - ERROR - Error analyzing text: 'technical'
2024-11-21 11:43:31,264 - ERROR - Error analyzing text: 'technical'
2024-11-21 11:43:31,269 - ERROR - Error analyzing text: 'technical'
2024-11-21 11:43:31,275 - ERROR - Error analyzing text: 'technical'
2024-11-21 11:43:31,284 - ERROR - Error analyzing text: 'technical'
2024-11-21 11:43:31,289 - ERROR - Error analyzing text: 'technical'
2024-11-21 11:43:31,295 - ERROR - Error analyzing text: 'technical'
2024-11-21 11:43:31,300 - ERROR - Error analyzing text: 'technical'
2024-11-21 11:43:31,305 - ERROR - Error analyzing text: 'technical'
2024-11-21 11:43:31,320 - ERROR - Error analyzing text: 'technical'
2024-11-21 11:43:31,325 - ERROR - Error analyzing text: 'technical'
2024-11-21 11:43:31,330 - ERROR - Error analyzing text: 'technical'
2024-11-21 11:43:31,338 - ERROR - Error analyzing text: 'technical'
2024-11-21 11:43:31,343 - ERROR - Error analyzing text: 'technical'
2024-11-21 11:43:31,350 - ERROR - Error analyzing text: 'technical'
2024-11-21 11:43:31,355 - ERROR - Error analyzing text: 'technical'
2024-11-21 11:43:31,362 - ERROR - Error analyzing text: 'technical'
2024-11-21 11:43:31,367 - ERROR - Error analyzing text: 'technical'
2024-11-21 11:43:31,376 - ERROR - Error analyzing text: 'technical'
2024-11-21 11:43:31,381 - ERROR - Error analyzing text: 'technical'
2024-11-21 11:43:31,388 - ERROR - Error analyzing text: 'technical'
2024-11-21 11:43:31,394 - ERROR - Error analyzing text: 'technical'
2024-11-21 11:43:31,401 - ERROR - Error analyzing text: 'technical'
2024-11-21 11:43:31,405 - ERROR - Error analyzing text: 'technical'
2024-11-21 11:43:31,410 - ERROR - Error analyzing text: 'technical'
2024-11-21 11:43:31,415 - ERROR - Error analyzing text: 'technical'
2024-11-21 11:43:31,420 - ERROR - Error analyzing text: 'technical'
2024-11-21 11:43:31,425 - ERROR - Error analyzing text: 'technical'
2024-11-21 11:43:31,429 - ERROR - Error analyzing text: 'technical'
2024-11-21 11:43:31,434 - ERROR - Error analyzing text: 'technical'
2024-11-21 11:43:31,439 - ERROR - Error analyzing text: 'technical'
2024-11-21 11:43:31,443 - ERROR - Error analyzing text: 'technical'
2024-11-21 11:43:31,448 - ERROR - Error analyzing text: 'technical'
2024-11-21 11:43:31,453 - ERROR - Error analyzing text: 'technical'
2024-11-21 11:43:31,458 - ERROR - Error analyzing text: 'technical'
2024-11-21 11:43:31,463 - ERROR - Error analyzing text: 'technical'
2024-11-21 11:43:31,469 - ERROR - Error analyzing text: 'technical'
2024-11-21 11:43:31,474 - ERROR - Error analyzing text: 'technical'
2024-11-21 11:43:31,480 - ERROR - Error analyzing text: 'technical'
2024-11-21 11:43:31,484 - ERROR - Error analyzing text: 'technical'
2024-11-21 11:43:31,498 - ERROR - Error analyzing text: 'technical'
2024-11-21 11:43:31,509 - ERROR - Error analyzing text: 'technical'
2024-11-21 11:43:31,516 - ERROR - Error analyzing text: 'technical'
2024-11-21 11:43:31,530 - ERROR - Error analyzing text: 'technical'
2024-11-21 11:43:31,536 - ERROR - Error analyzing text: 'technical'
2024-11-21 11:43:31,551 - ERROR - Error analyzing text: 'technical'
2024-11-21 11:43:31,575 - ERROR - Error analyzing text: 'technical'
2024-11-21 11:43:31,580 - ERROR - Error analyzing text: 'technical'
2024-11-21 11:43:31,590 - ERROR - Error analyzing text: 'technical'
2024-11-21 11:43:31,611 - ERROR - Error analyzing text: 'technical'
2024-11-21 11:43:31,620 - ERROR - Error analyzing text: 'technical'
2024-11-21 11:43:31,626 - ERROR - Error analyzing text: 'technical'
2024-11-21 11:43:31,645 - ERROR - Error analyzing text: 'technical'
2024-11-21 11:43:31,654 - ERROR - Error analyzing text: 'technical'
2024-11-21 11:43:31,680 - ERROR - Error analyzing text: 'technical'
2024-11-21 11:43:31,696 - ERROR - Error analyzing text: 'technical'
2024-11-21 11:43:31,705 - ERROR - Error analyzing text: 'technical'
2024-11-21 11:43:31,710 - ERROR - Error analyzing text: 'technical'
2024-11-21 11:43:31,734 - ERROR - Error analyzing text: 'technical'
2024-11-21 11:43:31,746 - ERROR - Error analyzing text: 'technical'
2024-11-21 11:43:31,751 - ERROR - Error analyzing text: 'technical'
2024-11-21 11:43:31,765 - ERROR - Error analyzing text: 'technical'
2024-11-21 11:43:31,786 - ERROR - Error analyzing text: 'technical'
2024-11-21 11:43:31,796 - ERROR - Error analyzing text: 'technical'
2024-11-21 11:43:31,801 - ERROR - Error analyzing text: 'technical'
2024-11-21 11:43:31,811 - ERROR - Error analyzing text: 'technical'
2024-11-21 11:43:31,817 - ERROR - Error analyzing text: 'technical'
2024-11-21 11:43:31,825 - ERROR - Error analyzing text: 'technical'
2024-11-21 11:43:31,835 - ERROR - Error analyzing text: 'technical'
2024-11-21 11:43:31,844 - ERROR - Error analyzing text: 'technical'
2024-11-21 11:43:31,854 - ERROR - Error analyzing text: 'technical'
2024-11-21 11:43:31,864 - ERROR - Error analyzing text: 'technical'
2024-11-21 11:43:31,873 - ERROR - Error analyzing text: 'technical'
2024-11-21 11:43:31,885 - ERROR - Error analyzing text: 'technical'
2024-11-21 11:43:31,895 - ERROR - Error analyzing text: 'technical'
2024-11-21 11:43:31,904 - ERROR - Error analyzing text: 'technical'
2024-11-21 11:43:31,913 - ERROR - Error analyzing text: 'technical'
2024-11-21 11:43:31,925 - ERROR - Error analyzing text: 'technical'
2024-11-21 11:43:31,930 - ERROR - Error analyzing text: 'technical'
2024-11-21 11:43:31,937 - ERROR - Error analyzing text: 'technical'
2024-11-21 11:43:31,945 - ERROR - Error analyzing text: 'technical'
2024-11-21 11:43:31,951 - ERROR - Error analyzing text: 'technical'
2024-11-21 11:43:31,964 - ERROR - Error analyzing text: 'technical'
2024-11-21 11:43:31,978 - ERROR - Error analyzing text: 'technical'
2024-11-21 11:43:31,987 - ERROR - Error analyzing text: 'technical'
2024-11-21 11:43:31,998 - ERROR - Error analyzing text: 'technical'
2024-11-21 11:43:32,018 - ERROR - Error analyzing text: 'technical'
2024-11-21 11:43:32,034 - ERROR - Error analyzing text: 'technical'
2024-11-21 11:43:32,040 - ERROR - Error analyzing text: 'technical'
2024-11-21 11:43:32,052 - ERROR - Error analyzing text: 'technical'
2024-11-21 11:43:32,065 - ERROR - Error analyzing text: 'technical'
2024-11-21 11:43:32,071 - ERROR - Error analyzing text: 'technical'
2024-11-21 11:43:32,087 - ERROR - Error analyzing text: 'technical'
2024-11-21 11:43:32,101 - ERROR - Error analyzing text: 'technical'
2024-11-21 11:43:32,119 - ERROR - Error analyzing text: 'technical'
2024-11-21 11:43:32,124 - ERROR - Error analyzing text: 'technical'
2024-11-21 11:43:32,143 - ERROR - Error analyzing text: 'technical'
2024-11-21 11:43:32,148 - ERROR - Error analyzing text: 'technical'
2024-11-21 11:43:32,160 - ERROR - Error analyzing text: 'technical'
2024-11-21 11:43:32,169 - ERROR - Error analyzing text: 'technical'
2024-11-21 11:43:32,179 - ERROR - Error analyzing text: 'technical'
2024-11-21 11:43:32,187 - ERROR - Error analyzing text: 'technical'
2024-11-21 11:43:32,197 - ERROR - Error analyzing text: 'technical'
2024-11-21 11:43:32,207 - ERROR - Error analyzing text: 'technical'
2024-11-21 11:43:32,214 - ERROR - Error analyzing text: 'technical'
2024-11-21 11:43:32,220 - ERROR - Error analyzing text: 'technical'
2024-11-21 11:43:32,226 - ERROR - Error analyzing text: 'technical'
2024-11-21 11:43:32,231 - ERROR - Error analyzing text: 'technical'
2024-11-21 11:43:32,236 - ERROR - Error analyzing text: 'technical'
2024-11-21 11:43:32,246 - ERROR - Error analyzing text: 'technical'
2024-11-21 11:43:32,251 - ERROR - Error analyzing text: 'technical'
2024-11-21 11:43:32,263 - ERROR - Error analyzing text: 'technical'
2024-11-21 11:43:32,268 - ERROR - Error analyzing text: 'technical'
2024-11-21 11:43:32,653 - INFO - Scraping URL: https://mineflow.ai/
2024-11-21 11:43:33,638 - INFO - Scraping URL: https://mineflow.ai/about
2024-11-21 11:43:34,686 - INFO - Scraping URL: https://mineflow.ai/docs
2024-11-21 11:43:40,153 - INFO - Scraping URL: https://mineflow.ai/pricing
2024-11-21 11:43:40,420 - ERROR - Error analyzing text: 'technical'
2024-11-21 11:43:40,427 - ERROR - Error analyzing text: 'technical'
2024-11-21 11:43:40,433 - ERROR - Error analyzing text: 'technical'
2024-11-21 11:43:40,439 - ERROR - Error analyzing text: 'technical'
2024-11-21 11:43:40,444 - ERROR - Error analyzing text: 'technical'
2024-11-21 11:43:40,450 - ERROR - Error analyzing text: 'technical'
2024-11-21 11:43:40,454 - ERROR - Error analyzing text: 'technical'
2024-11-21 11:43:40,464 - ERROR - Error analyzing text: 'technical'
2024-11-21 11:43:40,476 - ERROR - Error analyzing text: 'technical'
2024-11-21 11:43:40,482 - ERROR - Error analyzing text: 'technical'
2024-11-21 11:43:40,487 - ERROR - Error analyzing text: 'technical'
2024-11-21 11:43:40,492 - ERROR - Error analyzing text: 'technical'
2024-11-21 11:43:40,497 - ERROR - Error analyzing text: 'technical'
2024-11-21 11:43:40,508 - ERROR - Error analyzing text: 'technical'
2024-11-21 11:43:40,514 - ERROR - Error analyzing text: 'technical'
2024-11-21 11:43:40,520 - ERROR - Error analyzing text: 'technical'
2024-11-21 11:43:40,526 - ERROR - Error analyzing text: 'technical'
2024-11-21 11:43:40,532 - ERROR - Error analyzing text: 'technical'
2024-11-21 11:43:40,539 - ERROR - Error analyzing text: 'technical'
2024-11-21 11:43:40,561 - ERROR - Error analyzing text: 'technical'
2024-11-21 11:43:40,567 - ERROR - Error analyzing text: 'technical'
2024-11-21 11:43:40,575 - ERROR - Error analyzing text: 'technical'
2024-11-21 11:43:40,580 - ERROR - Error analyzing text: 'technical'
2024-11-21 11:43:40,590 - ERROR - Error analyzing text: 'technical'
2024-11-21 11:43:40,599 - ERROR - Error analyzing text: 'technical'
2024-11-21 11:43:40,604 - ERROR - Error analyzing text: 'technical'
2024-11-21 11:43:40,611 - ERROR - Error analyzing text: 'technical'
2024-11-21 11:43:40,619 - ERROR - Error analyzing text: 'technical'
2024-11-21 11:43:40,628 - ERROR - Error analyzing text: 'technical'
2024-11-21 11:43:40,634 - ERROR - Error analyzing text: 'technical'
2024-11-21 11:43:40,642 - ERROR - Error analyzing text: 'technical'
2024-11-21 11:43:40,648 - ERROR - Error analyzing text: 'technical'
2024-11-21 11:43:40,656 - ERROR - Error analyzing text: 'technical'
2024-11-21 11:43:40,707 - ERROR - Error analyzing text: 'technical'
2024-11-21 11:43:40,728 - ERROR - Error analyzing text: 'technical'
2024-11-21 11:43:40,744 - ERROR - Error analyzing text: 'technical'
2024-11-21 11:43:40,755 - ERROR - Error analyzing text: 'technical'
2024-11-21 11:43:40,764 - ERROR - Error analyzing text: 'technical'
2024-11-21 11:43:40,774 - ERROR - Error analyzing text: 'technical'
2024-11-21 11:43:40,780 - ERROR - Error analyzing text: 'technical'
2024-11-21 11:43:40,788 - ERROR - Error analyzing text: 'technical'
2024-11-21 11:43:40,793 - ERROR - Error analyzing text: 'technical'
2024-11-21 11:43:40,803 - ERROR - Error analyzing text: 'technical'
2024-11-21 11:43:40,809 - ERROR - Error analyzing text: 'technical'
2024-11-21 11:43:40,819 - ERROR - Error analyzing text: 'technical'
2024-11-21 11:43:40,826 - ERROR - Error analyzing text: 'technical'
2024-11-21 11:43:40,832 - ERROR - Error analyzing text: 'technical'
2024-11-21 11:43:40,837 - ERROR - Error analyzing text: 'technical'
2024-11-21 11:43:40,851 - ERROR - Error analyzing text: 'technical'
2024-11-21 11:43:40,858 - ERROR - Error analyzing text: 'technical'
2024-11-21 11:43:40,871 - ERROR - Error analyzing text: 'technical'
2024-11-21 11:43:40,879 - ERROR - Error analyzing text: 'technical'
2024-11-21 11:43:40,886 - ERROR - Error analyzing text: 'technical'
2024-11-21 11:43:40,892 - ERROR - Error analyzing text: 'technical'
2024-11-21 11:43:40,898 - ERROR - Error analyzing text: 'technical'
2024-11-21 11:43:40,904 - ERROR - Error analyzing text: 'technical'
2024-11-21 11:43:40,909 - ERROR - Error analyzing text: 'technical'
2024-11-21 11:43:40,915 - ERROR - Error analyzing text: 'technical'
2024-11-21 11:43:40,927 - ERROR - Error analyzing text: 'technical'
2024-11-21 11:43:40,933 - ERROR - Error analyzing text: 'technical'
2024-11-21 11:43:40,949 - ERROR - Error analyzing text: 'technical'
2024-11-21 11:43:40,961 - ERROR - Error analyzing text: 'technical'
2024-11-21 11:43:40,974 - ERROR - Error analyzing text: 'technical'
2024-11-21 11:43:40,985 - ERROR - Error analyzing text: 'technical'
2024-11-21 11:43:40,992 - ERROR - Error analyzing text: 'technical'
2024-11-21 11:43:40,998 - ERROR - Error analyzing text: 'technical'
2024-11-21 11:43:41,007 - ERROR - Error analyzing text: 'technical'
2024-11-21 11:43:41,030 - ERROR - Error analyzing text: 'technical'
2024-11-21 11:43:41,035 - ERROR - Error analyzing text: 'technical'
2024-11-21 11:43:41,040 - ERROR - Error analyzing text: 'technical'
2024-11-21 11:43:41,046 - ERROR - Error analyzing text: 'technical'
2024-11-21 11:43:41,052 - ERROR - Error analyzing text: 'technical'
2024-11-21 11:43:41,057 - ERROR - Error analyzing text: 'technical'
2024-11-21 11:43:41,064 - ERROR - Error analyzing text: 'technical'
2024-11-21 11:43:41,069 - ERROR - Error analyzing text: 'technical'
2024-11-21 11:43:41,074 - ERROR - Error analyzing text: 'technical'
2024-11-21 11:43:41,080 - ERROR - Error analyzing text: 'technical'
2024-11-21 11:43:41,086 - ERROR - Error analyzing text: 'technical'
2024-11-21 11:43:41,091 - ERROR - Error analyzing text: 'technical'
2024-11-21 11:43:41,520 - INFO - Scraping URL: https://www.koboldmetals.com/
2024-11-21 11:43:45,131 - INFO - Scraping URL: https://www.koboldmetals.com/partnership
2024-11-21 11:43:45,273 - INFO - Scraping URL: https://www.koboldmetals.com/news
2024-11-21 11:43:45,382 - INFO - Scraping URL: https://www.koboldmetals.com/ethics
2024-11-21 11:43:45,573 - ERROR - Error analyzing text: 'technical'
2024-11-21 11:43:45,578 - ERROR - Error analyzing text: 'technical'
2024-11-21 11:43:45,587 - ERROR - Error analyzing text: 'technical'
2024-11-21 11:43:45,593 - ERROR - Error analyzing text: 'technical'
2024-11-21 11:43:45,599 - ERROR - Error analyzing text: 'technical'
2024-11-21 11:43:45,606 - ERROR - Error analyzing text: 'technical'
2024-11-21 11:43:45,615 - ERROR - Error analyzing text: 'technical'
2024-11-21 11:43:45,624 - ERROR - Error analyzing text: 'technical'
2024-11-21 11:43:45,631 - ERROR - Error analyzing text: 'technical'
2024-11-21 11:43:45,636 - ERROR - Error analyzing text: 'technical'
2024-11-21 11:43:45,642 - ERROR - Error analyzing text: 'technical'
2024-11-21 11:43:45,656 - ERROR - Error analyzing text: 'technical'
2024-11-21 11:43:45,662 - ERROR - Error analyzing text: 'technical'
2024-11-21 11:43:45,680 - ERROR - Error analyzing text: 'technical'
2024-11-21 11:43:45,685 - ERROR - Error analyzing text: 'technical'
2024-11-21 11:43:45,704 - ERROR - Error analyzing text: 'technical'
2024-11-21 11:43:45,710 - ERROR - Error analyzing text: 'technical'
2024-11-21 11:43:45,728 - ERROR - Error analyzing text: 'technical'
2024-11-21 11:43:45,734 - ERROR - Error analyzing text: 'technical'
2024-11-21 11:43:45,752 - ERROR - Error analyzing text: 'technical'
2024-11-21 11:43:45,757 - ERROR - Error analyzing text: 'technical'
2024-11-21 11:43:45,763 - ERROR - Error analyzing text: 'technical'
2024-11-21 11:43:45,772 - ERROR - Error analyzing text: 'technical'
2024-11-21 11:43:45,778 - ERROR - Error analyzing text: 'technical'
2024-11-21 11:43:45,787 - ERROR - Error analyzing text: 'technical'
2024-11-21 11:43:45,794 - ERROR - Error analyzing text: 'technical'
2024-11-21 11:43:45,801 - ERROR - Error analyzing text: 'technical'
2024-11-21 11:43:45,805 - ERROR - Error analyzing text: 'technical'
2024-11-21 11:43:45,812 - ERROR - Error analyzing text: 'technical'
2024-11-21 11:43:45,819 - ERROR - Error analyzing text: 'technical'
2024-11-21 11:43:45,825 - ERROR - Error analyzing text: 'technical'
2024-11-21 11:43:45,832 - ERROR - Error analyzing text: 'technical'
2024-11-21 11:43:45,837 - ERROR - Error analyzing text: 'technical'
2024-11-21 11:43:45,844 - ERROR - Error analyzing text: 'technical'
2024-11-21 11:43:45,853 - ERROR - Error analyzing text: 'technical'
2024-11-21 11:43:45,860 - ERROR - Error analyzing text: 'technical'
2024-11-21 11:43:45,865 - ERROR - Error analyzing text: 'technical'
2024-11-21 11:43:45,870 - ERROR - Error analyzing text: 'technical'
2024-11-21 11:43:45,879 - ERROR - Error analyzing text: 'technical'
2024-11-21 11:43:45,884 - ERROR - Error analyzing text: 'technical'
2024-11-21 11:43:45,891 - ERROR - Error analyzing text: 'technical'
2024-11-21 11:43:45,896 - ERROR - Error analyzing text: 'technical'
2024-11-21 11:43:45,902 - ERROR - Error analyzing text: 'technical'
2024-11-21 11:43:45,907 - ERROR - Error analyzing text: 'technical'
2024-11-21 11:43:45,912 - ERROR - Error analyzing text: 'technical'
2024-11-21 11:43:45,920 - ERROR - Error analyzing text: 'technical'
2024-11-21 11:43:45,926 - ERROR - Error analyzing text: 'technical'
2024-11-21 11:43:45,936 - ERROR - Error analyzing text: 'technical'
2024-11-21 11:43:45,941 - ERROR - Error analyzing text: 'technical'
2024-11-21 11:43:45,946 - ERROR - Error analyzing text: 'technical'
2024-11-21 11:43:45,954 - ERROR - Error analyzing text: 'technical'
2024-11-21 11:43:45,959 - ERROR - Error analyzing text: 'technical'
2024-11-21 11:43:45,964 - ERROR - Error analyzing text: 'technical'
2024-11-21 11:43:45,970 - ERROR - Error analyzing text: 'technical'
2024-11-21 11:43:45,976 - ERROR - Error analyzing text: 'technical'
2024-11-21 11:43:45,982 - ERROR - Error analyzing text: 'technical'
2024-11-21 11:43:45,992 - ERROR - Error analyzing text: 'technical'
2024-11-21 11:43:46,000 - ERROR - Error analyzing text: 'technical'
2024-11-21 11:43:46,012 - ERROR - Error analyzing text: 'technical'
2024-11-21 11:43:46,017 - ERROR - Error analyzing text: 'technical'
2024-11-21 11:43:46,022 - ERROR - Error analyzing text: 'technical'
2024-11-21 11:43:46,032 - ERROR - Error analyzing text: 'technical'
2024-11-21 11:43:46,038 - ERROR - Error analyzing text: 'technical'
2024-11-21 11:43:46,049 - ERROR - Error analyzing text: 'technical'
2024-11-21 11:43:46,055 - ERROR - Error analyzing text: 'technical'
2024-11-21 11:43:46,066 - ERROR - Error analyzing text: 'technical'
2024-11-21 11:43:46,071 - ERROR - Error analyzing text: 'technical'
2024-11-21 11:43:46,081 - ERROR - Error analyzing text: 'technical'
2024-11-21 11:43:46,087 - ERROR - Error analyzing text: 'technical'
2024-11-21 11:43:46,095 - ERROR - Error analyzing text: 'technical'
2024-11-21 11:43:46,100 - ERROR - Error analyzing text: 'technical'
2024-11-21 11:43:46,112 - ERROR - Error analyzing text: 'technical'
2024-11-21 11:43:46,117 - ERROR - Error analyzing text: 'technical'
2024-11-21 11:43:46,125 - ERROR - Error analyzing text: 'technical'
2024-11-21 11:43:46,132 - ERROR - Error analyzing text: 'technical'
2024-11-21 11:43:46,139 - ERROR - Error analyzing text: 'technical'
2024-11-21 11:43:46,146 - ERROR - Error analyzing text: 'technical'
2024-11-21 11:43:46,153 - ERROR - Error analyzing text: 'technical'
2024-11-21 11:43:46,159 - ERROR - Error analyzing text: 'technical'
2024-11-21 11:43:46,168 - ERROR - Error analyzing text: 'technical'
2024-11-21 11:43:46,174 - ERROR - Error analyzing text: 'technical'
2024-11-21 11:43:46,180 - ERROR - Error analyzing text: 'technical'
2024-11-21 11:43:46,184 - ERROR - Error analyzing text: 'technical'
2024-11-21 11:43:46,191 - ERROR - Error analyzing text: 'technical'
2024-11-21 11:43:46,199 - ERROR - Error analyzing text: 'technical'
2024-11-21 11:43:46,208 - ERROR - Error analyzing text: 'technical'
2024-11-21 11:43:46,218 - ERROR - Error analyzing text: 'technical'
2024-11-21 11:43:46,227 - ERROR - Error analyzing text: 'technical'
2024-11-21 11:43:46,236 - ERROR - Error analyzing text: 'technical'
2024-11-21 11:43:46,246 - ERROR - Error analyzing text: 'technical'
2024-11-21 11:43:46,256 - ERROR - Error analyzing text: 'technical'
2024-11-21 11:43:46,264 - ERROR - Error analyzing text: 'technical'
2024-11-21 11:43:46,269 - ERROR - Error analyzing text: 'technical'
2024-11-21 11:43:46,676 - INFO - Scraping URL: https://sensore.com/
2024-11-21 11:43:51,391 - INFO - Scraping URL: https://sensore.com/about
2024-11-21 11:43:53,346 - INFO - Scraping URL: https://sensore.com/technology
2024-11-21 11:43:54,720 - INFO - Scraping URL: https://sensore.com/solutions
2024-11-21 11:43:55,832 - INFO - Scraping URL: https://sensore.com/services
2024-11-21 11:43:57,608 - INFO - Scraping URL: https://sensore.com/insights
2024-11-21 11:44:26,191 - INFO - Successfully loaded configuration for 8 competitors
2024-11-21 11:44:26,712 - INFO - Scraping URL: https://www.fleetspace.com/
2024-11-21 11:44:28,944 - INFO - Scraping URL: https://www.fleetspace.com/about
2024-11-21 11:44:29,242 - INFO - Scraping URL: https://www.fleetspace.com/mineral-exploration
2024-11-21 11:44:29,665 - INFO - Scraping URL: https://www.fleetspace.com/resources/ai-for-explorers-leveraging-ai-tools-optimised-for-modern-mineral-exploration
2024-11-21 11:44:29,864 - INFO - Scraping URL: https://www.fleetspace.com/resources/application-of-ant-to-iron-oxide-copper-gold-exploration-in-chile
2024-11-21 11:44:30,054 - INFO - Scraping URL: https://www.fleetspace.com/resources/accelerating-copper-discovery-in-chile-with-power-nickel
2024-11-21 11:44:30,343 - ERROR - Error analyzing text: 'technical'
2024-11-21 11:44:30,349 - ERROR - Error analyzing text: 'technical'
2024-11-21 11:44:30,354 - ERROR - Error analyzing text: 'technical'
2024-11-21 11:44:30,360 - ERROR - Error analyzing text: 'technical'
2024-11-21 11:44:30,366 - ERROR - Error analyzing text: 'technical'
2024-11-21 11:44:30,376 - ERROR - Error analyzing text: 'technical'
2024-11-21 11:44:30,390 - ERROR - Error analyzing text: 'technical'
2024-11-21 11:44:30,401 - ERROR - Error analyzing text: 'technical'
2024-11-21 11:44:30,406 - ERROR - Error analyzing text: 'technical'
2024-11-21 11:44:30,412 - ERROR - Error analyzing text: 'technical'
2024-11-21 11:44:30,418 - ERROR - Error analyzing text: 'technical'
2024-11-21 11:44:30,428 - ERROR - Error analyzing text: 'technical'
2024-11-21 11:44:30,433 - ERROR - Error analyzing text: 'technical'
2024-11-21 11:44:30,445 - ERROR - Error analyzing text: 'technical'
2024-11-21 11:44:30,451 - ERROR - Error analyzing text: 'technical'
2024-11-21 11:44:30,461 - ERROR - Error analyzing text: 'technical'
2024-11-21 11:44:30,467 - ERROR - Error analyzing text: 'technical'
2024-11-21 11:44:30,473 - ERROR - Error analyzing text: 'technical'
2024-11-21 11:44:30,478 - ERROR - Error analyzing text: 'technical'
2024-11-21 11:44:30,483 - ERROR - Error analyzing text: 'technical'
2024-11-21 11:44:30,489 - ERROR - Error analyzing text: 'technical'
2024-11-21 11:44:30,495 - ERROR - Error analyzing text: 'technical'
2024-11-21 11:44:30,501 - ERROR - Error analyzing text: 'technical'
2024-11-21 11:44:30,506 - ERROR - Error analyzing text: 'technical'
2024-11-21 11:44:30,512 - ERROR - Error analyzing text: 'technical'
2024-11-21 11:44:30,519 - ERROR - Error analyzing text: 'technical'
2024-11-21 11:44:30,524 - ERROR - Error analyzing text: 'technical'
2024-11-21 11:44:30,530 - ERROR - Error analyzing text: 'technical'
2024-11-21 11:44:30,537 - ERROR - Error analyzing text: 'technical'
2024-11-21 11:44:30,544 - ERROR - Error analyzing text: 'technical'
2024-11-21 11:44:30,552 - ERROR - Error analyzing text: 'technical'
2024-11-21 11:44:30,557 - ERROR - Error analyzing text: 'technical'
2024-11-21 11:44:30,563 - ERROR - Error analyzing text: 'technical'
2024-11-21 11:44:30,569 - ERROR - Error analyzing text: 'technical'
2024-11-21 11:44:30,576 - ERROR - Error analyzing text: 'technical'
2024-11-21 11:44:30,583 - ERROR - Error analyzing text: 'technical'
2024-11-21 11:44:30,601 - ERROR - Error analyzing text: 'technical'
2024-11-21 11:44:30,606 - ERROR - Error analyzing text: 'technical'
2024-11-21 11:44:30,612 - ERROR - Error analyzing text: 'technical'
2024-11-21 11:44:30,618 - ERROR - Error analyzing text: 'technical'
2024-11-21 11:44:30,623 - ERROR - Error analyzing text: 'technical'
2024-11-21 11:44:30,629 - ERROR - Error analyzing text: 'technical'
2024-11-21 11:44:30,636 - ERROR - Error analyzing text: 'technical'
2024-11-21 11:44:30,642 - ERROR - Error analyzing text: 'technical'
2024-11-21 11:44:30,648 - ERROR - Error analyzing text: 'technical'
2024-11-21 11:44:30,654 - ERROR - Error analyzing text: 'technical'
2024-11-21 11:44:30,663 - ERROR - Error analyzing text: 'technical'
2024-11-21 11:44:30,670 - ERROR - Error analyzing text: 'technical'
2024-11-21 11:44:30,675 - ERROR - Error analyzing text: 'technical'
2024-11-21 11:44:30,680 - ERROR - Error analyzing text: 'technical'
2024-11-21 11:44:30,686 - ERROR - Error analyzing text: 'technical'
2024-11-21 11:44:30,691 - ERROR - Error analyzing text: 'technical'
2024-11-21 11:44:30,697 - ERROR - Error analyzing text: 'technical'
2024-11-21 11:44:30,708 - ERROR - Error analyzing text: 'technical'
2024-11-21 11:44:30,713 - ERROR - Error analyzing text: 'technical'
2024-11-21 11:44:30,719 - ERROR - Error analyzing text: 'technical'
2024-11-21 11:44:30,728 - ERROR - Error analyzing text: 'technical'
2024-11-21 11:44:30,734 - ERROR - Error analyzing text: 'technical'
2024-11-21 11:44:30,739 - ERROR - Error analyzing text: 'technical'
2024-11-21 11:44:30,744 - ERROR - Error analyzing text: 'technical'
2024-11-21 11:44:30,751 - ERROR - Error analyzing text: 'technical'
2024-11-21 11:44:30,767 - ERROR - Error analyzing text: 'technical'
2024-11-21 11:44:30,773 - ERROR - Error analyzing text: 'technical'
2024-11-21 11:44:30,778 - ERROR - Error analyzing text: 'technical'
2024-11-21 11:44:30,787 - ERROR - Error analyzing text: 'technical'
2024-11-21 11:44:30,793 - ERROR - Error analyzing text: 'technical'
2024-11-21 11:44:30,801 - ERROR - Error analyzing text: 'technical'
2024-11-21 11:44:30,807 - ERROR - Error analyzing text: 'technical'
2024-11-21 11:44:30,816 - ERROR - Error analyzing text: 'technical'
2024-11-21 11:44:30,822 - ERROR - Error analyzing text: 'technical'
2024-11-21 11:44:30,832 - ERROR - Error analyzing text: 'technical'
2024-11-21 11:44:30,838 - ERROR - Error analyzing text: 'technical'
2024-11-21 11:44:30,846 - ERROR - Error analyzing text: 'technical'
2024-11-21 11:44:30,853 - ERROR - Error analyzing text: 'technical'
2024-11-21 11:44:30,861 - ERROR - Error analyzing text: 'technical'
2024-11-21 11:44:30,867 - ERROR - Error analyzing text: 'technical'
2024-11-21 11:44:30,872 - ERROR - Error analyzing text: 'technical'
2024-11-21 11:44:30,878 - ERROR - Error analyzing text: 'technical'
2024-11-21 11:44:30,884 - ERROR - Error analyzing text: 'technical'
2024-11-21 11:44:30,889 - ERROR - Error analyzing text: 'technical'
2024-11-21 11:44:30,895 - ERROR - Error analyzing text: 'technical'
2024-11-21 11:44:30,901 - ERROR - Error analyzing text: 'technical'
2024-11-21 11:44:30,906 - ERROR - Error analyzing text: 'technical'
2024-11-21 11:44:30,912 - ERROR - Error analyzing text: 'technical'
2024-11-21 11:44:30,918 - ERROR - Error analyzing text: 'technical'
2024-11-21 11:44:30,924 - ERROR - Error analyzing text: 'technical'
2024-11-21 11:44:30,930 - ERROR - Error analyzing text: 'technical'
2024-11-21 11:44:30,935 - ERROR - Error analyzing text: 'technical'
2024-11-21 11:44:30,942 - ERROR - Error analyzing text: 'technical'
2024-11-21 11:44:30,947 - ERROR - Error analyzing text: 'technical'
2024-11-21 11:44:30,954 - ERROR - Error analyzing text: 'technical'
2024-11-21 11:44:30,958 - ERROR - Error analyzing text: 'technical'
2024-11-21 11:44:30,972 - ERROR - Error analyzing text: 'technical'
2024-11-21 11:44:30,983 - ERROR - Error analyzing text: 'technical'
2024-11-21 11:44:30,990 - ERROR - Error analyzing text: 'technical'
2024-11-21 11:44:31,005 - ERROR - Error analyzing text: 'technical'
2024-11-21 11:44:31,010 - ERROR - Error analyzing text: 'technical'
2024-11-21 11:44:31,026 - ERROR - Error analyzing text: 'technical'
2024-11-21 11:44:31,051 - ERROR - Error analyzing text: 'technical'
2024-11-21 11:44:31,056 - ERROR - Error analyzing text: 'technical'
2024-11-21 11:44:31,068 - ERROR - Error analyzing text: 'technical'
2024-11-21 11:44:31,091 - ERROR - Error analyzing text: 'technical'
2024-11-21 11:44:31,102 - ERROR - Error analyzing text: 'technical'
2024-11-21 11:44:31,107 - ERROR - Error analyzing text: 'technical'
2024-11-21 11:44:31,129 - ERROR - Error analyzing text: 'technical'
2024-11-21 11:44:31,139 - ERROR - Error analyzing text: 'technical'
2024-11-21 11:44:31,167 - ERROR - Error analyzing text: 'technical'
2024-11-21 11:44:31,183 - ERROR - Error analyzing text: 'technical'
2024-11-21 11:44:31,193 - ERROR - Error analyzing text: 'technical'
2024-11-21 11:44:31,198 - ERROR - Error analyzing text: 'technical'
2024-11-21 11:44:31,223 - ERROR - Error analyzing text: 'technical'
2024-11-21 11:44:31,235 - ERROR - Error analyzing text: 'technical'
2024-11-21 11:44:31,241 - ERROR - Error analyzing text: 'technical'
2024-11-21 11:44:31,305 - ERROR - Error analyzing text: 'technical'
2024-11-21 11:44:31,335 - ERROR - Error analyzing text: 'technical'
2024-11-21 11:44:31,345 - ERROR - Error analyzing text: 'technical'
2024-11-21 11:44:31,350 - ERROR - Error analyzing text: 'technical'
2024-11-21 11:44:31,360 - ERROR - Error analyzing text: 'technical'
2024-11-21 11:44:31,366 - ERROR - Error analyzing text: 'technical'
2024-11-21 11:44:31,374 - ERROR - Error analyzing text: 'technical'
2024-11-21 11:44:31,385 - ERROR - Error analyzing text: 'technical'
2024-11-21 11:44:31,395 - ERROR - Error analyzing text: 'technical'
2024-11-21 11:44:31,406 - ERROR - Error analyzing text: 'technical'
2024-11-21 11:44:31,417 - ERROR - Error analyzing text: 'technical'
2024-11-21 11:44:31,427 - ERROR - Error analyzing text: 'technical'
2024-11-21 11:44:31,440 - ERROR - Error analyzing text: 'technical'
2024-11-21 11:44:31,451 - ERROR - Error analyzing text: 'technical'
2024-11-21 11:44:31,461 - ERROR - Error analyzing text: 'technical'
2024-11-21 11:44:31,470 - ERROR - Error analyzing text: 'technical'
2024-11-21 11:44:31,481 - ERROR - Error analyzing text: 'technical'
2024-11-21 11:44:31,487 - ERROR - Error analyzing text: 'technical'
2024-11-21 11:44:31,494 - ERROR - Error analyzing text: 'technical'
2024-11-21 11:44:31,500 - ERROR - Error analyzing text: 'technical'
2024-11-21 11:44:31,506 - ERROR - Error analyzing text: 'technical'
2024-11-21 11:44:31,517 - ERROR - Error analyzing text: 'technical'
2024-11-21 11:44:31,530 - ERROR - Error analyzing text: 'technical'
2024-11-21 11:44:31,539 - ERROR - Error analyzing text: 'technical'
2024-11-21 11:44:31,551 - ERROR - Error analyzing text: 'technical'
2024-11-21 11:44:31,571 - ERROR - Error analyzing text: 'technical'
2024-11-21 11:44:31,588 - ERROR - Error analyzing text: 'technical'
2024-11-21 11:44:31,594 - ERROR - Error analyzing text: 'technical'
2024-11-21 11:44:31,606 - ERROR - Error analyzing text: 'technical'
2024-11-21 11:44:31,617 - ERROR - Error analyzing text: 'technical'
2024-11-21 11:44:31,623 - ERROR - Error analyzing text: 'technical'
2024-11-21 11:44:31,637 - ERROR - Error analyzing text: 'technical'
2024-11-21 11:44:31,650 - ERROR - Error analyzing text: 'technical'
2024-11-21 11:44:31,666 - ERROR - Error analyzing text: 'technical'
2024-11-21 11:44:31,671 - ERROR - Error analyzing text: 'technical'
2024-11-21 11:44:31,687 - ERROR - Error analyzing text: 'technical'
2024-11-21 11:44:31,692 - ERROR - Error analyzing text: 'technical'
2024-11-21 11:44:31,702 - ERROR - Error analyzing text: 'technical'
2024-11-21 11:44:31,711 - ERROR - Error analyzing text: 'technical'
2024-11-21 11:44:31,720 - ERROR - Error analyzing text: 'technical'
2024-11-21 11:44:31,727 - ERROR - Error analyzing text: 'technical'
2024-11-21 11:44:31,735 - ERROR - Error analyzing text: 'technical'
2024-11-21 11:44:31,745 - ERROR - Error analyzing text: 'technical'
2024-11-21 11:44:31,750 - ERROR - Error analyzing text: 'technical'
2024-11-21 11:44:31,755 - ERROR - Error analyzing text: 'technical'
2024-11-21 11:44:31,760 - ERROR - Error analyzing text: 'technical'
2024-11-21 11:44:31,764 - ERROR - Error analyzing text: 'technical'
2024-11-21 11:44:31,769 - ERROR - Error analyzing text: 'technical'
2024-11-21 11:44:31,776 - ERROR - Error analyzing text: 'technical'
2024-11-21 11:44:31,781 - ERROR - Error analyzing text: 'technical'
2024-11-21 11:44:31,792 - ERROR - Error analyzing text: 'technical'
2024-11-21 11:44:31,796 - ERROR - Error analyzing text: 'technical'
2024-11-21 11:44:32,158 - INFO - Scraping URL: https://mineflow.ai/
2024-11-21 11:44:33,094 - INFO - Scraping URL: https://mineflow.ai/about
2024-11-21 11:44:34,031 - INFO - Scraping URL: https://mineflow.ai/docs
2024-11-21 11:44:40,201 - INFO - Scraping URL: https://mineflow.ai/pricing
2024-11-21 11:44:40,468 - ERROR - Error analyzing text: 'technical'
2024-11-21 11:44:40,474 - ERROR - Error analyzing text: 'technical'
2024-11-21 11:44:40,481 - ERROR - Error analyzing text: 'technical'
2024-11-21 11:44:40,486 - ERROR - Error analyzing text: 'technical'
2024-11-21 11:44:40,492 - ERROR - Error analyzing text: 'technical'
2024-11-21 11:44:40,498 - ERROR - Error analyzing text: 'technical'
2024-11-21 11:44:40,503 - ERROR - Error analyzing text: 'technical'
2024-11-21 11:44:40,514 - ERROR - Error analyzing text: 'technical'
2024-11-21 11:44:40,529 - ERROR - Error analyzing text: 'technical'
2024-11-21 11:44:40,535 - ERROR - Error analyzing text: 'technical'
2024-11-21 11:44:40,542 - ERROR - Error analyzing text: 'technical'
2024-11-21 11:44:40,548 - ERROR - Error analyzing text: 'technical'
2024-11-21 11:44:40,555 - ERROR - Error analyzing text: 'technical'
2024-11-21 11:44:40,570 - ERROR - Error analyzing text: 'technical'
2024-11-21 11:44:40,577 - ERROR - Error analyzing text: 'technical'
2024-11-21 11:44:40,585 - ERROR - Error analyzing text: 'technical'
2024-11-21 11:44:40,592 - ERROR - Error analyzing text: 'technical'
2024-11-21 11:44:40,598 - ERROR - Error analyzing text: 'technical'
2024-11-21 11:44:40,606 - ERROR - Error analyzing text: 'technical'
2024-11-21 11:44:40,629 - ERROR - Error analyzing text: 'technical'
2024-11-21 11:44:40,635 - ERROR - Error analyzing text: 'technical'
2024-11-21 11:44:40,643 - ERROR - Error analyzing text: 'technical'
2024-11-21 11:44:40,648 - ERROR - Error analyzing text: 'technical'
2024-11-21 11:44:40,659 - ERROR - Error analyzing text: 'technical'
2024-11-21 11:44:40,668 - ERROR - Error analyzing text: 'technical'
2024-11-21 11:44:40,673 - ERROR - Error analyzing text: 'technical'
2024-11-21 11:44:40,680 - ERROR - Error analyzing text: 'technical'
2024-11-21 11:44:40,688 - ERROR - Error analyzing text: 'technical'
2024-11-21 11:44:40,698 - ERROR - Error analyzing text: 'technical'
2024-11-21 11:44:40,703 - ERROR - Error analyzing text: 'technical'
2024-11-21 11:44:40,712 - ERROR - Error analyzing text: 'technical'
2024-11-21 11:44:40,717 - ERROR - Error analyzing text: 'technical'
2024-11-21 11:44:40,724 - ERROR - Error analyzing text: 'technical'
2024-11-21 11:44:40,736 - ERROR - Error analyzing text: 'technical'
2024-11-21 11:44:40,742 - ERROR - Error analyzing text: 'technical'
2024-11-21 11:44:40,752 - ERROR - Error analyzing text: 'technical'
2024-11-21 11:44:40,762 - ERROR - Error analyzing text: 'technical'
2024-11-21 11:44:40,770 - ERROR - Error analyzing text: 'technical'
2024-11-21 11:44:40,778 - ERROR - Error analyzing text: 'technical'
2024-11-21 11:44:40,784 - ERROR - Error analyzing text: 'technical'
2024-11-21 11:44:40,790 - ERROR - Error analyzing text: 'technical'
2024-11-21 11:44:40,796 - ERROR - Error analyzing text: 'technical'
2024-11-21 11:44:40,804 - ERROR - Error analyzing text: 'technical'
2024-11-21 11:44:40,810 - ERROR - Error analyzing text: 'technical'
2024-11-21 11:44:40,818 - ERROR - Error analyzing text: 'technical'
2024-11-21 11:44:40,825 - ERROR - Error analyzing text: 'technical'
2024-11-21 11:44:40,830 - ERROR - Error analyzing text: 'technical'
2024-11-21 11:44:40,835 - ERROR - Error analyzing text: 'technical'
2024-11-21 11:44:40,848 - ERROR - Error analyzing text: 'technical'
2024-11-21 11:44:40,854 - ERROR - Error analyzing text: 'technical'
2024-11-21 11:44:40,864 - ERROR - Error analyzing text: 'technical'
2024-11-21 11:44:40,870 - ERROR - Error analyzing text: 'technical'
2024-11-21 11:44:40,877 - ERROR - Error analyzing text: 'technical'
2024-11-21 11:44:40,882 - ERROR - Error analyzing text: 'technical'
2024-11-21 11:44:40,888 - ERROR - Error analyzing text: 'technical'
2024-11-21 11:44:40,894 - ERROR - Error analyzing text: 'technical'
2024-11-21 11:44:40,898 - ERROR - Error analyzing text: 'technical'
2024-11-21 11:44:40,904 - ERROR - Error analyzing text: 'technical'
2024-11-21 11:44:40,916 - ERROR - Error analyzing text: 'technical'
2024-11-21 11:44:40,922 - ERROR - Error analyzing text: 'technical'
2024-11-21 11:44:40,937 - ERROR - Error analyzing text: 'technical'
2024-11-21 11:44:40,950 - ERROR - Error analyzing text: 'technical'
2024-11-21 11:44:40,964 - ERROR - Error analyzing text: 'technical'
2024-11-21 11:44:40,975 - ERROR - Error analyzing text: 'technical'
2024-11-21 11:44:40,981 - ERROR - Error analyzing text: 'technical'
2024-11-21 11:44:40,986 - ERROR - Error analyzing text: 'technical'
2024-11-21 11:44:40,997 - ERROR - Error analyzing text: 'technical'
2024-11-21 11:44:41,019 - ERROR - Error analyzing text: 'technical'
2024-11-21 11:44:41,025 - ERROR - Error analyzing text: 'technical'
2024-11-21 11:44:41,030 - ERROR - Error analyzing text: 'technical'
2024-11-21 11:44:41,036 - ERROR - Error analyzing text: 'technical'
2024-11-21 11:44:41,041 - ERROR - Error analyzing text: 'technical'
2024-11-21 11:44:41,046 - ERROR - Error analyzing text: 'technical'
2024-11-21 11:44:41,052 - ERROR - Error analyzing text: 'technical'
2024-11-21 11:44:41,058 - ERROR - Error analyzing text: 'technical'
2024-11-21 11:44:41,063 - ERROR - Error analyzing text: 'technical'
2024-11-21 11:44:41,069 - ERROR - Error analyzing text: 'technical'
2024-11-21 11:44:41,074 - ERROR - Error analyzing text: 'technical'
2024-11-21 11:44:41,079 - ERROR - Error analyzing text: 'technical'
2024-11-21 11:44:41,542 - INFO - Scraping URL: https://www.koboldmetals.com/
2024-11-21 11:44:43,693 - INFO - Scraping URL: https://www.koboldmetals.com/partnership
2024-11-21 11:44:43,826 - INFO - Scraping URL: https://www.koboldmetals.com/news
2024-11-21 11:44:43,929 - INFO - Scraping URL: https://www.koboldmetals.com/ethics
2024-11-21 11:44:44,106 - ERROR - Error analyzing text: 'technical'
2024-11-21 11:44:44,111 - ERROR - Error analyzing text: 'technical'
2024-11-21 11:44:44,120 - ERROR - Error analyzing text: 'technical'
2024-11-21 11:44:44,126 - ERROR - Error analyzing text: 'technical'
2024-11-21 11:44:44,132 - ERROR - Error analyzing text: 'technical'
2024-11-21 11:44:44,139 - ERROR - Error analyzing text: 'technical'
2024-11-21 11:44:44,147 - ERROR - Error analyzing text: 'technical'
2024-11-21 11:44:44,156 - ERROR - Error analyzing text: 'technical'
2024-11-21 11:44:44,162 - ERROR - Error analyzing text: 'technical'
2024-11-21 11:44:44,168 - ERROR - Error analyzing text: 'technical'
2024-11-21 11:44:44,173 - ERROR - Error analyzing text: 'technical'
2024-11-21 11:44:44,189 - ERROR - Error analyzing text: 'technical'
2024-11-21 11:44:44,201 - ERROR - Error analyzing text: 'technical'
2024-11-21 11:44:44,225 - ERROR - Error analyzing text: 'technical'
2024-11-21 11:44:44,233 - ERROR - Error analyzing text: 'technical'
2024-11-21 11:44:44,259 - ERROR - Error analyzing text: 'technical'
2024-11-21 11:44:44,267 - ERROR - Error analyzing text: 'technical'
2024-11-21 11:44:44,286 - ERROR - Error analyzing text: 'technical'
2024-11-21 11:44:44,292 - ERROR - Error analyzing text: 'technical'
2024-11-21 11:44:44,310 - ERROR - Error analyzing text: 'technical'
2024-11-21 11:44:44,315 - ERROR - Error analyzing text: 'technical'
2024-11-21 11:44:44,321 - ERROR - Error analyzing text: 'technical'
2024-11-21 11:44:44,330 - ERROR - Error analyzing text: 'technical'
2024-11-21 11:44:44,335 - ERROR - Error analyzing text: 'technical'
2024-11-21 11:44:44,343 - ERROR - Error analyzing text: 'technical'
2024-11-21 11:44:44,351 - ERROR - Error analyzing text: 'technical'
2024-11-21 11:44:44,356 - ERROR - Error analyzing text: 'technical'
2024-11-21 11:44:44,362 - ERROR - Error analyzing text: 'technical'
2024-11-21 11:44:44,369 - ERROR - Error analyzing text: 'technical'
2024-11-21 11:44:44,378 - ERROR - Error analyzing text: 'technical'
2024-11-21 11:44:44,384 - ERROR - Error analyzing text: 'technical'
2024-11-21 11:44:44,391 - ERROR - Error analyzing text: 'technical'
2024-11-21 11:44:44,397 - ERROR - Error analyzing text: 'technical'
2024-11-21 11:44:44,404 - ERROR - Error analyzing text: 'technical'
2024-11-21 11:44:44,412 - ERROR - Error analyzing text: 'technical'
2024-11-21 11:44:44,420 - ERROR - Error analyzing text: 'technical'
2024-11-21 11:44:44,424 - ERROR - Error analyzing text: 'technical'
2024-11-21 11:44:44,430 - ERROR - Error analyzing text: 'technical'
2024-11-21 11:44:44,438 - ERROR - Error analyzing text: 'technical'
2024-11-21 11:44:44,443 - ERROR - Error analyzing text: 'technical'
2024-11-21 11:44:44,450 - ERROR - Error analyzing text: 'technical'
2024-11-21 11:44:44,455 - ERROR - Error analyzing text: 'technical'
2024-11-21 11:44:44,461 - ERROR - Error analyzing text: 'technical'
2024-11-21 11:44:44,466 - ERROR - Error analyzing text: 'technical'
2024-11-21 11:44:44,471 - ERROR - Error analyzing text: 'technical'
2024-11-21 11:44:44,479 - ERROR - Error analyzing text: 'technical'
2024-11-21 11:44:44,484 - ERROR - Error analyzing text: 'technical'
2024-11-21 11:44:44,494 - ERROR - Error analyzing text: 'technical'
2024-11-21 11:44:44,499 - ERROR - Error analyzing text: 'technical'
2024-11-21 11:44:44,504 - ERROR - Error analyzing text: 'technical'
2024-11-21 11:44:44,512 - ERROR - Error analyzing text: 'technical'
2024-11-21 11:44:44,520 - ERROR - Error analyzing text: 'technical'
2024-11-21 11:44:44,526 - ERROR - Error analyzing text: 'technical'
2024-11-21 11:44:44,532 - ERROR - Error analyzing text: 'technical'
2024-11-21 11:44:44,536 - ERROR - Error analyzing text: 'technical'
2024-11-21 11:44:44,543 - ERROR - Error analyzing text: 'technical'
2024-11-21 11:44:44,552 - ERROR - Error analyzing text: 'technical'
2024-11-21 11:44:44,560 - ERROR - Error analyzing text: 'technical'
2024-11-21 11:44:44,573 - ERROR - Error analyzing text: 'technical'
2024-11-21 11:44:44,579 - ERROR - Error analyzing text: 'technical'
2024-11-21 11:44:44,585 - ERROR - Error analyzing text: 'technical'
2024-11-21 11:44:44,594 - ERROR - Error analyzing text: 'technical'
2024-11-21 11:44:44,600 - ERROR - Error analyzing text: 'technical'
2024-11-21 11:44:44,611 - ERROR - Error analyzing text: 'technical'
2024-11-21 11:44:44,618 - ERROR - Error analyzing text: 'technical'
2024-11-21 11:44:44,629 - ERROR - Error analyzing text: 'technical'
2024-11-21 11:44:44,634 - ERROR - Error analyzing text: 'technical'
2024-11-21 11:44:44,645 - ERROR - Error analyzing text: 'technical'
2024-11-21 11:44:44,651 - ERROR - Error analyzing text: 'technical'
2024-11-21 11:44:44,658 - ERROR - Error analyzing text: 'technical'
2024-11-21 11:44:44,664 - ERROR - Error analyzing text: 'technical'
2024-11-21 11:44:44,675 - ERROR - Error analyzing text: 'technical'
2024-11-21 11:44:44,680 - ERROR - Error analyzing text: 'technical'
2024-11-21 11:44:44,688 - ERROR - Error analyzing text: 'technical'
2024-11-21 11:44:44,695 - ERROR - Error analyzing text: 'technical'
2024-11-21 11:44:44,702 - ERROR - Error analyzing text: 'technical'
2024-11-21 11:44:44,708 - ERROR - Error analyzing text: 'technical'
2024-11-21 11:44:44,716 - ERROR - Error analyzing text: 'technical'
2024-11-21 11:44:44,722 - ERROR - Error analyzing text: 'technical'
2024-11-21 11:44:44,733 - ERROR - Error analyzing text: 'technical'
2024-11-21 11:44:44,738 - ERROR - Error analyzing text: 'technical'
2024-11-21 11:44:44,745 - ERROR - Error analyzing text: 'technical'
2024-11-21 11:44:44,749 - ERROR - Error analyzing text: 'technical'
2024-11-21 11:44:44,756 - ERROR - Error analyzing text: 'technical'
2024-11-21 11:44:44,764 - ERROR - Error analyzing text: 'technical'
2024-11-21 11:44:44,772 - ERROR - Error analyzing text: 'technical'
2024-11-21 11:44:44,783 - ERROR - Error analyzing text: 'technical'
2024-11-21 11:44:44,792 - ERROR - Error analyzing text: 'technical'
2024-11-21 11:44:44,801 - ERROR - Error analyzing text: 'technical'
2024-11-21 11:44:44,811 - ERROR - Error analyzing text: 'technical'
2024-11-21 11:44:44,823 - ERROR - Error analyzing text: 'technical'
2024-11-21 11:44:44,831 - ERROR - Error analyzing text: 'technical'
2024-11-21 11:44:44,837 - ERROR - Error analyzing text: 'technical'
2024-11-21 11:44:45,196 - INFO - Scraping URL: https://sensore.com/
2024-11-21 11:44:49,787 - INFO - Scraping URL: https://sensore.com/about
2024-11-21 11:44:51,565 - INFO - Scraping URL: https://sensore.com/technology
2024-11-21 11:44:53,479 - INFO - Scraping URL: https://sensore.com/solutions
2024-11-21 11:44:54,510 - INFO - Scraping URL: https://sensore.com/services
2024-11-21 11:44:56,280 - INFO - Scraping URL: https://sensore.com/insights
2024-11-21 11:44:58,024 - ERROR - Error analyzing text: 'technical'
2024-11-21 11:44:58,030 - ERROR - Error analyzing text: 'technical'
2024-11-21 11:44:58,035 - ERROR - Error analyzing text: 'technical'
2024-11-21 11:44:58,045 - ERROR - Error analyzing text: 'technical'
2024-11-21 11:44:58,051 - ERROR - Error analyzing text: 'technical'
2024-11-21 11:44:58,056 - ERROR - Error analyzing text: 'technical'
2024-11-21 11:44:58,069 - ERROR - Error analyzing text: 'technical'
2024-11-21 11:44:58,081 - ERROR - Error analyzing text: 'technical'
2024-11-21 11:44:58,085 - ERROR - Error analyzing text: 'technical'
2024-11-21 11:44:58,091 - ERROR - Error analyzing text: 'technical'
2024-11-21 11:44:58,095 - ERROR - Error analyzing text: 'technical'
2024-11-21 11:44:58,100 - ERROR - Error analyzing text: 'technical'
2024-11-21 11:44:58,105 - ERROR - Error analyzing text: 'technical'
2024-11-21 11:44:58,114 - ERROR - Error analyzing text: 'technical'
2024-11-21 11:44:58,118 - ERROR - Error analyzing text: 'technical'
2024-11-21 11:44:58,124 - ERROR - Error analyzing text: 'technical'
2024-11-21 11:44:58,129 - ERROR - Error analyzing text: 'technical'
2024-11-21 11:44:58,137 - ERROR - Error analyzing text: 'technical'
2024-11-21 11:44:58,143 - ERROR - Error analyzing text: 'technical'
2024-11-21 11:44:58,153 - ERROR - Error analyzing text: 'technical'
2024-11-21 11:44:58,162 - ERROR - Error analyzing text: 'technical'
2024-11-21 11:44:58,171 - ERROR - Error analyzing text: 'technical'
2024-11-21 11:44:58,177 - ERROR - Error analyzing text: 'technical'
2024-11-21 11:44:58,191 - ERROR - Error analyzing text: 'technical'
2024-11-21 11:44:58,198 - ERROR - Error analyzing text: 'technical'
2024-11-21 11:44:58,207 - ERROR - Error analyzing text: 'technical'
2024-11-21 11:44:58,218 - ERROR - Error analyzing text: 'technical'
2024-11-21 11:44:58,223 - ERROR - Error analyzing text: 'technical'
2024-11-21 11:44:58,234 - ERROR - Error analyzing text: 'technical'
2024-11-21 11:44:58,247 - ERROR - Error analyzing text: 'technical'
2024-11-21 11:44:58,259 - ERROR - Error analyzing text: 'technical'
2024-11-21 11:44:58,268 - ERROR - Error analyzing text: 'technical'
2024-11-21 11:44:58,275 - ERROR - Error analyzing text: 'technical'
2024-11-21 11:44:58,281 - ERROR - Error analyzing text: 'technical'
2024-11-21 11:44:58,289 - ERROR - Error analyzing text: 'technical'
2024-11-21 11:44:58,298 - ERROR - Error analyzing text: 'technical'
2024-11-21 11:44:58,303 - ERROR - Error analyzing text: 'technical'
2024-11-21 11:44:58,312 - ERROR - Error analyzing text: 'technical'
2024-11-21 11:44:58,319 - ERROR - Error analyzing text: 'technical'
2024-11-21 11:44:58,325 - ERROR - Error analyzing text: 'technical'
2024-11-21 11:44:58,333 - ERROR - Error analyzing text: 'technical'
2024-11-21 11:44:58,346 - ERROR - Error analyzing text: 'technical'
2024-11-21 11:44:58,357 - ERROR - Error analyzing text: 'technical'
2024-11-21 11:44:58,365 - ERROR - Error analyzing text: 'technical'
2024-11-21 11:44:58,370 - ERROR - Error analyzing text: 'technical'
2024-11-21 11:44:58,380 - ERROR - Error analyzing text: 'technical'
2024-11-21 11:44:58,385 - ERROR - Error analyzing text: 'technical'
2024-11-21 11:44:58,393 - ERROR - Error analyzing text: 'technical'
2024-11-21 11:44:58,403 - ERROR - Error analyzing text: 'technical'
2024-11-21 11:44:58,411 - ERROR - Error analyzing text: 'technical'
2024-11-21 11:44:58,425 - ERROR - Error analyzing text: 'technical'
2024-11-21 11:44:58,431 - ERROR - Error analyzing text: 'technical'
2024-11-21 11:44:58,441 - ERROR - Error analyzing text: 'technical'
2024-11-21 11:44:58,452 - ERROR - Error analyzing text: 'technical'
2024-11-21 11:44:58,458 - ERROR - Error analyzing text: 'technical'
2024-11-21 11:44:58,468 - ERROR - Error analyzing text: 'technical'
2024-11-21 11:44:58,477 - ERROR - Error analyzing text: 'technical'
2024-11-21 11:44:58,487 - ERROR - Error analyzing text: 'technical'
2024-11-21 11:44:58,495 - ERROR - Error analyzing text: 'technical'
2024-11-21 11:44:58,505 - ERROR - Error analyzing text: 'technical'
2024-11-21 11:44:58,517 - ERROR - Error analyzing text: 'technical'
2024-11-21 11:44:58,525 - ERROR - Error analyzing text: 'technical'
2024-11-21 11:44:58,531 - ERROR - Error analyzing text: 'technical'
2024-11-21 11:44:58,536 - ERROR - Error analyzing text: 'technical'
2024-11-21 11:44:58,541 - ERROR - Error analyzing text: 'technical'
2024-11-21 11:44:58,548 - ERROR - Error analyzing text: 'technical'
2024-11-21 11:44:58,553 - ERROR - Error analyzing text: 'technical'
2024-11-21 11:44:58,561 - ERROR - Error analyzing text: 'technical'
2024-11-21 11:44:58,569 - ERROR - Error analyzing text: 'technical'
2024-11-21 11:44:58,576 - ERROR - Error analyzing text: 'technical'
2024-11-21 11:44:58,586 - ERROR - Error analyzing text: 'technical'
2024-11-21 11:44:58,592 - ERROR - Error analyzing text: 'technical'
2024-11-21 11:44:58,598 - ERROR - Error analyzing text: 'technical'
2024-11-21 11:44:58,604 - ERROR - Error analyzing text: 'technical'
2024-11-21 11:44:58,610 - ERROR - Error analyzing text: 'technical'
2024-11-21 11:44:58,616 - ERROR - Error analyzing text: 'technical'
2024-11-21 11:44:58,633 - ERROR - Error analyzing text: 'technical'
2024-11-21 11:44:58,653 - ERROR - Error analyzing text: 'technical'
2024-11-21 11:44:58,659 - ERROR - Error analyzing text: 'technical'
2024-11-21 11:44:58,664 - ERROR - Error analyzing text: 'technical'
2024-11-21 11:44:58,669 - ERROR - Error analyzing text: 'technical'
2024-11-21 11:44:58,674 - ERROR - Error analyzing text: 'technical'
2024-11-21 11:44:58,680 - ERROR - Error analyzing text: 'technical'
2024-11-21 11:44:58,686 - ERROR - Error analyzing text: 'technical'
2024-11-21 11:44:58,740 - ERROR - Error analyzing text: 'technical'
2024-11-21 11:44:58,752 - ERROR - Error analyzing text: 'technical'
2024-11-21 11:44:58,759 - ERROR - Error analyzing text: 'technical'
2024-11-21 11:44:58,764 - ERROR - Error analyzing text: 'technical'
2024-11-21 11:44:58,769 - ERROR - Error analyzing text: 'technical'
2024-11-21 11:44:58,775 - ERROR - Error analyzing text: 'technical'
2024-11-21 11:44:58,781 - ERROR - Error analyzing text: 'technical'
2024-11-21 11:44:58,786 - ERROR - Error analyzing text: 'technical'
2024-11-21 11:44:58,794 - ERROR - Error analyzing text: 'technical'
2024-11-21 11:44:58,799 - ERROR - Error analyzing text: 'technical'
2024-11-21 11:44:58,804 - ERROR - Error analyzing text: 'technical'
2024-11-21 11:44:58,825 - ERROR - Error analyzing text: 'technical'
2024-11-21 11:44:58,839 - ERROR - Error analyzing text: 'technical'
2024-11-21 11:44:58,850 - ERROR - Error analyzing text: 'technical'
2024-11-21 11:44:58,855 - ERROR - Error analyzing text: 'technical'
2024-11-21 11:44:58,860 - ERROR - Error analyzing text: 'technical'
2024-11-21 11:44:58,865 - ERROR - Error analyzing text: 'technical'
2024-11-21 11:44:58,869 - ERROR - Error analyzing text: 'technical'
2024-11-21 11:44:58,874 - ERROR - Error analyzing text: 'technical'
2024-11-21 11:44:58,881 - ERROR - Error analyzing text: 'technical'
2024-11-21 11:44:58,886 - ERROR - Error analyzing text: 'technical'
2024-11-21 11:44:58,892 - ERROR - Error analyzing text: 'technical'
2024-11-21 11:44:58,908 - ERROR - Error analyzing text: 'technical'
2024-11-21 11:44:58,915 - ERROR - Error analyzing text: 'technical'
2024-11-21 11:44:58,931 - ERROR - Error analyzing text: 'technical'
2024-11-21 11:44:58,950 - ERROR - Error analyzing text: 'technical'
2024-11-21 11:44:58,960 - ERROR - Error analyzing text: 'technical'
2024-11-21 11:44:58,965 - ERROR - Error analyzing text: 'technical'
2024-11-21 11:44:58,974 - ERROR - Error analyzing text: 'technical'
2024-11-21 11:44:58,989 - ERROR - Error analyzing text: 'technical'
2024-11-21 11:44:58,996 - ERROR - Error analyzing text: 'technical'
2024-11-21 11:44:59,001 - ERROR - Error analyzing text: 'technical'
2024-11-21 11:44:59,006 - ERROR - Error analyzing text: 'technical'
2024-11-21 11:44:59,026 - ERROR - Error analyzing text: 'technical'
2024-11-21 11:44:59,032 - ERROR - Error analyzing text: 'technical'
2024-11-21 11:44:59,064 - ERROR - Error analyzing text: 'technical'
2024-11-21 11:44:59,070 - ERROR - Error analyzing text: 'technical'
2024-11-21 11:44:59,084 - ERROR - Error analyzing text: 'technical'
2024-11-21 11:44:59,090 - ERROR - Error analyzing text: 'technical'
2024-11-21 11:44:59,100 - ERROR - Error analyzing text: 'technical'
2024-11-21 11:44:59,107 - ERROR - Error analyzing text: 'technical'
2024-11-21 11:44:59,126 - ERROR - Error analyzing text: 'technical'
2024-11-21 11:44:59,134 - ERROR - Error analyzing text: 'technical'
2024-11-21 11:44:59,139 - ERROR - Error analyzing text: 'technical'
2024-11-21 11:44:59,151 - ERROR - Error analyzing text: 'technical'
2024-11-21 11:44:59,169 - ERROR - Error analyzing text: 'technical'
2024-11-21 11:44:59,175 - ERROR - Error analyzing text: 'technical'
2024-11-21 11:44:59,182 - ERROR - Error analyzing text: 'technical'
2024-11-21 11:44:59,193 - ERROR - Error analyzing text: 'technical'
2024-11-21 11:44:59,201 - ERROR - Error analyzing text: 'technical'
2024-11-21 11:45:51,588 - INFO - Successfully loaded configuration for 8 competitors
2024-11-21 11:45:52,128 - INFO - Scraping URL: https://www.fleetspace.com/
2024-11-21 11:45:56,358 - INFO - Scraping URL: https://www.fleetspace.com/about
2024-11-21 11:45:56,572 - INFO - Scraping URL: https://www.fleetspace.com/mineral-exploration
2024-11-21 11:45:57,087 - INFO - Scraping URL: https://www.fleetspace.com/resources/ai-for-explorers-leveraging-ai-tools-optimised-for-modern-mineral-exploration
2024-11-21 11:45:57,284 - INFO - Scraping URL: https://www.fleetspace.com/resources/application-of-ant-to-iron-oxide-copper-gold-exploration-in-chile
2024-11-21 11:45:57,479 - INFO - Scraping URL: https://www.fleetspace.com/resources/accelerating-copper-discovery-in-chile-with-power-nickel
2024-11-21 11:45:57,787 - ERROR - Error analyzing text: 'technical'
2024-11-21 11:45:57,790 - ERROR - Error analyzing text: 'technical'
2024-11-21 11:45:57,793 - ERROR - Error analyzing text: 'technical'
2024-11-21 11:45:57,796 - ERROR - Error analyzing text: 'technical'
2024-11-21 11:45:57,799 - ERROR - Error analyzing text: 'technical'
2024-11-21 11:45:57,802 - ERROR - Error analyzing text: 'technical'
2024-11-21 11:45:57,805 - ERROR - Error analyzing text: 'technical'
2024-11-21 11:45:57,809 - ERROR - Error analyzing text: 'technical'
2024-11-21 11:45:57,812 - ERROR - Error analyzing text: 'technical'
2024-11-21 11:45:57,815 - ERROR - Error analyzing text: 'technical'
2024-11-21 11:45:57,818 - ERROR - Error analyzing text: 'technical'
2024-11-21 11:45:57,821 - ERROR - Error analyzing text: 'technical'
2024-11-21 11:45:57,824 - ERROR - Error analyzing text: 'technical'
2024-11-21 11:45:57,828 - ERROR - Error analyzing text: 'technical'
2024-11-21 11:45:57,831 - ERROR - Error analyzing text: 'technical'
2024-11-21 11:45:57,834 - ERROR - Error analyzing text: 'technical'
2024-11-21 11:45:57,837 - ERROR - Error analyzing text: 'technical'
2024-11-21 11:45:57,840 - ERROR - Error analyzing text: 'technical'
2024-11-21 11:45:57,843 - ERROR - Error analyzing text: 'technical'
2024-11-21 11:45:57,846 - ERROR - Error analyzing text: 'technical'
2024-11-21 11:45:57,849 - ERROR - Error analyzing text: 'technical'
2024-11-21 11:45:57,852 - ERROR - Error analyzing text: 'technical'
2024-11-21 11:45:57,855 - ERROR - Error analyzing text: 'technical'
2024-11-21 11:45:57,858 - ERROR - Error analyzing text: 'technical'
2024-11-21 11:45:57,861 - ERROR - Error analyzing text: 'technical'
2024-11-21 11:45:57,864 - ERROR - Error analyzing text: 'technical'
2024-11-21 11:45:57,867 - ERROR - Error analyzing text: 'technical'
2024-11-21 11:45:57,870 - ERROR - Error analyzing text: 'technical'
2024-11-21 11:45:57,873 - ERROR - Error analyzing text: 'technical'
2024-11-21 11:45:57,877 - ERROR - Error analyzing text: 'technical'
2024-11-21 11:45:57,880 - ERROR - Error analyzing text: 'technical'
2024-11-21 11:45:57,883 - ERROR - Error analyzing text: 'technical'
2024-11-21 11:45:57,886 - ERROR - Error analyzing text: 'technical'
2024-11-21 11:45:57,889 - ERROR - Error analyzing text: 'technical'
2024-11-21 11:45:57,892 - ERROR - Error analyzing text: 'technical'
2024-11-21 11:45:57,896 - ERROR - Error analyzing text: 'technical'
2024-11-21 11:45:57,899 - ERROR - Error analyzing text: 'technical'
2024-11-21 11:45:57,902 - ERROR - Error analyzing text: 'technical'
2024-11-21 11:45:57,905 - ERROR - Error analyzing text: 'technical'
2024-11-21 11:45:57,908 - ERROR - Error analyzing text: 'technical'
2024-11-21 11:45:57,911 - ERROR - Error analyzing text: 'technical'
2024-11-21 11:45:57,913 - ERROR - Error analyzing text: 'technical'
2024-11-21 11:45:57,916 - ERROR - Error analyzing text: 'technical'
2024-11-21 11:45:57,920 - ERROR - Error analyzing text: 'technical'
2024-11-21 11:45:57,923 - ERROR - Error analyzing text: 'technical'
2024-11-21 11:45:57,926 - ERROR - Error analyzing text: 'technical'
2024-11-21 11:45:57,929 - ERROR - Error analyzing text: 'technical'
2024-11-21 11:45:57,932 - ERROR - Error analyzing text: 'technical'
2024-11-21 11:45:57,935 - ERROR - Error analyzing text: 'technical'
2024-11-21 11:45:57,938 - ERROR - Error analyzing text: 'technical'
2024-11-21 11:45:57,941 - ERROR - Error analyzing text: 'technical'
2024-11-21 11:45:57,944 - ERROR - Error analyzing text: 'technical'
2024-11-21 11:45:57,948 - ERROR - Error analyzing text: 'technical'
2024-11-21 11:45:57,951 - ERROR - Error analyzing text: 'technical'
2024-11-21 11:45:57,954 - ERROR - Error analyzing text: 'technical'
2024-11-21 11:45:57,956 - ERROR - Error analyzing text: 'technical'
2024-11-21 11:45:57,959 - ERROR - Error analyzing text: 'technical'
2024-11-21 11:45:57,963 - ERROR - Error analyzing text: 'technical'
2024-11-21 11:45:57,965 - ERROR - Error analyzing text: 'technical'
2024-11-21 11:45:57,968 - ERROR - Error analyzing text: 'technical'
2024-11-21 11:45:57,970 - ERROR - Error analyzing text: 'technical'
2024-11-21 11:45:57,974 - ERROR - Error analyzing text: 'technical'
2024-11-21 11:45:57,977 - ERROR - Error analyzing text: 'technical'
2024-11-21 11:45:57,980 - ERROR - Error analyzing text: 'technical'
2024-11-21 11:45:57,982 - ERROR - Error analyzing text: 'technical'
2024-11-21 11:45:57,985 - ERROR - Error analyzing text: 'technical'
2024-11-21 11:45:57,988 - ERROR - Error analyzing text: 'technical'
2024-11-21 11:45:57,990 - ERROR - Error analyzing text: 'technical'
2024-11-21 11:45:57,993 - ERROR - Error analyzing text: 'technical'
2024-11-21 11:45:57,996 - ERROR - Error analyzing text: 'technical'
2024-11-21 11:45:57,999 - ERROR - Error analyzing text: 'technical'
2024-11-21 11:45:58,002 - ERROR - Error analyzing text: 'technical'
2024-11-21 11:45:58,004 - ERROR - Error analyzing text: 'technical'
2024-11-21 11:45:58,007 - ERROR - Error analyzing text: 'technical'
2024-11-21 11:45:58,010 - ERROR - Error analyzing text: 'technical'
2024-11-21 11:45:58,013 - ERROR - Error analyzing text: 'technical'
2024-11-21 11:45:58,015 - ERROR - Error analyzing text: 'technical'
2024-11-21 11:45:58,018 - ERROR - Error analyzing text: 'technical'
2024-11-21 11:45:58,020 - ERROR - Error analyzing text: 'technical'
2024-11-21 11:45:58,023 - ERROR - Error analyzing text: 'technical'
2024-11-21 11:45:58,026 - ERROR - Error analyzing text: 'technical'
2024-11-21 11:45:58,028 - ERROR - Error analyzing text: 'technical'
2024-11-21 11:45:58,031 - ERROR - Error analyzing text: 'technical'
2024-11-21 11:45:58,033 - ERROR - Error analyzing text: 'technical'
2024-11-21 11:45:58,036 - ERROR - Error analyzing text: 'technical'
2024-11-21 11:45:58,038 - ERROR - Error analyzing text: 'technical'
2024-11-21 11:45:58,041 - ERROR - Error analyzing text: 'technical'
2024-11-21 11:45:58,044 - ERROR - Error analyzing text: 'technical'
2024-11-21 11:45:58,047 - ERROR - Error analyzing text: 'technical'
2024-11-21 11:45:58,049 - ERROR - Error analyzing text: 'technical'
2024-11-21 11:45:58,052 - ERROR - Error analyzing text: 'technical'
2024-11-21 11:45:58,054 - ERROR - Error analyzing text: 'technical'
2024-11-21 11:45:58,057 - ERROR - Error analyzing text: 'technical'
2024-11-21 11:45:58,060 - ERROR - Error analyzing text: 'technical'
2024-11-21 11:45:58,063 - ERROR - Error analyzing text: 'technical'
2024-11-21 11:45:58,066 - ERROR - Error analyzing text: 'technical'
2024-11-21 11:45:58,069 - ERROR - Error analyzing text: 'technical'
2024-11-21 11:45:58,072 - ERROR - Error analyzing text: 'technical'
2024-11-21 11:45:58,075 - ERROR - Error analyzing text: 'technical'
2024-11-21 11:45:58,078 - ERROR - Error analyzing text: 'technical'
2024-11-21 11:45:58,084 - ERROR - Error analyzing text: 'technical'
2024-11-21 11:45:58,088 - ERROR - Error analyzing text: 'technical'
2024-11-21 11:45:58,091 - ERROR - Error analyzing text: 'technical'
2024-11-21 11:45:58,093 - ERROR - Error analyzing text: 'technical'
2024-11-21 11:45:58,097 - ERROR - Error analyzing text: 'technical'
2024-11-21 11:45:58,100 - ERROR - Error analyzing text: 'technical'
2024-11-21 11:45:58,103 - ERROR - Error analyzing text: 'technical'
2024-11-21 11:45:58,107 - ERROR - Error analyzing text: 'technical'
2024-11-21 11:45:58,109 - ERROR - Error analyzing text: 'technical'
2024-11-21 11:45:58,112 - ERROR - Error analyzing text: 'technical'
2024-11-21 11:45:58,116 - ERROR - Error analyzing text: 'technical'
2024-11-21 11:45:58,118 - ERROR - Error analyzing text: 'technical'
2024-11-21 11:45:58,121 - ERROR - Error analyzing text: 'technical'
2024-11-21 11:45:58,124 - ERROR - Error analyzing text: 'technical'
2024-11-21 11:45:58,127 - ERROR - Error analyzing text: 'technical'
2024-11-21 11:45:58,131 - ERROR - Error analyzing text: 'technical'
2024-11-21 11:45:58,134 - ERROR - Error analyzing text: 'technical'
2024-11-21 11:45:58,137 - ERROR - Error analyzing text: 'technical'
2024-11-21 11:45:58,139 - ERROR - Error analyzing text: 'technical'
2024-11-21 11:45:58,143 - ERROR - Error analyzing text: 'technical'
2024-11-21 11:45:58,146 - ERROR - Error analyzing text: 'technical'
2024-11-21 11:45:58,149 - ERROR - Error analyzing text: 'technical'
2024-11-21 11:45:58,152 - ERROR - Error analyzing text: 'technical'
2024-11-21 11:45:58,155 - ERROR - Error analyzing text: 'technical'
2024-11-21 11:45:58,158 - ERROR - Error analyzing text: 'technical'
2024-11-21 11:45:58,162 - ERROR - Error analyzing text: 'technical'
2024-11-21 11:45:58,165 - ERROR - Error analyzing text: 'technical'
2024-11-21 11:45:58,168 - ERROR - Error analyzing text: 'technical'
2024-11-21 11:45:58,171 - ERROR - Error analyzing text: 'technical'
2024-11-21 11:45:58,174 - ERROR - Error analyzing text: 'technical'
2024-11-21 11:45:58,177 - ERROR - Error analyzing text: 'technical'
2024-11-21 11:45:58,180 - ERROR - Error analyzing text: 'technical'
2024-11-21 11:45:58,183 - ERROR - Error analyzing text: 'technical'
2024-11-21 11:45:58,186 - ERROR - Error analyzing text: 'technical'
2024-11-21 11:45:58,189 - ERROR - Error analyzing text: 'technical'
2024-11-21 11:45:58,192 - ERROR - Error analyzing text: 'technical'
2024-11-21 11:45:58,196 - ERROR - Error analyzing text: 'technical'
2024-11-21 11:45:58,198 - ERROR - Error analyzing text: 'technical'
2024-11-21 11:45:58,202 - ERROR - Error analyzing text: 'technical'
2024-11-21 11:45:58,206 - ERROR - Error analyzing text: 'technical'
2024-11-21 11:45:58,209 - ERROR - Error analyzing text: 'technical'
2024-11-21 11:45:58,212 - ERROR - Error analyzing text: 'technical'
2024-11-21 11:45:58,216 - ERROR - Error analyzing text: 'technical'
2024-11-21 11:45:58,219 - ERROR - Error analyzing text: 'technical'
2024-11-21 11:45:58,222 - ERROR - Error analyzing text: 'technical'
2024-11-21 11:45:58,226 - ERROR - Error analyzing text: 'technical'
2024-11-21 11:45:58,229 - ERROR - Error analyzing text: 'technical'
2024-11-21 11:45:58,232 - ERROR - Error analyzing text: 'technical'
2024-11-21 11:45:58,236 - ERROR - Error analyzing text: 'technical'
2024-11-21 11:45:58,239 - ERROR - Error analyzing text: 'technical'
2024-11-21 11:45:58,242 - ERROR - Error analyzing text: 'technical'
2024-11-21 11:45:58,245 - ERROR - Error analyzing text: 'technical'
2024-11-21 11:45:58,248 - ERROR - Error analyzing text: 'technical'
2024-11-21 11:45:58,252 - ERROR - Error analyzing text: 'technical'
2024-11-21 11:45:58,254 - ERROR - Error analyzing text: 'technical'
2024-11-21 11:45:58,257 - ERROR - Error analyzing text: 'technical'
2024-11-21 11:45:58,260 - ERROR - Error analyzing text: 'technical'
2024-11-21 11:45:58,263 - ERROR - Error analyzing text: 'technical'
2024-11-21 11:45:58,266 - ERROR - Error analyzing text: 'technical'
2024-11-21 11:45:58,269 - ERROR - Error analyzing text: 'technical'
2024-11-21 11:45:58,272 - ERROR - Error analyzing text: 'technical'
2024-11-21 11:45:58,275 - ERROR - Error analyzing text: 'technical'
2024-11-21 11:45:58,278 - ERROR - Error analyzing text: 'technical'
2024-11-21 11:45:58,281 - ERROR - Error analyzing text: 'technical'
2024-11-21 11:45:58,284 - ERROR - Error analyzing text: 'technical'
2024-11-21 11:45:58,714 - INFO - Scraping URL: https://mineflow.ai/
2024-11-21 11:46:00,532 - INFO - Scraping URL: https://mineflow.ai/about
2024-11-21 11:46:00,873 - INFO - Scraping URL: https://mineflow.ai/docs
2024-11-21 11:46:07,483 - INFO - Scraping URL: https://mineflow.ai/pricing
2024-11-21 11:46:07,747 - ERROR - Error analyzing text: 'technical'
2024-11-21 11:46:07,750 - ERROR - Error analyzing text: 'technical'
2024-11-21 11:46:07,752 - ERROR - Error analyzing text: 'technical'
2024-11-21 11:46:07,755 - ERROR - Error analyzing text: 'technical'
2024-11-21 11:46:07,757 - ERROR - Error analyzing text: 'technical'
2024-11-21 11:46:07,760 - ERROR - Error analyzing text: 'technical'
2024-11-21 11:46:07,763 - ERROR - Error analyzing text: 'technical'
2024-11-21 11:46:07,766 - ERROR - Error analyzing text: 'technical'
2024-11-21 11:46:07,769 - ERROR - Error analyzing text: 'technical'
2024-11-21 11:46:07,772 - ERROR - Error analyzing text: 'technical'
2024-11-21 11:46:07,774 - ERROR - Error analyzing text: 'technical'
2024-11-21 11:46:07,777 - ERROR - Error analyzing text: 'technical'
2024-11-21 11:46:07,780 - ERROR - Error analyzing text: 'technical'
2024-11-21 11:46:07,783 - ERROR - Error analyzing text: 'technical'
2024-11-21 11:46:07,786 - ERROR - Error analyzing text: 'technical'
2024-11-21 11:46:07,789 - ERROR - Error analyzing text: 'technical'
2024-11-21 11:46:07,792 - ERROR - Error analyzing text: 'technical'
2024-11-21 11:46:07,795 - ERROR - Error analyzing text: 'technical'
2024-11-21 11:46:07,798 - ERROR - Error analyzing text: 'technical'
2024-11-21 11:46:07,802 - ERROR - Error analyzing text: 'technical'
2024-11-21 11:46:07,805 - ERROR - Error analyzing text: 'technical'
2024-11-21 11:46:07,809 - ERROR - Error analyzing text: 'technical'
2024-11-21 11:46:07,812 - ERROR - Error analyzing text: 'technical'
2024-11-21 11:46:07,814 - ERROR - Error analyzing text: 'technical'
2024-11-21 11:46:07,817 - ERROR - Error analyzing text: 'technical'
2024-11-21 11:46:07,820 - ERROR - Error analyzing text: 'technical'
2024-11-21 11:46:07,822 - ERROR - Error analyzing text: 'technical'
2024-11-21 11:46:07,825 - ERROR - Error analyzing text: 'technical'
2024-11-21 11:46:07,828 - ERROR - Error analyzing text: 'technical'
2024-11-21 11:46:07,831 - ERROR - Error analyzing text: 'technical'
2024-11-21 11:46:07,834 - ERROR - Error analyzing text: 'technical'
2024-11-21 11:46:07,837 - ERROR - Error analyzing text: 'technical'
2024-11-21 11:46:07,839 - ERROR - Error analyzing text: 'technical'
2024-11-21 11:46:07,843 - ERROR - Error analyzing text: 'technical'
2024-11-21 11:46:07,846 - ERROR - Error analyzing text: 'technical'
2024-11-21 11:46:07,849 - ERROR - Error analyzing text: 'technical'
2024-11-21 11:46:07,852 - ERROR - Error analyzing text: 'technical'
2024-11-21 11:46:07,855 - ERROR - Error analyzing text: 'technical'
2024-11-21 11:46:07,857 - ERROR - Error analyzing text: 'technical'
2024-11-21 11:46:07,860 - ERROR - Error analyzing text: 'technical'
2024-11-21 11:46:07,863 - ERROR - Error analyzing text: 'technical'
2024-11-21 11:46:07,866 - ERROR - Error analyzing text: 'technical'
2024-11-21 11:46:07,869 - ERROR - Error analyzing text: 'technical'
2024-11-21 11:46:07,872 - ERROR - Error analyzing text: 'technical'
2024-11-21 11:46:07,874 - ERROR - Error analyzing text: 'technical'
2024-11-21 11:46:07,877 - ERROR - Error analyzing text: 'technical'
2024-11-21 11:46:07,880 - ERROR - Error analyzing text: 'technical'
2024-11-21 11:46:07,882 - ERROR - Error analyzing text: 'technical'
2024-11-21 11:46:07,885 - ERROR - Error analyzing text: 'technical'
2024-11-21 11:46:07,888 - ERROR - Error analyzing text: 'technical'
2024-11-21 11:46:07,891 - ERROR - Error analyzing text: 'technical'
2024-11-21 11:46:07,893 - ERROR - Error analyzing text: 'technical'
2024-11-21 11:46:07,896 - ERROR - Error analyzing text: 'technical'
2024-11-21 11:46:07,898 - ERROR - Error analyzing text: 'technical'
2024-11-21 11:46:07,901 - ERROR - Error analyzing text: 'technical'
2024-11-21 11:46:07,903 - ERROR - Error analyzing text: 'technical'
2024-11-21 11:46:07,906 - ERROR - Error analyzing text: 'technical'
2024-11-21 11:46:07,909 - ERROR - Error analyzing text: 'technical'
2024-11-21 11:46:07,912 - ERROR - Error analyzing text: 'technical'
2024-11-21 11:46:07,914 - ERROR - Error analyzing text: 'technical'
2024-11-21 11:46:07,917 - ERROR - Error analyzing text: 'technical'
2024-11-21 11:46:07,920 - ERROR - Error analyzing text: 'technical'
2024-11-21 11:46:07,923 - ERROR - Error analyzing text: 'technical'
2024-11-21 11:46:07,926 - ERROR - Error analyzing text: 'technical'
2024-11-21 11:46:07,928 - ERROR - Error analyzing text: 'technical'
2024-11-21 11:46:07,931 - ERROR - Error analyzing text: 'technical'
2024-11-21 11:46:07,934 - ERROR - Error analyzing text: 'technical'
2024-11-21 11:46:07,937 - ERROR - Error analyzing text: 'technical'
2024-11-21 11:46:07,940 - ERROR - Error analyzing text: 'technical'
2024-11-21 11:46:07,942 - ERROR - Error analyzing text: 'technical'
2024-11-21 11:46:07,945 - ERROR - Error analyzing text: 'technical'
2024-11-21 11:46:07,947 - ERROR - Error analyzing text: 'technical'
2024-11-21 11:46:07,950 - ERROR - Error analyzing text: 'technical'
2024-11-21 11:46:07,952 - ERROR - Error analyzing text: 'technical'
2024-11-21 11:46:07,955 - ERROR - Error analyzing text: 'technical'
2024-11-21 11:46:07,957 - ERROR - Error analyzing text: 'technical'
2024-11-21 11:46:07,960 - ERROR - Error analyzing text: 'technical'
2024-11-21 11:46:07,963 - ERROR - Error analyzing text: 'technical'
2024-11-21 11:46:07,965 - ERROR - Error analyzing text: 'technical'
2024-11-21 11:46:08,357 - INFO - Scraping URL: https://www.koboldmetals.com/
2024-11-21 11:46:10,511 - INFO - Scraping URL: https://www.koboldmetals.com/partnership
2024-11-21 11:46:10,652 - INFO - Scraping URL: https://www.koboldmetals.com/news
2024-11-21 11:46:10,763 - INFO - Scraping URL: https://www.koboldmetals.com/ethics
2024-11-21 11:46:10,939 - ERROR - Error analyzing text: 'technical'
2024-11-21 11:46:10,942 - ERROR - Error analyzing text: 'technical'
2024-11-21 11:46:10,945 - ERROR - Error analyzing text: 'technical'
2024-11-21 11:46:10,947 - ERROR - Error analyzing text: 'technical'
2024-11-21 11:46:10,950 - ERROR - Error analyzing text: 'technical'
2024-11-21 11:46:10,952 - ERROR - Error analyzing text: 'technical'
2024-11-21 11:46:10,955 - ERROR - Error analyzing text: 'technical'
2024-11-21 11:46:10,958 - ERROR - Error analyzing text: 'technical'
2024-11-21 11:46:10,961 - ERROR - Error analyzing text: 'technical'
2024-11-21 11:46:10,964 - ERROR - Error analyzing text: 'technical'
2024-11-21 11:46:10,967 - ERROR - Error analyzing text: 'technical'
2024-11-21 11:46:10,970 - ERROR - Error analyzing text: 'technical'
2024-11-21 11:46:10,972 - ERROR - Error analyzing text: 'technical'
2024-11-21 11:46:10,976 - ERROR - Error analyzing text: 'technical'
2024-11-21 11:46:10,978 - ERROR - Error analyzing text: 'technical'
2024-11-21 11:46:10,982 - ERROR - Error analyzing text: 'technical'
2024-11-21 11:46:10,985 - ERROR - Error analyzing text: 'technical'
2024-11-21 11:46:10,988 - ERROR - Error analyzing text: 'technical'
2024-11-21 11:46:10,990 - ERROR - Error analyzing text: 'technical'
2024-11-21 11:46:10,994 - ERROR - Error analyzing text: 'technical'
2024-11-21 11:46:10,997 - ERROR - Error analyzing text: 'technical'
2024-11-21 11:46:10,999 - ERROR - Error analyzing text: 'technical'
2024-11-21 11:46:11,002 - ERROR - Error analyzing text: 'technical'
2024-11-21 11:46:11,004 - ERROR - Error analyzing text: 'technical'
2024-11-21 11:46:11,008 - ERROR - Error analyzing text: 'technical'
2024-11-21 11:46:11,011 - ERROR - Error analyzing text: 'technical'
2024-11-21 11:46:11,013 - ERROR - Error analyzing text: 'technical'
2024-11-21 11:46:11,016 - ERROR - Error analyzing text: 'technical'
2024-11-21 11:46:11,018 - ERROR - Error analyzing text: 'technical'
2024-11-21 11:46:11,021 - ERROR - Error analyzing text: 'technical'
2024-11-21 11:46:11,023 - ERROR - Error analyzing text: 'technical'
2024-11-21 11:46:11,026 - ERROR - Error analyzing text: 'technical'
2024-11-21 11:46:11,029 - ERROR - Error analyzing text: 'technical'
2024-11-21 11:46:11,032 - ERROR - Error analyzing text: 'technical'
2024-11-21 11:46:11,035 - ERROR - Error analyzing text: 'technical'
2024-11-21 11:46:11,037 - ERROR - Error analyzing text: 'technical'
2024-11-21 11:46:11,040 - ERROR - Error analyzing text: 'technical'
2024-11-21 11:46:11,043 - ERROR - Error analyzing text: 'technical'
2024-11-21 11:46:11,046 - ERROR - Error analyzing text: 'technical'
2024-11-21 11:46:11,048 - ERROR - Error analyzing text: 'technical'
2024-11-21 11:46:11,051 - ERROR - Error analyzing text: 'technical'
2024-11-21 11:46:11,053 - ERROR - Error analyzing text: 'technical'
2024-11-21 11:46:11,056 - ERROR - Error analyzing text: 'technical'
2024-11-21 11:46:11,059 - ERROR - Error analyzing text: 'technical'
2024-11-21 11:46:11,061 - ERROR - Error analyzing text: 'technical'
2024-11-21 11:46:11,064 - ERROR - Error analyzing text: 'technical'
2024-11-21 11:46:11,066 - ERROR - Error analyzing text: 'technical'
2024-11-21 11:46:11,069 - ERROR - Error analyzing text: 'technical'
2024-11-21 11:46:11,071 - ERROR - Error analyzing text: 'technical'
2024-11-21 11:46:11,074 - ERROR - Error analyzing text: 'technical'
2024-11-21 11:46:11,077 - ERROR - Error analyzing text: 'technical'
2024-11-21 11:46:11,080 - ERROR - Error analyzing text: 'technical'
2024-11-21 11:46:11,082 - ERROR - Error analyzing text: 'technical'
2024-11-21 11:46:11,085 - ERROR - Error analyzing text: 'technical'
2024-11-21 11:46:11,087 - ERROR - Error analyzing text: 'technical'
2024-11-21 11:46:11,090 - ERROR - Error analyzing text: 'technical'
2024-11-21 11:46:11,093 - ERROR - Error analyzing text: 'technical'
2024-11-21 11:46:11,096 - ERROR - Error analyzing text: 'technical'
2024-11-21 11:46:11,099 - ERROR - Error analyzing text: 'technical'
2024-11-21 11:46:11,101 - ERROR - Error analyzing text: 'technical'
2024-11-21 11:46:11,104 - ERROR - Error analyzing text: 'technical'
2024-11-21 11:46:11,106 - ERROR - Error analyzing text: 'technical'
2024-11-21 11:46:11,109 - ERROR - Error analyzing text: 'technical'
2024-11-21 11:46:11,112 - ERROR - Error analyzing text: 'technical'
2024-11-21 11:46:11,114 - ERROR - Error analyzing text: 'technical'
2024-11-21 11:46:11,117 - ERROR - Error analyzing text: 'technical'
2024-11-21 11:46:11,120 - ERROR - Error analyzing text: 'technical'
2024-11-21 11:46:11,122 - ERROR - Error analyzing text: 'technical'
2024-11-21 11:46:11,125 - ERROR - Error analyzing text: 'technical'
2024-11-21 11:46:11,128 - ERROR - Error analyzing text: 'technical'
2024-11-21 11:46:11,131 - ERROR - Error analyzing text: 'technical'
2024-11-21 11:46:11,134 - ERROR - Error analyzing text: 'technical'
2024-11-21 11:46:11,136 - ERROR - Error analyzing text: 'technical'
2024-11-21 11:46:11,139 - ERROR - Error analyzing text: 'technical'
2024-11-21 11:46:11,142 - ERROR - Error analyzing text: 'technical'
2024-11-21 11:46:11,145 - ERROR - Error analyzing text: 'technical'
2024-11-21 11:46:11,147 - ERROR - Error analyzing text: 'technical'
2024-11-21 11:46:11,150 - ERROR - Error analyzing text: 'technical'
2024-11-21 11:46:11,152 - ERROR - Error analyzing text: 'technical'
2024-11-21 11:46:11,155 - ERROR - Error analyzing text: 'technical'
2024-11-21 11:46:11,158 - ERROR - Error analyzing text: 'technical'
2024-11-21 11:46:11,161 - ERROR - Error analyzing text: 'technical'
2024-11-21 11:46:11,163 - ERROR - Error analyzing text: 'technical'
2024-11-21 11:46:11,166 - ERROR - Error analyzing text: 'technical'
2024-11-21 11:46:11,169 - ERROR - Error analyzing text: 'technical'
2024-11-21 11:46:11,171 - ERROR - Error analyzing text: 'technical'
2024-11-21 11:46:11,174 - ERROR - Error analyzing text: 'technical'
2024-11-21 11:46:11,178 - ERROR - Error analyzing text: 'technical'
2024-11-21 11:46:11,181 - ERROR - Error analyzing text: 'technical'
2024-11-21 11:46:11,184 - ERROR - Error analyzing text: 'technical'
2024-11-21 11:46:11,187 - ERROR - Error analyzing text: 'technical'
2024-11-21 11:46:11,189 - ERROR - Error analyzing text: 'technical'
2024-11-21 11:46:11,192 - ERROR - Error analyzing text: 'technical'
2024-11-21 11:46:11,595 - INFO - Scraping URL: https://sensore.com/
2024-11-21 11:46:15,952 - INFO - Scraping URL: https://sensore.com/about
2024-11-21 11:46:18,003 - INFO - Scraping URL: https://sensore.com/technology
2024-11-21 11:47:04,728 - INFO - Successfully loaded configuration for 8 competitors
2024-11-21 11:47:05,222 - INFO - Scraping URL: https://www.fleetspace.com/
2024-11-21 11:47:07,752 - INFO - Scraping URL: https://www.fleetspace.com/about
2024-11-21 11:47:08,003 - INFO - Scraping URL: https://www.fleetspace.com/mineral-exploration
2024-11-21 11:47:08,454 - INFO - Scraping URL: https://www.fleetspace.com/resources/ai-for-explorers-leveraging-ai-tools-optimised-for-modern-mineral-exploration
2024-11-21 11:47:08,653 - INFO - Scraping URL: https://www.fleetspace.com/resources/application-of-ant-to-iron-oxide-copper-gold-exploration-in-chile
2024-11-21 11:47:08,864 - INFO - Scraping URL: https://www.fleetspace.com/resources/accelerating-copper-discovery-in-chile-with-power-nickel
2024-11-21 11:47:09,158 - ERROR - Error analyzing text: 'technical'
2024-11-21 11:47:09,161 - ERROR - Error analyzing text: 'technical'
2024-11-21 11:47:09,164 - ERROR - Error analyzing text: 'technical'
2024-11-21 11:47:09,167 - ERROR - Error analyzing text: 'technical'
2024-11-21 11:47:09,170 - ERROR - Error analyzing text: 'technical'
2024-11-21 11:47:09,172 - ERROR - Error analyzing text: 'technical'
2024-11-21 11:47:09,176 - ERROR - Error analyzing text: 'technical'
2024-11-21 11:47:09,179 - ERROR - Error analyzing text: 'technical'
2024-11-21 11:47:09,182 - ERROR - Error analyzing text: 'technical'
2024-11-21 11:47:09,185 - ERROR - Error analyzing text: 'technical'
2024-11-21 11:47:09,188 - ERROR - Error analyzing text: 'technical'
2024-11-21 11:47:09,191 - ERROR - Error analyzing text: 'technical'
2024-11-21 11:47:09,193 - ERROR - Error analyzing text: 'technical'
2024-11-21 11:47:09,196 - ERROR - Error analyzing text: 'technical'
2024-11-21 11:47:09,200 - ERROR - Error analyzing text: 'technical'
2024-11-21 11:47:09,202 - ERROR - Error analyzing text: 'technical'
2024-11-21 11:47:09,205 - ERROR - Error analyzing text: 'technical'
2024-11-21 11:47:09,208 - ERROR - Error analyzing text: 'technical'
2024-11-21 11:47:09,210 - ERROR - Error analyzing text: 'technical'
2024-11-21 11:47:09,214 - ERROR - Error analyzing text: 'technical'
2024-11-21 11:47:09,217 - ERROR - Error analyzing text: 'technical'
2024-11-21 11:47:09,219 - ERROR - Error analyzing text: 'technical'
2024-11-21 11:47:09,222 - ERROR - Error analyzing text: 'technical'
2024-11-21 11:47:09,224 - ERROR - Error analyzing text: 'technical'
2024-11-21 11:47:09,227 - ERROR - Error analyzing text: 'technical'
2024-11-21 11:47:09,230 - ERROR - Error analyzing text: 'technical'
2024-11-21 11:47:09,233 - ERROR - Error analyzing text: 'technical'
2024-11-21 11:47:09,236 - ERROR - Error analyzing text: 'technical'
2024-11-21 11:47:09,238 - ERROR - Error analyzing text: 'technical'
2024-11-21 11:47:09,241 - ERROR - Error analyzing text: 'technical'
2024-11-21 11:47:09,244 - ERROR - Error analyzing text: 'technical'
2024-11-21 11:47:09,247 - ERROR - Error analyzing text: 'technical'
2024-11-21 11:47:09,250 - ERROR - Error analyzing text: 'technical'
2024-11-21 11:47:09,253 - ERROR - Error analyzing text: 'technical'
2024-11-21 11:47:09,255 - ERROR - Error analyzing text: 'technical'
2024-11-21 11:47:09,258 - ERROR - Error analyzing text: 'technical'
2024-11-21 11:47:09,261 - ERROR - Error analyzing text: 'technical'
2024-11-21 11:47:09,264 - ERROR - Error analyzing text: 'technical'
2024-11-21 11:47:09,267 - ERROR - Error analyzing text: 'technical'
2024-11-21 11:47:09,270 - ERROR - Error analyzing text: 'technical'
2024-11-21 11:47:09,272 - ERROR - Error analyzing text: 'technical'
2024-11-21 11:47:09,275 - ERROR - Error analyzing text: 'technical'
2024-11-21 11:47:09,277 - ERROR - Error analyzing text: 'technical'
2024-11-21 11:47:09,280 - ERROR - Error analyzing text: 'technical'
2024-11-21 11:47:09,283 - ERROR - Error analyzing text: 'technical'
2024-11-21 11:47:09,286 - ERROR - Error analyzing text: 'technical'
2024-11-21 11:47:09,288 - ERROR - Error analyzing text: 'technical'
2024-11-21 11:47:09,291 - ERROR - Error analyzing text: 'technical'
2024-11-21 11:47:09,294 - ERROR - Error analyzing text: 'technical'
2024-11-21 11:47:09,297 - ERROR - Error analyzing text: 'technical'
2024-11-21 11:47:09,299 - ERROR - Error analyzing text: 'technical'
2024-11-21 11:47:09,302 - ERROR - Error analyzing text: 'technical'
2024-11-21 11:47:09,304 - ERROR - Error analyzing text: 'technical'
2024-11-21 11:47:09,307 - ERROR - Error analyzing text: 'technical'
2024-11-21 11:47:09,309 - ERROR - Error analyzing text: 'technical'
2024-11-21 11:47:09,312 - ERROR - Error analyzing text: 'technical'
2024-11-21 11:47:09,315 - ERROR - Error analyzing text: 'technical'
2024-11-21 11:47:09,317 - ERROR - Error analyzing text: 'technical'
2024-11-21 11:47:09,319 - ERROR - Error analyzing text: 'technical'
2024-11-21 11:47:09,322 - ERROR - Error analyzing text: 'technical'
2024-11-21 11:47:09,324 - ERROR - Error analyzing text: 'technical'
2024-11-21 11:47:09,327 - ERROR - Error analyzing text: 'technical'
2024-11-21 11:47:09,330 - ERROR - Error analyzing text: 'technical'
2024-11-21 11:47:09,332 - ERROR - Error analyzing text: 'technical'
2024-11-21 11:47:09,335 - ERROR - Error analyzing text: 'technical'
2024-11-21 11:47:09,337 - ERROR - Error analyzing text: 'technical'
2024-11-21 11:47:09,340 - ERROR - Error analyzing text: 'technical'
2024-11-21 11:47:09,342 - ERROR - Error analyzing text: 'technical'
2024-11-21 11:47:09,345 - ERROR - Error analyzing text: 'technical'
2024-11-21 11:47:09,347 - ERROR - Error analyzing text: 'technical'
2024-11-21 11:47:09,350 - ERROR - Error analyzing text: 'technical'
2024-11-21 11:47:09,352 - ERROR - Error analyzing text: 'technical'
2024-11-21 11:47:09,354 - ERROR - Error analyzing text: 'technical'
2024-11-21 11:47:09,357 - ERROR - Error analyzing text: 'technical'
2024-11-21 11:47:09,360 - ERROR - Error analyzing text: 'technical'
2024-11-21 11:47:09,363 - ERROR - Error analyzing text: 'technical'
2024-11-21 11:47:09,365 - ERROR - Error analyzing text: 'technical'
2024-11-21 11:47:09,367 - ERROR - Error analyzing text: 'technical'
2024-11-21 11:47:09,370 - ERROR - Error analyzing text: 'technical'
2024-11-21 11:47:09,372 - ERROR - Error analyzing text: 'technical'
2024-11-21 11:47:09,375 - ERROR - Error analyzing text: 'technical'
2024-11-21 11:47:09,377 - ERROR - Error analyzing text: 'technical'
2024-11-21 11:47:09,380 - ERROR - Error analyzing text: 'technical'
2024-11-21 11:47:09,382 - ERROR - Error analyzing text: 'technical'
2024-11-21 11:47:09,385 - ERROR - Error analyzing text: 'technical'
2024-11-21 11:47:09,387 - ERROR - Error analyzing text: 'technical'
2024-11-21 11:47:09,389 - ERROR - Error analyzing text: 'technical'
2024-11-21 11:47:09,392 - ERROR - Error analyzing text: 'technical'
2024-11-21 11:47:09,395 - ERROR - Error analyzing text: 'technical'
2024-11-21 11:47:09,398 - ERROR - Error analyzing text: 'technical'
2024-11-21 11:47:09,401 - ERROR - Error analyzing text: 'technical'
2024-11-21 11:47:09,403 - ERROR - Error analyzing text: 'technical'
2024-11-21 11:47:09,406 - ERROR - Error analyzing text: 'technical'
2024-11-21 11:47:09,409 - ERROR - Error analyzing text: 'technical'
2024-11-21 11:47:09,412 - ERROR - Error analyzing text: 'technical'
2024-11-21 11:47:09,415 - ERROR - Error analyzing text: 'technical'
2024-11-21 11:47:09,418 - ERROR - Error analyzing text: 'technical'
2024-11-21 11:47:09,421 - ERROR - Error analyzing text: 'technical'
2024-11-21 11:47:09,424 - ERROR - Error analyzing text: 'technical'
2024-11-21 11:47:09,427 - ERROR - Error analyzing text: 'technical'
2024-11-21 11:47:09,430 - ERROR - Error analyzing text: 'technical'
2024-11-21 11:47:09,434 - ERROR - Error analyzing text: 'technical'
2024-11-21 11:47:09,436 - ERROR - Error analyzing text: 'technical'
2024-11-21 11:47:09,439 - ERROR - Error analyzing text: 'technical'
2024-11-21 11:47:09,442 - ERROR - Error analyzing text: 'technical'
2024-11-21 11:47:09,445 - ERROR - Error analyzing text: 'technical'
2024-11-21 11:47:09,449 - ERROR - Error analyzing text: 'technical'
2024-11-21 11:47:09,452 - ERROR - Error analyzing text: 'technical'
2024-11-21 11:47:09,454 - ERROR - Error analyzing text: 'technical'
2024-11-21 11:47:09,457 - ERROR - Error analyzing text: 'technical'
2024-11-21 11:47:09,460 - ERROR - Error analyzing text: 'technical'
2024-11-21 11:47:09,463 - ERROR - Error analyzing text: 'technical'
2024-11-21 11:47:09,466 - ERROR - Error analyzing text: 'technical'
2024-11-21 11:47:09,469 - ERROR - Error analyzing text: 'technical'
2024-11-21 11:47:09,472 - ERROR - Error analyzing text: 'technical'
2024-11-21 11:47:09,475 - ERROR - Error analyzing text: 'technical'
2024-11-21 11:47:09,478 - ERROR - Error analyzing text: 'technical'
2024-11-21 11:47:09,481 - ERROR - Error analyzing text: 'technical'
2024-11-21 11:47:09,484 - ERROR - Error analyzing text: 'technical'
2024-11-21 11:47:09,486 - ERROR - Error analyzing text: 'technical'
2024-11-21 11:47:09,489 - ERROR - Error analyzing text: 'technical'
2024-11-21 11:47:09,492 - ERROR - Error analyzing text: 'technical'
2024-11-21 11:47:09,495 - ERROR - Error analyzing text: 'technical'
2024-11-21 11:47:09,498 - ERROR - Error analyzing text: 'technical'
2024-11-21 11:47:09,501 - ERROR - Error analyzing text: 'technical'
2024-11-21 11:47:09,504 - ERROR - Error analyzing text: 'technical'
2024-11-21 11:47:09,506 - ERROR - Error analyzing text: 'technical'
2024-11-21 11:47:09,509 - ERROR - Error analyzing text: 'technical'
2024-11-21 11:47:09,512 - ERROR - Error analyzing text: 'technical'
2024-11-21 11:47:09,516 - ERROR - Error analyzing text: 'technical'
2024-11-21 11:47:09,518 - ERROR - Error analyzing text: 'technical'
2024-11-21 11:47:09,521 - ERROR - Error analyzing text: 'technical'
2024-11-21 11:47:09,524 - ERROR - Error analyzing text: 'technical'
2024-11-21 11:47:09,526 - ERROR - Error analyzing text: 'technical'
2024-11-21 11:47:09,529 - ERROR - Error analyzing text: 'technical'
2024-11-21 11:47:09,533 - ERROR - Error analyzing text: 'technical'
2024-11-21 11:47:09,535 - ERROR - Error analyzing text: 'technical'
2024-11-21 11:47:09,538 - ERROR - Error analyzing text: 'technical'
2024-11-21 11:47:09,541 - ERROR - Error analyzing text: 'technical'
2024-11-21 11:47:09,544 - ERROR - Error analyzing text: 'technical'
2024-11-21 11:47:09,548 - ERROR - Error analyzing text: 'technical'
2024-11-21 11:47:09,551 - ERROR - Error analyzing text: 'technical'
2024-11-21 11:47:09,553 - ERROR - Error analyzing text: 'technical'
2024-11-21 11:47:09,556 - ERROR - Error analyzing text: 'technical'
2024-11-21 11:47:09,560 - ERROR - Error analyzing text: 'technical'
2024-11-21 11:47:09,563 - ERROR - Error analyzing text: 'technical'
2024-11-21 11:47:09,566 - ERROR - Error analyzing text: 'technical'
2024-11-21 11:47:09,569 - ERROR - Error analyzing text: 'technical'
2024-11-21 11:47:09,572 - ERROR - Error analyzing text: 'technical'
2024-11-21 11:47:09,574 - ERROR - Error analyzing text: 'technical'
2024-11-21 11:47:09,577 - ERROR - Error analyzing text: 'technical'
2024-11-21 11:47:09,580 - ERROR - Error analyzing text: 'technical'
2024-11-21 11:47:09,584 - ERROR - Error analyzing text: 'technical'
2024-11-21 11:47:09,586 - ERROR - Error analyzing text: 'technical'
2024-11-21 11:47:09,589 - ERROR - Error analyzing text: 'technical'
2024-11-21 11:47:09,592 - ERROR - Error analyzing text: 'technical'
2024-11-21 11:47:09,594 - ERROR - Error analyzing text: 'technical'
2024-11-21 11:47:09,597 - ERROR - Error analyzing text: 'technical'
2024-11-21 11:47:09,600 - ERROR - Error analyzing text: 'technical'
2024-11-21 11:47:09,603 - ERROR - Error analyzing text: 'technical'
2024-11-21 11:47:09,605 - ERROR - Error analyzing text: 'technical'
2024-11-21 11:47:09,608 - ERROR - Error analyzing text: 'technical'
2024-11-21 11:47:09,611 - ERROR - Error analyzing text: 'technical'
2024-11-21 11:47:09,614 - ERROR - Error analyzing text: 'technical'
2024-11-21 11:47:09,617 - ERROR - Error analyzing text: 'technical'
2024-11-21 11:47:10,152 - INFO - Scraping URL: https://mineflow.ai/
2024-11-21 11:47:11,085 - INFO - Scraping URL: https://mineflow.ai/about
2024-11-21 11:47:11,528 - INFO - Scraping URL: https://mineflow.ai/docs
2024-11-21 11:47:20,861 - INFO - Scraping URL: https://mineflow.ai/pricing
2024-11-21 11:47:21,120 - ERROR - Error analyzing text: 'technical'
2024-11-21 11:47:21,123 - ERROR - Error analyzing text: 'technical'
2024-11-21 11:47:21,126 - ERROR - Error analyzing text: 'technical'
2024-11-21 11:47:21,129 - ERROR - Error analyzing text: 'technical'
2024-11-21 11:47:21,131 - ERROR - Error analyzing text: 'technical'
2024-11-21 11:47:21,133 - ERROR - Error analyzing text: 'technical'
2024-11-21 11:47:21,136 - ERROR - Error analyzing text: 'technical'
2024-11-21 11:47:21,140 - ERROR - Error analyzing text: 'technical'
2024-11-21 11:47:21,143 - ERROR - Error analyzing text: 'technical'
2024-11-21 11:47:21,145 - ERROR - Error analyzing text: 'technical'
2024-11-21 11:47:21,148 - ERROR - Error analyzing text: 'technical'
2024-11-21 11:47:21,151 - ERROR - Error analyzing text: 'technical'
2024-11-21 11:47:21,154 - ERROR - Error analyzing text: 'technical'
2024-11-21 11:47:21,156 - ERROR - Error analyzing text: 'technical'
2024-11-21 11:47:21,160 - ERROR - Error analyzing text: 'technical'
2024-11-21 11:47:21,163 - ERROR - Error analyzing text: 'technical'
2024-11-21 11:47:21,165 - ERROR - Error analyzing text: 'technical'
2024-11-21 11:47:21,168 - ERROR - Error analyzing text: 'technical'
2024-11-21 11:47:21,171 - ERROR - Error analyzing text: 'technical'
2024-11-21 11:47:21,174 - ERROR - Error analyzing text: 'technical'
2024-11-21 11:47:21,177 - ERROR - Error analyzing text: 'technical'
2024-11-21 11:47:21,180 - ERROR - Error analyzing text: 'technical'
2024-11-21 11:47:21,183 - ERROR - Error analyzing text: 'technical'
2024-11-21 11:47:21,186 - ERROR - Error analyzing text: 'technical'
2024-11-21 11:47:21,188 - ERROR - Error analyzing text: 'technical'
2024-11-21 11:47:21,192 - ERROR - Error analyzing text: 'technical'
2024-11-21 11:47:21,194 - ERROR - Error analyzing text: 'technical'
2024-11-21 11:47:21,197 - ERROR - Error analyzing text: 'technical'
2024-11-21 11:47:21,200 - ERROR - Error analyzing text: 'technical'
2024-11-21 11:47:21,202 - ERROR - Error analyzing text: 'technical'
2024-11-21 11:47:21,205 - ERROR - Error analyzing text: 'technical'
2024-11-21 11:47:21,208 - ERROR - Error analyzing text: 'technical'
2024-11-21 11:47:21,211 - ERROR - Error analyzing text: 'technical'
2024-11-21 11:47:21,214 - ERROR - Error analyzing text: 'technical'
2024-11-21 11:47:21,217 - ERROR - Error analyzing text: 'technical'
2024-11-21 11:47:21,220 - ERROR - Error analyzing text: 'technical'
2024-11-21 11:47:21,222 - ERROR - Error analyzing text: 'technical'
2024-11-21 11:47:21,225 - ERROR - Error analyzing text: 'technical'
2024-11-21 11:47:21,228 - ERROR - Error analyzing text: 'technical'
2024-11-21 11:47:21,231 - ERROR - Error analyzing text: 'technical'
2024-11-21 11:47:21,234 - ERROR - Error analyzing text: 'technical'
2024-11-21 11:47:21,236 - ERROR - Error analyzing text: 'technical'
2024-11-21 11:47:21,239 - ERROR - Error analyzing text: 'technical'
2024-11-21 11:47:21,242 - ERROR - Error analyzing text: 'technical'
2024-11-21 11:47:21,244 - ERROR - Error analyzing text: 'technical'
2024-11-21 11:47:21,247 - ERROR - Error analyzing text: 'technical'
2024-11-21 11:47:21,249 - ERROR - Error analyzing text: 'technical'
2024-11-21 11:47:21,252 - ERROR - Error analyzing text: 'technical'
2024-11-21 11:47:21,255 - ERROR - Error analyzing text: 'technical'
2024-11-21 11:47:21,258 - ERROR - Error analyzing text: 'technical'
2024-11-21 11:47:21,260 - ERROR - Error analyzing text: 'technical'
2024-11-21 11:47:21,263 - ERROR - Error analyzing text: 'technical'
2024-11-21 11:47:21,266 - ERROR - Error analyzing text: 'technical'
2024-11-21 11:47:21,268 - ERROR - Error analyzing text: 'technical'
2024-11-21 11:47:21,271 - ERROR - Error analyzing text: 'technical'
2024-11-21 11:47:21,273 - ERROR - Error analyzing text: 'technical'
2024-11-21 11:47:21,276 - ERROR - Error analyzing text: 'technical'
2024-11-21 11:47:21,278 - ERROR - Error analyzing text: 'technical'
2024-11-21 11:47:21,281 - ERROR - Error analyzing text: 'technical'
2024-11-21 11:47:21,284 - ERROR - Error analyzing text: 'technical'
2024-11-21 11:47:21,286 - ERROR - Error analyzing text: 'technical'
2024-11-21 11:47:21,289 - ERROR - Error analyzing text: 'technical'
2024-11-21 11:47:21,293 - ERROR - Error analyzing text: 'technical'
2024-11-21 11:47:21,295 - ERROR - Error analyzing text: 'technical'
2024-11-21 11:47:21,298 - ERROR - Error analyzing text: 'technical'
2024-11-21 11:47:21,301 - ERROR - Error analyzing text: 'technical'
2024-11-21 11:47:21,304 - ERROR - Error analyzing text: 'technical'
2024-11-21 11:47:21,307 - ERROR - Error analyzing text: 'technical'
2024-11-21 11:47:21,310 - ERROR - Error analyzing text: 'technical'
2024-11-21 11:47:21,312 - ERROR - Error analyzing text: 'technical'
2024-11-21 11:47:21,315 - ERROR - Error analyzing text: 'technical'
2024-11-21 11:47:21,317 - ERROR - Error analyzing text: 'technical'
2024-11-21 11:47:21,320 - ERROR - Error analyzing text: 'technical'
2024-11-21 11:47:21,322 - ERROR - Error analyzing text: 'technical'
2024-11-21 11:47:21,325 - ERROR - Error analyzing text: 'technical'
2024-11-21 11:47:21,328 - ERROR - Error analyzing text: 'technical'
2024-11-21 11:47:21,330 - ERROR - Error analyzing text: 'technical'
2024-11-21 11:47:21,333 - ERROR - Error analyzing text: 'technical'
2024-11-21 11:47:21,335 - ERROR - Error analyzing text: 'technical'
2024-11-21 11:47:21,745 - INFO - Scraping URL: https://www.koboldmetals.com/
2024-11-21 11:47:23,908 - INFO - Scraping URL: https://www.koboldmetals.com/partnership
2024-11-21 11:47:24,043 - INFO - Scraping URL: https://www.koboldmetals.com/news
2024-11-21 11:47:24,149 - INFO - Scraping URL: https://www.koboldmetals.com/ethics
2024-11-21 11:47:24,334 - ERROR - Error analyzing text: 'technical'
2024-11-21 11:47:24,337 - ERROR - Error analyzing text: 'technical'
2024-11-21 11:47:24,340 - ERROR - Error analyzing text: 'technical'
2024-11-21 11:47:24,342 - ERROR - Error analyzing text: 'technical'
2024-11-21 11:47:24,345 - ERROR - Error analyzing text: 'technical'
2024-11-21 11:47:24,348 - ERROR - Error analyzing text: 'technical'
2024-11-21 11:47:24,350 - ERROR - Error analyzing text: 'technical'
2024-11-21 11:47:24,353 - ERROR - Error analyzing text: 'technical'
2024-11-21 11:47:24,355 - ERROR - Error analyzing text: 'technical'
2024-11-21 11:47:24,358 - ERROR - Error analyzing text: 'technical'
2024-11-21 11:47:24,361 - ERROR - Error analyzing text: 'technical'
2024-11-21 11:47:24,365 - ERROR - Error analyzing text: 'technical'
2024-11-21 11:47:24,367 - ERROR - Error analyzing text: 'technical'
2024-11-21 11:47:24,371 - ERROR - Error analyzing text: 'technical'
2024-11-21 11:47:24,374 - ERROR - Error analyzing text: 'technical'
2024-11-21 11:47:24,378 - ERROR - Error analyzing text: 'technical'
2024-11-21 11:47:24,381 - ERROR - Error analyzing text: 'technical'
2024-11-21 11:47:24,384 - ERROR - Error analyzing text: 'technical'
2024-11-21 11:47:24,386 - ERROR - Error analyzing text: 'technical'
2024-11-21 11:47:24,390 - ERROR - Error analyzing text: 'technical'
2024-11-21 11:47:24,393 - ERROR - Error analyzing text: 'technical'
2024-11-21 11:47:24,396 - ERROR - Error analyzing text: 'technical'
2024-11-21 11:47:24,399 - ERROR - Error analyzing text: 'technical'
2024-11-21 11:47:24,402 - ERROR - Error analyzing text: 'technical'
2024-11-21 11:47:24,405 - ERROR - Error analyzing text: 'technical'
2024-11-21 11:47:24,408 - ERROR - Error analyzing text: 'technical'
2024-11-21 11:47:24,411 - ERROR - Error analyzing text: 'technical'
2024-11-21 11:47:24,413 - ERROR - Error analyzing text: 'technical'
2024-11-21 11:47:24,417 - ERROR - Error analyzing text: 'technical'
2024-11-21 11:47:24,420 - ERROR - Error analyzing text: 'technical'
2024-11-21 11:47:24,422 - ERROR - Error analyzing text: 'technical'
2024-11-21 11:47:24,426 - ERROR - Error analyzing text: 'technical'
2024-11-21 11:47:24,429 - ERROR - Error analyzing text: 'technical'
2024-11-21 11:47:24,431 - ERROR - Error analyzing text: 'technical'
2024-11-21 11:47:24,434 - ERROR - Error analyzing text: 'technical'
2024-11-21 11:47:24,437 - ERROR - Error analyzing text: 'technical'
2024-11-21 11:47:24,439 - ERROR - Error analyzing text: 'technical'
2024-11-21 11:47:24,442 - ERROR - Error analyzing text: 'technical'
2024-11-21 11:47:24,446 - ERROR - Error analyzing text: 'technical'
2024-11-21 11:47:24,449 - ERROR - Error analyzing text: 'technical'
2024-11-21 11:47:24,452 - ERROR - Error analyzing text: 'technical'
2024-11-21 11:47:24,455 - ERROR - Error analyzing text: 'technical'
2024-11-21 11:47:24,458 - ERROR - Error analyzing text: 'technical'
2024-11-21 11:47:24,461 - ERROR - Error analyzing text: 'technical'
2024-11-21 11:47:24,463 - ERROR - Error analyzing text: 'technical'
2024-11-21 11:47:24,466 - ERROR - Error analyzing text: 'technical'
2024-11-21 11:47:24,469 - ERROR - Error analyzing text: 'technical'
2024-11-21 11:47:24,471 - ERROR - Error analyzing text: 'technical'
2024-11-21 11:47:24,474 - ERROR - Error analyzing text: 'technical'
2024-11-21 11:47:24,477 - ERROR - Error analyzing text: 'technical'
2024-11-21 11:47:24,480 - ERROR - Error analyzing text: 'technical'
2024-11-21 11:47:24,483 - ERROR - Error analyzing text: 'technical'
2024-11-21 11:47:24,486 - ERROR - Error analyzing text: 'technical'
2024-11-21 11:47:24,488 - ERROR - Error analyzing text: 'technical'
2024-11-21 11:47:24,492 - ERROR - Error analyzing text: 'technical'
2024-11-21 11:47:24,495 - ERROR - Error analyzing text: 'technical'
2024-11-21 11:47:24,497 - ERROR - Error analyzing text: 'technical'
2024-11-21 11:47:24,500 - ERROR - Error analyzing text: 'technical'
2024-11-21 11:47:24,503 - ERROR - Error analyzing text: 'technical'
2024-11-21 11:47:24,506 - ERROR - Error analyzing text: 'technical'
2024-11-21 11:47:24,509 - ERROR - Error analyzing text: 'technical'
2024-11-21 11:47:24,512 - ERROR - Error analyzing text: 'technical'
2024-11-21 11:47:24,514 - ERROR - Error analyzing text: 'technical'
2024-11-21 11:47:24,517 - ERROR - Error analyzing text: 'technical'
2024-11-21 11:47:24,520 - ERROR - Error analyzing text: 'technical'
2024-11-21 11:47:24,522 - ERROR - Error analyzing text: 'technical'
2024-11-21 11:47:24,525 - ERROR - Error analyzing text: 'technical'
2024-11-21 11:47:24,528 - ERROR - Error analyzing text: 'technical'
2024-11-21 11:47:24,531 - ERROR - Error analyzing text: 'technical'
2024-11-21 11:47:24,534 - ERROR - Error analyzing text: 'technical'
2024-11-21 11:47:24,537 - ERROR - Error analyzing text: 'technical'
2024-11-21 11:47:24,541 - ERROR - Error analyzing text: 'technical'
2024-11-21 11:47:24,545 - ERROR - Error analyzing text: 'technical'
2024-11-21 11:47:24,548 - ERROR - Error analyzing text: 'technical'
2024-11-21 11:47:24,550 - ERROR - Error analyzing text: 'technical'
2024-11-21 11:47:24,553 - ERROR - Error analyzing text: 'technical'
2024-11-21 11:47:24,556 - ERROR - Error analyzing text: 'technical'
2024-11-21 11:47:24,559 - ERROR - Error analyzing text: 'technical'
2024-11-21 11:47:24,562 - ERROR - Error analyzing text: 'technical'
2024-11-21 11:47:24,564 - ERROR - Error analyzing text: 'technical'
2024-11-21 11:47:24,567 - ERROR - Error analyzing text: 'technical'
2024-11-21 11:47:24,569 - ERROR - Error analyzing text: 'technical'
2024-11-21 11:47:24,572 - ERROR - Error analyzing text: 'technical'
2024-11-21 11:47:24,575 - ERROR - Error analyzing text: 'technical'
2024-11-21 11:47:24,578 - ERROR - Error analyzing text: 'technical'
2024-11-21 11:47:24,581 - ERROR - Error analyzing text: 'technical'
2024-11-21 11:47:24,583 - ERROR - Error analyzing text: 'technical'
2024-11-21 11:47:24,586 - ERROR - Error analyzing text: 'technical'
2024-11-21 11:47:24,589 - ERROR - Error analyzing text: 'technical'
2024-11-21 11:47:24,592 - ERROR - Error analyzing text: 'technical'
2024-11-21 11:47:24,595 - ERROR - Error analyzing text: 'technical'
2024-11-21 11:47:24,598 - ERROR - Error analyzing text: 'technical'
2024-11-21 11:47:24,601 - ERROR - Error analyzing text: 'technical'
2024-11-21 11:47:24,998 - INFO - Scraping URL: https://sensore.com/
2024-11-21 11:47:28,984 - INFO - Scraping URL: https://sensore.com/about
2024-11-21 11:47:30,832 - INFO - Scraping URL: https://sensore.com/technology
2024-11-21 11:47:32,386 - INFO - Scraping URL: https://sensore.com/solutions
2024-11-21 11:47:33,370 - INFO - Scraping URL: https://sensore.com/services
2024-11-21 11:47:35,012 - INFO - Scraping URL: https://sensore.com/insights
2024-11-21 11:47:36,701 - ERROR - Error analyzing text: 'technical'
2024-11-21 11:47:36,704 - ERROR - Error analyzing text: 'technical'
2024-11-21 11:47:36,706 - ERROR - Error analyzing text: 'technical'
2024-11-21 11:47:36,709 - ERROR - Error analyzing text: 'technical'
2024-11-21 11:47:36,712 - ERROR - Error analyzing text: 'technical'
2024-11-21 11:47:36,715 - ERROR - Error analyzing text: 'technical'
2024-11-21 11:47:36,722 - ERROR - Error analyzing text: 'technical'
2024-11-21 11:47:36,725 - ERROR - Error analyzing text: 'technical'
2024-11-21 11:47:36,728 - ERROR - Error analyzing text: 'technical'
2024-11-21 11:47:36,731 - ERROR - Error analyzing text: 'technical'
2024-11-21 11:47:36,734 - ERROR - Error analyzing text: 'technical'
2024-11-21 11:47:36,737 - ERROR - Error analyzing text: 'technical'
2024-11-21 11:47:36,740 - ERROR - Error analyzing text: 'technical'
2024-11-21 11:47:36,743 - ERROR - Error analyzing text: 'technical'
2024-11-21 11:47:36,746 - ERROR - Error analyzing text: 'technical'
2024-11-21 11:47:36,749 - ERROR - Error analyzing text: 'technical'
2024-11-21 11:47:36,751 - ERROR - Error analyzing text: 'technical'
2024-11-21 11:47:36,754 - ERROR - Error analyzing text: 'technical'
2024-11-21 11:47:36,757 - ERROR - Error analyzing text: 'technical'
2024-11-21 11:47:36,760 - ERROR - Error analyzing text: 'technical'
2024-11-21 11:47:36,763 - ERROR - Error analyzing text: 'technical'
2024-11-21 11:47:36,767 - ERROR - Error analyzing text: 'technical'
2024-11-21 11:47:36,769 - ERROR - Error analyzing text: 'technical'
2024-11-21 11:47:36,772 - ERROR - Error analyzing text: 'technical'
2024-11-21 11:47:36,775 - ERROR - Error analyzing text: 'technical'
2024-11-21 11:47:36,778 - ERROR - Error analyzing text: 'technical'
2024-11-21 11:47:36,781 - ERROR - Error analyzing text: 'technical'
2024-11-21 11:47:36,784 - ERROR - Error analyzing text: 'technical'
2024-11-21 11:47:36,787 - ERROR - Error analyzing text: 'technical'
2024-11-21 11:47:36,790 - ERROR - Error analyzing text: 'technical'
2024-11-21 11:47:36,793 - ERROR - Error analyzing text: 'technical'
2024-11-21 11:47:36,796 - ERROR - Error analyzing text: 'technical'
2024-11-21 11:47:36,799 - ERROR - Error analyzing text: 'technical'
2024-11-21 11:47:36,802 - ERROR - Error analyzing text: 'technical'
2024-11-21 11:47:36,804 - ERROR - Error analyzing text: 'technical'
2024-11-21 11:47:36,809 - ERROR - Error analyzing text: 'technical'
2024-11-21 11:47:36,811 - ERROR - Error analyzing text: 'technical'
2024-11-21 11:47:36,814 - ERROR - Error analyzing text: 'technical'
2024-11-21 11:47:36,817 - ERROR - Error analyzing text: 'technical'
2024-11-21 11:47:36,820 - ERROR - Error analyzing text: 'technical'
2024-11-21 11:47:36,822 - ERROR - Error analyzing text: 'technical'
2024-11-21 11:47:36,826 - ERROR - Error analyzing text: 'technical'
2024-11-21 11:47:36,829 - ERROR - Error analyzing text: 'technical'
2024-11-21 11:47:36,832 - ERROR - Error analyzing text: 'technical'
2024-11-21 11:47:36,834 - ERROR - Error analyzing text: 'technical'
2024-11-21 11:47:36,837 - ERROR - Error analyzing text: 'technical'
2024-11-21 11:47:36,839 - ERROR - Error analyzing text: 'technical'
2024-11-21 11:47:36,843 - ERROR - Error analyzing text: 'technical'
2024-11-21 11:47:36,846 - ERROR - Error analyzing text: 'technical'
2024-11-21 11:47:36,849 - ERROR - Error analyzing text: 'technical'
2024-11-21 11:47:36,852 - ERROR - Error analyzing text: 'technical'
2024-11-21 11:47:36,855 - ERROR - Error analyzing text: 'technical'
2024-11-21 11:47:36,858 - ERROR - Error analyzing text: 'technical'
2024-11-21 11:47:36,861 - ERROR - Error analyzing text: 'technical'
2024-11-21 11:47:36,864 - ERROR - Error analyzing text: 'technical'
2024-11-21 11:47:36,867 - ERROR - Error analyzing text: 'technical'
2024-11-21 11:47:36,869 - ERROR - Error analyzing text: 'technical'
2024-11-21 11:47:36,872 - ERROR - Error analyzing text: 'technical'
2024-11-21 11:47:36,875 - ERROR - Error analyzing text: 'technical'
2024-11-21 11:47:36,878 - ERROR - Error analyzing text: 'technical'
2024-11-21 11:47:36,881 - ERROR - Error analyzing text: 'technical'
2024-11-21 11:47:36,884 - ERROR - Error analyzing text: 'technical'
2024-11-21 11:47:36,887 - ERROR - Error analyzing text: 'technical'
2024-11-21 11:47:36,889 - ERROR - Error analyzing text: 'technical'
2024-11-21 11:47:36,892 - ERROR - Error analyzing text: 'technical'
2024-11-21 11:47:36,895 - ERROR - Error analyzing text: 'technical'
2024-11-21 11:47:36,898 - ERROR - Error analyzing text: 'technical'
2024-11-21 11:47:36,901 - ERROR - Error analyzing text: 'technical'
2024-11-21 11:47:36,904 - ERROR - Error analyzing text: 'technical'
2024-11-21 11:47:36,906 - ERROR - Error analyzing text: 'technical'
2024-11-21 11:47:36,909 - ERROR - Error analyzing text: 'technical'
2024-11-21 11:47:36,912 - ERROR - Error analyzing text: 'technical'
2024-11-21 11:47:36,915 - ERROR - Error analyzing text: 'technical'
2024-11-21 11:47:36,918 - ERROR - Error analyzing text: 'technical'
2024-11-21 11:47:36,921 - ERROR - Error analyzing text: 'technical'
2024-11-21 11:47:36,923 - ERROR - Error analyzing text: 'technical'
2024-11-21 11:47:36,927 - ERROR - Error analyzing text: 'technical'
2024-11-21 11:47:36,930 - ERROR - Error analyzing text: 'technical'
2024-11-21 11:47:36,933 - ERROR - Error analyzing text: 'technical'
2024-11-21 11:47:36,936 - ERROR - Error analyzing text: 'technical'
2024-11-21 11:47:36,938 - ERROR - Error analyzing text: 'technical'
2024-11-21 11:47:36,941 - ERROR - Error analyzing text: 'technical'
2024-11-21 11:47:36,944 - ERROR - Error analyzing text: 'technical'
2024-11-21 11:47:36,947 - ERROR - Error analyzing text: 'technical'
2024-11-21 11:47:36,950 - ERROR - Error analyzing text: 'technical'
2024-11-21 11:47:36,952 - ERROR - Error analyzing text: 'technical'
2024-11-21 11:47:36,955 - ERROR - Error analyzing text: 'technical'
2024-11-21 11:47:36,958 - ERROR - Error analyzing text: 'technical'
2024-11-21 11:47:36,961 - ERROR - Error analyzing text: 'technical'
2024-11-21 11:47:36,964 - ERROR - Error analyzing text: 'technical'
2024-11-21 11:47:36,967 - ERROR - Error analyzing text: 'technical'
2024-11-21 11:47:36,969 - ERROR - Error analyzing text: 'technical'
2024-11-21 11:47:36,972 - ERROR - Error analyzing text: 'technical'
2024-11-21 11:47:36,975 - ERROR - Error analyzing text: 'technical'
2024-11-21 11:47:36,978 - ERROR - Error analyzing text: 'technical'
2024-11-21 11:47:36,982 - ERROR - Error analyzing text: 'technical'
2024-11-21 11:47:36,985 - ERROR - Error analyzing text: 'technical'
2024-11-21 11:47:36,988 - ERROR - Error analyzing text: 'technical'
2024-11-21 11:47:36,991 - ERROR - Error analyzing text: 'technical'
2024-11-21 11:47:36,994 - ERROR - Error analyzing text: 'technical'
2024-11-21 11:47:36,996 - ERROR - Error analyzing text: 'technical'
2024-11-21 11:47:36,999 - ERROR - Error analyzing text: 'technical'
2024-11-21 11:47:37,001 - ERROR - Error analyzing text: 'technical'
2024-11-21 11:47:37,004 - ERROR - Error analyzing text: 'technical'
2024-11-21 11:47:37,007 - ERROR - Error analyzing text: 'technical'
2024-11-21 11:47:37,010 - ERROR - Error analyzing text: 'technical'
2024-11-21 11:47:37,013 - ERROR - Error analyzing text: 'technical'
2024-11-21 11:47:37,016 - ERROR - Error analyzing text: 'technical'
2024-11-21 11:47:37,019 - ERROR - Error analyzing text: 'technical'
2024-11-21 11:47:37,022 - ERROR - Error analyzing text: 'technical'
2024-11-21 11:47:37,025 - ERROR - Error analyzing text: 'technical'
2024-11-21 11:47:37,028 - ERROR - Error analyzing text: 'technical'
2024-11-21 11:47:37,031 - ERROR - Error analyzing text: 'technical'
2024-11-21 11:47:37,034 - ERROR - Error analyzing text: 'technical'
2024-11-21 11:47:37,037 - ERROR - Error analyzing text: 'technical'
2024-11-21 11:47:37,040 - ERROR - Error analyzing text: 'technical'
2024-11-21 11:47:37,043 - ERROR - Error analyzing text: 'technical'
2024-11-21 11:47:37,046 - ERROR - Error analyzing text: 'technical'
2024-11-21 11:47:37,049 - ERROR - Error analyzing text: 'technical'
2024-11-21 11:47:37,053 - ERROR - Error analyzing text: 'technical'
2024-11-21 11:47:37,056 - ERROR - Error analyzing text: 'technical'
2024-11-21 11:47:37,059 - ERROR - Error analyzing text: 'technical'
2024-11-21 11:47:37,062 - ERROR - Error analyzing text: 'technical'
2024-11-21 11:47:37,065 - ERROR - Error analyzing text: 'technical'
2024-11-21 11:47:37,068 - ERROR - Error analyzing text: 'technical'
2024-11-21 11:47:37,071 - ERROR - Error analyzing text: 'technical'
2024-11-21 11:47:37,074 - ERROR - Error analyzing text: 'technical'
2024-11-21 11:47:37,077 - ERROR - Error analyzing text: 'technical'
2024-11-21 11:47:37,080 - ERROR - Error analyzing text: 'technical'
2024-11-21 11:47:37,083 - ERROR - Error analyzing text: 'technical'
2024-11-21 11:47:37,086 - ERROR - Error analyzing text: 'technical'
2024-11-21 11:47:37,088 - ERROR - Error analyzing text: 'technical'
2024-11-21 11:47:37,092 - ERROR - Error analyzing text: 'technical'
2024-11-21 11:47:37,095 - ERROR - Error analyzing text: 'technical'
2024-11-21 11:47:37,098 - ERROR - Error analyzing text: 'technical'
2024-11-21 11:47:37,100 - ERROR - Error analyzing text: 'technical'
2024-11-21 11:47:37,103 - ERROR - Error analyzing text: 'technical'
2024-11-21 11:47:37,106 - ERROR - Error analyzing text: 'technical'
2024-11-21 11:47:37,109 - ERROR - Error analyzing text: 'technical'
2024-11-21 11:47:37,112 - ERROR - Error analyzing text: 'technical'
2024-11-21 11:47:37,116 - ERROR - Error analyzing text: 'technical'
2024-11-21 11:47:37,119 - ERROR - Error analyzing text: 'technical'
2024-11-21 11:47:37,122 - ERROR - Error analyzing text: 'technical'
2024-11-21 11:47:37,125 - ERROR - Error analyzing text: 'technical'
2024-11-21 11:47:37,129 - ERROR - Error analyzing text: 'technical'
2024-11-21 11:47:37,132 - ERROR - Error analyzing text: 'technical'
2024-11-21 11:47:37,135 - ERROR - Error analyzing text: 'technical'
2024-11-21 11:47:37,138 - ERROR - Error analyzing text: 'technical'
2024-11-21 11:47:37,141 - ERROR - Error analyzing text: 'technical'
2024-11-21 11:47:37,144 - ERROR - Error analyzing text: 'technical'
2024-11-21 11:47:37,148 - ERROR - Error analyzing text: 'technical'
2024-11-21 11:47:37,151 - ERROR - Error analyzing text: 'technical'
2024-11-21 11:47:37,154 - ERROR - Error analyzing text: 'technical'
2024-11-21 11:47:37,575 - INFO - Scraping URL: https://ver-ai.com/
2024-11-21 11:47:39,180 - ERROR - Error analyzing text: 'technical'
2024-11-21 11:47:39,183 - ERROR - Error analyzing text: 'technical'
2024-11-21 11:47:39,186 - ERROR - Error analyzing text: 'technical'
2024-11-21 11:47:39,189 - ERROR - Error analyzing text: 'technical'
2024-11-21 11:47:39,192 - ERROR - Error analyzing text: 'technical'
2024-11-21 11:47:39,194 - ERROR - Error analyzing text: 'technical'
2024-11-21 11:47:39,579 - INFO - Scraping URL: https://ideon.ai/
2024-11-21 11:47:46,446 - INFO - Scraping URL: https://ideon.ai/ideon-reveal-for-exploration
2024-11-21 11:47:47,282 - INFO - Scraping URL: https://ideon.ai/results/vale-base-metals-creighton-mine
2024-11-21 11:47:48,249 - INFO - Scraping URL: https://ideon.ai/results/bhp-leinster-mine
2024-11-21 11:47:49,144 - INFO - Scraping URL: https://ideon.ai/results/orano-mcclean-lake
2024-11-21 11:47:50,057 - ERROR - Error analyzing text: 'technical'
2024-11-21 11:47:50,060 - ERROR - Error analyzing text: 'technical'
2024-11-21 11:47:50,064 - ERROR - Error analyzing text: 'technical'
2024-11-21 11:47:50,066 - ERROR - Error analyzing text: 'technical'
2024-11-21 11:47:50,069 - ERROR - Error analyzing text: 'technical'
2024-11-21 11:47:50,072 - ERROR - Error analyzing text: 'technical'
2024-11-21 11:47:50,075 - ERROR - Error analyzing text: 'technical'
2024-11-21 11:47:50,078 - ERROR - Error analyzing text: 'technical'
2024-11-21 11:47:50,081 - ERROR - Error analyzing text: 'technical'
2024-11-21 11:47:50,084 - ERROR - Error analyzing text: 'technical'
2024-11-21 11:47:50,086 - ERROR - Error analyzing text: 'technical'
2024-11-21 11:47:50,089 - ERROR - Error analyzing text: 'technical'
2024-11-21 11:47:50,092 - ERROR - Error analyzing text: 'technical'
2024-11-21 11:47:50,095 - ERROR - Error analyzing text: 'technical'
2024-11-21 11:47:50,098 - ERROR - Error analyzing text: 'technical'
2024-11-21 11:47:50,101 - ERROR - Error analyzing text: 'technical'
2024-11-21 11:47:50,104 - ERROR - Error analyzing text: 'technical'
2024-11-21 11:47:50,107 - ERROR - Error analyzing text: 'technical'
2024-11-21 11:47:50,110 - ERROR - Error analyzing text: 'technical'
2024-11-21 11:47:50,113 - ERROR - Error analyzing text: 'technical'
2024-11-21 11:47:50,116 - ERROR - Error analyzing text: 'technical'
2024-11-21 11:47:50,119 - ERROR - Error analyzing text: 'technical'
2024-11-21 11:47:50,121 - ERROR - Error analyzing text: 'technical'
2024-11-21 11:47:50,124 - ERROR - Error analyzing text: 'technical'
2024-11-21 11:47:50,127 - ERROR - Error analyzing text: 'technical'
2024-11-21 11:47:50,130 - ERROR - Error analyzing text: 'technical'
2024-11-21 11:47:50,134 - ERROR - Error analyzing text: 'technical'
2024-11-21 11:47:50,137 - ERROR - Error analyzing text: 'technical'
2024-11-21 11:47:50,140 - ERROR - Error analyzing text: 'technical'
2024-11-21 11:47:50,143 - ERROR - Error analyzing text: 'technical'
2024-11-21 11:47:50,147 - ERROR - Error analyzing text: 'technical'
2024-11-21 11:47:50,150 - ERROR - Error analyzing text: 'technical'
2024-11-21 11:47:50,153 - ERROR - Error analyzing text: 'technical'
2024-11-21 11:47:50,157 - ERROR - Error analyzing text: 'technical'
2024-11-21 11:47:50,160 - ERROR - Error analyzing text: 'technical'
2024-11-21 11:47:50,163 - ERROR - Error analyzing text: 'technical'
2024-11-21 11:47:50,166 - ERROR - Error analyzing text: 'technical'
2024-11-21 11:47:50,170 - ERROR - Error analyzing text: 'technical'
2024-11-21 11:47:50,172 - ERROR - Error analyzing text: 'technical'
2024-11-21 11:47:50,175 - ERROR - Error analyzing text: 'technical'
2024-11-21 11:47:50,178 - ERROR - Error analyzing text: 'technical'
2024-11-21 11:47:50,181 - ERROR - Error analyzing text: 'technical'
2024-11-21 11:47:50,184 - ERROR - Error analyzing text: 'technical'
2024-11-21 11:47:50,186 - ERROR - Error analyzing text: 'technical'
2024-11-21 11:47:50,189 - ERROR - Error analyzing text: 'technical'
2024-11-21 11:47:50,192 - ERROR - Error analyzing text: 'technical'
2024-11-21 11:47:50,195 - ERROR - Error analyzing text: 'technical'
2024-11-21 11:47:50,198 - ERROR - Error analyzing text: 'technical'
2024-11-21 11:47:50,200 - ERROR - Error analyzing text: 'technical'
2024-11-21 11:47:50,203 - ERROR - Error analyzing text: 'technical'
2024-11-21 11:47:50,206 - ERROR - Error analyzing text: 'technical'
2024-11-21 11:47:50,209 - ERROR - Error analyzing text: 'technical'
2024-11-21 11:47:50,211 - ERROR - Error analyzing text: 'technical'
2024-11-21 11:47:50,214 - ERROR - Error analyzing text: 'technical'
2024-11-21 11:47:50,216 - ERROR - Error analyzing text: 'technical'
2024-11-21 11:47:50,219 - ERROR - Error analyzing text: 'technical'
2024-11-21 11:47:50,221 - ERROR - Error analyzing text: 'technical'
2024-11-21 11:47:50,224 - ERROR - Error analyzing text: 'technical'
2024-11-21 11:47:50,228 - ERROR - Error analyzing text: 'technical'
2024-11-21 11:47:50,230 - ERROR - Error analyzing text: 'technical'
2024-11-21 11:47:50,234 - ERROR - Error analyzing text: 'technical'
2024-11-21 11:47:50,237 - ERROR - Error analyzing text: 'technical'
2024-11-21 11:47:50,239 - ERROR - Error analyzing text: 'technical'
2024-11-21 11:47:50,243 - ERROR - Error analyzing text: 'technical'
2024-11-21 11:47:50,246 - ERROR - Error analyzing text: 'technical'
2024-11-21 11:47:50,249 - ERROR - Error analyzing text: 'technical'
2024-11-21 11:47:50,252 - ERROR - Error analyzing text: 'technical'
2024-11-21 11:47:50,254 - ERROR - Error analyzing text: 'technical'
2024-11-21 11:47:50,257 - ERROR - Error analyzing text: 'technical'
2024-11-21 11:47:50,261 - ERROR - Error analyzing text: 'technical'
2024-11-21 11:47:50,263 - ERROR - Error analyzing text: 'technical'
2024-11-21 11:47:50,266 - ERROR - Error analyzing text: 'technical'
2024-11-21 11:47:50,269 - ERROR - Error analyzing text: 'technical'
2024-11-21 11:47:50,271 - ERROR - Error analyzing text: 'technical'
2024-11-21 11:47:50,274 - ERROR - Error analyzing text: 'technical'
2024-11-21 11:47:50,276 - ERROR - Error analyzing text: 'technical'
2024-11-21 11:47:50,279 - ERROR - Error analyzing text: 'technical'
2024-11-21 11:47:50,282 - ERROR - Error analyzing text: 'technical'
2024-11-21 11:47:50,287 - ERROR - Error analyzing text: 'technical'
2024-11-21 11:47:50,291 - ERROR - Error analyzing text: 'technical'
2024-11-21 11:47:50,295 - ERROR - Error analyzing text: 'technical'
2024-11-21 11:47:50,298 - ERROR - Error analyzing text: 'technical'
2024-11-21 11:47:50,301 - ERROR - Error analyzing text: 'technical'
2024-11-21 11:47:50,304 - ERROR - Error analyzing text: 'technical'
2024-11-21 11:47:50,307 - ERROR - Error analyzing text: 'technical'
2024-11-21 11:47:50,309 - ERROR - Error analyzing text: 'technical'
2024-11-21 11:47:50,312 - ERROR - Error analyzing text: 'technical'
2024-11-21 11:47:50,315 - ERROR - Error analyzing text: 'technical'
2024-11-21 11:47:50,317 - ERROR - Error analyzing text: 'technical'
2024-11-21 11:47:50,320 - ERROR - Error analyzing text: 'technical'
2024-11-21 11:47:50,322 - ERROR - Error analyzing text: 'technical'
2024-11-21 11:47:50,325 - ERROR - Error analyzing text: 'technical'
2024-11-21 11:47:50,328 - ERROR - Error analyzing text: 'technical'
2024-11-21 11:47:50,332 - ERROR - Error analyzing text: 'technical'
2024-11-21 11:47:50,335 - ERROR - Error analyzing text: 'technical'
2024-11-21 11:47:50,337 - ERROR - Error analyzing text: 'technical'
2024-11-21 11:47:50,340 - ERROR - Error analyzing text: 'technical'
2024-11-21 11:47:50,763 - INFO - Scraping URL: https://www.seequent.com/
2024-11-21 11:47:52,505 - INFO - Scraping URL: https://www.seequent.com/products-solutions/leapfrog-geo
2024-11-21 11:47:56,436 - INFO - Scraping URL: https://www.seequent.com/products-solutions/geosoft-target
2024-11-21 11:47:57,709 - INFO - Scraping URL: https://www.seequent.com/products-solutions/seequent-central
2024-11-21 11:47:59,238 - INFO - Scraping URL: https://www.seequent.com/products-solutions/imago
2024-11-21 11:48:00,498 - INFO - Scraping URL: https://www.seequent.com/products-solutions/mining
2024-11-21 11:48:01,873 - INFO - Scraping URL: https://www.seequent.com/artificial-intelligence-to-understand-the-underground
2024-11-21 11:48:03,026 - INFO - Scraping URL: https://www.seequent.com/artificial-intelligence-has-great-potential-but-its-only-human
2024-11-21 11:48:04,295 - ERROR - Error analyzing text: 'technical'
2024-11-21 11:48:04,298 - ERROR - Error analyzing text: 'technical'
2024-11-21 11:48:04,300 - ERROR - Error analyzing text: 'technical'
2024-11-21 11:48:04,303 - ERROR - Error analyzing text: 'technical'
2024-11-21 11:48:04,305 - ERROR - Error analyzing text: 'technical'
2024-11-21 11:48:04,308 - ERROR - Error analyzing text: 'technical'
2024-11-21 11:48:04,311 - ERROR - Error analyzing text: 'technical'
2024-11-21 11:48:04,314 - ERROR - Error analyzing text: 'technical'
2024-11-21 11:48:04,317 - ERROR - Error analyzing text: 'technical'
2024-11-21 11:48:04,319 - ERROR - Error analyzing text: 'technical'
2024-11-21 11:48:04,322 - ERROR - Error analyzing text: 'technical'
2024-11-21 11:48:04,325 - ERROR - Error analyzing text: 'technical'
2024-11-21 11:48:04,328 - ERROR - Error analyzing text: 'technical'
2024-11-21 11:48:04,332 - ERROR - Error analyzing text: 'technical'
2024-11-21 11:48:04,334 - ERROR - Error analyzing text: 'technical'
2024-11-21 11:48:04,337 - ERROR - Error analyzing text: 'technical'
2024-11-21 11:48:04,340 - ERROR - Error analyzing text: 'technical'
2024-11-21 11:48:04,343 - ERROR - Error analyzing text: 'technical'
2024-11-21 11:48:04,346 - ERROR - Error analyzing text: 'technical'
2024-11-21 11:48:04,349 - ERROR - Error analyzing text: 'technical'
2024-11-21 11:48:04,352 - ERROR - Error analyzing text: 'technical'
2024-11-21 11:48:04,355 - ERROR - Error analyzing text: 'technical'
2024-11-21 11:48:04,358 - ERROR - Error analyzing text: 'technical'
2024-11-21 11:48:04,361 - ERROR - Error analyzing text: 'technical'
2024-11-21 11:48:04,363 - ERROR - Error analyzing text: 'technical'
2024-11-21 11:48:04,367 - ERROR - Error analyzing text: 'technical'
2024-11-21 11:48:04,369 - ERROR - Error analyzing text: 'technical'
2024-11-21 11:48:04,372 - ERROR - Error analyzing text: 'technical'
2024-11-21 11:48:04,375 - ERROR - Error analyzing text: 'technical'
2024-11-21 11:48:04,379 - ERROR - Error analyzing text: 'technical'
2024-11-21 11:48:04,381 - ERROR - Error analyzing text: 'technical'
2024-11-21 11:48:04,385 - ERROR - Error analyzing text: 'technical'
2024-11-21 11:48:04,387 - ERROR - Error analyzing text: 'technical'
2024-11-21 11:48:04,391 - ERROR - Error analyzing text: 'technical'
2024-11-21 11:48:04,394 - ERROR - Error analyzing text: 'technical'
2024-11-21 11:48:04,397 - ERROR - Error analyzing text: 'technical'
2024-11-21 11:48:04,400 - ERROR - Error analyzing text: 'technical'
2024-11-21 11:48:04,402 - ERROR - Error analyzing text: 'technical'
2024-11-21 11:48:04,405 - ERROR - Error analyzing text: 'technical'
2024-11-21 11:48:04,408 - ERROR - Error analyzing text: 'technical'
2024-11-21 11:48:04,411 - ERROR - Error analyzing text: 'technical'
2024-11-21 11:48:04,414 - ERROR - Error analyzing text: 'technical'
2024-11-21 11:48:04,416 - ERROR - Error analyzing text: 'technical'
2024-11-21 11:48:04,419 - ERROR - Error analyzing text: 'technical'
2024-11-21 11:48:04,421 - ERROR - Error analyzing text: 'technical'
2024-11-21 11:48:04,424 - ERROR - Error analyzing text: 'technical'
2024-11-21 11:48:04,427 - ERROR - Error analyzing text: 'technical'
2024-11-21 11:48:04,430 - ERROR - Error analyzing text: 'technical'
2024-11-21 11:48:04,432 - ERROR - Error analyzing text: 'technical'
2024-11-21 11:48:04,435 - ERROR - Error analyzing text: 'technical'
2024-11-21 11:48:04,437 - ERROR - Error analyzing text: 'technical'
2024-11-21 11:48:04,440 - ERROR - Error analyzing text: 'technical'
2024-11-21 11:48:04,443 - ERROR - Error analyzing text: 'technical'
2024-11-21 11:48:04,446 - ERROR - Error analyzing text: 'technical'
2024-11-21 11:48:04,448 - ERROR - Error analyzing text: 'technical'
2024-11-21 11:48:04,451 - ERROR - Error analyzing text: 'technical'
2024-11-21 11:48:04,453 - ERROR - Error analyzing text: 'technical'
2024-11-21 11:48:04,456 - ERROR - Error analyzing text: 'technical'
2024-11-21 11:48:04,459 - ERROR - Error analyzing text: 'technical'
2024-11-21 11:48:04,461 - ERROR - Error analyzing text: 'technical'
2024-11-21 11:48:04,464 - ERROR - Error analyzing text: 'technical'
2024-11-21 11:48:04,467 - ERROR - Error analyzing text: 'technical'
2024-11-21 11:48:04,469 - ERROR - Error analyzing text: 'technical'
2024-11-21 11:48:04,472 - ERROR - Error analyzing text: 'technical'
2024-11-21 11:48:04,475 - ERROR - Error analyzing text: 'technical'
2024-11-21 11:48:04,478 - ERROR - Error analyzing text: 'technical'
2024-11-21 11:48:04,481 - ERROR - Error analyzing text: 'technical'
2024-11-21 11:48:04,483 - ERROR - Error analyzing text: 'technical'
2024-11-21 11:48:04,486 - ERROR - Error analyzing text: 'technical'
2024-11-21 11:48:04,489 - ERROR - Error analyzing text: 'technical'
2024-11-21 11:48:04,491 - ERROR - Error analyzing text: 'technical'
2024-11-21 11:48:04,495 - ERROR - Error analyzing text: 'technical'
2024-11-21 11:48:04,497 - ERROR - Error analyzing text: 'technical'
2024-11-21 11:48:04,500 - ERROR - Error analyzing text: 'technical'
2024-11-21 11:48:04,503 - ERROR - Error analyzing text: 'technical'
2024-11-21 11:48:04,505 - ERROR - Error analyzing text: 'technical'
2024-11-21 11:48:04,508 - ERROR - Error analyzing text: 'technical'
2024-11-21 11:48:04,511 - ERROR - Error analyzing text: 'technical'
2024-11-21 11:48:04,513 - ERROR - Error analyzing text: 'technical'
2024-11-21 11:48:04,516 - ERROR - Error analyzing text: 'technical'
2024-11-21 11:48:04,518 - ERROR - Error analyzing text: 'technical'
2024-11-21 11:48:04,522 - ERROR - Error analyzing text: 'technical'
2024-11-21 11:48:04,525 - ERROR - Error analyzing text: 'technical'
2024-11-21 11:48:04,529 - ERROR - Error analyzing text: 'technical'
2024-11-21 11:48:04,531 - ERROR - Error analyzing text: 'technical'
2024-11-21 11:48:04,534 - ERROR - Error analyzing text: 'technical'
2024-11-21 11:48:04,537 - ERROR - Error analyzing text: 'technical'
2024-11-21 11:48:04,540 - ERROR - Error analyzing text: 'technical'
2024-11-21 11:48:04,543 - ERROR - Error analyzing text: 'technical'
2024-11-21 11:48:04,545 - ERROR - Error analyzing text: 'technical'
2024-11-21 11:48:04,548 - ERROR - Error analyzing text: 'technical'
2024-11-21 11:48:04,550 - ERROR - Error analyzing text: 'technical'
2024-11-21 11:48:04,553 - ERROR - Error analyzing text: 'technical'
2024-11-21 11:48:04,555 - ERROR - Error analyzing text: 'technical'
2024-11-21 11:48:04,558 - ERROR - Error analyzing text: 'technical'
2024-11-21 11:48:04,562 - ERROR - Error analyzing text: 'technical'
2024-11-21 11:48:04,564 - ERROR - Error analyzing text: 'technical'
2024-11-21 11:48:04,567 - ERROR - Error analyzing text: 'technical'
2024-11-21 11:48:04,569 - ERROR - Error analyzing text: 'technical'
2024-11-21 11:48:04,572 - ERROR - Error analyzing text: 'technical'
2024-11-21 11:48:04,576 - ERROR - Error analyzing text: 'technical'
2024-11-21 11:48:04,579 - ERROR - Error analyzing text: 'technical'
2024-11-21 11:48:04,582 - ERROR - Error analyzing text: 'technical'
2024-11-21 11:48:04,585 - ERROR - Error analyzing text: 'technical'
2024-11-21 11:48:04,587 - ERROR - Error analyzing text: 'technical'
2024-11-21 11:48:04,590 - ERROR - Error analyzing text: 'technical'
2024-11-21 11:48:04,593 - ERROR - Error analyzing text: 'technical'
2024-11-21 11:48:04,597 - ERROR - Error analyzing text: 'technical'
2024-11-21 11:48:04,599 - ERROR - Error analyzing text: 'technical'
2024-11-21 11:48:04,602 - ERROR - Error analyzing text: 'technical'
2024-11-21 11:48:04,605 - ERROR - Error analyzing text: 'technical'
2024-11-21 11:48:04,608 - ERROR - Error analyzing text: 'technical'
2024-11-21 11:48:04,611 - ERROR - Error analyzing text: 'technical'
2024-11-21 11:48:04,614 - ERROR - Error analyzing text: 'technical'
2024-11-21 11:48:04,616 - ERROR - Error analyzing text: 'technical'
2024-11-21 11:48:04,619 - ERROR - Error analyzing text: 'technical'
2024-11-21 11:48:04,621 - ERROR - Error analyzing text: 'technical'
2024-11-21 11:48:04,625 - ERROR - Error analyzing text: 'technical'
2024-11-21 11:48:04,628 - ERROR - Error analyzing text: 'technical'
2024-11-21 11:48:04,630 - ERROR - Error analyzing text: 'technical'
2024-11-21 11:48:04,633 - ERROR - Error analyzing text: 'technical'
2024-11-21 11:48:04,635 - ERROR - Error analyzing text: 'technical'
2024-11-21 11:48:04,638 - ERROR - Error analyzing text: 'technical'
2024-11-21 11:48:04,642 - ERROR - Error analyzing text: 'technical'
2024-11-21 11:48:04,644 - ERROR - Error analyzing text: 'technical'
2024-11-21 11:48:04,647 - ERROR - Error analyzing text: 'technical'
2024-11-21 11:48:04,649 - ERROR - Error analyzing text: 'technical'
2024-11-21 11:48:04,652 - ERROR - Error analyzing text: 'technical'
2024-11-21 11:48:04,655 - ERROR - Error analyzing text: 'technical'
2024-11-21 11:48:04,658 - ERROR - Error analyzing text: 'technical'
2024-11-21 11:48:04,660 - ERROR - Error analyzing text: 'technical'
2024-11-21 11:48:04,663 - ERROR - Error analyzing text: 'technical'
2024-11-21 11:48:04,666 - ERROR - Error analyzing text: 'technical'
2024-11-21 11:48:04,668 - ERROR - Error analyzing text: 'technical'
2024-11-21 11:48:04,671 - ERROR - Error analyzing text: 'technical'
2024-11-21 11:48:04,674 - ERROR - Error analyzing text: 'technical'
2024-11-21 11:48:04,677 - ERROR - Error analyzing text: 'technical'
2024-11-21 11:48:04,680 - ERROR - Error analyzing text: 'technical'
2024-11-21 11:48:04,682 - ERROR - Error analyzing text: 'technical'
2024-11-21 11:48:04,685 - ERROR - Error analyzing text: 'technical'
2024-11-21 11:48:04,688 - ERROR - Error analyzing text: 'technical'
2024-11-21 11:48:04,691 - ERROR - Error analyzing text: 'technical'
2024-11-21 11:48:04,694 - ERROR - Error analyzing text: 'technical'
2024-11-21 11:48:04,697 - ERROR - Error analyzing text: 'technical'
2024-11-21 11:48:04,699 - ERROR - Error analyzing text: 'technical'
2024-11-21 11:48:04,702 - ERROR - Error analyzing text: 'technical'
2024-11-21 11:48:04,705 - ERROR - Error analyzing text: 'technical'
2024-11-21 11:48:04,708 - ERROR - Error analyzing text: 'technical'
2024-11-21 11:48:04,710 - ERROR - Error analyzing text: 'technical'
2024-11-21 11:48:04,713 - ERROR - Error analyzing text: 'technical'
2024-11-21 11:48:04,716 - ERROR - Error analyzing text: 'technical'
2024-11-21 11:48:04,718 - ERROR - Error analyzing text: 'technical'
2024-11-21 11:48:04,721 - ERROR - Error analyzing text: 'technical'
2024-11-21 11:48:04,724 - ERROR - Error analyzing text: 'technical'
2024-11-21 11:48:04,727 - ERROR - Error analyzing text: 'technical'
2024-11-21 11:48:04,730 - ERROR - Error analyzing text: 'technical'
2024-11-21 11:48:04,732 - ERROR - Error analyzing text: 'technical'
2024-11-21 11:48:04,735 - ERROR - Error analyzing text: 'technical'
2024-11-21 11:48:04,738 - ERROR - Error analyzing text: 'technical'
2024-11-21 11:48:04,741 - ERROR - Error analyzing text: 'technical'
2024-11-21 11:48:04,743 - ERROR - Error analyzing text: 'technical'
2024-11-21 11:48:04,746 - ERROR - Error analyzing text: 'technical'
2024-11-21 11:48:04,748 - ERROR - Error analyzing text: 'technical'
2024-11-21 11:48:04,751 - ERROR - Error analyzing text: 'technical'
2024-11-21 11:48:04,754 - ERROR - Error analyzing text: 'technical'
2024-11-21 11:48:04,756 - ERROR - Error analyzing text: 'technical'
2024-11-21 11:48:04,759 - ERROR - Error analyzing text: 'technical'
2024-11-21 11:48:04,762 - ERROR - Error analyzing text: 'technical'
2024-11-21 11:48:04,764 - ERROR - Error analyzing text: 'technical'
2024-11-21 11:48:04,767 - ERROR - Error analyzing text: 'technical'
2024-11-21 11:48:04,769 - ERROR - Error analyzing text: 'technical'
2024-11-21 11:48:04,772 - ERROR - Error analyzing text: 'technical'
2024-11-21 11:48:04,775 - ERROR - Error analyzing text: 'technical'
2024-11-21 11:48:04,778 - ERROR - Error analyzing text: 'technical'
2024-11-21 11:48:04,780 - ERROR - Error analyzing text: 'technical'
2024-11-21 11:48:04,783 - ERROR - Error analyzing text: 'technical'
2024-11-21 11:48:04,786 - ERROR - Error analyzing text: 'technical'
2024-11-21 11:48:04,788 - ERROR - Error analyzing text: 'technical'
2024-11-21 11:48:04,791 - ERROR - Error analyzing text: 'technical'
2024-11-21 11:48:04,794 - ERROR - Error analyzing text: 'technical'
2024-11-21 11:48:04,797 - ERROR - Error analyzing text: 'technical'
2024-11-21 11:48:04,800 - ERROR - Error analyzing text: 'technical'
2024-11-21 11:48:04,802 - ERROR - Error analyzing text: 'technical'
2024-11-21 11:48:04,805 - ERROR - Error analyzing text: 'technical'
2024-11-21 11:48:04,808 - ERROR - Error analyzing text: 'technical'
2024-11-21 11:48:04,811 - ERROR - Error analyzing text: 'technical'
2024-11-21 11:48:04,814 - ERROR - Error analyzing text: 'technical'
2024-11-21 11:48:04,816 - ERROR - Error analyzing text: 'technical'
2024-11-21 11:48:04,820 - ERROR - Error analyzing text: 'technical'
2024-11-21 11:48:04,823 - ERROR - Error analyzing text: 'technical'
2024-11-21 11:48:04,827 - ERROR - Error analyzing text: 'technical'
2024-11-21 11:48:04,831 - ERROR - Error analyzing text: 'technical'
2024-11-21 11:48:04,835 - ERROR - Error analyzing text: 'technical'
2024-11-21 11:48:04,841 - ERROR - Error analyzing text: 'technical'
2024-11-21 11:48:04,844 - ERROR - Error analyzing text: 'technical'
2024-11-21 11:48:04,848 - ERROR - Error analyzing text: 'technical'
2024-11-21 11:48:04,851 - ERROR - Error analyzing text: 'technical'
2024-11-21 11:48:04,855 - ERROR - Error analyzing text: 'technical'
2024-11-21 11:48:04,860 - ERROR - Error analyzing text: 'technical'
2024-11-21 11:48:04,862 - ERROR - Error analyzing text: 'technical'
2024-11-21 11:48:04,865 - ERROR - Error analyzing text: 'technical'
2024-11-21 11:48:04,868 - ERROR - Error analyzing text: 'technical'
2024-11-21 11:48:04,870 - ERROR - Error analyzing text: 'technical'
2024-11-21 11:48:04,873 - ERROR - Error analyzing text: 'technical'
2024-11-21 11:48:04,875 - ERROR - Error analyzing text: 'technical'
2024-11-21 11:48:04,878 - ERROR - Error analyzing text: 'technical'
2024-11-21 11:48:04,881 - ERROR - Error analyzing text: 'technical'
2024-11-21 11:48:04,883 - ERROR - Error analyzing text: 'technical'
2024-11-21 11:48:04,886 - ERROR - Error analyzing text: 'technical'
2024-11-21 11:48:04,889 - ERROR - Error analyzing text: 'technical'
2024-11-21 11:48:04,892 - ERROR - Error analyzing text: 'technical'
2024-11-21 11:48:04,895 - ERROR - Error analyzing text: 'technical'
2024-11-21 11:48:04,897 - ERROR - Error analyzing text: 'technical'
2024-11-21 11:48:04,900 - ERROR - Error analyzing text: 'technical'
2024-11-21 11:48:04,903 - ERROR - Error analyzing text: 'technical'
2024-11-21 11:48:04,905 - ERROR - Error analyzing text: 'technical'
2024-11-21 11:48:04,909 - ERROR - Error analyzing text: 'technical'
2024-11-21 11:48:04,912 - ERROR - Error analyzing text: 'technical'
2024-11-21 11:48:04,914 - ERROR - Error analyzing text: 'technical'
2024-11-21 11:48:04,920 - ERROR - Error analyzing text: 'technical'
2024-11-21 11:48:04,923 - ERROR - Error analyzing text: 'technical'
2024-11-21 11:48:04,926 - ERROR - Error analyzing text: 'technical'
2024-11-21 11:48:04,929 - ERROR - Error analyzing text: 'technical'
2024-11-21 11:48:04,931 - ERROR - Error analyzing text: 'technical'
2024-11-21 11:48:04,934 - ERROR - Error analyzing text: 'technical'
2024-11-21 11:48:04,937 - ERROR - Error analyzing text: 'technical'
2024-11-21 11:48:04,939 - ERROR - Error analyzing text: 'technical'
2024-11-21 11:48:04,942 - ERROR - Error analyzing text: 'technical'
2024-11-21 11:48:04,945 - ERROR - Error analyzing text: 'technical'
2024-11-21 11:48:04,947 - ERROR - Error analyzing text: 'technical'
2024-11-21 11:48:04,950 - ERROR - Error analyzing text: 'technical'
2024-11-21 11:48:04,953 - ERROR - Error analyzing text: 'technical'
2024-11-21 11:48:04,955 - ERROR - Error analyzing text: 'technical'
2024-11-21 11:48:04,958 - ERROR - Error analyzing text: 'technical'
2024-11-21 11:48:04,961 - ERROR - Error analyzing text: 'technical'
2024-11-21 11:48:04,964 - ERROR - Error analyzing text: 'technical'
2024-11-21 11:48:04,966 - ERROR - Error analyzing text: 'technical'
2024-11-21 11:48:04,969 - ERROR - Error analyzing text: 'technical'
2024-11-21 11:48:04,972 - ERROR - Error analyzing text: 'technical'
2024-11-21 11:48:04,975 - ERROR - Error analyzing text: 'technical'
2024-11-21 11:48:04,978 - ERROR - Error analyzing text: 'technical'
2024-11-21 11:48:04,980 - ERROR - Error analyzing text: 'technical'
2024-11-21 11:48:04,983 - ERROR - Error analyzing text: 'technical'
2024-11-21 11:48:04,985 - ERROR - Error analyzing text: 'technical'
2024-11-21 11:48:04,988 - ERROR - Error analyzing text: 'technical'
2024-11-21 11:48:04,990 - ERROR - Error analyzing text: 'technical'
2024-11-21 11:48:04,994 - ERROR - Error analyzing text: 'technical'
2024-11-21 11:48:04,996 - ERROR - Error analyzing text: 'technical'
2024-11-21 11:48:04,999 - ERROR - Error analyzing text: 'technical'
2024-11-21 11:48:05,002 - ERROR - Error analyzing text: 'technical'
2024-11-21 11:48:05,004 - ERROR - Error analyzing text: 'technical'
2024-11-21 11:48:05,007 - ERROR - Error analyzing text: 'technical'
2024-11-21 11:48:05,010 - ERROR - Error analyzing text: 'technical'
2024-11-21 11:48:05,012 - ERROR - Error analyzing text: 'technical'
2024-11-21 11:48:05,015 - ERROR - Error analyzing text: 'technical'
2024-11-21 11:48:05,018 - ERROR - Error analyzing text: 'technical'
2024-11-21 11:48:05,020 - ERROR - Error analyzing text: 'technical'
2024-11-21 11:48:05,023 - ERROR - Error analyzing text: 'technical'
2024-11-21 11:48:05,026 - ERROR - Error analyzing text: 'technical'
2024-11-21 11:48:05,028 - ERROR - Error analyzing text: 'technical'
2024-11-21 11:48:05,031 - ERROR - Error analyzing text: 'technical'
2024-11-21 11:48:05,034 - ERROR - Error analyzing text: 'technical'
2024-11-21 11:48:05,036 - ERROR - Error analyzing text: 'technical'
2024-11-21 11:48:05,039 - ERROR - Error analyzing text: 'technical'
2024-11-21 11:48:05,042 - ERROR - Error analyzing text: 'technical'
2024-11-21 11:48:05,045 - ERROR - Error analyzing text: 'technical'
2024-11-21 11:48:05,047 - ERROR - Error analyzing text: 'technical'
2024-11-21 11:48:05,050 - ERROR - Error analyzing text: 'technical'
2024-11-21 11:48:05,052 - ERROR - Error analyzing text: 'technical'
2024-11-21 11:48:05,055 - ERROR - Error analyzing text: 'technical'
2024-11-21 11:48:05,057 - ERROR - Error analyzing text: 'technical'
2024-11-21 11:48:05,060 - ERROR - Error analyzing text: 'technical'
2024-11-21 11:48:05,063 - ERROR - Error analyzing text: 'technical'
2024-11-21 11:48:05,065 - ERROR - Error analyzing text: 'technical'
2024-11-21 11:48:05,068 - ERROR - Error analyzing text: 'technical'
2024-11-21 11:48:05,071 - ERROR - Error analyzing text: 'technical'
2024-11-21 11:48:05,074 - ERROR - Error analyzing text: 'technical'
2024-11-21 11:48:05,077 - ERROR - Error analyzing text: 'technical'
2024-11-21 11:48:05,080 - ERROR - Error analyzing text: 'technical'
2024-11-21 11:48:05,082 - ERROR - Error analyzing text: 'technical'
2024-11-21 11:48:05,085 - ERROR - Error analyzing text: 'technical'
2024-11-21 11:48:05,087 - ERROR - Error analyzing text: 'technical'
2024-11-21 11:48:05,090 - ERROR - Error analyzing text: 'technical'
2024-11-21 11:48:05,093 - ERROR - Error analyzing text: 'technical'
2024-11-21 11:48:05,096 - ERROR - Error analyzing text: 'technical'
2024-11-21 11:48:05,098 - ERROR - Error analyzing text: 'technical'
2024-11-21 11:48:05,102 - ERROR - Error analyzing text: 'technical'
2024-11-21 11:48:05,104 - ERROR - Error analyzing text: 'technical'
2024-11-21 11:48:05,107 - ERROR - Error analyzing text: 'technical'
2024-11-21 11:48:05,111 - ERROR - Error analyzing text: 'technical'
2024-11-21 11:48:05,114 - ERROR - Error analyzing text: 'technical'
2024-11-21 11:48:05,117 - ERROR - Error analyzing text: 'technical'
2024-11-21 11:48:05,119 - ERROR - Error analyzing text: 'technical'
2024-11-21 11:48:05,122 - ERROR - Error analyzing text: 'technical'
2024-11-21 11:48:05,126 - ERROR - Error analyzing text: 'technical'
2024-11-21 11:48:05,128 - ERROR - Error analyzing text: 'technical'
2024-11-21 11:48:05,131 - ERROR - Error analyzing text: 'technical'
2024-11-21 11:48:05,134 - ERROR - Error analyzing text: 'technical'
2024-11-21 11:48:05,137 - ERROR - Error analyzing text: 'technical'
2024-11-21 11:48:05,140 - ERROR - Error analyzing text: 'technical'
2024-11-21 11:48:05,143 - ERROR - Error analyzing text: 'technical'
2024-11-21 11:48:05,146 - ERROR - Error analyzing text: 'technical'
2024-11-21 11:48:05,149 - ERROR - Error analyzing text: 'technical'
2024-11-21 11:48:05,151 - ERROR - Error analyzing text: 'technical'
2024-11-21 11:48:05,154 - ERROR - Error analyzing text: 'technical'
2024-11-21 11:48:05,157 - ERROR - Error analyzing text: 'technical'
2024-11-21 11:48:05,160 - ERROR - Error analyzing text: 'technical'
2024-11-21 11:48:05,163 - ERROR - Error analyzing text: 'technical'
2024-11-21 11:48:05,166 - ERROR - Error analyzing text: 'technical'
2024-11-21 11:48:05,169 - ERROR - Error analyzing text: 'technical'
2024-11-21 11:48:05,172 - ERROR - Error analyzing text: 'technical'
2024-11-21 11:48:05,175 - ERROR - Error analyzing text: 'technical'
2024-11-21 11:48:05,178 - ERROR - Error analyzing text: 'technical'
2024-11-21 11:48:05,181 - ERROR - Error analyzing text: 'technical'
2024-11-21 11:48:05,183 - ERROR - Error analyzing text: 'technical'
2024-11-21 11:48:05,186 - ERROR - Error analyzing text: 'technical'
2024-11-21 11:48:05,189 - ERROR - Error analyzing text: 'technical'
2024-11-21 11:48:05,192 - ERROR - Error analyzing text: 'technical'
2024-11-21 11:48:05,195 - ERROR - Error analyzing text: 'technical'
2024-11-21 11:48:05,198 - ERROR - Error analyzing text: 'technical'
2024-11-21 11:48:05,201 - ERROR - Error analyzing text: 'technical'
2024-11-21 11:48:05,203 - ERROR - Error analyzing text: 'technical'
2024-11-21 11:48:05,206 - ERROR - Error analyzing text: 'technical'
2024-11-21 11:48:05,209 - ERROR - Error analyzing text: 'technical'
2024-11-21 11:48:05,212 - ERROR - Error analyzing text: 'technical'
2024-11-21 11:48:05,215 - ERROR - Error analyzing text: 'technical'
2024-11-21 11:48:05,218 - ERROR - Error analyzing text: 'technical'
2024-11-21 11:48:05,221 - ERROR - Error analyzing text: 'technical'
2024-11-21 11:48:05,224 - ERROR - Error analyzing text: 'technical'
2024-11-21 11:48:05,228 - ERROR - Error analyzing text: 'technical'
2024-11-21 11:48:05,622 - INFO - Scraping URL: https://www.equivestmetals.com/
2024-11-21 11:48:06,538 - INFO - Scraping URL: https://www.equivestmetals.com/Services
2024-11-21 11:48:06,666 - INFO - Scraping URL: https://www.equivestmetals.com/blog
2024-11-21 11:48:07,260 - INFO - Scraping URL: https://www.equivestmetals.com/post/what-could-the-next-decade-s-discoveries-look-like
2024-11-21 11:48:07,398 - INFO - Scraping URL: https://www.equivestmetals.com/post/we-assessed-500-exploration-companies-what-are-the-5-most-important-learnings
2024-11-21 11:48:07,608 - ERROR - Error analyzing text: 'technical'
2024-11-21 11:48:07,610 - ERROR - Error analyzing text: 'technical'
2024-11-21 11:48:07,613 - ERROR - Error analyzing text: 'technical'
2024-11-21 11:48:07,615 - ERROR - Error analyzing text: 'technical'
2024-11-21 11:48:07,618 - ERROR - Error analyzing text: 'technical'
2024-11-21 11:48:07,621 - ERROR - Error analyzing text: 'technical'
2024-11-21 11:48:07,624 - ERROR - Error analyzing text: 'technical'
2024-11-21 11:48:07,627 - ERROR - Error analyzing text: 'technical'
2024-11-21 11:48:07,630 - ERROR - Error analyzing text: 'technical'
2024-11-21 11:48:07,633 - ERROR - Error analyzing text: 'technical'
2024-11-21 11:48:07,636 - ERROR - Error analyzing text: 'technical'
2024-11-21 11:48:07,639 - ERROR - Error analyzing text: 'technical'
2024-11-21 11:48:07,642 - ERROR - Error analyzing text: 'technical'
2024-11-21 11:48:07,645 - ERROR - Error analyzing text: 'technical'
2024-11-21 11:48:07,648 - ERROR - Error analyzing text: 'technical'
2024-11-21 11:48:07,651 - ERROR - Error analyzing text: 'technical'
2024-11-21 11:48:07,654 - ERROR - Error analyzing text: 'technical'
2024-11-21 11:48:07,657 - ERROR - Error analyzing text: 'technical'
2024-11-21 11:48:07,660 - ERROR - Error analyzing text: 'technical'
2024-11-21 11:48:07,663 - ERROR - Error analyzing text: 'technical'
2024-11-21 11:48:07,666 - ERROR - Error analyzing text: 'technical'
2024-11-21 11:48:07,669 - ERROR - Error analyzing text: 'technical'
2024-11-21 11:48:07,672 - ERROR - Error analyzing text: 'technical'
2024-11-21 11:48:07,675 - ERROR - Error analyzing text: 'technical'
2024-11-21 11:48:07,678 - ERROR - Error analyzing text: 'technical'
2024-11-21 11:48:07,681 - ERROR - Error analyzing text: 'technical'
2024-11-21 11:48:07,684 - ERROR - Error analyzing text: 'technical'
2024-11-21 11:48:07,687 - ERROR - Error analyzing text: 'technical'
2024-11-21 11:48:07,690 - ERROR - Error analyzing text: 'technical'
2024-11-21 11:48:07,693 - ERROR - Error analyzing text: 'technical'
2024-11-21 11:48:07,696 - ERROR - Error analyzing text: 'technical'
2024-11-21 11:48:07,699 - ERROR - Error analyzing text: 'technical'
2024-11-21 11:48:07,702 - ERROR - Error analyzing text: 'technical'
2024-11-21 11:48:07,704 - ERROR - Error analyzing text: 'technical'
2024-11-21 11:48:07,708 - ERROR - Error analyzing text: 'technical'
2024-11-21 11:48:07,711 - ERROR - Error analyzing text: 'technical'
2024-11-21 11:48:07,714 - ERROR - Error analyzing text: 'technical'
2024-11-21 11:48:07,717 - ERROR - Error analyzing text: 'technical'
2024-11-21 11:48:07,719 - ERROR - Error analyzing text: 'technical'
2024-11-21 11:48:07,722 - ERROR - Error analyzing text: 'technical'
2024-11-21 11:48:07,725 - ERROR - Error analyzing text: 'technical'
2024-11-21 11:48:07,728 - ERROR - Error analyzing text: 'technical'
2024-11-21 11:48:07,731 - ERROR - Error analyzing text: 'technical'
2024-11-21 11:48:07,734 - ERROR - Error analyzing text: 'technical'
2024-11-21 11:48:07,736 - ERROR - Error analyzing text: 'technical'
2024-11-21 11:48:07,739 - ERROR - Error analyzing text: 'technical'
2024-11-21 11:48:07,742 - ERROR - Error analyzing text: 'technical'
2024-11-21 11:48:07,745 - ERROR - Error analyzing text: 'technical'
2024-11-21 11:48:07,748 - ERROR - Error analyzing text: 'technical'
2024-11-21 11:48:07,750 - ERROR - Error analyzing text: 'technical'
2024-11-21 11:48:07,753 - ERROR - Error analyzing text: 'technical'
2024-11-21 11:48:07,756 - ERROR - Error analyzing text: 'technical'
2024-11-21 11:48:07,759 - ERROR - Error analyzing text: 'technical'
2024-11-21 11:48:07,762 - ERROR - Error analyzing text: 'technical'
2024-11-21 11:48:07,765 - ERROR - Error analyzing text: 'technical'
2024-11-21 11:48:07,768 - ERROR - Error analyzing text: 'technical'
2024-11-21 11:48:07,770 - ERROR - Error analyzing text: 'technical'
2024-11-21 11:48:07,773 - ERROR - Error analyzing text: 'technical'
2024-11-21 11:48:07,776 - ERROR - Error analyzing text: 'technical'
2024-11-21 11:48:07,779 - ERROR - Error analyzing text: 'technical'
2024-11-21 11:48:07,781 - ERROR - Error analyzing text: 'technical'
2024-11-21 11:48:07,784 - ERROR - Error analyzing text: 'technical'
2024-11-21 11:48:07,787 - ERROR - Error analyzing text: 'technical'
2024-11-21 11:48:07,789 - ERROR - Error analyzing text: 'technical'
2024-11-21 11:48:07,793 - ERROR - Error analyzing text: 'technical'
2024-11-21 11:48:07,795 - ERROR - Error analyzing text: 'technical'
2024-11-21 11:48:07,798 - ERROR - Error analyzing text: 'technical'
2024-11-21 11:48:07,800 - ERROR - Error analyzing text: 'technical'
2024-11-21 11:48:07,803 - ERROR - Error analyzing text: 'technical'
2024-11-21 11:48:07,806 - ERROR - Error analyzing text: 'technical'
2024-11-21 11:48:07,809 - ERROR - Error analyzing text: 'technical'
2024-11-21 11:48:07,812 - ERROR - Error analyzing text: 'technical'
2024-11-21 11:48:07,815 - ERROR - Error analyzing text: 'technical'
2024-11-21 11:48:07,818 - ERROR - Error analyzing text: 'technical'
2024-11-21 11:48:07,821 - ERROR - Error analyzing text: 'technical'
2024-11-21 11:48:07,823 - ERROR - Error analyzing text: 'technical'
2024-11-21 11:48:07,827 - ERROR - Error analyzing text: 'technical'
2024-11-21 11:48:07,830 - ERROR - Error analyzing text: 'technical'
2024-11-21 11:48:07,833 - ERROR - Error analyzing text: 'technical'
2024-11-21 11:48:07,835 - ERROR - Error analyzing text: 'technical'
2024-11-21 11:48:07,838 - ERROR - Error analyzing text: 'technical'
2024-11-21 11:48:07,841 - ERROR - Error analyzing text: 'technical'
2024-11-21 11:48:07,844 - ERROR - Error analyzing text: 'technical'
2024-11-21 11:48:07,847 - ERROR - Error analyzing text: 'technical'
2024-11-21 11:48:07,850 - ERROR - Error analyzing text: 'technical'
2024-11-21 11:48:07,853 - ERROR - Error analyzing text: 'technical'
2024-11-21 11:48:07,855 - ERROR - Error analyzing text: 'technical'
2024-11-21 11:48:07,858 - ERROR - Error analyzing text: 'technical'
2024-11-21 11:48:07,861 - ERROR - Error analyzing text: 'technical'
2024-11-21 11:48:07,864 - ERROR - Error analyzing text: 'technical'
2024-11-21 11:48:07,866 - ERROR - Error analyzing text: 'technical'
2024-11-21 11:48:07,869 - ERROR - Error analyzing text: 'technical'
2024-11-21 11:48:07,872 - ERROR - Error analyzing text: 'technical'
2024-11-21 11:48:07,874 - ERROR - Error analyzing text: 'technical'
2024-11-21 11:48:08,539 - INFO - Exported CSV to competitor_content/analysis_20241121_114808.csv
2024-11-21 11:48:08,794 - INFO - Exported Excel report to competitor_content/analysis_20241121_114808.xlsx
2024-11-21 11:51:07,735 - INFO - Successfully loaded configuration for 8 competitors
2024-11-21 11:51:08,218 - INFO - Scraping URL: https://www.fleetspace.com/
2024-11-21 11:51:10,432 - INFO - Scraping URL: https://www.fleetspace.com/about
2024-11-21 11:51:10,649 - INFO - Scraping URL: https://www.fleetspace.com/mineral-exploration
2024-11-21 11:51:11,100 - INFO - Scraping URL: https://www.fleetspace.com/resources/ai-for-explorers-leveraging-ai-tools-optimised-for-modern-mineral-exploration
2024-11-21 11:51:11,301 - INFO - Scraping URL: https://www.fleetspace.com/resources/application-of-ant-to-iron-oxide-copper-gold-exploration-in-chile
2024-11-21 11:53:47,192 - INFO - Successfully loaded configuration for 8 competitors
2024-11-21 11:53:47,719 - INFO - Scraping URL: https://www.fleetspace.com/
2024-11-21 11:53:51,893 - INFO - Scraping URL: https://www.fleetspace.com/about
2024-11-21 11:53:52,093 - INFO - Scraping URL: https://www.fleetspace.com/mineral-exploration
2024-11-21 11:53:52,565 - INFO - Scraping URL: https://www.fleetspace.com/resources/ai-for-explorers-leveraging-ai-tools-optimised-for-modern-mineral-exploration
2024-11-21 11:53:52,831 - INFO - Scraping URL: https://www.fleetspace.com/resources/application-of-ant-to-iron-oxide-copper-gold-exploration-in-chile
2024-11-21 11:53:53,017 - INFO - Scraping URL: https://www.fleetspace.com/resources/accelerating-copper-discovery-in-chile-with-power-nickel
2024-11-21 11:53:53,287 - ERROR - Error analyzing text: name 'calculate_sentiment' is not defined
2024-11-21 11:53:53,288 - ERROR - Error analyzing text: name 'calculate_sentiment' is not defined
2024-11-21 11:53:53,288 - ERROR - Error analyzing text: name 'calculate_sentiment' is not defined
2024-11-21 11:53:53,288 - ERROR - Error analyzing text: name 'calculate_sentiment' is not defined
2024-11-21 11:53:53,288 - ERROR - Error analyzing text: name 'calculate_sentiment' is not defined
2024-11-21 11:53:53,289 - ERROR - Error analyzing text: name 'calculate_sentiment' is not defined
2024-11-21 11:53:53,289 - ERROR - Error analyzing text: name 'calculate_sentiment' is not defined
2024-11-21 11:53:53,289 - ERROR - Error analyzing text: name 'calculate_sentiment' is not defined
2024-11-21 11:53:53,289 - ERROR - Error analyzing text: name 'calculate_sentiment' is not defined
2024-11-21 11:53:53,290 - ERROR - Error analyzing text: name 'calculate_sentiment' is not defined
2024-11-21 11:53:53,290 - ERROR - Error analyzing text: name 'calculate_sentiment' is not defined
2024-11-21 11:53:53,290 - ERROR - Error analyzing text: name 'calculate_sentiment' is not defined
2024-11-21 11:53:53,290 - ERROR - Error analyzing text: name 'calculate_sentiment' is not defined
2024-11-21 11:53:53,290 - ERROR - Error analyzing text: name 'calculate_sentiment' is not defined
2024-11-21 11:53:53,291 - ERROR - Error analyzing text: name 'calculate_sentiment' is not defined
2024-11-21 11:53:53,291 - ERROR - Error analyzing text: name 'calculate_sentiment' is not defined
2024-11-21 11:53:53,291 - ERROR - Error analyzing text: name 'calculate_sentiment' is not defined
2024-11-21 11:53:53,291 - ERROR - Error analyzing text: name 'calculate_sentiment' is not defined
2024-11-21 11:53:53,291 - ERROR - Error analyzing text: name 'calculate_sentiment' is not defined
2024-11-21 11:53:53,291 - ERROR - Error analyzing text: name 'calculate_sentiment' is not defined
2024-11-21 11:53:53,292 - ERROR - Error analyzing text: name 'calculate_sentiment' is not defined
2024-11-21 11:53:53,292 - ERROR - Error analyzing text: name 'calculate_sentiment' is not defined
2024-11-21 11:53:53,292 - ERROR - Error analyzing text: name 'calculate_sentiment' is not defined
2024-11-21 11:53:53,292 - ERROR - Error analyzing text: name 'calculate_sentiment' is not defined
2024-11-21 11:53:53,292 - ERROR - Error analyzing text: name 'calculate_sentiment' is not defined
2024-11-21 11:53:53,292 - ERROR - Error analyzing text: name 'calculate_sentiment' is not defined
2024-11-21 11:53:53,292 - ERROR - Error analyzing text: name 'calculate_sentiment' is not defined
2024-11-21 11:53:53,293 - ERROR - Error analyzing text: name 'calculate_sentiment' is not defined
2024-11-21 11:53:53,293 - ERROR - Error analyzing text: name 'calculate_sentiment' is not defined
2024-11-21 11:53:53,293 - ERROR - Error analyzing text: name 'calculate_sentiment' is not defined
2024-11-21 11:53:53,293 - ERROR - Error analyzing text: name 'calculate_sentiment' is not defined
2024-11-21 11:53:53,293 - ERROR - Error analyzing text: name 'calculate_sentiment' is not defined
2024-11-21 11:53:53,293 - ERROR - Error analyzing text: name 'calculate_sentiment' is not defined
2024-11-21 11:53:53,293 - ERROR - Error analyzing text: name 'calculate_sentiment' is not defined
2024-11-21 11:53:53,294 - ERROR - Error analyzing text: name 'calculate_sentiment' is not defined
2024-11-21 11:53:53,294 - ERROR - Error analyzing text: name 'calculate_sentiment' is not defined
2024-11-21 11:53:53,294 - ERROR - Error analyzing text: name 'calculate_sentiment' is not defined
2024-11-21 11:53:53,294 - ERROR - Error analyzing text: name 'calculate_sentiment' is not defined
2024-11-21 11:53:53,294 - ERROR - Error analyzing text: name 'calculate_sentiment' is not defined
2024-11-21 11:53:53,294 - ERROR - Error analyzing text: name 'calculate_sentiment' is not defined
2024-11-21 11:53:53,295 - ERROR - Error analyzing text: name 'calculate_sentiment' is not defined
2024-11-21 11:53:53,295 - ERROR - Error analyzing text: name 'calculate_sentiment' is not defined
2024-11-21 11:53:53,295 - ERROR - Error analyzing text: name 'calculate_sentiment' is not defined
2024-11-21 11:53:53,295 - ERROR - Error analyzing text: name 'calculate_sentiment' is not defined
2024-11-21 11:53:53,295 - ERROR - Error analyzing text: name 'calculate_sentiment' is not defined
2024-11-21 11:53:53,295 - ERROR - Error analyzing text: name 'calculate_sentiment' is not defined
2024-11-21 11:53:53,296 - ERROR - Error analyzing text: name 'calculate_sentiment' is not defined
2024-11-21 11:53:53,296 - ERROR - Error analyzing text: name 'calculate_sentiment' is not defined
2024-11-21 11:53:53,296 - ERROR - Error analyzing text: name 'calculate_sentiment' is not defined
2024-11-21 11:53:53,296 - ERROR - Error analyzing text: name 'calculate_sentiment' is not defined
2024-11-21 11:53:53,296 - ERROR - Error analyzing text: name 'calculate_sentiment' is not defined
2024-11-21 11:53:53,296 - ERROR - Error analyzing text: name 'calculate_sentiment' is not defined
2024-11-21 11:53:53,296 - ERROR - Error analyzing text: name 'calculate_sentiment' is not defined
2024-11-21 11:53:53,297 - ERROR - Error analyzing text: name 'calculate_sentiment' is not defined
2024-11-21 11:53:53,297 - ERROR - Error analyzing text: name 'calculate_sentiment' is not defined
2024-11-21 11:53:53,297 - ERROR - Error analyzing text: name 'calculate_sentiment' is not defined
2024-11-21 11:53:53,297 - ERROR - Error analyzing text: name 'calculate_sentiment' is not defined
2024-11-21 11:53:53,297 - ERROR - Error analyzing text: name 'calculate_sentiment' is not defined
2024-11-21 11:53:53,297 - ERROR - Error analyzing text: name 'calculate_sentiment' is not defined
2024-11-21 11:53:53,298 - ERROR - Error analyzing text: name 'calculate_sentiment' is not defined
2024-11-21 11:53:53,298 - ERROR - Error analyzing text: name 'calculate_sentiment' is not defined
2024-11-21 11:53:53,298 - ERROR - Error analyzing text: name 'calculate_sentiment' is not defined
2024-11-21 11:53:53,298 - ERROR - Error analyzing text: name 'calculate_sentiment' is not defined
2024-11-21 11:53:53,298 - ERROR - Error analyzing text: name 'calculate_sentiment' is not defined
2024-11-21 11:53:53,298 - ERROR - Error analyzing text: name 'calculate_sentiment' is not defined
2024-11-21 11:53:53,298 - ERROR - Error analyzing text: name 'calculate_sentiment' is not defined
2024-11-21 11:53:53,299 - ERROR - Error analyzing text: name 'calculate_sentiment' is not defined
2024-11-21 11:53:53,299 - ERROR - Error analyzing text: name 'calculate_sentiment' is not defined
2024-11-21 11:53:53,299 - ERROR - Error analyzing text: name 'calculate_sentiment' is not defined
2024-11-21 11:53:53,300 - ERROR - Error analyzing text: name 'calculate_sentiment' is not defined
2024-11-21 11:53:53,300 - ERROR - Error analyzing text: name 'calculate_sentiment' is not defined
2024-11-21 11:53:53,300 - ERROR - Error analyzing text: name 'calculate_sentiment' is not defined
2024-11-21 11:53:53,300 - ERROR - Error analyzing text: name 'calculate_sentiment' is not defined
2024-11-21 11:53:53,300 - ERROR - Error analyzing text: name 'calculate_sentiment' is not defined
2024-11-21 11:53:53,300 - ERROR - Error analyzing text: name 'calculate_sentiment' is not defined
2024-11-21 11:53:53,301 - ERROR - Error analyzing text: name 'calculate_sentiment' is not defined
2024-11-21 11:53:53,301 - ERROR - Error analyzing text: name 'calculate_sentiment' is not defined
2024-11-21 11:53:53,301 - ERROR - Error analyzing text: name 'calculate_sentiment' is not defined
2024-11-21 11:53:53,302 - ERROR - Error analyzing text: name 'calculate_sentiment' is not defined
2024-11-21 11:53:53,302 - ERROR - Error analyzing text: name 'calculate_sentiment' is not defined
2024-11-21 11:53:53,302 - ERROR - Error analyzing text: name 'calculate_sentiment' is not defined
2024-11-21 11:53:53,302 - ERROR - Error analyzing text: name 'calculate_sentiment' is not defined
2024-11-21 11:53:53,302 - ERROR - Error analyzing text: name 'calculate_sentiment' is not defined
2024-11-21 11:53:53,302 - ERROR - Error analyzing text: name 'calculate_sentiment' is not defined
2024-11-21 11:53:53,303 - ERROR - Error analyzing text: name 'calculate_sentiment' is not defined
2024-11-21 11:53:53,303 - ERROR - Error analyzing text: name 'calculate_sentiment' is not defined
2024-11-21 11:53:53,303 - ERROR - Error analyzing text: name 'calculate_sentiment' is not defined
2024-11-21 11:53:53,303 - ERROR - Error analyzing text: name 'calculate_sentiment' is not defined
2024-11-21 11:53:53,303 - ERROR - Error analyzing text: name 'calculate_sentiment' is not defined
2024-11-21 11:53:53,304 - ERROR - Error analyzing text: name 'calculate_sentiment' is not defined
2024-11-21 11:53:53,304 - ERROR - Error analyzing text: name 'calculate_sentiment' is not defined
2024-11-21 11:53:53,304 - ERROR - Error analyzing text: name 'calculate_sentiment' is not defined
2024-11-21 11:53:53,304 - ERROR - Error analyzing text: name 'calculate_sentiment' is not defined
2024-11-21 11:53:53,304 - ERROR - Error analyzing text: name 'calculate_sentiment' is not defined
2024-11-21 11:53:53,305 - ERROR - Error analyzing text: name 'calculate_sentiment' is not defined
2024-11-21 11:53:53,305 - ERROR - Error analyzing text: name 'calculate_sentiment' is not defined
2024-11-21 11:53:53,305 - ERROR - Error analyzing text: name 'calculate_sentiment' is not defined
2024-11-21 11:53:53,305 - ERROR - Error analyzing text: name 'calculate_sentiment' is not defined
2024-11-21 11:53:53,305 - ERROR - Error analyzing text: name 'calculate_sentiment' is not defined
2024-11-21 11:53:53,306 - ERROR - Error analyzing text: name 'calculate_sentiment' is not defined
2024-11-21 11:53:53,306 - ERROR - Error analyzing text: name 'calculate_sentiment' is not defined
2024-11-21 11:53:53,306 - ERROR - Error analyzing text: name 'calculate_sentiment' is not defined
2024-11-21 11:53:53,306 - ERROR - Error analyzing text: name 'calculate_sentiment' is not defined
2024-11-21 11:53:53,306 - ERROR - Error analyzing text: name 'calculate_sentiment' is not defined
2024-11-21 11:53:53,306 - ERROR - Error analyzing text: name 'calculate_sentiment' is not defined
2024-11-21 11:53:53,307 - ERROR - Error analyzing text: name 'calculate_sentiment' is not defined
2024-11-21 11:53:53,307 - ERROR - Error analyzing text: name 'calculate_sentiment' is not defined
2024-11-21 11:53:53,307 - ERROR - Error analyzing text: name 'calculate_sentiment' is not defined
2024-11-21 11:53:53,307 - ERROR - Error analyzing text: name 'calculate_sentiment' is not defined
2024-11-21 11:53:53,307 - ERROR - Error analyzing text: name 'calculate_sentiment' is not defined
2024-11-21 11:53:53,307 - ERROR - Error analyzing text: name 'calculate_sentiment' is not defined
2024-11-21 11:53:53,308 - ERROR - Error analyzing text: name 'calculate_sentiment' is not defined
2024-11-21 11:53:53,308 - ERROR - Error analyzing text: name 'calculate_sentiment' is not defined
2024-11-21 11:53:53,308 - ERROR - Error analyzing text: name 'calculate_sentiment' is not defined
2024-11-21 11:53:53,308 - ERROR - Error analyzing text: name 'calculate_sentiment' is not defined
2024-11-21 11:53:53,308 - ERROR - Error analyzing text: name 'calculate_sentiment' is not defined
2024-11-21 11:53:53,308 - ERROR - Error analyzing text: name 'calculate_sentiment' is not defined
2024-11-21 11:53:53,309 - ERROR - Error analyzing text: name 'calculate_sentiment' is not defined
2024-11-21 11:53:53,309 - ERROR - Error analyzing text: name 'calculate_sentiment' is not defined
2024-11-21 11:53:53,309 - ERROR - Error analyzing text: name 'calculate_sentiment' is not defined
2024-11-21 11:53:53,309 - ERROR - Error analyzing text: name 'calculate_sentiment' is not defined
2024-11-21 11:53:53,309 - ERROR - Error analyzing text: name 'calculate_sentiment' is not defined
2024-11-21 11:53:53,309 - ERROR - Error analyzing text: name 'calculate_sentiment' is not defined
2024-11-21 11:53:53,310 - ERROR - Error analyzing text: name 'calculate_sentiment' is not defined
2024-11-21 11:53:53,310 - ERROR - Error analyzing text: name 'calculate_sentiment' is not defined
2024-11-21 11:53:53,310 - ERROR - Error analyzing text: name 'calculate_sentiment' is not defined
2024-11-21 11:53:53,310 - ERROR - Error analyzing text: name 'calculate_sentiment' is not defined
2024-11-21 11:53:53,310 - ERROR - Error analyzing text: name 'calculate_sentiment' is not defined
2024-11-21 11:53:53,310 - ERROR - Error analyzing text: name 'calculate_sentiment' is not defined
2024-11-21 11:53:53,311 - ERROR - Error analyzing text: name 'calculate_sentiment' is not defined
2024-11-21 11:53:53,311 - ERROR - Error analyzing text: name 'calculate_sentiment' is not defined
2024-11-21 11:53:53,311 - ERROR - Error analyzing text: name 'calculate_sentiment' is not defined
2024-11-21 11:53:53,311 - ERROR - Error analyzing text: name 'calculate_sentiment' is not defined
2024-11-21 11:53:53,311 - ERROR - Error analyzing text: name 'calculate_sentiment' is not defined
2024-11-21 11:53:53,311 - ERROR - Error analyzing text: name 'calculate_sentiment' is not defined
2024-11-21 11:53:53,312 - ERROR - Error analyzing text: name 'calculate_sentiment' is not defined
2024-11-21 11:53:53,312 - ERROR - Error analyzing text: name 'calculate_sentiment' is not defined
2024-11-21 11:53:53,312 - ERROR - Error analyzing text: name 'calculate_sentiment' is not defined
2024-11-21 11:53:53,312 - ERROR - Error analyzing text: name 'calculate_sentiment' is not defined
2024-11-21 11:53:53,312 - ERROR - Error analyzing text: name 'calculate_sentiment' is not defined
2024-11-21 11:53:53,312 - ERROR - Error analyzing text: name 'calculate_sentiment' is not defined
2024-11-21 11:53:53,313 - ERROR - Error analyzing text: name 'calculate_sentiment' is not defined
2024-11-21 11:53:53,313 - ERROR - Error analyzing text: name 'calculate_sentiment' is not defined
2024-11-21 11:53:53,313 - ERROR - Error analyzing text: name 'calculate_sentiment' is not defined
2024-11-21 11:53:53,313 - ERROR - Error analyzing text: name 'calculate_sentiment' is not defined
2024-11-21 11:53:53,313 - ERROR - Error analyzing text: name 'calculate_sentiment' is not defined
2024-11-21 11:53:53,313 - ERROR - Error analyzing text: name 'calculate_sentiment' is not defined
2024-11-21 11:53:53,314 - ERROR - Error analyzing text: name 'calculate_sentiment' is not defined
2024-11-21 11:53:53,314 - ERROR - Error analyzing text: name 'calculate_sentiment' is not defined
2024-11-21 11:53:53,314 - ERROR - Error analyzing text: name 'calculate_sentiment' is not defined
2024-11-21 11:53:53,314 - ERROR - Error analyzing text: name 'calculate_sentiment' is not defined
2024-11-21 11:53:53,314 - ERROR - Error analyzing text: name 'calculate_sentiment' is not defined
2024-11-21 11:53:53,315 - ERROR - Error analyzing text: name 'calculate_sentiment' is not defined
2024-11-21 11:53:53,315 - ERROR - Error analyzing text: name 'calculate_sentiment' is not defined
2024-11-21 11:53:53,315 - ERROR - Error analyzing text: name 'calculate_sentiment' is not defined
2024-11-21 11:53:53,315 - ERROR - Error analyzing text: name 'calculate_sentiment' is not defined
2024-11-21 11:53:53,315 - ERROR - Error analyzing text: name 'calculate_sentiment' is not defined
2024-11-21 11:53:53,316 - ERROR - Error analyzing text: name 'calculate_sentiment' is not defined
2024-11-21 11:53:53,316 - ERROR - Error analyzing text: name 'calculate_sentiment' is not defined
2024-11-21 11:53:53,316 - ERROR - Error analyzing text: name 'calculate_sentiment' is not defined
2024-11-21 11:53:53,316 - ERROR - Error analyzing text: name 'calculate_sentiment' is not defined
2024-11-21 11:53:53,317 - ERROR - Error analyzing text: name 'calculate_sentiment' is not defined
2024-11-21 11:53:53,317 - ERROR - Error analyzing text: name 'calculate_sentiment' is not defined
2024-11-21 11:53:53,317 - ERROR - Error analyzing text: name 'calculate_sentiment' is not defined
2024-11-21 11:53:53,317 - ERROR - Error analyzing text: name 'calculate_sentiment' is not defined
2024-11-21 11:53:53,736 - INFO - Scraping URL: https://mineflow.ai/
2024-11-21 11:53:55,309 - INFO - Scraping URL: https://mineflow.ai/about
2024-11-21 11:53:55,629 - INFO - Scraping URL: https://mineflow.ai/docs
2024-11-21 11:54:11,760 - INFO - Scraping URL: https://mineflow.ai/pricing
2024-11-21 11:54:12,031 - ERROR - Error analyzing text: name 'calculate_sentiment' is not defined
2024-11-21 11:54:12,031 - ERROR - Error analyzing text: name 'calculate_sentiment' is not defined
2024-11-21 11:54:12,032 - ERROR - Error analyzing text: name 'calculate_sentiment' is not defined
2024-11-21 11:54:12,032 - ERROR - Error analyzing text: name 'calculate_sentiment' is not defined
2024-11-21 11:54:12,032 - ERROR - Error analyzing text: name 'calculate_sentiment' is not defined
2024-11-21 11:54:12,032 - ERROR - Error analyzing text: name 'calculate_sentiment' is not defined
2024-11-21 11:54:12,033 - ERROR - Error analyzing text: name 'calculate_sentiment' is not defined
2024-11-21 11:54:12,033 - ERROR - Error analyzing text: name 'calculate_sentiment' is not defined
2024-11-21 11:54:12,033 - ERROR - Error analyzing text: name 'calculate_sentiment' is not defined
2024-11-21 11:54:12,033 - ERROR - Error analyzing text: name 'calculate_sentiment' is not defined
2024-11-21 11:54:12,033 - ERROR - Error analyzing text: name 'calculate_sentiment' is not defined
2024-11-21 11:54:12,034 - ERROR - Error analyzing text: name 'calculate_sentiment' is not defined
2024-11-21 11:54:12,034 - ERROR - Error analyzing text: name 'calculate_sentiment' is not defined
2024-11-21 11:54:12,034 - ERROR - Error analyzing text: name 'calculate_sentiment' is not defined
2024-11-21 11:54:12,034 - ERROR - Error analyzing text: name 'calculate_sentiment' is not defined
2024-11-21 11:54:12,035 - ERROR - Error analyzing text: name 'calculate_sentiment' is not defined
2024-11-21 11:54:12,035 - ERROR - Error analyzing text: name 'calculate_sentiment' is not defined
2024-11-21 11:54:12,035 - ERROR - Error analyzing text: name 'calculate_sentiment' is not defined
2024-11-21 11:54:12,035 - ERROR - Error analyzing text: name 'calculate_sentiment' is not defined
2024-11-21 11:54:12,035 - ERROR - Error analyzing text: name 'calculate_sentiment' is not defined
2024-11-21 11:54:12,036 - ERROR - Error analyzing text: name 'calculate_sentiment' is not defined
2024-11-21 11:54:12,036 - ERROR - Error analyzing text: name 'calculate_sentiment' is not defined
2024-11-21 11:54:12,036 - ERROR - Error analyzing text: name 'calculate_sentiment' is not defined
2024-11-21 11:54:12,036 - ERROR - Error analyzing text: name 'calculate_sentiment' is not defined
2024-11-21 11:54:12,036 - ERROR - Error analyzing text: name 'calculate_sentiment' is not defined
2024-11-21 11:54:12,037 - ERROR - Error analyzing text: name 'calculate_sentiment' is not defined
2024-11-21 11:54:12,037 - ERROR - Error analyzing text: name 'calculate_sentiment' is not defined
2024-11-21 11:54:12,037 - ERROR - Error analyzing text: name 'calculate_sentiment' is not defined
2024-11-21 11:54:12,037 - ERROR - Error analyzing text: name 'calculate_sentiment' is not defined
2024-11-21 11:54:12,037 - ERROR - Error analyzing text: name 'calculate_sentiment' is not defined
2024-11-21 11:54:12,037 - ERROR - Error analyzing text: name 'calculate_sentiment' is not defined
2024-11-21 11:54:12,037 - ERROR - Error analyzing text: name 'calculate_sentiment' is not defined
2024-11-21 11:54:12,038 - ERROR - Error analyzing text: name 'calculate_sentiment' is not defined
2024-11-21 11:54:12,038 - ERROR - Error analyzing text: name 'calculate_sentiment' is not defined
2024-11-21 11:54:12,038 - ERROR - Error analyzing text: name 'calculate_sentiment' is not defined
2024-11-21 11:54:12,038 - ERROR - Error analyzing text: name 'calculate_sentiment' is not defined
2024-11-21 11:54:12,038 - ERROR - Error analyzing text: name 'calculate_sentiment' is not defined
2024-11-21 11:54:12,038 - ERROR - Error analyzing text: name 'calculate_sentiment' is not defined
2024-11-21 11:54:12,039 - ERROR - Error analyzing text: name 'calculate_sentiment' is not defined
2024-11-21 11:54:12,039 - ERROR - Error analyzing text: name 'calculate_sentiment' is not defined
2024-11-21 11:54:12,039 - ERROR - Error analyzing text: name 'calculate_sentiment' is not defined
2024-11-21 11:54:12,039 - ERROR - Error analyzing text: name 'calculate_sentiment' is not defined
2024-11-21 11:54:12,039 - ERROR - Error analyzing text: name 'calculate_sentiment' is not defined
2024-11-21 11:54:12,039 - ERROR - Error analyzing text: name 'calculate_sentiment' is not defined
2024-11-21 11:54:12,039 - ERROR - Error analyzing text: name 'calculate_sentiment' is not defined
2024-11-21 11:54:12,040 - ERROR - Error analyzing text: name 'calculate_sentiment' is not defined
2024-11-21 11:54:12,040 - ERROR - Error analyzing text: name 'calculate_sentiment' is not defined
2024-11-21 11:54:12,040 - ERROR - Error analyzing text: name 'calculate_sentiment' is not defined
2024-11-21 11:54:12,040 - ERROR - Error analyzing text: name 'calculate_sentiment' is not defined
2024-11-21 11:54:12,040 - ERROR - Error analyzing text: name 'calculate_sentiment' is not defined
2024-11-21 11:54:12,040 - ERROR - Error analyzing text: name 'calculate_sentiment' is not defined
2024-11-21 11:54:12,041 - ERROR - Error analyzing text: name 'calculate_sentiment' is not defined
2024-11-21 11:54:12,041 - ERROR - Error analyzing text: name 'calculate_sentiment' is not defined
2024-11-21 11:54:12,041 - ERROR - Error analyzing text: name 'calculate_sentiment' is not defined
2024-11-21 11:54:12,041 - ERROR - Error analyzing text: name 'calculate_sentiment' is not defined
2024-11-21 11:54:12,041 - ERROR - Error analyzing text: name 'calculate_sentiment' is not defined
2024-11-21 11:54:12,041 - ERROR - Error analyzing text: name 'calculate_sentiment' is not defined
2024-11-21 11:54:12,042 - ERROR - Error analyzing text: name 'calculate_sentiment' is not defined
2024-11-21 11:54:12,042 - ERROR - Error analyzing text: name 'calculate_sentiment' is not defined
2024-11-21 11:54:12,042 - ERROR - Error analyzing text: name 'calculate_sentiment' is not defined
2024-11-21 11:54:12,042 - ERROR - Error analyzing text: name 'calculate_sentiment' is not defined
2024-11-21 11:54:12,042 - ERROR - Error analyzing text: name 'calculate_sentiment' is not defined
2024-11-21 11:54:12,042 - ERROR - Error analyzing text: name 'calculate_sentiment' is not defined
2024-11-21 11:54:12,043 - ERROR - Error analyzing text: name 'calculate_sentiment' is not defined
2024-11-21 11:54:12,043 - ERROR - Error analyzing text: name 'calculate_sentiment' is not defined
2024-11-21 11:54:12,043 - ERROR - Error analyzing text: name 'calculate_sentiment' is not defined
2024-11-21 11:54:12,043 - ERROR - Error analyzing text: name 'calculate_sentiment' is not defined
2024-11-21 11:54:12,043 - ERROR - Error analyzing text: name 'calculate_sentiment' is not defined
2024-11-21 11:54:12,043 - ERROR - Error analyzing text: name 'calculate_sentiment' is not defined
2024-11-21 11:54:12,044 - ERROR - Error analyzing text: name 'calculate_sentiment' is not defined
2024-11-21 11:54:12,044 - ERROR - Error analyzing text: name 'calculate_sentiment' is not defined
2024-11-21 11:54:12,044 - ERROR - Error analyzing text: name 'calculate_sentiment' is not defined
2024-11-21 11:54:12,045 - ERROR - Error analyzing text: name 'calculate_sentiment' is not defined
2024-11-21 11:54:12,045 - ERROR - Error analyzing text: name 'calculate_sentiment' is not defined
2024-11-21 11:54:12,045 - ERROR - Error analyzing text: name 'calculate_sentiment' is not defined
2024-11-21 11:54:12,045 - ERROR - Error analyzing text: name 'calculate_sentiment' is not defined
2024-11-21 11:54:12,045 - ERROR - Error analyzing text: name 'calculate_sentiment' is not defined
2024-11-21 11:54:12,046 - ERROR - Error analyzing text: name 'calculate_sentiment' is not defined
2024-11-21 11:54:12,046 - ERROR - Error analyzing text: name 'calculate_sentiment' is not defined
2024-11-21 11:54:12,458 - INFO - Scraping URL: https://www.koboldmetals.com/
2024-11-21 11:54:14,615 - INFO - Scraping URL: https://www.koboldmetals.com/partnership
2024-11-21 11:54:14,749 - INFO - Scraping URL: https://www.koboldmetals.com/news
2024-11-21 11:54:14,848 - INFO - Scraping URL: https://www.koboldmetals.com/ethics
2024-11-21 11:54:15,060 - ERROR - Error analyzing text: name 'calculate_sentiment' is not defined
2024-11-21 11:54:15,060 - ERROR - Error analyzing text: name 'calculate_sentiment' is not defined
2024-11-21 11:54:15,060 - ERROR - Error analyzing text: name 'calculate_sentiment' is not defined
2024-11-21 11:54:15,061 - ERROR - Error analyzing text: name 'calculate_sentiment' is not defined
2024-11-21 11:54:15,061 - ERROR - Error analyzing text: name 'calculate_sentiment' is not defined
2024-11-21 11:54:15,061 - ERROR - Error analyzing text: name 'calculate_sentiment' is not defined
2024-11-21 11:54:15,061 - ERROR - Error analyzing text: name 'calculate_sentiment' is not defined
2024-11-21 11:54:15,062 - ERROR - Error analyzing text: name 'calculate_sentiment' is not defined
2024-11-21 11:54:15,062 - ERROR - Error analyzing text: name 'calculate_sentiment' is not defined
2024-11-21 11:54:15,062 - ERROR - Error analyzing text: name 'calculate_sentiment' is not defined
2024-11-21 11:54:15,062 - ERROR - Error analyzing text: name 'calculate_sentiment' is not defined
2024-11-21 11:54:15,062 - ERROR - Error analyzing text: name 'calculate_sentiment' is not defined
2024-11-21 11:54:15,063 - ERROR - Error analyzing text: name 'calculate_sentiment' is not defined
2024-11-21 11:54:15,063 - ERROR - Error analyzing text: name 'calculate_sentiment' is not defined
2024-11-21 11:54:15,063 - ERROR - Error analyzing text: name 'calculate_sentiment' is not defined
2024-11-21 11:54:15,063 - ERROR - Error analyzing text: name 'calculate_sentiment' is not defined
2024-11-21 11:54:15,063 - ERROR - Error analyzing text: name 'calculate_sentiment' is not defined
2024-11-21 11:54:15,064 - ERROR - Error analyzing text: name 'calculate_sentiment' is not defined
2024-11-21 11:54:15,064 - ERROR - Error analyzing text: name 'calculate_sentiment' is not defined
2024-11-21 11:54:15,064 - ERROR - Error analyzing text: name 'calculate_sentiment' is not defined
2024-11-21 11:54:15,064 - ERROR - Error analyzing text: name 'calculate_sentiment' is not defined
2024-11-21 11:54:15,064 - ERROR - Error analyzing text: name 'calculate_sentiment' is not defined
2024-11-21 11:54:15,064 - ERROR - Error analyzing text: name 'calculate_sentiment' is not defined
2024-11-21 11:54:15,065 - ERROR - Error analyzing text: name 'calculate_sentiment' is not defined
2024-11-21 11:54:15,065 - ERROR - Error analyzing text: name 'calculate_sentiment' is not defined
2024-11-21 11:54:15,065 - ERROR - Error analyzing text: name 'calculate_sentiment' is not defined
2024-11-21 11:54:15,065 - ERROR - Error analyzing text: name 'calculate_sentiment' is not defined
2024-11-21 11:54:15,065 - ERROR - Error analyzing text: name 'calculate_sentiment' is not defined
2024-11-21 11:54:15,065 - ERROR - Error analyzing text: name 'calculate_sentiment' is not defined
2024-11-21 11:54:15,065 - ERROR - Error analyzing text: name 'calculate_sentiment' is not defined
2024-11-21 11:54:15,066 - ERROR - Error analyzing text: name 'calculate_sentiment' is not defined
2024-11-21 11:54:15,066 - ERROR - Error analyzing text: name 'calculate_sentiment' is not defined
2024-11-21 11:54:15,066 - ERROR - Error analyzing text: name 'calculate_sentiment' is not defined
2024-11-21 11:54:15,066 - ERROR - Error analyzing text: name 'calculate_sentiment' is not defined
2024-11-21 11:54:15,066 - ERROR - Error analyzing text: name 'calculate_sentiment' is not defined
2024-11-21 11:54:15,066 - ERROR - Error analyzing text: name 'calculate_sentiment' is not defined
2024-11-21 11:54:15,067 - ERROR - Error analyzing text: name 'calculate_sentiment' is not defined
2024-11-21 11:54:15,067 - ERROR - Error analyzing text: name 'calculate_sentiment' is not defined
2024-11-21 11:54:15,067 - ERROR - Error analyzing text: name 'calculate_sentiment' is not defined
2024-11-21 11:54:15,067 - ERROR - Error analyzing text: name 'calculate_sentiment' is not defined
2024-11-21 11:54:15,067 - ERROR - Error analyzing text: name 'calculate_sentiment' is not defined
2024-11-21 11:54:15,067 - ERROR - Error analyzing text: name 'calculate_sentiment' is not defined
2024-11-21 11:54:15,068 - ERROR - Error analyzing text: name 'calculate_sentiment' is not defined
2024-11-21 11:54:15,068 - ERROR - Error analyzing text: name 'calculate_sentiment' is not defined
2024-11-21 11:54:15,068 - ERROR - Error analyzing text: name 'calculate_sentiment' is not defined
2024-11-21 11:54:15,068 - ERROR - Error analyzing text: name 'calculate_sentiment' is not defined
2024-11-21 11:54:15,068 - ERROR - Error analyzing text: name 'calculate_sentiment' is not defined
2024-11-21 11:54:15,068 - ERROR - Error analyzing text: name 'calculate_sentiment' is not defined
2024-11-21 11:54:15,069 - ERROR - Error analyzing text: name 'calculate_sentiment' is not defined
2024-11-21 11:54:15,069 - ERROR - Error analyzing text: name 'calculate_sentiment' is not defined
2024-11-21 11:54:15,069 - ERROR - Error analyzing text: name 'calculate_sentiment' is not defined
2024-11-21 11:54:15,069 - ERROR - Error analyzing text: name 'calculate_sentiment' is not defined
2024-11-21 11:54:15,069 - ERROR - Error analyzing text: name 'calculate_sentiment' is not defined
2024-11-21 11:54:15,069 - ERROR - Error analyzing text: name 'calculate_sentiment' is not defined
2024-11-21 11:54:15,069 - ERROR - Error analyzing text: name 'calculate_sentiment' is not defined
2024-11-21 11:54:15,070 - ERROR - Error analyzing text: name 'calculate_sentiment' is not defined
2024-11-21 11:54:15,070 - ERROR - Error analyzing text: name 'calculate_sentiment' is not defined
2024-11-21 11:54:15,070 - ERROR - Error analyzing text: name 'calculate_sentiment' is not defined
2024-11-21 11:54:15,070 - ERROR - Error analyzing text: name 'calculate_sentiment' is not defined
2024-11-21 11:54:15,070 - ERROR - Error analyzing text: name 'calculate_sentiment' is not defined
2024-11-21 11:54:15,070 - ERROR - Error analyzing text: name 'calculate_sentiment' is not defined
2024-11-21 11:54:15,071 - ERROR - Error analyzing text: name 'calculate_sentiment' is not defined
2024-11-21 11:54:15,071 - ERROR - Error analyzing text: name 'calculate_sentiment' is not defined
2024-11-21 11:54:15,071 - ERROR - Error analyzing text: name 'calculate_sentiment' is not defined
2024-11-21 11:54:15,071 - ERROR - Error analyzing text: name 'calculate_sentiment' is not defined
2024-11-21 11:54:15,071 - ERROR - Error analyzing text: name 'calculate_sentiment' is not defined
2024-11-21 11:54:15,071 - ERROR - Error analyzing text: name 'calculate_sentiment' is not defined
2024-11-21 11:54:15,072 - ERROR - Error analyzing text: name 'calculate_sentiment' is not defined
2024-11-21 11:54:15,072 - ERROR - Error analyzing text: name 'calculate_sentiment' is not defined
2024-11-21 11:54:15,072 - ERROR - Error analyzing text: name 'calculate_sentiment' is not defined
2024-11-21 11:54:15,072 - ERROR - Error analyzing text: name 'calculate_sentiment' is not defined
2024-11-21 11:54:15,073 - ERROR - Error analyzing text: name 'calculate_sentiment' is not defined
2024-11-21 11:54:15,073 - ERROR - Error analyzing text: name 'calculate_sentiment' is not defined
2024-11-21 11:54:15,073 - ERROR - Error analyzing text: name 'calculate_sentiment' is not defined
2024-11-21 11:54:15,073 - ERROR - Error analyzing text: name 'calculate_sentiment' is not defined
2024-11-21 11:54:15,073 - ERROR - Error analyzing text: name 'calculate_sentiment' is not defined
2024-11-21 11:54:15,073 - ERROR - Error analyzing text: name 'calculate_sentiment' is not defined
2024-11-21 11:54:15,073 - ERROR - Error analyzing text: name 'calculate_sentiment' is not defined
2024-11-21 11:54:15,074 - ERROR - Error analyzing text: name 'calculate_sentiment' is not defined
2024-11-21 11:54:15,074 - ERROR - Error analyzing text: name 'calculate_sentiment' is not defined
2024-11-21 11:54:15,074 - ERROR - Error analyzing text: name 'calculate_sentiment' is not defined
2024-11-21 11:54:15,074 - ERROR - Error analyzing text: name 'calculate_sentiment' is not defined
2024-11-21 11:54:15,074 - ERROR - Error analyzing text: name 'calculate_sentiment' is not defined
2024-11-21 11:54:15,074 - ERROR - Error analyzing text: name 'calculate_sentiment' is not defined
2024-11-21 11:54:15,075 - ERROR - Error analyzing text: name 'calculate_sentiment' is not defined
2024-11-21 11:54:15,075 - ERROR - Error analyzing text: name 'calculate_sentiment' is not defined
2024-11-21 11:54:15,075 - ERROR - Error analyzing text: name 'calculate_sentiment' is not defined
2024-11-21 11:54:15,075 - ERROR - Error analyzing text: name 'calculate_sentiment' is not defined
2024-11-21 11:54:15,075 - ERROR - Error analyzing text: name 'calculate_sentiment' is not defined
2024-11-21 11:54:15,075 - ERROR - Error analyzing text: name 'calculate_sentiment' is not defined
2024-11-21 11:54:15,076 - ERROR - Error analyzing text: name 'calculate_sentiment' is not defined
2024-11-21 11:54:15,076 - ERROR - Error analyzing text: name 'calculate_sentiment' is not defined
2024-11-21 11:54:15,076 - ERROR - Error analyzing text: name 'calculate_sentiment' is not defined
2024-11-21 11:54:15,484 - INFO - Scraping URL: https://sensore.com/
2024-11-21 11:54:19,915 - INFO - Scraping URL: https://sensore.com/about
2024-11-21 11:54:21,989 - INFO - Scraping URL: https://sensore.com/technology
2024-11-21 11:54:23,304 - INFO - Scraping URL: https://sensore.com/solutions
2024-11-21 11:54:24,307 - INFO - Scraping URL: https://sensore.com/services
2024-11-21 11:54:26,139 - INFO - Scraping URL: https://sensore.com/insights
2024-11-21 11:54:27,783 - ERROR - Error analyzing text: name 'calculate_sentiment' is not defined
2024-11-21 11:54:27,783 - ERROR - Error analyzing text: name 'calculate_sentiment' is not defined
2024-11-21 11:54:27,783 - ERROR - Error analyzing text: name 'calculate_sentiment' is not defined
2024-11-21 11:54:27,783 - ERROR - Error analyzing text: name 'calculate_sentiment' is not defined
2024-11-21 11:54:27,784 - ERROR - Error analyzing text: name 'calculate_sentiment' is not defined
2024-11-21 11:54:27,784 - ERROR - Error analyzing text: name 'calculate_sentiment' is not defined
2024-11-21 11:54:27,784 - ERROR - Error analyzing text: name 'calculate_sentiment' is not defined
2024-11-21 11:54:27,784 - ERROR - Error analyzing text: name 'calculate_sentiment' is not defined
2024-11-21 11:54:27,857 - ERROR - Error analyzing text: name 'calculate_sentiment' is not defined
2024-11-21 11:54:27,858 - ERROR - Error analyzing text: name 'calculate_sentiment' is not defined
2024-11-21 11:54:27,858 - ERROR - Error analyzing text: name 'calculate_sentiment' is not defined
2024-11-21 11:54:27,858 - ERROR - Error analyzing text: name 'calculate_sentiment' is not defined
2024-11-21 11:54:27,858 - ERROR - Error analyzing text: name 'calculate_sentiment' is not defined
2024-11-21 11:54:27,858 - ERROR - Error analyzing text: name 'calculate_sentiment' is not defined
2024-11-21 11:54:27,859 - ERROR - Error analyzing text: name 'calculate_sentiment' is not defined
2024-11-21 11:54:27,859 - ERROR - Error analyzing text: name 'calculate_sentiment' is not defined
2024-11-21 11:54:27,859 - ERROR - Error analyzing text: name 'calculate_sentiment' is not defined
2024-11-21 11:54:27,859 - ERROR - Error analyzing text: name 'calculate_sentiment' is not defined
2024-11-21 11:54:27,859 - ERROR - Error analyzing text: name 'calculate_sentiment' is not defined
2024-11-21 11:54:27,859 - ERROR - Error analyzing text: name 'calculate_sentiment' is not defined
2024-11-21 11:54:27,860 - ERROR - Error analyzing text: name 'calculate_sentiment' is not defined
2024-11-21 11:54:27,860 - ERROR - Error analyzing text: name 'calculate_sentiment' is not defined
2024-11-21 11:54:27,860 - ERROR - Error analyzing text: name 'calculate_sentiment' is not defined
2024-11-21 11:54:27,860 - ERROR - Error analyzing text: name 'calculate_sentiment' is not defined
2024-11-21 11:54:27,860 - ERROR - Error analyzing text: name 'calculate_sentiment' is not defined
2024-11-21 11:54:27,860 - ERROR - Error analyzing text: name 'calculate_sentiment' is not defined
2024-11-21 11:54:27,861 - ERROR - Error analyzing text: name 'calculate_sentiment' is not defined
2024-11-21 11:54:27,861 - ERROR - Error analyzing text: name 'calculate_sentiment' is not defined
2024-11-21 11:54:27,861 - ERROR - Error analyzing text: name 'calculate_sentiment' is not defined
2024-11-21 11:54:27,861 - ERROR - Error analyzing text: name 'calculate_sentiment' is not defined
2024-11-21 11:54:27,861 - ERROR - Error analyzing text: name 'calculate_sentiment' is not defined
2024-11-21 11:54:27,861 - ERROR - Error analyzing text: name 'calculate_sentiment' is not defined
2024-11-21 11:54:27,862 - ERROR - Error analyzing text: name 'calculate_sentiment' is not defined
2024-11-21 11:54:27,862 - ERROR - Error analyzing text: name 'calculate_sentiment' is not defined
2024-11-21 11:54:27,862 - ERROR - Error analyzing text: name 'calculate_sentiment' is not defined
2024-11-21 11:54:27,862 - ERROR - Error analyzing text: name 'calculate_sentiment' is not defined
2024-11-21 11:54:27,862 - ERROR - Error analyzing text: name 'calculate_sentiment' is not defined
2024-11-21 11:54:27,862 - ERROR - Error analyzing text: name 'calculate_sentiment' is not defined
2024-11-21 11:54:27,862 - ERROR - Error analyzing text: name 'calculate_sentiment' is not defined
2024-11-21 11:54:27,863 - ERROR - Error analyzing text: name 'calculate_sentiment' is not defined
2024-11-21 11:54:27,863 - ERROR - Error analyzing text: name 'calculate_sentiment' is not defined
2024-11-21 11:54:27,863 - ERROR - Error analyzing text: name 'calculate_sentiment' is not defined
2024-11-21 11:54:27,863 - ERROR - Error analyzing text: name 'calculate_sentiment' is not defined
2024-11-21 11:54:27,863 - ERROR - Error analyzing text: name 'calculate_sentiment' is not defined
2024-11-21 11:54:27,864 - ERROR - Error analyzing text: name 'calculate_sentiment' is not defined
2024-11-21 11:54:27,864 - ERROR - Error analyzing text: name 'calculate_sentiment' is not defined
2024-11-21 11:54:27,864 - ERROR - Error analyzing text: name 'calculate_sentiment' is not defined
2024-11-21 11:54:27,864 - ERROR - Error analyzing text: name 'calculate_sentiment' is not defined
2024-11-21 11:54:27,864 - ERROR - Error analyzing text: name 'calculate_sentiment' is not defined
2024-11-21 11:54:27,865 - ERROR - Error analyzing text: name 'calculate_sentiment' is not defined
2024-11-21 11:54:27,865 - ERROR - Error analyzing text: name 'calculate_sentiment' is not defined
2024-11-21 11:54:27,865 - ERROR - Error analyzing text: name 'calculate_sentiment' is not defined
2024-11-21 11:54:27,865 - ERROR - Error analyzing text: name 'calculate_sentiment' is not defined
2024-11-21 11:54:27,865 - ERROR - Error analyzing text: name 'calculate_sentiment' is not defined
2024-11-21 11:54:27,865 - ERROR - Error analyzing text: name 'calculate_sentiment' is not defined
2024-11-21 11:54:27,865 - ERROR - Error analyzing text: name 'calculate_sentiment' is not defined
2024-11-21 11:54:27,866 - ERROR - Error analyzing text: name 'calculate_sentiment' is not defined
2024-11-21 11:54:27,866 - ERROR - Error analyzing text: name 'calculate_sentiment' is not defined
2024-11-21 11:54:27,866 - ERROR - Error analyzing text: name 'calculate_sentiment' is not defined
2024-11-21 11:54:27,866 - ERROR - Error analyzing text: name 'calculate_sentiment' is not defined
2024-11-21 11:54:27,866 - ERROR - Error analyzing text: name 'calculate_sentiment' is not defined
2024-11-21 11:54:27,866 - ERROR - Error analyzing text: name 'calculate_sentiment' is not defined
2024-11-21 11:54:27,867 - ERROR - Error analyzing text: name 'calculate_sentiment' is not defined
2024-11-21 11:54:27,867 - ERROR - Error analyzing text: name 'calculate_sentiment' is not defined
2024-11-21 11:54:27,867 - ERROR - Error analyzing text: name 'calculate_sentiment' is not defined
2024-11-21 11:54:27,867 - ERROR - Error analyzing text: name 'calculate_sentiment' is not defined
2024-11-21 11:54:27,867 - ERROR - Error analyzing text: name 'calculate_sentiment' is not defined
2024-11-21 11:54:27,867 - ERROR - Error analyzing text: name 'calculate_sentiment' is not defined
2024-11-21 11:54:27,868 - ERROR - Error analyzing text: name 'calculate_sentiment' is not defined
2024-11-21 11:54:27,868 - ERROR - Error analyzing text: name 'calculate_sentiment' is not defined
2024-11-21 11:54:27,868 - ERROR - Error analyzing text: name 'calculate_sentiment' is not defined
2024-11-21 11:54:27,868 - ERROR - Error analyzing text: name 'calculate_sentiment' is not defined
2024-11-21 11:54:27,868 - ERROR - Error analyzing text: name 'calculate_sentiment' is not defined
2024-11-21 11:54:27,868 - ERROR - Error analyzing text: name 'calculate_sentiment' is not defined
2024-11-21 11:54:27,868 - ERROR - Error analyzing text: name 'calculate_sentiment' is not defined
2024-11-21 11:54:27,868 - ERROR - Error analyzing text: name 'calculate_sentiment' is not defined
2024-11-21 11:54:27,869 - ERROR - Error analyzing text: name 'calculate_sentiment' is not defined
2024-11-21 11:54:27,869 - ERROR - Error analyzing text: name 'calculate_sentiment' is not defined
2024-11-21 11:54:27,869 - ERROR - Error analyzing text: name 'calculate_sentiment' is not defined
2024-11-21 11:54:27,870 - ERROR - Error analyzing text: name 'calculate_sentiment' is not defined
2024-11-21 11:54:27,870 - ERROR - Error analyzing text: name 'calculate_sentiment' is not defined
2024-11-21 11:54:27,870 - ERROR - Error analyzing text: name 'calculate_sentiment' is not defined
2024-11-21 11:54:27,870 - ERROR - Error analyzing text: name 'calculate_sentiment' is not defined
2024-11-21 11:54:27,871 - ERROR - Error analyzing text: name 'calculate_sentiment' is not defined
2024-11-21 11:54:27,871 - ERROR - Error analyzing text: name 'calculate_sentiment' is not defined
2024-11-21 11:54:27,871 - ERROR - Error analyzing text: name 'calculate_sentiment' is not defined
2024-11-21 11:54:27,871 - ERROR - Error analyzing text: name 'calculate_sentiment' is not defined
2024-11-21 11:54:27,871 - ERROR - Error analyzing text: name 'calculate_sentiment' is not defined
2024-11-21 11:54:27,872 - ERROR - Error analyzing text: name 'calculate_sentiment' is not defined
2024-11-21 11:54:27,872 - ERROR - Error analyzing text: name 'calculate_sentiment' is not defined
2024-11-21 11:54:27,872 - ERROR - Error analyzing text: name 'calculate_sentiment' is not defined
2024-11-21 11:54:27,872 - ERROR - Error analyzing text: name 'calculate_sentiment' is not defined
2024-11-21 11:54:27,872 - ERROR - Error analyzing text: name 'calculate_sentiment' is not defined
2024-11-21 11:54:27,872 - ERROR - Error analyzing text: name 'calculate_sentiment' is not defined
2024-11-21 11:54:27,873 - ERROR - Error analyzing text: name 'calculate_sentiment' is not defined
2024-11-21 11:54:27,873 - ERROR - Error analyzing text: name 'calculate_sentiment' is not defined
2024-11-21 11:54:27,873 - ERROR - Error analyzing text: name 'calculate_sentiment' is not defined
2024-11-21 11:54:27,873 - ERROR - Error analyzing text: name 'calculate_sentiment' is not defined
2024-11-21 11:54:27,873 - ERROR - Error analyzing text: name 'calculate_sentiment' is not defined
2024-11-21 11:54:27,874 - ERROR - Error analyzing text: name 'calculate_sentiment' is not defined
2024-11-21 11:54:27,874 - ERROR - Error analyzing text: name 'calculate_sentiment' is not defined
2024-11-21 11:54:27,874 - ERROR - Error analyzing text: name 'calculate_sentiment' is not defined
2024-11-21 11:54:27,874 - ERROR - Error analyzing text: name 'calculate_sentiment' is not defined
2024-11-21 11:54:27,874 - ERROR - Error analyzing text: name 'calculate_sentiment' is not defined
2024-11-21 11:54:27,874 - ERROR - Error analyzing text: name 'calculate_sentiment' is not defined
2024-11-21 11:54:27,874 - ERROR - Error analyzing text: name 'calculate_sentiment' is not defined
2024-11-21 11:54:27,875 - ERROR - Error analyzing text: name 'calculate_sentiment' is not defined
2024-11-21 11:54:27,875 - ERROR - Error analyzing text: name 'calculate_sentiment' is not defined
2024-11-21 11:54:27,875 - ERROR - Error analyzing text: name 'calculate_sentiment' is not defined
2024-11-21 11:54:27,875 - ERROR - Error analyzing text: name 'calculate_sentiment' is not defined
2024-11-21 11:54:27,875 - ERROR - Error analyzing text: name 'calculate_sentiment' is not defined
2024-11-21 11:54:27,875 - ERROR - Error analyzing text: name 'calculate_sentiment' is not defined
2024-11-21 11:54:27,876 - ERROR - Error analyzing text: name 'calculate_sentiment' is not defined
2024-11-21 11:54:27,876 - ERROR - Error analyzing text: name 'calculate_sentiment' is not defined
2024-11-21 11:54:27,876 - ERROR - Error analyzing text: name 'calculate_sentiment' is not defined
2024-11-21 11:54:27,876 - ERROR - Error analyzing text: name 'calculate_sentiment' is not defined
2024-11-21 11:54:27,876 - ERROR - Error analyzing text: name 'calculate_sentiment' is not defined
2024-11-21 11:54:27,876 - ERROR - Error analyzing text: name 'calculate_sentiment' is not defined
2024-11-21 11:54:27,877 - ERROR - Error analyzing text: name 'calculate_sentiment' is not defined
2024-11-21 11:54:27,877 - ERROR - Error analyzing text: name 'calculate_sentiment' is not defined
2024-11-21 11:54:27,877 - ERROR - Error analyzing text: name 'calculate_sentiment' is not defined
2024-11-21 11:54:27,877 - ERROR - Error analyzing text: name 'calculate_sentiment' is not defined
2024-11-21 11:54:27,877 - ERROR - Error analyzing text: name 'calculate_sentiment' is not defined
2024-11-21 11:54:27,877 - ERROR - Error analyzing text: name 'calculate_sentiment' is not defined
2024-11-21 11:54:27,878 - ERROR - Error analyzing text: name 'calculate_sentiment' is not defined
2024-11-21 11:54:27,878 - ERROR - Error analyzing text: name 'calculate_sentiment' is not defined
2024-11-21 11:54:27,878 - ERROR - Error analyzing text: name 'calculate_sentiment' is not defined
2024-11-21 11:54:27,878 - ERROR - Error analyzing text: name 'calculate_sentiment' is not defined
2024-11-21 11:54:27,878 - ERROR - Error analyzing text: name 'calculate_sentiment' is not defined
2024-11-21 11:54:27,878 - ERROR - Error analyzing text: name 'calculate_sentiment' is not defined
2024-11-21 11:54:27,879 - ERROR - Error analyzing text: name 'calculate_sentiment' is not defined
2024-11-21 11:54:27,879 - ERROR - Error analyzing text: name 'calculate_sentiment' is not defined
2024-11-21 11:54:27,879 - ERROR - Error analyzing text: name 'calculate_sentiment' is not defined
2024-11-21 11:54:27,879 - ERROR - Error analyzing text: name 'calculate_sentiment' is not defined
2024-11-21 11:54:27,879 - ERROR - Error analyzing text: name 'calculate_sentiment' is not defined
2024-11-21 11:54:27,879 - ERROR - Error analyzing text: name 'calculate_sentiment' is not defined
2024-11-21 11:54:27,880 - ERROR - Error analyzing text: name 'calculate_sentiment' is not defined
2024-11-21 11:54:27,880 - ERROR - Error analyzing text: name 'calculate_sentiment' is not defined
2024-11-21 11:54:27,880 - ERROR - Error analyzing text: name 'calculate_sentiment' is not defined
2024-11-21 11:54:27,880 - ERROR - Error analyzing text: name 'calculate_sentiment' is not defined
2024-11-21 11:54:27,880 - ERROR - Error analyzing text: name 'calculate_sentiment' is not defined
2024-11-21 11:54:27,880 - ERROR - Error analyzing text: name 'calculate_sentiment' is not defined
2024-11-21 11:54:27,880 - ERROR - Error analyzing text: name 'calculate_sentiment' is not defined
2024-11-21 11:54:27,881 - ERROR - Error analyzing text: name 'calculate_sentiment' is not defined
2024-11-21 11:54:27,881 - ERROR - Error analyzing text: name 'calculate_sentiment' is not defined
2024-11-21 11:54:27,881 - ERROR - Error analyzing text: name 'calculate_sentiment' is not defined
2024-11-21 11:54:27,881 - ERROR - Error analyzing text: name 'calculate_sentiment' is not defined
2024-11-21 11:54:27,881 - ERROR - Error analyzing text: name 'calculate_sentiment' is not defined
2024-11-21 11:54:27,882 - ERROR - Error analyzing text: name 'calculate_sentiment' is not defined
2024-11-21 11:54:27,882 - ERROR - Error analyzing text: name 'calculate_sentiment' is not defined
2024-11-21 11:54:27,882 - ERROR - Error analyzing text: name 'calculate_sentiment' is not defined
2024-11-21 11:54:27,882 - ERROR - Error analyzing text: name 'calculate_sentiment' is not defined
2024-11-21 11:54:27,882 - ERROR - Error analyzing text: name 'calculate_sentiment' is not defined
2024-11-21 11:54:28,300 - INFO - Scraping URL: https://ver-ai.com/
2024-11-21 11:54:29,578 - ERROR - Error analyzing text: name 'calculate_sentiment' is not defined
2024-11-21 11:54:29,578 - ERROR - Error analyzing text: name 'calculate_sentiment' is not defined
2024-11-21 11:54:29,579 - ERROR - Error analyzing text: name 'calculate_sentiment' is not defined
2024-11-21 11:54:29,579 - ERROR - Error analyzing text: name 'calculate_sentiment' is not defined
2024-11-21 11:54:29,579 - ERROR - Error analyzing text: name 'calculate_sentiment' is not defined
2024-11-21 11:54:29,579 - ERROR - Error analyzing text: name 'calculate_sentiment' is not defined
2024-11-21 11:54:29,976 - INFO - Scraping URL: https://ideon.ai/
2024-11-21 11:54:33,061 - INFO - Scraping URL: https://ideon.ai/ideon-reveal-for-exploration
2024-11-21 11:54:33,811 - INFO - Scraping URL: https://ideon.ai/results/vale-base-metals-creighton-mine
2024-11-21 11:54:34,766 - INFO - Scraping URL: https://ideon.ai/results/bhp-leinster-mine
2024-11-21 11:54:35,690 - INFO - Scraping URL: https://ideon.ai/results/orano-mcclean-lake
2024-11-21 11:54:36,633 - ERROR - Error analyzing text: name 'calculate_sentiment' is not defined
2024-11-21 11:54:36,633 - ERROR - Error analyzing text: name 'calculate_sentiment' is not defined
2024-11-21 11:54:36,633 - ERROR - Error analyzing text: name 'calculate_sentiment' is not defined
2024-11-21 11:54:36,634 - ERROR - Error analyzing text: name 'calculate_sentiment' is not defined
2024-11-21 11:54:36,634 - ERROR - Error analyzing text: name 'calculate_sentiment' is not defined
2024-11-21 11:54:36,634 - ERROR - Error analyzing text: name 'calculate_sentiment' is not defined
2024-11-21 11:54:36,634 - ERROR - Error analyzing text: name 'calculate_sentiment' is not defined
2024-11-21 11:54:36,635 - ERROR - Error analyzing text: name 'calculate_sentiment' is not defined
2024-11-21 11:54:36,635 - ERROR - Error analyzing text: name 'calculate_sentiment' is not defined
2024-11-21 11:54:36,635 - ERROR - Error analyzing text: name 'calculate_sentiment' is not defined
2024-11-21 11:54:36,635 - ERROR - Error analyzing text: name 'calculate_sentiment' is not defined
2024-11-21 11:54:36,635 - ERROR - Error analyzing text: name 'calculate_sentiment' is not defined
2024-11-21 11:54:36,635 - ERROR - Error analyzing text: name 'calculate_sentiment' is not defined
2024-11-21 11:54:36,636 - ERROR - Error analyzing text: name 'calculate_sentiment' is not defined
2024-11-21 11:54:36,636 - ERROR - Error analyzing text: name 'calculate_sentiment' is not defined
2024-11-21 11:54:36,636 - ERROR - Error analyzing text: name 'calculate_sentiment' is not defined
2024-11-21 11:54:36,636 - ERROR - Error analyzing text: name 'calculate_sentiment' is not defined
2024-11-21 11:54:36,637 - ERROR - Error analyzing text: name 'calculate_sentiment' is not defined
2024-11-21 11:54:36,637 - ERROR - Error analyzing text: name 'calculate_sentiment' is not defined
2024-11-21 11:54:36,637 - ERROR - Error analyzing text: name 'calculate_sentiment' is not defined
2024-11-21 11:54:36,637 - ERROR - Error analyzing text: name 'calculate_sentiment' is not defined
2024-11-21 11:54:36,637 - ERROR - Error analyzing text: name 'calculate_sentiment' is not defined
2024-11-21 11:54:36,637 - ERROR - Error analyzing text: name 'calculate_sentiment' is not defined
2024-11-21 11:54:36,638 - ERROR - Error analyzing text: name 'calculate_sentiment' is not defined
2024-11-21 11:54:36,638 - ERROR - Error analyzing text: name 'calculate_sentiment' is not defined
2024-11-21 11:54:36,638 - ERROR - Error analyzing text: name 'calculate_sentiment' is not defined
2024-11-21 11:54:36,638 - ERROR - Error analyzing text: name 'calculate_sentiment' is not defined
2024-11-21 11:54:36,638 - ERROR - Error analyzing text: name 'calculate_sentiment' is not defined
2024-11-21 11:54:36,638 - ERROR - Error analyzing text: name 'calculate_sentiment' is not defined
2024-11-21 11:54:36,639 - ERROR - Error analyzing text: name 'calculate_sentiment' is not defined
2024-11-21 11:54:36,639 - ERROR - Error analyzing text: name 'calculate_sentiment' is not defined
2024-11-21 11:54:36,639 - ERROR - Error analyzing text: name 'calculate_sentiment' is not defined
2024-11-21 11:54:36,639 - ERROR - Error analyzing text: name 'calculate_sentiment' is not defined
2024-11-21 11:54:36,639 - ERROR - Error analyzing text: name 'calculate_sentiment' is not defined
2024-11-21 11:54:36,639 - ERROR - Error analyzing text: name 'calculate_sentiment' is not defined
2024-11-21 11:54:36,640 - ERROR - Error analyzing text: name 'calculate_sentiment' is not defined
2024-11-21 11:54:36,640 - ERROR - Error analyzing text: name 'calculate_sentiment' is not defined
2024-11-21 11:54:36,640 - ERROR - Error analyzing text: name 'calculate_sentiment' is not defined
2024-11-21 11:54:36,640 - ERROR - Error analyzing text: name 'calculate_sentiment' is not defined
2024-11-21 11:54:36,640 - ERROR - Error analyzing text: name 'calculate_sentiment' is not defined
2024-11-21 11:54:36,640 - ERROR - Error analyzing text: name 'calculate_sentiment' is not defined
2024-11-21 11:54:36,640 - ERROR - Error analyzing text: name 'calculate_sentiment' is not defined
2024-11-21 11:54:36,641 - ERROR - Error analyzing text: name 'calculate_sentiment' is not defined
2024-11-21 11:54:36,641 - ERROR - Error analyzing text: name 'calculate_sentiment' is not defined
2024-11-21 11:54:36,641 - ERROR - Error analyzing text: name 'calculate_sentiment' is not defined
2024-11-21 11:54:36,641 - ERROR - Error analyzing text: name 'calculate_sentiment' is not defined
2024-11-21 11:54:36,641 - ERROR - Error analyzing text: name 'calculate_sentiment' is not defined
2024-11-21 11:54:36,641 - ERROR - Error analyzing text: name 'calculate_sentiment' is not defined
2024-11-21 11:54:36,641 - ERROR - Error analyzing text: name 'calculate_sentiment' is not defined
2024-11-21 11:54:36,642 - ERROR - Error analyzing text: name 'calculate_sentiment' is not defined
2024-11-21 11:54:36,642 - ERROR - Error analyzing text: name 'calculate_sentiment' is not defined
2024-11-21 11:54:36,642 - ERROR - Error analyzing text: name 'calculate_sentiment' is not defined
2024-11-21 11:54:36,642 - ERROR - Error analyzing text: name 'calculate_sentiment' is not defined
2024-11-21 11:54:36,642 - ERROR - Error analyzing text: name 'calculate_sentiment' is not defined
2024-11-21 11:54:36,642 - ERROR - Error analyzing text: name 'calculate_sentiment' is not defined
2024-11-21 11:54:36,643 - ERROR - Error analyzing text: name 'calculate_sentiment' is not defined
2024-11-21 11:54:36,643 - ERROR - Error analyzing text: name 'calculate_sentiment' is not defined
2024-11-21 11:54:36,643 - ERROR - Error analyzing text: name 'calculate_sentiment' is not defined
2024-11-21 11:54:36,643 - ERROR - Error analyzing text: name 'calculate_sentiment' is not defined
2024-11-21 11:54:36,643 - ERROR - Error analyzing text: name 'calculate_sentiment' is not defined
2024-11-21 11:54:36,643 - ERROR - Error analyzing text: name 'calculate_sentiment' is not defined
2024-11-21 11:54:36,644 - ERROR - Error analyzing text: name 'calculate_sentiment' is not defined
2024-11-21 11:54:36,644 - ERROR - Error analyzing text: name 'calculate_sentiment' is not defined
2024-11-21 11:54:36,644 - ERROR - Error analyzing text: name 'calculate_sentiment' is not defined
2024-11-21 11:54:36,644 - ERROR - Error analyzing text: name 'calculate_sentiment' is not defined
2024-11-21 11:54:36,644 - ERROR - Error analyzing text: name 'calculate_sentiment' is not defined
2024-11-21 11:54:36,645 - ERROR - Error analyzing text: name 'calculate_sentiment' is not defined
2024-11-21 11:54:36,649 - ERROR - Error analyzing text: name 'calculate_sentiment' is not defined
2024-11-21 11:54:36,652 - ERROR - Error analyzing text: name 'calculate_sentiment' is not defined
2024-11-21 11:54:36,655 - ERROR - Error analyzing text: name 'calculate_sentiment' is not defined
2024-11-21 11:54:36,659 - ERROR - Error analyzing text: name 'calculate_sentiment' is not defined
2024-11-21 11:54:36,663 - ERROR - Error analyzing text: name 'calculate_sentiment' is not defined
2024-11-21 11:54:36,671 - ERROR - Error analyzing text: name 'calculate_sentiment' is not defined
2024-11-21 11:54:36,675 - ERROR - Error analyzing text: name 'calculate_sentiment' is not defined
2024-11-21 11:54:36,680 - ERROR - Error analyzing text: name 'calculate_sentiment' is not defined
2024-11-21 11:54:36,680 - ERROR - Error analyzing text: name 'calculate_sentiment' is not defined
2024-11-21 11:54:36,705 - ERROR - Error analyzing text: name 'calculate_sentiment' is not defined
2024-11-21 11:54:36,705 - ERROR - Error analyzing text: name 'calculate_sentiment' is not defined
2024-11-21 11:54:36,706 - ERROR - Error analyzing text: name 'calculate_sentiment' is not defined
2024-11-21 11:54:36,706 - ERROR - Error analyzing text: name 'calculate_sentiment' is not defined
2024-11-21 11:54:36,706 - ERROR - Error analyzing text: name 'calculate_sentiment' is not defined
2024-11-21 11:54:36,706 - ERROR - Error analyzing text: name 'calculate_sentiment' is not defined
2024-11-21 11:54:36,707 - ERROR - Error analyzing text: name 'calculate_sentiment' is not defined
2024-11-21 11:54:36,707 - ERROR - Error analyzing text: name 'calculate_sentiment' is not defined
2024-11-21 11:54:36,707 - ERROR - Error analyzing text: name 'calculate_sentiment' is not defined
2024-11-21 11:54:36,707 - ERROR - Error analyzing text: name 'calculate_sentiment' is not defined
2024-11-21 11:54:36,707 - ERROR - Error analyzing text: name 'calculate_sentiment' is not defined
2024-11-21 11:54:36,708 - ERROR - Error analyzing text: name 'calculate_sentiment' is not defined
2024-11-21 11:54:36,708 - ERROR - Error analyzing text: name 'calculate_sentiment' is not defined
2024-11-21 11:54:36,708 - ERROR - Error analyzing text: name 'calculate_sentiment' is not defined
2024-11-21 11:54:36,708 - ERROR - Error analyzing text: name 'calculate_sentiment' is not defined
2024-11-21 11:54:36,708 - ERROR - Error analyzing text: name 'calculate_sentiment' is not defined
2024-11-21 11:54:36,708 - ERROR - Error analyzing text: name 'calculate_sentiment' is not defined
2024-11-21 11:54:36,709 - ERROR - Error analyzing text: name 'calculate_sentiment' is not defined
2024-11-21 11:54:36,709 - ERROR - Error analyzing text: name 'calculate_sentiment' is not defined
2024-11-21 11:54:36,709 - ERROR - Error analyzing text: name 'calculate_sentiment' is not defined
2024-11-21 11:54:36,709 - ERROR - Error analyzing text: name 'calculate_sentiment' is not defined
2024-11-21 11:54:37,084 - INFO - Scraping URL: https://www.seequent.com/
2024-11-21 11:54:38,636 - INFO - Scraping URL: https://www.seequent.com/products-solutions/leapfrog-geo
2024-11-21 11:54:42,209 - INFO - Scraping URL: https://www.seequent.com/products-solutions/geosoft-target
2024-11-21 11:54:43,513 - INFO - Scraping URL: https://www.seequent.com/products-solutions/seequent-central
2024-11-21 11:54:44,988 - INFO - Scraping URL: https://www.seequent.com/products-solutions/imago
2024-11-21 11:54:47,925 - INFO - Scraping URL: https://www.seequent.com/products-solutions/mining
2024-11-21 11:54:49,423 - INFO - Scraping URL: https://www.seequent.com/artificial-intelligence-to-understand-the-underground
2024-11-21 11:54:51,223 - INFO - Scraping URL: https://www.seequent.com/artificial-intelligence-has-great-potential-but-its-only-human
2024-11-21 11:54:52,422 - ERROR - Error analyzing text: name 'calculate_sentiment' is not defined
2024-11-21 11:54:52,423 - ERROR - Error analyzing text: name 'calculate_sentiment' is not defined
2024-11-21 11:54:52,423 - ERROR - Error analyzing text: name 'calculate_sentiment' is not defined
2024-11-21 11:54:52,423 - ERROR - Error analyzing text: name 'calculate_sentiment' is not defined
2024-11-21 11:54:52,423 - ERROR - Error analyzing text: name 'calculate_sentiment' is not defined
2024-11-21 11:54:52,424 - ERROR - Error analyzing text: name 'calculate_sentiment' is not defined
2024-11-21 11:54:52,424 - ERROR - Error analyzing text: name 'calculate_sentiment' is not defined
2024-11-21 11:54:52,424 - ERROR - Error analyzing text: name 'calculate_sentiment' is not defined
2024-11-21 11:54:52,424 - ERROR - Error analyzing text: name 'calculate_sentiment' is not defined
2024-11-21 11:54:52,424 - ERROR - Error analyzing text: name 'calculate_sentiment' is not defined
2024-11-21 11:54:52,425 - ERROR - Error analyzing text: name 'calculate_sentiment' is not defined
2024-11-21 11:54:52,425 - ERROR - Error analyzing text: name 'calculate_sentiment' is not defined
2024-11-21 11:54:52,425 - ERROR - Error analyzing text: name 'calculate_sentiment' is not defined
2024-11-21 11:54:52,425 - ERROR - Error analyzing text: name 'calculate_sentiment' is not defined
2024-11-21 11:54:52,425 - ERROR - Error analyzing text: name 'calculate_sentiment' is not defined
2024-11-21 11:54:52,426 - ERROR - Error analyzing text: name 'calculate_sentiment' is not defined
2024-11-21 11:54:52,426 - ERROR - Error analyzing text: name 'calculate_sentiment' is not defined
2024-11-21 11:54:52,426 - ERROR - Error analyzing text: name 'calculate_sentiment' is not defined
2024-11-21 11:54:52,426 - ERROR - Error analyzing text: name 'calculate_sentiment' is not defined
2024-11-21 11:54:52,426 - ERROR - Error analyzing text: name 'calculate_sentiment' is not defined
2024-11-21 11:54:52,427 - ERROR - Error analyzing text: name 'calculate_sentiment' is not defined
2024-11-21 11:54:52,427 - ERROR - Error analyzing text: name 'calculate_sentiment' is not defined
2024-11-21 11:54:52,427 - ERROR - Error analyzing text: name 'calculate_sentiment' is not defined
2024-11-21 11:54:52,427 - ERROR - Error analyzing text: name 'calculate_sentiment' is not defined
2024-11-21 11:54:52,427 - ERROR - Error analyzing text: name 'calculate_sentiment' is not defined
2024-11-21 11:54:52,427 - ERROR - Error analyzing text: name 'calculate_sentiment' is not defined
2024-11-21 11:54:52,428 - ERROR - Error analyzing text: name 'calculate_sentiment' is not defined
2024-11-21 11:54:52,428 - ERROR - Error analyzing text: name 'calculate_sentiment' is not defined
2024-11-21 11:54:52,428 - ERROR - Error analyzing text: name 'calculate_sentiment' is not defined
2024-11-21 11:54:52,428 - ERROR - Error analyzing text: name 'calculate_sentiment' is not defined
2024-11-21 11:54:52,428 - ERROR - Error analyzing text: name 'calculate_sentiment' is not defined
2024-11-21 11:54:52,429 - ERROR - Error analyzing text: name 'calculate_sentiment' is not defined
2024-11-21 11:54:52,429 - ERROR - Error analyzing text: name 'calculate_sentiment' is not defined
2024-11-21 11:54:52,429 - ERROR - Error analyzing text: name 'calculate_sentiment' is not defined
2024-11-21 11:54:52,429 - ERROR - Error analyzing text: name 'calculate_sentiment' is not defined
2024-11-21 11:54:52,429 - ERROR - Error analyzing text: name 'calculate_sentiment' is not defined
2024-11-21 11:54:52,429 - ERROR - Error analyzing text: name 'calculate_sentiment' is not defined
2024-11-21 11:54:52,430 - ERROR - Error analyzing text: name 'calculate_sentiment' is not defined
2024-11-21 11:54:52,430 - ERROR - Error analyzing text: name 'calculate_sentiment' is not defined
2024-11-21 11:54:52,430 - ERROR - Error analyzing text: name 'calculate_sentiment' is not defined
2024-11-21 11:54:52,430 - ERROR - Error analyzing text: name 'calculate_sentiment' is not defined
2024-11-21 11:54:52,430 - ERROR - Error analyzing text: name 'calculate_sentiment' is not defined
2024-11-21 11:54:52,430 - ERROR - Error analyzing text: name 'calculate_sentiment' is not defined
2024-11-21 11:54:52,431 - ERROR - Error analyzing text: name 'calculate_sentiment' is not defined
2024-11-21 11:54:52,431 - ERROR - Error analyzing text: name 'calculate_sentiment' is not defined
2024-11-21 11:54:52,431 - ERROR - Error analyzing text: name 'calculate_sentiment' is not defined
2024-11-21 11:54:52,431 - ERROR - Error analyzing text: name 'calculate_sentiment' is not defined
2024-11-21 11:54:52,431 - ERROR - Error analyzing text: name 'calculate_sentiment' is not defined
2024-11-21 11:54:52,431 - ERROR - Error analyzing text: name 'calculate_sentiment' is not defined
2024-11-21 11:54:52,431 - ERROR - Error analyzing text: name 'calculate_sentiment' is not defined
2024-11-21 11:54:52,432 - ERROR - Error analyzing text: name 'calculate_sentiment' is not defined
2024-11-21 11:54:52,432 - ERROR - Error analyzing text: name 'calculate_sentiment' is not defined
2024-11-21 11:54:52,432 - ERROR - Error analyzing text: name 'calculate_sentiment' is not defined
2024-11-21 11:54:52,432 - ERROR - Error analyzing text: name 'calculate_sentiment' is not defined
2024-11-21 11:54:52,432 - ERROR - Error analyzing text: name 'calculate_sentiment' is not defined
2024-11-21 11:54:52,432 - ERROR - Error analyzing text: name 'calculate_sentiment' is not defined
2024-11-21 11:54:52,433 - ERROR - Error analyzing text: name 'calculate_sentiment' is not defined
2024-11-21 11:54:52,433 - ERROR - Error analyzing text: name 'calculate_sentiment' is not defined
2024-11-21 11:54:52,433 - ERROR - Error analyzing text: name 'calculate_sentiment' is not defined
2024-11-21 11:54:52,433 - ERROR - Error analyzing text: name 'calculate_sentiment' is not defined
2024-11-21 11:54:52,433 - ERROR - Error analyzing text: name 'calculate_sentiment' is not defined
2024-11-21 11:54:52,433 - ERROR - Error analyzing text: name 'calculate_sentiment' is not defined
2024-11-21 11:54:52,433 - ERROR - Error analyzing text: name 'calculate_sentiment' is not defined
2024-11-21 11:54:52,433 - ERROR - Error analyzing text: name 'calculate_sentiment' is not defined
2024-11-21 11:54:52,434 - ERROR - Error analyzing text: name 'calculate_sentiment' is not defined
2024-11-21 11:54:52,434 - ERROR - Error analyzing text: name 'calculate_sentiment' is not defined
2024-11-21 11:54:52,434 - ERROR - Error analyzing text: name 'calculate_sentiment' is not defined
2024-11-21 11:54:52,434 - ERROR - Error analyzing text: name 'calculate_sentiment' is not defined
2024-11-21 11:54:52,434 - ERROR - Error analyzing text: name 'calculate_sentiment' is not defined
2024-11-21 11:54:52,435 - ERROR - Error analyzing text: name 'calculate_sentiment' is not defined
2024-11-21 11:54:52,435 - ERROR - Error analyzing text: name 'calculate_sentiment' is not defined
2024-11-21 11:54:52,435 - ERROR - Error analyzing text: name 'calculate_sentiment' is not defined
2024-11-21 11:54:52,435 - ERROR - Error analyzing text: name 'calculate_sentiment' is not defined
2024-11-21 11:54:52,436 - ERROR - Error analyzing text: name 'calculate_sentiment' is not defined
2024-11-21 11:54:52,436 - ERROR - Error analyzing text: name 'calculate_sentiment' is not defined
2024-11-21 11:54:52,436 - ERROR - Error analyzing text: name 'calculate_sentiment' is not defined
2024-11-21 11:54:52,436 - ERROR - Error analyzing text: name 'calculate_sentiment' is not defined
2024-11-21 11:54:52,437 - ERROR - Error analyzing text: name 'calculate_sentiment' is not defined
2024-11-21 11:54:52,437 - ERROR - Error analyzing text: name 'calculate_sentiment' is not defined
2024-11-21 11:54:52,437 - ERROR - Error analyzing text: name 'calculate_sentiment' is not defined
2024-11-21 11:54:52,437 - ERROR - Error analyzing text: name 'calculate_sentiment' is not defined
2024-11-21 11:54:52,437 - ERROR - Error analyzing text: name 'calculate_sentiment' is not defined
2024-11-21 11:54:52,437 - ERROR - Error analyzing text: name 'calculate_sentiment' is not defined
2024-11-21 11:54:52,438 - ERROR - Error analyzing text: name 'calculate_sentiment' is not defined
2024-11-21 11:54:52,438 - ERROR - Error analyzing text: name 'calculate_sentiment' is not defined
2024-11-21 11:54:52,438 - ERROR - Error analyzing text: name 'calculate_sentiment' is not defined
2024-11-21 11:54:52,438 - ERROR - Error analyzing text: name 'calculate_sentiment' is not defined
2024-11-21 11:54:52,438 - ERROR - Error analyzing text: name 'calculate_sentiment' is not defined
2024-11-21 11:54:52,439 - ERROR - Error analyzing text: name 'calculate_sentiment' is not defined
2024-11-21 11:54:52,439 - ERROR - Error analyzing text: name 'calculate_sentiment' is not defined
2024-11-21 11:54:52,439 - ERROR - Error analyzing text: name 'calculate_sentiment' is not defined
2024-11-21 11:54:52,439 - ERROR - Error analyzing text: name 'calculate_sentiment' is not defined
2024-11-21 11:54:52,439 - ERROR - Error analyzing text: name 'calculate_sentiment' is not defined
2024-11-21 11:54:52,439 - ERROR - Error analyzing text: name 'calculate_sentiment' is not defined
2024-11-21 11:54:52,440 - ERROR - Error analyzing text: name 'calculate_sentiment' is not defined
2024-11-21 11:54:52,440 - ERROR - Error analyzing text: name 'calculate_sentiment' is not defined
2024-11-21 11:54:52,440 - ERROR - Error analyzing text: name 'calculate_sentiment' is not defined
2024-11-21 11:54:52,440 - ERROR - Error analyzing text: name 'calculate_sentiment' is not defined
2024-11-21 11:54:52,440 - ERROR - Error analyzing text: name 'calculate_sentiment' is not defined
2024-11-21 11:54:52,440 - ERROR - Error analyzing text: name 'calculate_sentiment' is not defined
2024-11-21 11:54:52,441 - ERROR - Error analyzing text: name 'calculate_sentiment' is not defined
2024-11-21 11:54:52,441 - ERROR - Error analyzing text: name 'calculate_sentiment' is not defined
2024-11-21 11:54:52,441 - ERROR - Error analyzing text: name 'calculate_sentiment' is not defined
2024-11-21 11:54:52,441 - ERROR - Error analyzing text: name 'calculate_sentiment' is not defined
2024-11-21 11:54:52,441 - ERROR - Error analyzing text: name 'calculate_sentiment' is not defined
2024-11-21 11:54:52,441 - ERROR - Error analyzing text: name 'calculate_sentiment' is not defined
2024-11-21 11:54:52,441 - ERROR - Error analyzing text: name 'calculate_sentiment' is not defined
2024-11-21 11:54:52,442 - ERROR - Error analyzing text: name 'calculate_sentiment' is not defined
2024-11-21 11:54:52,442 - ERROR - Error analyzing text: name 'calculate_sentiment' is not defined
2024-11-21 11:54:52,442 - ERROR - Error analyzing text: name 'calculate_sentiment' is not defined
2024-11-21 11:54:52,442 - ERROR - Error analyzing text: name 'calculate_sentiment' is not defined
2024-11-21 11:54:52,442 - ERROR - Error analyzing text: name 'calculate_sentiment' is not defined
2024-11-21 11:54:52,442 - ERROR - Error analyzing text: name 'calculate_sentiment' is not defined
2024-11-21 11:54:52,442 - ERROR - Error analyzing text: name 'calculate_sentiment' is not defined
2024-11-21 11:54:52,443 - ERROR - Error analyzing text: name 'calculate_sentiment' is not defined
2024-11-21 11:54:52,443 - ERROR - Error analyzing text: name 'calculate_sentiment' is not defined
2024-11-21 11:54:52,443 - ERROR - Error analyzing text: name 'calculate_sentiment' is not defined
2024-11-21 11:54:52,443 - ERROR - Error analyzing text: name 'calculate_sentiment' is not defined
2024-11-21 11:54:52,443 - ERROR - Error analyzing text: name 'calculate_sentiment' is not defined
2024-11-21 11:54:52,443 - ERROR - Error analyzing text: name 'calculate_sentiment' is not defined
2024-11-21 11:54:52,444 - ERROR - Error analyzing text: name 'calculate_sentiment' is not defined
2024-11-21 11:54:52,444 - ERROR - Error analyzing text: name 'calculate_sentiment' is not defined
2024-11-21 11:54:52,444 - ERROR - Error analyzing text: name 'calculate_sentiment' is not defined
2024-11-21 11:54:52,444 - ERROR - Error analyzing text: name 'calculate_sentiment' is not defined
2024-11-21 11:54:52,444 - ERROR - Error analyzing text: name 'calculate_sentiment' is not defined
2024-11-21 11:54:52,444 - ERROR - Error analyzing text: name 'calculate_sentiment' is not defined
2024-11-21 11:54:52,445 - ERROR - Error analyzing text: name 'calculate_sentiment' is not defined
2024-11-21 11:54:52,445 - ERROR - Error analyzing text: name 'calculate_sentiment' is not defined
2024-11-21 11:54:52,445 - ERROR - Error analyzing text: name 'calculate_sentiment' is not defined
2024-11-21 11:54:52,445 - ERROR - Error analyzing text: name 'calculate_sentiment' is not defined
2024-11-21 11:54:52,445 - ERROR - Error analyzing text: name 'calculate_sentiment' is not defined
2024-11-21 11:54:52,445 - ERROR - Error analyzing text: name 'calculate_sentiment' is not defined
2024-11-21 11:54:52,446 - ERROR - Error analyzing text: name 'calculate_sentiment' is not defined
2024-11-21 11:54:52,446 - ERROR - Error analyzing text: name 'calculate_sentiment' is not defined
2024-11-21 11:54:52,446 - ERROR - Error analyzing text: name 'calculate_sentiment' is not defined
2024-11-21 11:54:52,446 - ERROR - Error analyzing text: name 'calculate_sentiment' is not defined
2024-11-21 11:54:52,446 - ERROR - Error analyzing text: name 'calculate_sentiment' is not defined
2024-11-21 11:54:52,447 - ERROR - Error analyzing text: name 'calculate_sentiment' is not defined
2024-11-21 11:54:52,447 - ERROR - Error analyzing text: name 'calculate_sentiment' is not defined
2024-11-21 11:54:52,447 - ERROR - Error analyzing text: name 'calculate_sentiment' is not defined
2024-11-21 11:54:52,447 - ERROR - Error analyzing text: name 'calculate_sentiment' is not defined
2024-11-21 11:54:52,447 - ERROR - Error analyzing text: name 'calculate_sentiment' is not defined
2024-11-21 11:54:52,447 - ERROR - Error analyzing text: name 'calculate_sentiment' is not defined
2024-11-21 11:54:52,448 - ERROR - Error analyzing text: name 'calculate_sentiment' is not defined
2024-11-21 11:54:52,448 - ERROR - Error analyzing text: name 'calculate_sentiment' is not defined
2024-11-21 11:54:52,448 - ERROR - Error analyzing text: name 'calculate_sentiment' is not defined
2024-11-21 11:54:52,448 - ERROR - Error analyzing text: name 'calculate_sentiment' is not defined
2024-11-21 11:54:52,448 - ERROR - Error analyzing text: name 'calculate_sentiment' is not defined
2024-11-21 11:54:52,449 - ERROR - Error analyzing text: name 'calculate_sentiment' is not defined
2024-11-21 11:54:52,449 - ERROR - Error analyzing text: name 'calculate_sentiment' is not defined
2024-11-21 11:54:52,449 - ERROR - Error analyzing text: name 'calculate_sentiment' is not defined
2024-11-21 11:54:52,449 - ERROR - Error analyzing text: name 'calculate_sentiment' is not defined
2024-11-21 11:54:52,449 - ERROR - Error analyzing text: name 'calculate_sentiment' is not defined
2024-11-21 11:54:52,449 - ERROR - Error analyzing text: name 'calculate_sentiment' is not defined
2024-11-21 11:54:52,449 - ERROR - Error analyzing text: name 'calculate_sentiment' is not defined
2024-11-21 11:54:52,450 - ERROR - Error analyzing text: name 'calculate_sentiment' is not defined
2024-11-21 11:54:52,450 - ERROR - Error analyzing text: name 'calculate_sentiment' is not defined
2024-11-21 11:54:52,450 - ERROR - Error analyzing text: name 'calculate_sentiment' is not defined
2024-11-21 11:54:52,450 - ERROR - Error analyzing text: name 'calculate_sentiment' is not defined
2024-11-21 11:54:52,450 - ERROR - Error analyzing text: name 'calculate_sentiment' is not defined
2024-11-21 11:54:52,450 - ERROR - Error analyzing text: name 'calculate_sentiment' is not defined
2024-11-21 11:54:52,451 - ERROR - Error analyzing text: name 'calculate_sentiment' is not defined
2024-11-21 11:54:52,451 - ERROR - Error analyzing text: name 'calculate_sentiment' is not defined
2024-11-21 11:54:52,451 - ERROR - Error analyzing text: name 'calculate_sentiment' is not defined
2024-11-21 11:54:52,451 - ERROR - Error analyzing text: name 'calculate_sentiment' is not defined
2024-11-21 11:54:52,451 - ERROR - Error analyzing text: name 'calculate_sentiment' is not defined
2024-11-21 11:54:52,452 - ERROR - Error analyzing text: name 'calculate_sentiment' is not defined
2024-11-21 11:54:52,452 - ERROR - Error analyzing text: name 'calculate_sentiment' is not defined
2024-11-21 11:54:52,452 - ERROR - Error analyzing text: name 'calculate_sentiment' is not defined
2024-11-21 11:54:52,453 - ERROR - Error analyzing text: name 'calculate_sentiment' is not defined
2024-11-21 11:54:52,453 - ERROR - Error analyzing text: name 'calculate_sentiment' is not defined
2024-11-21 11:54:52,453 - ERROR - Error analyzing text: name 'calculate_sentiment' is not defined
2024-11-21 11:54:52,453 - ERROR - Error analyzing text: name 'calculate_sentiment' is not defined
2024-11-21 11:54:52,453 - ERROR - Error analyzing text: name 'calculate_sentiment' is not defined
2024-11-21 11:54:52,453 - ERROR - Error analyzing text: name 'calculate_sentiment' is not defined
2024-11-21 11:54:52,454 - ERROR - Error analyzing text: name 'calculate_sentiment' is not defined
2024-11-21 11:54:52,454 - ERROR - Error analyzing text: name 'calculate_sentiment' is not defined
2024-11-21 11:54:52,454 - ERROR - Error analyzing text: name 'calculate_sentiment' is not defined
2024-11-21 11:54:52,454 - ERROR - Error analyzing text: name 'calculate_sentiment' is not defined
2024-11-21 11:54:52,454 - ERROR - Error analyzing text: name 'calculate_sentiment' is not defined
2024-11-21 11:54:52,454 - ERROR - Error analyzing text: name 'calculate_sentiment' is not defined
2024-11-21 11:54:52,455 - ERROR - Error analyzing text: name 'calculate_sentiment' is not defined
2024-11-21 11:54:52,455 - ERROR - Error analyzing text: name 'calculate_sentiment' is not defined
2024-11-21 11:54:52,455 - ERROR - Error analyzing text: name 'calculate_sentiment' is not defined
2024-11-21 11:54:52,455 - ERROR - Error analyzing text: name 'calculate_sentiment' is not defined
2024-11-21 11:54:52,455 - ERROR - Error analyzing text: name 'calculate_sentiment' is not defined
2024-11-21 11:54:52,456 - ERROR - Error analyzing text: name 'calculate_sentiment' is not defined
2024-11-21 11:54:52,456 - ERROR - Error analyzing text: name 'calculate_sentiment' is not defined
2024-11-21 11:54:52,456 - ERROR - Error analyzing text: name 'calculate_sentiment' is not defined
2024-11-21 11:54:52,456 - ERROR - Error analyzing text: name 'calculate_sentiment' is not defined
2024-11-21 11:54:52,456 - ERROR - Error analyzing text: name 'calculate_sentiment' is not defined
2024-11-21 11:54:52,456 - ERROR - Error analyzing text: name 'calculate_sentiment' is not defined
2024-11-21 11:54:52,456 - ERROR - Error analyzing text: name 'calculate_sentiment' is not defined
2024-11-21 11:54:52,457 - ERROR - Error analyzing text: name 'calculate_sentiment' is not defined
2024-11-21 11:54:52,457 - ERROR - Error analyzing text: name 'calculate_sentiment' is not defined
2024-11-21 11:54:52,457 - ERROR - Error analyzing text: name 'calculate_sentiment' is not defined
2024-11-21 11:54:52,457 - ERROR - Error analyzing text: name 'calculate_sentiment' is not defined
2024-11-21 11:54:52,457 - ERROR - Error analyzing text: name 'calculate_sentiment' is not defined
2024-11-21 11:54:52,457 - ERROR - Error analyzing text: name 'calculate_sentiment' is not defined
2024-11-21 11:54:52,458 - ERROR - Error analyzing text: name 'calculate_sentiment' is not defined
2024-11-21 11:54:52,458 - ERROR - Error analyzing text: name 'calculate_sentiment' is not defined
2024-11-21 11:54:52,458 - ERROR - Error analyzing text: name 'calculate_sentiment' is not defined
2024-11-21 11:54:52,458 - ERROR - Error analyzing text: name 'calculate_sentiment' is not defined
2024-11-21 11:54:52,458 - ERROR - Error analyzing text: name 'calculate_sentiment' is not defined
2024-11-21 11:54:52,458 - ERROR - Error analyzing text: name 'calculate_sentiment' is not defined
2024-11-21 11:54:52,458 - ERROR - Error analyzing text: name 'calculate_sentiment' is not defined
2024-11-21 11:54:52,458 - ERROR - Error analyzing text: name 'calculate_sentiment' is not defined
2024-11-21 11:54:52,459 - ERROR - Error analyzing text: name 'calculate_sentiment' is not defined
2024-11-21 11:54:52,459 - ERROR - Error analyzing text: name 'calculate_sentiment' is not defined
2024-11-21 11:54:52,459 - ERROR - Error analyzing text: name 'calculate_sentiment' is not defined
2024-11-21 11:54:52,459 - ERROR - Error analyzing text: name 'calculate_sentiment' is not defined
2024-11-21 11:54:52,459 - ERROR - Error analyzing text: name 'calculate_sentiment' is not defined
2024-11-21 11:54:52,459 - ERROR - Error analyzing text: name 'calculate_sentiment' is not defined
2024-11-21 11:54:52,460 - ERROR - Error analyzing text: name 'calculate_sentiment' is not defined
2024-11-21 11:54:52,460 - ERROR - Error analyzing text: name 'calculate_sentiment' is not defined
2024-11-21 11:54:52,460 - ERROR - Error analyzing text: name 'calculate_sentiment' is not defined
2024-11-21 11:54:52,460 - ERROR - Error analyzing text: name 'calculate_sentiment' is not defined
2024-11-21 11:54:52,461 - ERROR - Error analyzing text: name 'calculate_sentiment' is not defined
2024-11-21 11:54:52,461 - ERROR - Error analyzing text: name 'calculate_sentiment' is not defined
2024-11-21 11:54:52,461 - ERROR - Error analyzing text: name 'calculate_sentiment' is not defined
2024-11-21 11:54:52,461 - ERROR - Error analyzing text: name 'calculate_sentiment' is not defined
2024-11-21 11:54:52,461 - ERROR - Error analyzing text: name 'calculate_sentiment' is not defined
2024-11-21 11:54:52,462 - ERROR - Error analyzing text: name 'calculate_sentiment' is not defined
2024-11-21 11:54:52,462 - ERROR - Error analyzing text: name 'calculate_sentiment' is not defined
2024-11-21 11:54:52,462 - ERROR - Error analyzing text: name 'calculate_sentiment' is not defined
2024-11-21 11:54:52,462 - ERROR - Error analyzing text: name 'calculate_sentiment' is not defined
2024-11-21 11:54:52,462 - ERROR - Error analyzing text: name 'calculate_sentiment' is not defined
2024-11-21 11:54:52,463 - ERROR - Error analyzing text: name 'calculate_sentiment' is not defined
2024-11-21 11:54:52,463 - ERROR - Error analyzing text: name 'calculate_sentiment' is not defined
2024-11-21 11:54:52,463 - ERROR - Error analyzing text: name 'calculate_sentiment' is not defined
2024-11-21 11:54:52,463 - ERROR - Error analyzing text: name 'calculate_sentiment' is not defined
2024-11-21 11:54:52,463 - ERROR - Error analyzing text: name 'calculate_sentiment' is not defined
2024-11-21 11:54:52,464 - ERROR - Error analyzing text: name 'calculate_sentiment' is not defined
2024-11-21 11:54:52,464 - ERROR - Error analyzing text: name 'calculate_sentiment' is not defined
2024-11-21 11:54:52,464 - ERROR - Error analyzing text: name 'calculate_sentiment' is not defined
2024-11-21 11:54:52,464 - ERROR - Error analyzing text: name 'calculate_sentiment' is not defined
2024-11-21 11:54:52,464 - ERROR - Error analyzing text: name 'calculate_sentiment' is not defined
2024-11-21 11:54:52,464 - ERROR - Error analyzing text: name 'calculate_sentiment' is not defined
2024-11-21 11:54:52,464 - ERROR - Error analyzing text: name 'calculate_sentiment' is not defined
2024-11-21 11:54:52,464 - ERROR - Error analyzing text: name 'calculate_sentiment' is not defined
2024-11-21 11:54:52,465 - ERROR - Error analyzing text: name 'calculate_sentiment' is not defined
2024-11-21 11:54:52,465 - ERROR - Error analyzing text: name 'calculate_sentiment' is not defined
2024-11-21 11:54:52,465 - ERROR - Error analyzing text: name 'calculate_sentiment' is not defined
2024-11-21 11:54:52,465 - ERROR - Error analyzing text: name 'calculate_sentiment' is not defined
2024-11-21 11:54:52,466 - ERROR - Error analyzing text: name 'calculate_sentiment' is not defined
2024-11-21 11:54:52,466 - ERROR - Error analyzing text: name 'calculate_sentiment' is not defined
2024-11-21 11:54:52,466 - ERROR - Error analyzing text: name 'calculate_sentiment' is not defined
2024-11-21 11:54:52,467 - ERROR - Error analyzing text: name 'calculate_sentiment' is not defined
2024-11-21 11:54:52,467 - ERROR - Error analyzing text: name 'calculate_sentiment' is not defined
2024-11-21 11:54:52,467 - ERROR - Error analyzing text: name 'calculate_sentiment' is not defined
2024-11-21 11:54:52,467 - ERROR - Error analyzing text: name 'calculate_sentiment' is not defined
2024-11-21 11:54:52,467 - ERROR - Error analyzing text: name 'calculate_sentiment' is not defined
2024-11-21 11:54:52,467 - ERROR - Error analyzing text: name 'calculate_sentiment' is not defined
2024-11-21 11:54:52,468 - ERROR - Error analyzing text: name 'calculate_sentiment' is not defined
2024-11-21 11:54:52,468 - ERROR - Error analyzing text: name 'calculate_sentiment' is not defined
2024-11-21 11:54:52,468 - ERROR - Error analyzing text: name 'calculate_sentiment' is not defined
2024-11-21 11:54:52,468 - ERROR - Error analyzing text: name 'calculate_sentiment' is not defined
2024-11-21 11:54:52,468 - ERROR - Error analyzing text: name 'calculate_sentiment' is not defined
2024-11-21 11:54:52,468 - ERROR - Error analyzing text: name 'calculate_sentiment' is not defined
2024-11-21 11:54:52,469 - ERROR - Error analyzing text: name 'calculate_sentiment' is not defined
2024-11-21 11:54:52,469 - ERROR - Error analyzing text: name 'calculate_sentiment' is not defined
2024-11-21 11:54:52,469 - ERROR - Error analyzing text: name 'calculate_sentiment' is not defined
2024-11-21 11:54:52,469 - ERROR - Error analyzing text: name 'calculate_sentiment' is not defined
2024-11-21 11:54:52,469 - ERROR - Error analyzing text: name 'calculate_sentiment' is not defined
2024-11-21 11:54:52,469 - ERROR - Error analyzing text: name 'calculate_sentiment' is not defined
2024-11-21 11:54:52,469 - ERROR - Error analyzing text: name 'calculate_sentiment' is not defined
2024-11-21 11:54:52,470 - ERROR - Error analyzing text: name 'calculate_sentiment' is not defined
2024-11-21 11:54:52,470 - ERROR - Error analyzing text: name 'calculate_sentiment' is not defined
2024-11-21 11:54:52,470 - ERROR - Error analyzing text: name 'calculate_sentiment' is not defined
2024-11-21 11:54:52,470 - ERROR - Error analyzing text: name 'calculate_sentiment' is not defined
2024-11-21 11:54:52,470 - ERROR - Error analyzing text: name 'calculate_sentiment' is not defined
2024-11-21 11:54:52,470 - ERROR - Error analyzing text: name 'calculate_sentiment' is not defined
2024-11-21 11:54:52,471 - ERROR - Error analyzing text: name 'calculate_sentiment' is not defined
2024-11-21 11:54:52,471 - ERROR - Error analyzing text: name 'calculate_sentiment' is not defined
2024-11-21 11:54:52,471 - ERROR - Error analyzing text: name 'calculate_sentiment' is not defined
2024-11-21 11:54:52,471 - ERROR - Error analyzing text: name 'calculate_sentiment' is not defined
2024-11-21 11:54:52,471 - ERROR - Error analyzing text: name 'calculate_sentiment' is not defined
2024-11-21 11:54:52,471 - ERROR - Error analyzing text: name 'calculate_sentiment' is not defined
2024-11-21 11:54:52,472 - ERROR - Error analyzing text: name 'calculate_sentiment' is not defined
2024-11-21 11:54:52,472 - ERROR - Error analyzing text: name 'calculate_sentiment' is not defined
2024-11-21 11:54:52,472 - ERROR - Error analyzing text: name 'calculate_sentiment' is not defined
2024-11-21 11:54:52,472 - ERROR - Error analyzing text: name 'calculate_sentiment' is not defined
2024-11-21 11:54:52,472 - ERROR - Error analyzing text: name 'calculate_sentiment' is not defined
2024-11-21 11:54:52,472 - ERROR - Error analyzing text: name 'calculate_sentiment' is not defined
2024-11-21 11:54:52,473 - ERROR - Error analyzing text: name 'calculate_sentiment' is not defined
2024-11-21 11:54:52,473 - ERROR - Error analyzing text: name 'calculate_sentiment' is not defined
2024-11-21 11:54:52,473 - ERROR - Error analyzing text: name 'calculate_sentiment' is not defined
2024-11-21 11:54:52,473 - ERROR - Error analyzing text: name 'calculate_sentiment' is not defined
2024-11-21 11:54:52,473 - ERROR - Error analyzing text: name 'calculate_sentiment' is not defined
2024-11-21 11:54:52,473 - ERROR - Error analyzing text: name 'calculate_sentiment' is not defined
2024-11-21 11:54:52,474 - ERROR - Error analyzing text: name 'calculate_sentiment' is not defined
2024-11-21 11:54:52,474 - ERROR - Error analyzing text: name 'calculate_sentiment' is not defined
2024-11-21 11:54:52,474 - ERROR - Error analyzing text: name 'calculate_sentiment' is not defined
2024-11-21 11:54:52,474 - ERROR - Error analyzing text: name 'calculate_sentiment' is not defined
2024-11-21 11:54:52,475 - ERROR - Error analyzing text: name 'calculate_sentiment' is not defined
2024-11-21 11:54:52,475 - ERROR - Error analyzing text: name 'calculate_sentiment' is not defined
2024-11-21 11:54:52,475 - ERROR - Error analyzing text: name 'calculate_sentiment' is not defined
2024-11-21 11:54:52,475 - ERROR - Error analyzing text: name 'calculate_sentiment' is not defined
2024-11-21 11:54:52,475 - ERROR - Error analyzing text: name 'calculate_sentiment' is not defined
2024-11-21 11:54:52,475 - ERROR - Error analyzing text: name 'calculate_sentiment' is not defined
2024-11-21 11:54:52,476 - ERROR - Error analyzing text: name 'calculate_sentiment' is not defined
2024-11-21 11:54:52,476 - ERROR - Error analyzing text: name 'calculate_sentiment' is not defined
2024-11-21 11:54:52,476 - ERROR - Error analyzing text: name 'calculate_sentiment' is not defined
2024-11-21 11:54:52,476 - ERROR - Error analyzing text: name 'calculate_sentiment' is not defined
2024-11-21 11:54:52,476 - ERROR - Error analyzing text: name 'calculate_sentiment' is not defined
2024-11-21 11:54:52,477 - ERROR - Error analyzing text: name 'calculate_sentiment' is not defined
2024-11-21 11:54:52,477 - ERROR - Error analyzing text: name 'calculate_sentiment' is not defined
2024-11-21 11:54:52,477 - ERROR - Error analyzing text: name 'calculate_sentiment' is not defined
2024-11-21 11:54:52,477 - ERROR - Error analyzing text: name 'calculate_sentiment' is not defined
2024-11-21 11:54:52,477 - ERROR - Error analyzing text: name 'calculate_sentiment' is not defined
2024-11-21 11:54:52,478 - ERROR - Error analyzing text: name 'calculate_sentiment' is not defined
2024-11-21 11:54:52,478 - ERROR - Error analyzing text: name 'calculate_sentiment' is not defined
2024-11-21 11:54:52,478 - ERROR - Error analyzing text: name 'calculate_sentiment' is not defined
2024-11-21 11:54:52,478 - ERROR - Error analyzing text: name 'calculate_sentiment' is not defined
2024-11-21 11:54:52,478 - ERROR - Error analyzing text: name 'calculate_sentiment' is not defined
2024-11-21 11:54:52,478 - ERROR - Error analyzing text: name 'calculate_sentiment' is not defined
2024-11-21 11:54:52,479 - ERROR - Error analyzing text: name 'calculate_sentiment' is not defined
2024-11-21 11:54:52,479 - ERROR - Error analyzing text: name 'calculate_sentiment' is not defined
2024-11-21 11:54:52,479 - ERROR - Error analyzing text: name 'calculate_sentiment' is not defined
2024-11-21 11:54:52,479 - ERROR - Error analyzing text: name 'calculate_sentiment' is not defined
2024-11-21 11:54:52,479 - ERROR - Error analyzing text: name 'calculate_sentiment' is not defined
2024-11-21 11:54:52,479 - ERROR - Error analyzing text: name 'calculate_sentiment' is not defined
2024-11-21 11:54:52,480 - ERROR - Error analyzing text: name 'calculate_sentiment' is not defined
2024-11-21 11:54:52,480 - ERROR - Error analyzing text: name 'calculate_sentiment' is not defined
2024-11-21 11:54:52,480 - ERROR - Error analyzing text: name 'calculate_sentiment' is not defined
2024-11-21 11:54:52,480 - ERROR - Error analyzing text: name 'calculate_sentiment' is not defined
2024-11-21 11:54:52,480 - ERROR - Error analyzing text: name 'calculate_sentiment' is not defined
2024-11-21 11:54:52,480 - ERROR - Error analyzing text: name 'calculate_sentiment' is not defined
2024-11-21 11:54:52,481 - ERROR - Error analyzing text: name 'calculate_sentiment' is not defined
2024-11-21 11:54:52,481 - ERROR - Error analyzing text: name 'calculate_sentiment' is not defined
2024-11-21 11:54:52,936 - INFO - Scraping URL: https://www.equivestmetals.com/
2024-11-21 11:54:53,704 - INFO - Scraping URL: https://www.equivestmetals.com/Services
2024-11-21 11:54:54,019 - INFO - Scraping URL: https://www.equivestmetals.com/blog
2025-01-10 13:38:57,497 - INFO - Successfully loaded configuration for 8 competitors
2025-01-10 13:39:05,450 - INFO - Scraping URL: https://www.fleetspace.com/
2025-01-10 13:39:07,643 - INFO - Scraping URL: https://www.fleetspace.com/about
2025-01-10 13:39:08,060 - INFO - Scraping URL: https://www.fleetspace.com/mineral-exploration
2025-01-10 13:39:09,527 - INFO - Scraping URL: https://www.fleetspace.com/resources/ai-for-explorers-leveraging-ai-tools-optimised-for-modern-mineral-exploration
2025-01-10 13:39:10,773 - INFO - Scraping URL: https://www.fleetspace.com/resources/application-of-ant-to-iron-oxide-copper-gold-exploration-in-chile
2025-01-10 13:39:11,096 - INFO - Scraping URL: https://www.fleetspace.com/resources/accelerating-copper-discovery-in-chile-with-power-nickel
2025-01-10 13:39:12,626 - INFO - Scraping URL: https://mineflow.ai/
2025-01-10 13:39:13,615 - INFO - Scraping URL: https://mineflow.ai/about
2025-01-10 13:39:13,981 - INFO - Scraping URL: https://mineflow.ai/docs
2025-01-10 13:39:31,511 - INFO - Scraping URL: https://mineflow.ai/pricing
2025-01-10 13:39:32,181 - INFO - Scraping URL: https://www.koboldmetals.com/
2025-01-10 13:39:34,079 - INFO - Scraping URL: https://www.koboldmetals.com/partnership
2025-01-10 13:39:36,018 - INFO - Scraping URL: https://www.koboldmetals.com/news
2025-01-10 13:39:36,319 - INFO - Scraping URL: https://www.koboldmetals.com/ethics
2025-01-10 13:39:37,236 - INFO - Scraping URL: https://sensore.com/
2025-01-10 13:39:39,788 - INFO - Scraping URL: https://sensore.com/about
2025-01-10 13:39:41,562 - INFO - Scraping URL: https://sensore.com/technology
2025-01-10 13:39:42,398 - INFO - Scraping URL: https://sensore.com/solutions
2025-01-10 13:39:43,852 - INFO - Scraping URL: https://sensore.com/services
2025-01-10 13:39:45,329 - INFO - Scraping URL: https://sensore.com/insights
2025-01-10 13:39:47,303 - INFO - Scraping URL: https://ver-ai.com/
2025-01-10 13:39:48,543 - INFO - Scraping URL: https://ideon.ai/
2025-01-10 13:40:08,567 - WARNING - Timeout on https://ideon.ai/, attempt 1 of 2
2025-01-10 13:40:08,570 - INFO - Scraping URL: https://ideon.ai/
2025-01-10 13:40:28,587 - WARNING - Timeout on https://ideon.ai/, attempt 2 of 2
2025-01-10 13:40:28,588 - ERROR - Failed to scrape https://ideon.ai/ after 2 attempts
2025-01-10 13:40:28,589 - INFO - Scraping URL: https://ideon.ai/ideon-reveal-for-exploration
2025-01-10 13:40:48,597 - WARNING - Timeout on https://ideon.ai/ideon-reveal-for-exploration, attempt 1 of 2
2025-01-10 13:40:48,598 - INFO - Scraping URL: https://ideon.ai/ideon-reveal-for-exploration
2025-01-10 13:41:08,623 - WARNING - Timeout on https://ideon.ai/ideon-reveal-for-exploration, attempt 2 of 2
2025-01-10 13:41:08,624 - ERROR - Failed to scrape https://ideon.ai/ideon-reveal-for-exploration after 2 attempts
2025-01-10 13:41:08,625 - INFO - Scraping URL: https://ideon.ai/results/vale-base-metals-creighton-mine
2025-01-10 13:41:40,532 - ERROR - Error loading configuration: Expecting value: line 54 column 5 (char 1203)
2025-01-10 13:42:25,946 - INFO - Successfully loaded configuration for 7 competitors
2025-01-10 13:42:26,870 - INFO - Scraping URL: https://www.fleetspace.com/
2025-01-10 13:42:28,965 - INFO - Scraping URL: https://www.fleetspace.com/about
2025-01-10 13:42:29,611 - INFO - Scraping URL: https://www.fleetspace.com/mineral-exploration
2025-01-10 13:42:31,181 - INFO - Scraping URL: https://www.fleetspace.com/resources/ai-for-explorers-leveraging-ai-tools-optimised-for-modern-mineral-exploration
2025-01-10 13:42:31,479 - INFO - Scraping URL: https://www.fleetspace.com/resources/application-of-ant-to-iron-oxide-copper-gold-exploration-in-chile
2025-01-10 13:42:31,969 - INFO - Scraping URL: https://www.fleetspace.com/resources/accelerating-copper-discovery-in-chile-with-power-nickel
2025-01-10 13:42:32,751 - INFO - Scraping URL: https://mineflow.ai/
2025-01-10 13:42:33,751 - INFO - Scraping URL: https://mineflow.ai/about
2025-01-10 13:42:34,171 - INFO - Scraping URL: https://mineflow.ai/docs
2025-01-10 13:42:54,191 - WARNING - Timeout on https://mineflow.ai/docs, attempt 1 of 2
2025-01-10 13:42:54,197 - INFO - Scraping URL: https://mineflow.ai/docs
2025-01-10 13:42:59,066 - INFO - Scraping URL: https://mineflow.ai/pricing
2025-01-10 13:42:59,902 - INFO - Scraping URL: https://www.koboldmetals.com/
2025-01-10 13:43:01,718 - INFO - Scraping URL: https://www.koboldmetals.com/partnership
2025-01-10 13:43:01,965 - INFO - Scraping URL: https://www.koboldmetals.com/news
2025-01-10 13:43:02,100 - INFO - Scraping URL: https://www.koboldmetals.com/ethics
2025-01-10 13:43:02,673 - INFO - Scraping URL: https://sensore.com/
2025-01-10 13:43:05,461 - INFO - Scraping URL: https://sensore.com/about
2025-01-10 13:43:06,296 - INFO - Scraping URL: https://sensore.com/technology
2025-01-10 13:43:07,127 - INFO - Scraping URL: https://sensore.com/solutions
2025-01-10 13:43:07,757 - INFO - Scraping URL: https://sensore.com/services
2025-01-10 13:43:08,628 - INFO - Scraping URL: https://sensore.com/insights
2025-01-10 13:43:09,957 - INFO - Scraping URL: https://ver-ai.com/
2025-01-10 13:43:11,103 - INFO - Scraping URL: https://www.seequent.com/
2025-01-10 13:43:11,716 - INFO - Scraping URL: https://www.seequent.com/products-solutions/leapfrog-geo
2025-01-10 13:43:12,735 - INFO - Scraping URL: https://www.seequent.com/products-solutions/geosoft-target
2025-01-10 13:43:13,868 - INFO - Scraping URL: https://www.seequent.com/products-solutions/seequent-central
2025-01-10 13:43:14,702 - INFO - Scraping URL: https://www.seequent.com/products-solutions/imago
2025-01-10 13:43:15,569 - INFO - Scraping URL: https://www.seequent.com/products-solutions/mining
2025-01-10 13:43:16,225 - INFO - Scraping URL: https://www.seequent.com/artificial-intelligence-to-understand-the-underground
2025-01-10 13:43:16,879 - INFO - Scraping URL: https://www.seequent.com/artificial-intelligence-has-great-potential-but-its-only-human
2025-01-10 13:43:20,221 - INFO - Scraping URL: https://www.equivestmetals.com/
2025-01-10 13:43:21,217 - INFO - Scraping URL: https://www.equivestmetals.com/Services
2025-01-10 13:43:21,927 - INFO - Scraping URL: https://www.equivestmetals.com/blog
2025-01-10 13:43:26,681 - INFO - Scraping URL: https://www.equivestmetals.com/post/what-could-the-next-decade-s-discoveries-look-like
2025-01-10 13:43:28,093 - INFO - Scraping URL: https://www.equivestmetals.com/post/we-assessed-500-exploration-companies-what-are-the-5-most-important-learnings
2025-01-10 13:43:31,753 - INFO - Exported CSV to competitor_content/analysis_20250110_134331.csv
2025-01-10 13:43:31,941 - INFO - Exported Excel report to competitor_content/analysis_20250110_134331.xlsx
2025-01-10 13:44:24,667 - INFO - Successfully loaded configuration for 7 competitors
2025-01-10 13:44:25,666 - INFO - Scraping URL: https://www.fleetspace.com/
2025-01-10 13:44:30,514 - INFO - Scraping URL: https://www.fleetspace.com/about
2025-01-10 13:44:31,079 - INFO - Scraping URL: https://www.fleetspace.com/mineral-exploration
2025-01-10 13:44:35,945 - INFO - Successfully loaded configuration for 7 competitors
2025-01-10 13:44:36,333 - INFO - Scraping URL: https://www.fleetspace.com/
2025-01-10 13:44:38,146 - INFO - Scraping URL: https://www.fleetspace.com/about
2025-01-10 13:44:38,538 - INFO - Scraping URL: https://www.fleetspace.com/mineral-exploration
2025-01-10 13:44:40,017 - INFO - Scraping URL: https://www.fleetspace.com/resources/ai-for-explorers-leveraging-ai-tools-optimised-for-modern-mineral-exploration
2025-01-10 13:44:40,386 - INFO - Scraping URL: https://www.fleetspace.com/resources/application-of-ant-to-iron-oxide-copper-gold-exploration-in-chile
2025-01-10 13:44:40,888 - INFO - Scraping URL: https://www.fleetspace.com/resources/accelerating-copper-discovery-in-chile-with-power-nickel
2025-01-10 13:44:41,615 - INFO - Scraping URL: https://mineflow.ai/
2025-01-10 13:44:43,624 - INFO - Scraping URL: https://mineflow.ai/about
2025-01-10 13:44:43,922 - INFO - Scraping URL: https://mineflow.ai/docs
2025-01-10 13:44:57,027 - INFO - Scraping URL: https://mineflow.ai/pricing
2025-01-10 13:44:57,725 - INFO - Scraping URL: https://www.koboldmetals.com/
2025-01-10 13:44:59,527 - INFO - Scraping URL: https://www.koboldmetals.com/partnership
2025-01-10 13:44:59,711 - INFO - Scraping URL: https://www.koboldmetals.com/news
2025-01-10 13:44:59,855 - INFO - Scraping URL: https://www.koboldmetals.com/ethics
2025-01-10 13:45:00,450 - INFO - Scraping URL: https://sensore.com/
2025-01-10 13:45:02,988 - INFO - Scraping URL: https://sensore.com/about
2025-01-10 13:45:04,094 - INFO - Scraping URL: https://sensore.com/technology
2025-01-10 13:45:04,929 - INFO - Scraping URL: https://sensore.com/solutions
2025-01-10 13:45:05,543 - INFO - Scraping URL: https://sensore.com/services
2025-01-10 13:45:06,386 - INFO - Scraping URL: https://sensore.com/insights
2025-01-10 13:45:07,754 - INFO - Scraping URL: https://ver-ai.com/
2025-01-10 13:45:09,002 - INFO - Scraping URL: https://www.seequent.com/
2025-01-10 13:45:09,535 - INFO - Scraping URL: https://www.seequent.com/products-solutions/leapfrog-geo
2025-01-10 13:45:10,423 - INFO - Scraping URL: https://www.seequent.com/products-solutions/geosoft-target
2025-01-10 13:45:10,872 - INFO - Scraping URL: https://www.seequent.com/products-solutions/seequent-central
2025-01-10 13:45:11,299 - INFO - Scraping URL: https://www.seequent.com/products-solutions/imago
2025-01-10 13:45:11,627 - INFO - Scraping URL: https://www.seequent.com/products-solutions/mining
2025-01-10 13:45:11,936 - INFO - Scraping URL: https://www.seequent.com/artificial-intelligence-to-understand-the-underground
2025-01-10 13:45:12,247 - INFO - Scraping URL: https://www.seequent.com/artificial-intelligence-has-great-potential-but-its-only-human
2025-01-10 13:45:13,514 - INFO - Scraping URL: https://www.equivestmetals.com/
2025-01-10 13:45:14,308 - INFO - Scraping URL: https://www.equivestmetals.com/Services
2025-01-10 13:45:14,610 - INFO - Scraping URL: https://www.equivestmetals.com/blog
2025-01-10 13:45:14,868 - INFO - Scraping URL: https://www.equivestmetals.com/post/what-could-the-next-decade-s-discoveries-look-like
2025-01-10 13:45:15,151 - INFO - Scraping URL: https://www.equivestmetals.com/post/we-assessed-500-exploration-companies-what-are-the-5-most-important-learnings
2025-01-10 13:45:16,020 - INFO - Exported CSV to competitor_content/analysis_20250110_134516.csv
2025-01-10 13:45:16,158 - INFO - Exported Excel report to competitor_content/analysis_20250110_134516.xlsx
2025-01-10 13:46:19,165 - INFO - Successfully loaded configuration for 7 competitors
2025-01-10 13:46:20,164 - INFO - Scraping URL: https://www.fleetspace.com/
2025-01-10 13:46:24,667 - INFO - Scraping URL: https://www.fleetspace.com/about
2025-01-10 13:46:25,330 - INFO - Scraping URL: https://www.fleetspace.com/mineral-exploration
2025-01-10 13:46:26,908 - INFO - Scraping URL: https://www.fleetspace.com/resources/ai-for-explorers-leveraging-ai-tools-optimised-for-modern-mineral-exploration
2025-01-10 13:46:27,279 - INFO - Scraping URL: https://www.fleetspace.com/resources/application-of-ant-to-iron-oxide-copper-gold-exploration-in-chile
2025-01-10 13:46:27,720 - INFO - Scraping URL: https://www.fleetspace.com/resources/accelerating-copper-discovery-in-chile-with-power-nickel
2025-01-10 13:46:28,484 - INFO - Scraping URL: https://mineflow.ai/
2025-01-10 13:46:29,388 - INFO - Scraping URL: https://mineflow.ai/about
2025-01-10 13:46:30,279 - INFO - Scraping URL: https://mineflow.ai/docs
2025-01-10 13:46:49,216 - INFO - Scraping URL: https://mineflow.ai/pricing
2025-01-10 13:46:49,940 - INFO - Scraping URL: https://www.koboldmetals.com/
2025-01-10 13:46:53,102 - INFO - Scraping URL: https://www.koboldmetals.com/partnership
2025-01-10 13:46:53,292 - INFO - Scraping URL: https://www.koboldmetals.com/news
2025-01-10 13:46:53,434 - INFO - Scraping URL: https://www.koboldmetals.com/ethics
2025-01-10 13:46:54,045 - INFO - Scraping URL: https://sensore.com/
2025-01-10 13:46:56,690 - INFO - Scraping URL: https://sensore.com/about
2025-01-10 13:46:57,818 - INFO - Scraping URL: https://sensore.com/technology
2025-01-10 13:46:58,671 - INFO - Scraping URL: https://sensore.com/solutions
2025-01-10 13:46:59,279 - INFO - Scraping URL: https://sensore.com/services
2025-01-10 13:47:00,089 - INFO - Scraping URL: https://sensore.com/insights
2025-01-10 13:47:01,618 - INFO - Scraping URL: https://ver-ai.com/
2025-01-10 13:47:02,849 - INFO - Scraping URL: https://www.seequent.com/
2025-01-10 13:47:03,381 - INFO - Scraping URL: https://www.seequent.com/products-solutions/leapfrog-geo
2025-01-10 13:47:06,210 - INFO - Scraping URL: https://www.seequent.com/products-solutions/geosoft-target
2025-01-10 13:47:06,762 - INFO - Scraping URL: https://www.seequent.com/products-solutions/seequent-central
2025-01-10 13:47:07,088 - INFO - Scraping URL: https://www.seequent.com/products-solutions/imago
2025-01-10 13:47:07,404 - INFO - Scraping URL: https://www.seequent.com/products-solutions/mining
2025-01-10 13:47:07,684 - INFO - Scraping URL: https://www.seequent.com/artificial-intelligence-to-understand-the-underground
2025-01-10 13:47:07,919 - INFO - Scraping URL: https://www.seequent.com/artificial-intelligence-has-great-potential-but-its-only-human
2025-01-10 13:47:08,634 - INFO - Scraping URL: https://www.equivestmetals.com/
2025-01-10 13:47:09,563 - INFO - Scraping URL: https://www.equivestmetals.com/Services
2025-01-10 13:47:09,929 - INFO - Scraping URL: https://www.equivestmetals.com/blog
2025-01-10 13:47:10,211 - INFO - Scraping URL: https://www.equivestmetals.com/post/what-could-the-next-decade-s-discoveries-look-like
2025-01-10 13:47:10,471 - INFO - Scraping URL: https://www.equivestmetals.com/post/we-assessed-500-exploration-companies-what-are-the-5-most-important-learnings
2025-01-10 13:47:10,879 - INFO - Exported CSV to competitor_content/analysis_20250110_134710.csv
2025-01-10 13:47:11,270 - INFO - Exported Excel report to competitor_content/analysis_20250110_134710.xlsx
