text,element_type,url,title,meta_description,h1_tags,scrape_date,competitor,sentiment,vader_sentiment,average_sentiment,technical_keywords,value_keywords,intent,cleaned_text
Equivest Metals,p,https://www.equivestmetals.com/,Equivest Metals - AI-driven mineral systems models for mining exploration,Equivest Metals uses our AI-driven mineral systems models to pinpoint critical processes needed to form large mineral deposits. Our focus is to improve mineral exploration success rates.,"['Using our AI-driven mineral systems models, we pinpoint critical processes needed to form large mineral deposits.', 'Our main goal is to significantly increase exploration success rates']",2025-01-10T13:47:09.563112,Equivest Metals,0.0,0.0,0.0,0,0,Other,equivest metals
Home,p,https://www.equivestmetals.com/,Equivest Metals - AI-driven mineral systems models for mining exploration,Equivest Metals uses our AI-driven mineral systems models to pinpoint critical processes needed to form large mineral deposits. Our focus is to improve mineral exploration success rates.,"['Using our AI-driven mineral systems models, we pinpoint critical processes needed to form large mineral deposits.', 'Our main goal is to significantly increase exploration success rates']",2025-01-10T13:47:09.563124,Equivest Metals,0.0,0.0,0.0,0,0,Other,home
Services,p,https://www.equivestmetals.com/,Equivest Metals - AI-driven mineral systems models for mining exploration,Equivest Metals uses our AI-driven mineral systems models to pinpoint critical processes needed to form large mineral deposits. Our focus is to improve mineral exploration success rates.,"['Using our AI-driven mineral systems models, we pinpoint critical processes needed to form large mineral deposits.', 'Our main goal is to significantly increase exploration success rates']",2025-01-10T13:47:09.563125,Equivest Metals,0.0,0.0,0.0,0,0,Other,services
Contact,p,https://www.equivestmetals.com/,Equivest Metals - AI-driven mineral systems models for mining exploration,Equivest Metals uses our AI-driven mineral systems models to pinpoint critical processes needed to form large mineral deposits. Our focus is to improve mineral exploration success rates.,"['Using our AI-driven mineral systems models, we pinpoint critical processes needed to form large mineral deposits.', 'Our main goal is to significantly increase exploration success rates']",2025-01-10T13:47:09.563127,Equivest Metals,0.0,0.0,0.0,0,0,Other,contact
Blog,p,https://www.equivestmetals.com/,Equivest Metals - AI-driven mineral systems models for mining exploration,Equivest Metals uses our AI-driven mineral systems models to pinpoint critical processes needed to form large mineral deposits. Our focus is to improve mineral exploration success rates.,"['Using our AI-driven mineral systems models, we pinpoint critical processes needed to form large mineral deposits.', 'Our main goal is to significantly increase exploration success rates']",2025-01-10T13:47:09.563128,Equivest Metals,0.0,0.0,0.0,0,0,Other,blog
More,p,https://www.equivestmetals.com/,Equivest Metals - AI-driven mineral systems models for mining exploration,Equivest Metals uses our AI-driven mineral systems models to pinpoint critical processes needed to form large mineral deposits. Our focus is to improve mineral exploration success rates.,"['Using our AI-driven mineral systems models, we pinpoint critical processes needed to form large mineral deposits.', 'Our main goal is to significantly increase exploration success rates']",2025-01-10T13:47:09.563130,Equivest Metals,0.0,0.0,0.0,0,0,Other,more
"Using our AI-driven mineral systems models, we pinpoint critical processes needed to form large mineral deposits.",h1,https://www.equivestmetals.com/,Equivest Metals - AI-driven mineral systems models for mining exploration,Equivest Metals uses our AI-driven mineral systems models to pinpoint critical processes needed to form large mineral deposits. Our focus is to improve mineral exploration success rates.,"['Using our AI-driven mineral systems models, we pinpoint critical processes needed to form large mineral deposits.', 'Our main goal is to significantly increase exploration success rates']",2025-01-10T13:47:09.563132,Equivest Metals,-0.133,-0.3182,-0.2256,1,1,Balanced,using our aidriven mineral systems models we pinpoint critical processes needed to form large mineral deposits
Our main goal is to significantly increase exploration success rates,h1,https://www.equivestmetals.com/,Equivest Metals - AI-driven mineral systems models for mining exploration,Equivest Metals uses our AI-driven mineral systems models to pinpoint critical processes needed to form large mineral deposits. Our focus is to improve mineral exploration success rates.,"['Using our AI-driven mineral systems models, we pinpoint critical processes needed to form large mineral deposits.', 'Our main goal is to significantly increase exploration success rates']",2025-01-10T13:47:09.563133,Equivest Metals,0.53,0.7845,0.65725,1,1,Balanced,our main goal is to significantly increase exploration success rates
Identify Tier 1 geology,h2,https://www.equivestmetals.com/,Equivest Metals - AI-driven mineral systems models for mining exploration,Equivest Metals uses our AI-driven mineral systems models to pinpoint critical processes needed to form large mineral deposits. Our focus is to improve mineral exploration success rates.,"['Using our AI-driven mineral systems models, we pinpoint critical processes needed to form large mineral deposits.', 'Our main goal is to significantly increase exploration success rates']",2025-01-10T13:47:09.563135,Equivest Metals,0.0,0.0,0.0,1,1,Balanced,identify tier geology
"Today, exploration happens backwards by trying to turn mineral occurrences into major deposits.

At Equivest, we think differently and start with Mineral Systems by understanding and mapping processes that form large deposits. It's not about forcing a find; it's about knowing where to look.",p,https://www.equivestmetals.com/,Equivest Metals - AI-driven mineral systems models for mining exploration,Equivest Metals uses our AI-driven mineral systems models to pinpoint critical processes needed to form large mineral deposits. Our focus is to improve mineral exploration success rates.,"['Using our AI-driven mineral systems models, we pinpoint critical processes needed to form large mineral deposits.', 'Our main goal is to significantly increase exploration success rates']",2025-01-10T13:47:09.563137,Equivest Metals,0.043,0.2263,0.13465,2,2,Balanced,today exploration happens backwards by trying to turn mineral occurrences into major deposits at equivest we think differently and start with mineral systems by understanding and mapping processes that form large deposits its not about forcing a find its about knowing where to look
AI & Data Analytics,h2,https://www.equivestmetals.com/,Equivest Metals - AI-driven mineral systems models for mining exploration,Equivest Metals uses our AI-driven mineral systems models to pinpoint critical processes needed to form large mineral deposits. Our focus is to improve mineral exploration success rates.,"['Using our AI-driven mineral systems models, we pinpoint critical processes needed to form large mineral deposits.', 'Our main goal is to significantly increase exploration success rates']",2025-01-10T13:47:09.563139,Equivest Metals,0.0,0.0,0.0,2,2,Balanced,ai data analytics
"Modern data analytics and AI provide faster, more accurate answers based on data rather than gut feeling.

At Equivest, we build a proprietary Process and Data Platform to extract geological insights using AI and modern analytics to identify highly prospective areas. We enable the capability to visualise and interact with billions of geospatial data points, making geologists' work with large regional datasets more efficient.",p,https://www.equivestmetals.com/,Equivest Metals - AI-driven mineral systems models for mining exploration,Equivest Metals uses our AI-driven mineral systems models to pinpoint critical processes needed to form large mineral deposits. Our focus is to improve mineral exploration success rates.,"['Using our AI-driven mineral systems models, we pinpoint critical processes needed to form large mineral deposits.', 'Our main goal is to significantly increase exploration success rates']",2025-01-10T13:47:09.563140,Equivest Metals,0.07,0.5563,0.31315000000000004,4,6,Value Proposition,modern data analytics and ai provide faster more accurate answers based on data rather than gut feeling at equivest we build a proprietary process and data platform to extract geological insights using ai and modern analytics to identify highly prospective areas we enable the capability to visualise and interact with billions of geospatial data points making geologists work with large regional datasets more efficient
What makes us different,h2,https://www.equivestmetals.com/,Equivest Metals - AI-driven mineral systems models for mining exploration,Equivest Metals uses our AI-driven mineral systems models to pinpoint critical processes needed to form large mineral deposits. Our focus is to improve mineral exploration success rates.,"['Using our AI-driven mineral systems models, we pinpoint critical processes needed to form large mineral deposits.', 'Our main goal is to significantly increase exploration success rates']",2025-01-10T13:47:09.563142,Equivest Metals,0.0,0.0,0.0,0,0,Other,what makes us different
"Our founders have a proven track record, having invested in numerous major discoveries using our mineral systems models.

We maintain a sharp focus on our mission of improving success rates in exploration. This means we only work in areas with potential to host Tier 1 geology.
Your success, is our success.",p,https://www.equivestmetals.com/,Equivest Metals - AI-driven mineral systems models for mining exploration,Equivest Metals uses our AI-driven mineral systems models to pinpoint critical processes needed to form large mineral deposits. Our focus is to improve mineral exploration success rates.,"['Using our AI-driven mineral systems models, we pinpoint critical processes needed to form large mineral deposits.', 'Our main goal is to significantly increase exploration success rates']",2025-01-10T13:47:09.563145,Equivest Metals,0.269,0.9413,0.6051500000000001,2,3,Value Proposition,our founders have a proven track record having invested in numerous major discoveries using our mineral systems models we maintain a sharp focus on our mission of improving success rates in exploration this means we only work in areas with potential to host tier geology your success is our success
"We were one of the six companies in BHP XPLOR 2024 global accelerator program targeting innovative, early-stage mineral exploration companies.",p,https://www.equivestmetals.com/,Equivest Metals - AI-driven mineral systems models for mining exploration,Equivest Metals uses our AI-driven mineral systems models to pinpoint critical processes needed to form large mineral deposits. Our focus is to improve mineral exploration success rates.,"['Using our AI-driven mineral systems models, we pinpoint critical processes needed to form large mineral deposits.', 'Our main goal is to significantly increase exploration success rates']",2025-01-10T13:47:09.563146,Equivest Metals,0.22,0.5859,0.40295,1,2,Value Proposition,we were one of the six companies in bhp xplor global accelerator program targeting innovative earlystage mineral exploration companies
We are here to help you ensure you always start with Tier 1 geology,h2,https://www.equivestmetals.com/,Equivest Metals - AI-driven mineral systems models for mining exploration,Equivest Metals uses our AI-driven mineral systems models to pinpoint critical processes needed to form large mineral deposits. Our focus is to improve mineral exploration success rates.,"['Using our AI-driven mineral systems models, we pinpoint critical processes needed to form large mineral deposits.', 'Our main goal is to significantly increase exploration success rates']",2025-01-10T13:47:09.563148,Equivest Metals,0.325,0.6486,0.4868,1,1,Balanced,we are here to help you ensure you always start with tier geology
"Before acquiring new acreage or comitting to drilling, understanding mineral system controls is key to finding major deposits.

Equivest's Regional Prospectivity Study guides you to the best discovery zones.",p,https://www.equivestmetals.com/,Equivest Metals - AI-driven mineral systems models for mining exploration,Equivest Metals uses our AI-driven mineral systems models to pinpoint critical processes needed to form large mineral deposits. Our focus is to improve mineral exploration success rates.,"['Using our AI-driven mineral systems models, we pinpoint critical processes needed to form large mineral deposits.', 'Our main goal is to significantly increase exploration success rates']",2025-01-10T13:47:09.563150,Equivest Metals,0.13,0.6369,0.38345,2,2,Balanced,before acquiring new acreage or comitting to drilling understanding mineral system controls is key to finding major deposits equivests regional prospectivity study guides you to the best discovery zones
​,p,https://www.equivestmetals.com/,Equivest Metals - AI-driven mineral systems models for mining exploration,Equivest Metals uses our AI-driven mineral systems models to pinpoint critical processes needed to form large mineral deposits. Our focus is to improve mineral exploration success rates.,"['Using our AI-driven mineral systems models, we pinpoint critical processes needed to form large mineral deposits.', 'Our main goal is to significantly increase exploration success rates']",2025-01-10T13:47:09.563153,Equivest Metals,0.0,0.0,0.0,0,0,Error,
Our recent articles,h2,https://www.equivestmetals.com/,Equivest Metals - AI-driven mineral systems models for mining exploration,Equivest Metals uses our AI-driven mineral systems models to pinpoint critical processes needed to form large mineral deposits. Our focus is to improve mineral exploration success rates.,"['Using our AI-driven mineral systems models, we pinpoint critical processes needed to form large mineral deposits.', 'Our main goal is to significantly increase exploration success rates']",2025-01-10T13:47:09.563155,Equivest Metals,0.0,0.0,0.0,0,0,Other,our recent articles
How can we use AI to map bedrock?,h2,https://www.equivestmetals.com/,Equivest Metals - AI-driven mineral systems models for mining exploration,Equivest Metals uses our AI-driven mineral systems models to pinpoint critical processes needed to form large mineral deposits. Our focus is to improve mineral exploration success rates.,"['Using our AI-driven mineral systems models, we pinpoint critical processes needed to form large mineral deposits.', 'Our main goal is to significantly increase exploration success rates']",2025-01-10T13:47:09.563157,Equivest Metals,0.0,0.0,0.0,1,1,Balanced,how can we use ai to map bedrock
Innovative Feature Engineering - a critical step to connecting Mineral Systems with AI Prospectivity Models.,h2,https://www.equivestmetals.com/,Equivest Metals - AI-driven mineral systems models for mining exploration,Equivest Metals uses our AI-driven mineral systems models to pinpoint critical processes needed to form large mineral deposits. Our focus is to improve mineral exploration success rates.,"['Using our AI-driven mineral systems models, we pinpoint critical processes needed to form large mineral deposits.', 'Our main goal is to significantly increase exploration success rates']",2025-01-10T13:47:09.563158,Equivest Metals,0.037000000000000005,0.1531,0.09505000000000001,1,2,Value Proposition,innovative feature engineering a critical step to connecting mineral systems with ai prospectivity models
How to leverage AI in Mineral Exploration workflows,h2,https://www.equivestmetals.com/,Equivest Metals - AI-driven mineral systems models for mining exploration,Equivest Metals uses our AI-driven mineral systems models to pinpoint critical processes needed to form large mineral deposits. Our focus is to improve mineral exploration success rates.,"['Using our AI-driven mineral systems models, we pinpoint critical processes needed to form large mineral deposits.', 'Our main goal is to significantly increase exploration success rates']",2025-01-10T13:47:09.563159,Equivest Metals,0.213,0.2263,0.21965,2,2,Balanced,how to leverage ai in mineral exploration workflows
Thank You for Subscribing!,p,https://www.equivestmetals.com/,Equivest Metals - AI-driven mineral systems models for mining exploration,Equivest Metals uses our AI-driven mineral systems models to pinpoint critical processes needed to form large mineral deposits. Our focus is to improve mineral exploration success rates.,"['Using our AI-driven mineral systems models, we pinpoint critical processes needed to form large mineral deposits.', 'Our main goal is to significantly increase exploration success rates']",2025-01-10T13:47:09.563160,Equivest Metals,0.455,0.3612,0.4081,0,0,Other,thank you for subscribing
Equivest Metals,h2,https://www.equivestmetals.com/,Equivest Metals - AI-driven mineral systems models for mining exploration,Equivest Metals uses our AI-driven mineral systems models to pinpoint critical processes needed to form large mineral deposits. Our focus is to improve mineral exploration success rates.,"['Using our AI-driven mineral systems models, we pinpoint critical processes needed to form large mineral deposits.', 'Our main goal is to significantly increase exploration success rates']",2025-01-10T13:47:09.563162,Equivest Metals,0.0,0.0,0.0,0,0,Other,equivest metals
info@equivestmetals.com,p,https://www.equivestmetals.com/,Equivest Metals - AI-driven mineral systems models for mining exploration,Equivest Metals uses our AI-driven mineral systems models to pinpoint critical processes needed to form large mineral deposits. Our focus is to improve mineral exploration success rates.,"['Using our AI-driven mineral systems models, we pinpoint critical processes needed to form large mineral deposits.', 'Our main goal is to significantly increase exploration success rates']",2025-01-10T13:47:09.563163,Equivest Metals,0.0,0.0,0.0,0,0,Other,infoequivestmetalscom
+ 47 454 17 716,p,https://www.equivestmetals.com/,Equivest Metals - AI-driven mineral systems models for mining exploration,Equivest Metals uses our AI-driven mineral systems models to pinpoint critical processes needed to form large mineral deposits. Our focus is to improve mineral exploration success rates.,"['Using our AI-driven mineral systems models, we pinpoint critical processes needed to form large mineral deposits.', 'Our main goal is to significantly increase exploration success rates']",2025-01-10T13:47:09.563165,Equivest Metals,0.0,0.0,0.0,0,0,Error,
"Disclaimer
The information provided on this website is for general informational purposes only. All content is provided in good faith; however, we make no warranty of any kind regarding the accuracy, adequacy, validity, or completeness of any information.",p,https://www.equivestmetals.com/,Equivest Metals - AI-driven mineral systems models for mining exploration,Equivest Metals uses our AI-driven mineral systems models to pinpoint critical processes needed to form large mineral deposits. Our focus is to improve mineral exploration success rates.,"['Using our AI-driven mineral systems models, we pinpoint critical processes needed to form large mineral deposits.', 'Our main goal is to significantly increase exploration success rates']",2025-01-10T13:47:09.563166,Equivest Metals,0.15200000000000002,0.7845,0.46825,0,1,Value Proposition,disclaimer the information provided on this website is for general informational purposes only all content is provided in good faith however we make no warranty of any kind regarding the accuracy adequacy validity or completeness of any information
​,p,https://www.equivestmetals.com/,Equivest Metals - AI-driven mineral systems models for mining exploration,Equivest Metals uses our AI-driven mineral systems models to pinpoint critical processes needed to form large mineral deposits. Our focus is to improve mineral exploration success rates.,"['Using our AI-driven mineral systems models, we pinpoint critical processes needed to form large mineral deposits.', 'Our main goal is to significantly increase exploration success rates']",2025-01-10T13:47:09.563168,Equivest Metals,0.0,0.0,0.0,0,0,Error,
"Privacy Policy
We value your privacy and are committed to protecting any personal information collected through our website. This Privacy Policy explains how we collect, use, and store your data. We collect personal information such as your name and email address when you sign up for our newsletter. This information helps us to send you relevant updates and information about our services. Your data is used solely for the purpose of sending our newsletter and improving our services. We do not share or sell your information to third parties unless required by law. You can unsubscribe from our newsletter at any time using the unsubscribe link provided in each email or by contacting us directly.",p,https://www.equivestmetals.com/,Equivest Metals - AI-driven mineral systems models for mining exploration,Equivest Metals uses our AI-driven mineral systems models to pinpoint critical processes needed to form large mineral deposits. Our focus is to improve mineral exploration success rates.,"['Using our AI-driven mineral systems models, we pinpoint critical processes needed to form large mineral deposits.', 'Our main goal is to significantly increase exploration success rates']",2025-01-10T13:47:09.563170,Equivest Metals,0.087,0.8661,0.47655,0,0,Other,privacy policy we value your privacy and are committed to protecting any personal information collected through our website this privacy policy explains how we collect use and store your data we collect personal information such as your name and email address when you sign up for our newsletter this information helps us to send you relevant updates and information about our services your data is used solely for the purpose of sending our newsletter and improving our services we do not share or sell your information to third parties unless required by law you can unsubscribe from our newsletter at any time using the unsubscribe link provided in each email or by contacting us directly
​,p,https://www.equivestmetals.com/,Equivest Metals - AI-driven mineral systems models for mining exploration,Equivest Metals uses our AI-driven mineral systems models to pinpoint critical processes needed to form large mineral deposits. Our focus is to improve mineral exploration success rates.,"['Using our AI-driven mineral systems models, we pinpoint critical processes needed to form large mineral deposits.', 'Our main goal is to significantly increase exploration success rates']",2025-01-10T13:47:09.563171,Equivest Metals,0.0,0.0,0.0,0,0,Error,
"Copyright Notice
© 2024 Equivest Metals. All Rights Reserved. Unauthorized use or duplication of this material without express permission from this site’s owner is strictly prohibited.",p,https://www.equivestmetals.com/,Equivest Metals - AI-driven mineral systems models for mining exploration,Equivest Metals uses our AI-driven mineral systems models to pinpoint critical processes needed to form large mineral deposits. Our focus is to improve mineral exploration success rates.,"['Using our AI-driven mineral systems models, we pinpoint critical processes needed to form large mineral deposits.', 'Our main goal is to significantly increase exploration success rates']",2025-01-10T13:47:09.563174,Equivest Metals,0.0,0.0,0.0,0,0,Other,copyright notice equivest metals all rights reserved unauthorized use or duplication of this material without express permission from this sites owner is strictly prohibited
​,p,https://www.equivestmetals.com/,Equivest Metals - AI-driven mineral systems models for mining exploration,Equivest Metals uses our AI-driven mineral systems models to pinpoint critical processes needed to form large mineral deposits. Our focus is to improve mineral exploration success rates.,"['Using our AI-driven mineral systems models, we pinpoint critical processes needed to form large mineral deposits.', 'Our main goal is to significantly increase exploration success rates']",2025-01-10T13:47:09.563175,Equivest Metals,0.0,0.0,0.0,0,0,Error,
"Intellectual Property
All trademarks, logos, and service marks displayed on this site are the property of their respective owners.",p,https://www.equivestmetals.com/,Equivest Metals - AI-driven mineral systems models for mining exploration,Equivest Metals uses our AI-driven mineral systems models to pinpoint critical processes needed to form large mineral deposits. Our focus is to improve mineral exploration success rates.,"['Using our AI-driven mineral systems models, we pinpoint critical processes needed to form large mineral deposits.', 'Our main goal is to significantly increase exploration success rates']",2025-01-10T13:47:09.563177,Equivest Metals,0.264,0.7269,0.49545,0,0,Other,intellectual property all trademarks logos and service marks displayed on this site are the property of their respective owners
​,p,https://www.equivestmetals.com/,Equivest Metals - AI-driven mineral systems models for mining exploration,Equivest Metals uses our AI-driven mineral systems models to pinpoint critical processes needed to form large mineral deposits. Our focus is to improve mineral exploration success rates.,"['Using our AI-driven mineral systems models, we pinpoint critical processes needed to form large mineral deposits.', 'Our main goal is to significantly increase exploration success rates']",2025-01-10T13:47:09.563178,Equivest Metals,0.0,0.0,0.0,0,0,Error,
"Liability Limitation
In no event will Equivest Metals will be liable for any loss or damage arising out of or in connection with the use of this website.",p,https://www.equivestmetals.com/,Equivest Metals - AI-driven mineral systems models for mining exploration,Equivest Metals uses our AI-driven mineral systems models to pinpoint critical processes needed to form large mineral deposits. Our focus is to improve mineral exploration success rates.,"['Using our AI-driven mineral systems models, we pinpoint critical processes needed to form large mineral deposits.', 'Our main goal is to significantly increase exploration success rates']",2025-01-10T13:47:09.563180,Equivest Metals,-0.337,-0.8658,-0.6014,0,0,Other,liability limitation in no event will equivest metals will be liable for any loss or damage arising out of or in connection with the use of this website
​​,p,https://www.equivestmetals.com/,Equivest Metals - AI-driven mineral systems models for mining exploration,Equivest Metals uses our AI-driven mineral systems models to pinpoint critical processes needed to form large mineral deposits. Our focus is to improve mineral exploration success rates.,"['Using our AI-driven mineral systems models, we pinpoint critical processes needed to form large mineral deposits.', 'Our main goal is to significantly increase exploration success rates']",2025-01-10T13:47:09.563182,Equivest Metals,0.0,0.0,0.0,0,0,Error,
Equivest Metals,p,https://www.equivestmetals.com/Services,Services | Regional Prospectivity Study,"Find out how our Regional Prospectivty Study can transform your exploration strategy and lead to your next discovery.  We offer spectral and hyperspectral data processing, AI bedrock maps, mineral system driven prospectivity maps.
",['What does regional\xa0\nprospectivity study include ?'],2025-01-10T13:47:09.929653,Equivest Metals,0.0,0.0,0.0,0,0,Other,equivest metals
Home,p,https://www.equivestmetals.com/Services,Services | Regional Prospectivity Study,"Find out how our Regional Prospectivty Study can transform your exploration strategy and lead to your next discovery.  We offer spectral and hyperspectral data processing, AI bedrock maps, mineral system driven prospectivity maps.
",['What does regional\xa0\nprospectivity study include ?'],2025-01-10T13:47:09.929662,Equivest Metals,0.0,0.0,0.0,0,0,Other,home
Services,p,https://www.equivestmetals.com/Services,Services | Regional Prospectivity Study,"Find out how our Regional Prospectivty Study can transform your exploration strategy and lead to your next discovery.  We offer spectral and hyperspectral data processing, AI bedrock maps, mineral system driven prospectivity maps.
",['What does regional\xa0\nprospectivity study include ?'],2025-01-10T13:47:09.929664,Equivest Metals,0.0,0.0,0.0,0,0,Other,services
Contact,p,https://www.equivestmetals.com/Services,Services | Regional Prospectivity Study,"Find out how our Regional Prospectivty Study can transform your exploration strategy and lead to your next discovery.  We offer spectral and hyperspectral data processing, AI bedrock maps, mineral system driven prospectivity maps.
",['What does regional\xa0\nprospectivity study include ?'],2025-01-10T13:47:09.929665,Equivest Metals,0.0,0.0,0.0,0,0,Other,contact
Blog,p,https://www.equivestmetals.com/Services,Services | Regional Prospectivity Study,"Find out how our Regional Prospectivty Study can transform your exploration strategy and lead to your next discovery.  We offer spectral and hyperspectral data processing, AI bedrock maps, mineral system driven prospectivity maps.
",['What does regional\xa0\nprospectivity study include ?'],2025-01-10T13:47:09.929666,Equivest Metals,0.0,0.0,0.0,0,0,Other,blog
More,p,https://www.equivestmetals.com/Services,Services | Regional Prospectivity Study,"Find out how our Regional Prospectivty Study can transform your exploration strategy and lead to your next discovery.  We offer spectral and hyperspectral data processing, AI bedrock maps, mineral system driven prospectivity maps.
",['What does regional\xa0\nprospectivity study include ?'],2025-01-10T13:47:09.929668,Equivest Metals,0.0,0.0,0.0,0,0,Other,more
"What does regional 
prospectivity study include ?",h1,https://www.equivestmetals.com/Services,Services | Regional Prospectivity Study,"Find out how our Regional Prospectivty Study can transform your exploration strategy and lead to your next discovery.  We offer spectral and hyperspectral data processing, AI bedrock maps, mineral system driven prospectivity maps.
",['What does regional\xa0\nprospectivity study include ?'],2025-01-10T13:47:09.929669,Equivest Metals,0.0,0.0,0.0,0,0,Other,what does regional prospectivity study include
Discover Our Expertise,p,https://www.equivestmetals.com/Services,Services | Regional Prospectivity Study,"Find out how our Regional Prospectivty Study can transform your exploration strategy and lead to your next discovery.  We offer spectral and hyperspectral data processing, AI bedrock maps, mineral system driven prospectivity maps.
",['What does regional\xa0\nprospectivity study include ?'],2025-01-10T13:47:09.929671,Equivest Metals,0.0,0.0,0.0,0,0,Other,discover our expertise
Data Compilation,p,https://www.equivestmetals.com/Services,Services | Regional Prospectivity Study,"Find out how our Regional Prospectivty Study can transform your exploration strategy and lead to your next discovery.  We offer spectral and hyperspectral data processing, AI bedrock maps, mineral system driven prospectivity maps.
",['What does regional\xa0\nprospectivity study include ?'],2025-01-10T13:47:09.929674,Equivest Metals,0.0,0.0,0.0,0,0,Other,data compilation
"Large, free datasets from geological surveys and remote sensing platforms are becoming more and more available. Small explorers often struggle to utilise these large datasets. We take care of this problem for you by incorporating all available data into our models.",p,https://www.equivestmetals.com/Services,Services | Regional Prospectivity Study,"Find out how our Regional Prospectivty Study can transform your exploration strategy and lead to your next discovery.  We offer spectral and hyperspectral data processing, AI bedrock maps, mineral system driven prospectivity maps.
",['What does regional\xa0\nprospectivity study include ?'],2025-01-10T13:47:09.929675,Equivest Metals,0.031000000000000014,0.3612,0.19610000000000002,0,0,Other,large free datasets from geological surveys and remote sensing platforms are becoming more and more available small explorers often struggle to utilise these large datasets we take care of this problem for you by incorporating all available data into our models
​,p,https://www.equivestmetals.com/Services,Services | Regional Prospectivity Study,"Find out how our Regional Prospectivty Study can transform your exploration strategy and lead to your next discovery.  We offer spectral and hyperspectral data processing, AI bedrock maps, mineral system driven prospectivity maps.
",['What does regional\xa0\nprospectivity study include ?'],2025-01-10T13:47:09.929677,Equivest Metals,0.0,0.0,0.0,0,0,Error,
​,p,https://www.equivestmetals.com/Services,Services | Regional Prospectivity Study,"Find out how our Regional Prospectivty Study can transform your exploration strategy and lead to your next discovery.  We offer spectral and hyperspectral data processing, AI bedrock maps, mineral system driven prospectivity maps.
",['What does regional\xa0\nprospectivity study include ?'],2025-01-10T13:47:09.929678,Equivest Metals,0.0,0.0,0.0,0,0,Error,
"Messy data in different formats?

We review your internal data and transform it into an analytics-friendly format, hassle-free for your team.",p,https://www.equivestmetals.com/Services,Services | Regional Prospectivity Study,"Find out how our Regional Prospectivty Study can transform your exploration strategy and lead to your next discovery.  We offer spectral and hyperspectral data processing, AI bedrock maps, mineral system driven prospectivity maps.
",['What does regional\xa0\nprospectivity study include ?'],2025-01-10T13:47:09.929680,Equivest Metals,-0.111,-0.3612,-0.2361,0,0,Other,messy data in different formats we review your internal data and transform it into an analyticsfriendly format hasslefree for your team
Hyperspectral and Multispectral Data,p,https://www.equivestmetals.com/Services,Services | Regional Prospectivity Study,"Find out how our Regional Prospectivty Study can transform your exploration strategy and lead to your next discovery.  We offer spectral and hyperspectral data processing, AI bedrock maps, mineral system driven prospectivity maps.
",['What does regional\xa0\nprospectivity study include ?'],2025-01-10T13:47:09.929682,Equivest Metals,0.0,0.0,0.0,0,0,Other,hyperspectral and multispectral data
"As part of the prospectivity study we generate continous multispectral and hyperspectral data merges for the AOI using public satellite datasets such as: ASTER, Sentinel 2, SAR, EMIT.",p,https://www.equivestmetals.com/Services,Services | Regional Prospectivity Study,"Find out how our Regional Prospectivty Study can transform your exploration strategy and lead to your next discovery.  We offer spectral and hyperspectral data processing, AI bedrock maps, mineral system driven prospectivity maps.
",['What does regional\xa0\nprospectivity study include ?'],2025-01-10T13:47:09.929683,Equivest Metals,0.0,0.0,0.0,0,0,Other,as part of the prospectivity study we generate continous multispectral and hyperspectral data merges for the aoi using public satellite datasets such as aster sentinel sar emit
We can perform detection of minerals and rock types using advanced AI algorithms to support the prospectivity study analyses.,p,https://www.equivestmetals.com/Services,Services | Regional Prospectivity Study,"Find out how our Regional Prospectivty Study can transform your exploration strategy and lead to your next discovery.  We offer spectral and hyperspectral data processing, AI bedrock maps, mineral system driven prospectivity maps.
",['What does regional\xa0\nprospectivity study include ?'],2025-01-10T13:47:09.929685,Equivest Metals,0.217,0.5719,0.39444999999999997,2,3,Value Proposition,we can perform detection of minerals and rock types using advanced ai algorithms to support the prospectivity study analyses
Mineral System Model,p,https://www.equivestmetals.com/Services,Services | Regional Prospectivity Study,"Find out how our Regional Prospectivty Study can transform your exploration strategy and lead to your next discovery.  We offer spectral and hyperspectral data processing, AI bedrock maps, mineral system driven prospectivity maps.
",['What does regional\xa0\nprospectivity study include ?'],2025-01-10T13:47:09.929686,Equivest Metals,0.0,0.0,0.0,0,0,Other,mineral system model
"We conduct comprehensive mineral system analyses across the region, producing individual maps of system elements and a combined Mineral System Model map.

Our workflow integrates insights from geologists, data analytics and AI generated layers.

We have developed mineral system frameworks for sedimentary copper, magmatic nickel-copper, orogenic gold, VMS, uranium deposits.",p,https://www.equivestmetals.com/Services,Services | Regional Prospectivity Study,"Find out how our Regional Prospectivty Study can transform your exploration strategy and lead to your next discovery.  We offer spectral and hyperspectral data processing, AI bedrock maps, mineral system driven prospectivity maps.
",['What does regional\xa0\nprospectivity study include ?'],2025-01-10T13:47:09.929689,Equivest Metals,0.04,0.25,0.145,3,4,Value Proposition,we conduct comprehensive mineral system analyses across the region producing individual maps of system elements and a combined mineral system model map our workflow integrates insights from geologists data analytics and ai generated layers we have developed mineral system frameworks for sedimentary copper magmatic nickelcopper orogenic gold vms uranium deposits
AI Bedrock Maps,p,https://www.equivestmetals.com/Services,Services | Regional Prospectivity Study,"Find out how our Regional Prospectivty Study can transform your exploration strategy and lead to your next discovery.  We offer spectral and hyperspectral data processing, AI bedrock maps, mineral system driven prospectivity maps.
",['What does regional\xa0\nprospectivity study include ?'],2025-01-10T13:47:09.929690,Equivest Metals,0.0,0.0,0.0,1,1,Balanced,ai bedrock maps
"We use AI to assist geologists, not replace them.
Our products include enhanced bedrock maps using geophysical, geochemical, and satellite data, especially useful in regions with sedimentary cover.

We can also do specialised studies: e.g. mapping important rock formation from single outcrop to the large regional area using AI powered techniques.",p,https://www.equivestmetals.com/Services,Services | Regional Prospectivity Study,"Find out how our Regional Prospectivty Study can transform your exploration strategy and lead to your next discovery.  We offer spectral and hyperspectral data processing, AI bedrock maps, mineral system driven prospectivity maps.
",['What does regional\xa0\nprospectivity study include ?'],2025-01-10T13:47:09.929692,Equivest Metals,0.092,0.6115,0.35175,1,1,Balanced,we use ai to assist geologists not replace them our products include enhanced bedrock maps using geophysical geochemical and satellite data especially useful in regions with sedimentary cover we can also do specialised studies eg mapping important rock formation from single outcrop to the large regional area using ai powered techniques
AI Prospectivity Maps,p,https://www.equivestmetals.com/Services,Services | Regional Prospectivity Study,"Find out how our Regional Prospectivty Study can transform your exploration strategy and lead to your next discovery.  We offer spectral and hyperspectral data processing, AI bedrock maps, mineral system driven prospectivity maps.
",['What does regional\xa0\nprospectivity study include ?'],2025-01-10T13:47:09.929694,Equivest Metals,0.0,0.0,0.0,1,1,Balanced,ai prospectivity maps
We extract insights from data to produce AI-generated prospectivity maps. We generate both Mineral System driven AI models and machine learning prospectivity products.,p,https://www.equivestmetals.com/Services,Services | Regional Prospectivity Study,"Find out how our Regional Prospectivty Study can transform your exploration strategy and lead to your next discovery.  We offer spectral and hyperspectral data processing, AI bedrock maps, mineral system driven prospectivity maps.
",['What does regional\xa0\nprospectivity study include ?'],2025-01-10T13:47:09.929695,Equivest Metals,0.0,0.0,0.0,1,1,Balanced,we extract insights from data to produce aigenerated prospectivity maps we generate both mineral system driven ai models and machine learning prospectivity products
Prospects Portfolio,p,https://www.equivestmetals.com/Services,Services | Regional Prospectivity Study,"Find out how our Regional Prospectivty Study can transform your exploration strategy and lead to your next discovery.  We offer spectral and hyperspectral data processing, AI bedrock maps, mineral system driven prospectivity maps.
",['What does regional\xa0\nprospectivity study include ?'],2025-01-10T13:47:09.929696,Equivest Metals,0.688,0.296,0.492,0,0,Other,prospects portfolio
We use a consistent workflow to generate and rank prospects using Mineral System and AI-driven models.,p,https://www.equivestmetals.com/Services,Services | Regional Prospectivity Study,"Find out how our Regional Prospectivty Study can transform your exploration strategy and lead to your next discovery.  We offer spectral and hyperspectral data processing, AI bedrock maps, mineral system driven prospectivity maps.
",['What does regional\xa0\nprospectivity study include ?'],2025-01-10T13:47:09.929698,Equivest Metals,0.136,0.296,0.216,0,0,Other,we use a consistent workflow to generate and rank prospects using mineral system and aidriven models
All data is delivered in your preferred format for easy integration into geospatial software and backed with prospectivity report.,p,https://www.equivestmetals.com/Services,Services | Regional Prospectivity Study,"Find out how our Regional Prospectivty Study can transform your exploration strategy and lead to your next discovery.  We offer spectral and hyperspectral data processing, AI bedrock maps, mineral system driven prospectivity maps.
",['What does regional\xa0\nprospectivity study include ?'],2025-01-10T13:47:09.929699,Equivest Metals,0.19,0.4588,0.3244,1,1,Balanced,all data is delivered in your preferred format for easy integration into geospatial software and backed with prospectivity report
We are here to help you ensure you always start with Tier 1 geology,h2,https://www.equivestmetals.com/Services,Services | Regional Prospectivity Study,"Find out how our Regional Prospectivty Study can transform your exploration strategy and lead to your next discovery.  We offer spectral and hyperspectral data processing, AI bedrock maps, mineral system driven prospectivity maps.
",['What does regional\xa0\nprospectivity study include ?'],2025-01-10T13:47:09.929702,Equivest Metals,0.325,0.6486,0.4868,1,1,Balanced,we are here to help you ensure you always start with tier geology
Contact us today to see how our Regional Prospectivty Study can transform your exploration strategy and lead to your next discovery.,p,https://www.equivestmetals.com/Services,Services | Regional Prospectivity Study,"Find out how our Regional Prospectivty Study can transform your exploration strategy and lead to your next discovery.  We offer spectral and hyperspectral data processing, AI bedrock maps, mineral system driven prospectivity maps.
",['What does regional\xa0\nprospectivity study include ?'],2025-01-10T13:47:09.929703,Equivest Metals,0.087,0.2263,0.15665,1,1,Balanced,contact us today to see how our regional prospectivty study can transform your exploration strategy and lead to your next discovery
Equivest Metals,h2,https://www.equivestmetals.com/Services,Services | Regional Prospectivity Study,"Find out how our Regional Prospectivty Study can transform your exploration strategy and lead to your next discovery.  We offer spectral and hyperspectral data processing, AI bedrock maps, mineral system driven prospectivity maps.
",['What does regional\xa0\nprospectivity study include ?'],2025-01-10T13:47:09.929706,Equivest Metals,0.0,0.0,0.0,0,0,Other,equivest metals
info@equivestmetals.com,p,https://www.equivestmetals.com/Services,Services | Regional Prospectivity Study,"Find out how our Regional Prospectivty Study can transform your exploration strategy and lead to your next discovery.  We offer spectral and hyperspectral data processing, AI bedrock maps, mineral system driven prospectivity maps.
",['What does regional\xa0\nprospectivity study include ?'],2025-01-10T13:47:09.929708,Equivest Metals,0.0,0.0,0.0,0,0,Other,infoequivestmetalscom
+ 47 454 17 716,p,https://www.equivestmetals.com/Services,Services | Regional Prospectivity Study,"Find out how our Regional Prospectivty Study can transform your exploration strategy and lead to your next discovery.  We offer spectral and hyperspectral data processing, AI bedrock maps, mineral system driven prospectivity maps.
",['What does regional\xa0\nprospectivity study include ?'],2025-01-10T13:47:09.929709,Equivest Metals,0.0,0.0,0.0,0,0,Error,
"Disclaimer
The information provided on this website is for general informational purposes only. All content is provided in good faith; however, we make no warranty of any kind regarding the accuracy, adequacy, validity, or completeness of any information.",p,https://www.equivestmetals.com/Services,Services | Regional Prospectivity Study,"Find out how our Regional Prospectivty Study can transform your exploration strategy and lead to your next discovery.  We offer spectral and hyperspectral data processing, AI bedrock maps, mineral system driven prospectivity maps.
",['What does regional\xa0\nprospectivity study include ?'],2025-01-10T13:47:09.929711,Equivest Metals,0.15200000000000002,0.7845,0.46825,0,1,Value Proposition,disclaimer the information provided on this website is for general informational purposes only all content is provided in good faith however we make no warranty of any kind regarding the accuracy adequacy validity or completeness of any information
​,p,https://www.equivestmetals.com/Services,Services | Regional Prospectivity Study,"Find out how our Regional Prospectivty Study can transform your exploration strategy and lead to your next discovery.  We offer spectral and hyperspectral data processing, AI bedrock maps, mineral system driven prospectivity maps.
",['What does regional\xa0\nprospectivity study include ?'],2025-01-10T13:47:09.929712,Equivest Metals,0.0,0.0,0.0,0,0,Error,
"Privacy Policy
We value your privacy and are committed to protecting any personal information collected through our website. This Privacy Policy explains how we collect, use, and store your data. We collect personal information such as your name and email address when you sign up for our newsletter. This information helps us to send you relevant updates and information about our services. Your data is used solely for the purpose of sending our newsletter and improving our services. We do not share or sell your information to third parties unless required by law. You can unsubscribe from our newsletter at any time using the unsubscribe link provided in each email or by contacting us directly.",p,https://www.equivestmetals.com/Services,Services | Regional Prospectivity Study,"Find out how our Regional Prospectivty Study can transform your exploration strategy and lead to your next discovery.  We offer spectral and hyperspectral data processing, AI bedrock maps, mineral system driven prospectivity maps.
",['What does regional\xa0\nprospectivity study include ?'],2025-01-10T13:47:09.929714,Equivest Metals,0.087,0.8661,0.47655,0,0,Other,privacy policy we value your privacy and are committed to protecting any personal information collected through our website this privacy policy explains how we collect use and store your data we collect personal information such as your name and email address when you sign up for our newsletter this information helps us to send you relevant updates and information about our services your data is used solely for the purpose of sending our newsletter and improving our services we do not share or sell your information to third parties unless required by law you can unsubscribe from our newsletter at any time using the unsubscribe link provided in each email or by contacting us directly
​,p,https://www.equivestmetals.com/Services,Services | Regional Prospectivity Study,"Find out how our Regional Prospectivty Study can transform your exploration strategy and lead to your next discovery.  We offer spectral and hyperspectral data processing, AI bedrock maps, mineral system driven prospectivity maps.
",['What does regional\xa0\nprospectivity study include ?'],2025-01-10T13:47:09.929716,Equivest Metals,0.0,0.0,0.0,0,0,Error,
"Copyright Notice
© 2024 Equivest Metals. All Rights Reserved. Unauthorized use or duplication of this material without express permission from this site’s owner is strictly prohibited.",p,https://www.equivestmetals.com/Services,Services | Regional Prospectivity Study,"Find out how our Regional Prospectivty Study can transform your exploration strategy and lead to your next discovery.  We offer spectral and hyperspectral data processing, AI bedrock maps, mineral system driven prospectivity maps.
",['What does regional\xa0\nprospectivity study include ?'],2025-01-10T13:47:09.929717,Equivest Metals,0.0,0.0,0.0,0,0,Other,copyright notice equivest metals all rights reserved unauthorized use or duplication of this material without express permission from this sites owner is strictly prohibited
​,p,https://www.equivestmetals.com/Services,Services | Regional Prospectivity Study,"Find out how our Regional Prospectivty Study can transform your exploration strategy and lead to your next discovery.  We offer spectral and hyperspectral data processing, AI bedrock maps, mineral system driven prospectivity maps.
",['What does regional\xa0\nprospectivity study include ?'],2025-01-10T13:47:09.929719,Equivest Metals,0.0,0.0,0.0,0,0,Error,
"Intellectual Property
All trademarks, logos, and service marks displayed on this site are the property of their respective owners.",p,https://www.equivestmetals.com/Services,Services | Regional Prospectivity Study,"Find out how our Regional Prospectivty Study can transform your exploration strategy and lead to your next discovery.  We offer spectral and hyperspectral data processing, AI bedrock maps, mineral system driven prospectivity maps.
",['What does regional\xa0\nprospectivity study include ?'],2025-01-10T13:47:09.929720,Equivest Metals,0.264,0.7269,0.49545,0,0,Other,intellectual property all trademarks logos and service marks displayed on this site are the property of their respective owners
​,p,https://www.equivestmetals.com/Services,Services | Regional Prospectivity Study,"Find out how our Regional Prospectivty Study can transform your exploration strategy and lead to your next discovery.  We offer spectral and hyperspectral data processing, AI bedrock maps, mineral system driven prospectivity maps.
",['What does regional\xa0\nprospectivity study include ?'],2025-01-10T13:47:09.929723,Equivest Metals,0.0,0.0,0.0,0,0,Error,
"Liability Limitation
In no event will Equivest Metals will be liable for any loss or damage arising out of or in connection with the use of this website.",p,https://www.equivestmetals.com/Services,Services | Regional Prospectivity Study,"Find out how our Regional Prospectivty Study can transform your exploration strategy and lead to your next discovery.  We offer spectral and hyperspectral data processing, AI bedrock maps, mineral system driven prospectivity maps.
",['What does regional\xa0\nprospectivity study include ?'],2025-01-10T13:47:09.929727,Equivest Metals,-0.337,-0.8658,-0.6014,0,0,Other,liability limitation in no event will equivest metals will be liable for any loss or damage arising out of or in connection with the use of this website
​​,p,https://www.equivestmetals.com/Services,Services | Regional Prospectivity Study,"Find out how our Regional Prospectivty Study can transform your exploration strategy and lead to your next discovery.  We offer spectral and hyperspectral data processing, AI bedrock maps, mineral system driven prospectivity maps.
",['What does regional\xa0\nprospectivity study include ?'],2025-01-10T13:47:09.929729,Equivest Metals,0.0,0.0,0.0,0,0,Error,
Equivest Metals,p,https://www.equivestmetals.com/blog,Geological Insights Blog | Equivest Metals,"Stay updated with the latest trends and insights in mineral systems, geological data, AI mapping technologies, and mineral exploration from the experts at Equivest Metals.",[],2025-01-10T13:47:10.211370,Equivest Metals,0.0,0.0,0.0,0,0,Other,equivest metals
Home,p,https://www.equivestmetals.com/blog,Geological Insights Blog | Equivest Metals,"Stay updated with the latest trends and insights in mineral systems, geological data, AI mapping technologies, and mineral exploration from the experts at Equivest Metals.",[],2025-01-10T13:47:10.211381,Equivest Metals,0.0,0.0,0.0,0,0,Other,home
Services,p,https://www.equivestmetals.com/blog,Geological Insights Blog | Equivest Metals,"Stay updated with the latest trends and insights in mineral systems, geological data, AI mapping technologies, and mineral exploration from the experts at Equivest Metals.",[],2025-01-10T13:47:10.211383,Equivest Metals,0.0,0.0,0.0,0,0,Other,services
Contact,p,https://www.equivestmetals.com/blog,Geological Insights Blog | Equivest Metals,"Stay updated with the latest trends and insights in mineral systems, geological data, AI mapping technologies, and mineral exploration from the experts at Equivest Metals.",[],2025-01-10T13:47:10.211384,Equivest Metals,0.0,0.0,0.0,0,0,Other,contact
Blog,p,https://www.equivestmetals.com/blog,Geological Insights Blog | Equivest Metals,"Stay updated with the latest trends and insights in mineral systems, geological data, AI mapping technologies, and mineral exploration from the experts at Equivest Metals.",[],2025-01-10T13:47:10.211386,Equivest Metals,0.0,0.0,0.0,0,0,Other,blog
More,p,https://www.equivestmetals.com/blog,Geological Insights Blog | Equivest Metals,"Stay updated with the latest trends and insights in mineral systems, geological data, AI mapping technologies, and mineral exploration from the experts at Equivest Metals.",[],2025-01-10T13:47:10.211387,Equivest Metals,0.0,0.0,0.0,0,0,Other,more
How can we use AI to map bedrock?,h2,https://www.equivestmetals.com/blog,Geological Insights Blog | Equivest Metals,"Stay updated with the latest trends and insights in mineral systems, geological data, AI mapping technologies, and mineral exploration from the experts at Equivest Metals.",[],2025-01-10T13:47:10.211389,Equivest Metals,0.0,0.0,0.0,1,1,Balanced,how can we use ai to map bedrock
Innovative Feature Engineering - a critical step to connecting Mineral Systems with AI Prospectivity Models.,h2,https://www.equivestmetals.com/blog,Geological Insights Blog | Equivest Metals,"Stay updated with the latest trends and insights in mineral systems, geological data, AI mapping technologies, and mineral exploration from the experts at Equivest Metals.",[],2025-01-10T13:47:10.211391,Equivest Metals,0.037000000000000005,0.1531,0.09505000000000001,1,2,Value Proposition,innovative feature engineering a critical step to connecting mineral systems with ai prospectivity models
How to leverage AI in Mineral Exploration workflows,h2,https://www.equivestmetals.com/blog,Geological Insights Blog | Equivest Metals,"Stay updated with the latest trends and insights in mineral systems, geological data, AI mapping technologies, and mineral exploration from the experts at Equivest Metals.",[],2025-01-10T13:47:10.211392,Equivest Metals,0.213,0.2263,0.21965,2,2,Balanced,how to leverage ai in mineral exploration workflows
Equivest Metals,h2,https://www.equivestmetals.com/blog,Geological Insights Blog | Equivest Metals,"Stay updated with the latest trends and insights in mineral systems, geological data, AI mapping technologies, and mineral exploration from the experts at Equivest Metals.",[],2025-01-10T13:47:10.211394,Equivest Metals,0.0,0.0,0.0,0,0,Other,equivest metals
info@equivestmetals.com,p,https://www.equivestmetals.com/blog,Geological Insights Blog | Equivest Metals,"Stay updated with the latest trends and insights in mineral systems, geological data, AI mapping technologies, and mineral exploration from the experts at Equivest Metals.",[],2025-01-10T13:47:10.211395,Equivest Metals,0.0,0.0,0.0,0,0,Other,infoequivestmetalscom
+ 47 454 17 716,p,https://www.equivestmetals.com/blog,Geological Insights Blog | Equivest Metals,"Stay updated with the latest trends and insights in mineral systems, geological data, AI mapping technologies, and mineral exploration from the experts at Equivest Metals.",[],2025-01-10T13:47:10.211397,Equivest Metals,0.0,0.0,0.0,0,0,Error,
"Disclaimer
The information provided on this website is for general informational purposes only. All content is provided in good faith; however, we make no warranty of any kind regarding the accuracy, adequacy, validity, or completeness of any information.",p,https://www.equivestmetals.com/blog,Geological Insights Blog | Equivest Metals,"Stay updated with the latest trends and insights in mineral systems, geological data, AI mapping technologies, and mineral exploration from the experts at Equivest Metals.",[],2025-01-10T13:47:10.211399,Equivest Metals,0.15200000000000002,0.7845,0.46825,0,1,Value Proposition,disclaimer the information provided on this website is for general informational purposes only all content is provided in good faith however we make no warranty of any kind regarding the accuracy adequacy validity or completeness of any information
​,p,https://www.equivestmetals.com/blog,Geological Insights Blog | Equivest Metals,"Stay updated with the latest trends and insights in mineral systems, geological data, AI mapping technologies, and mineral exploration from the experts at Equivest Metals.",[],2025-01-10T13:47:10.211401,Equivest Metals,0.0,0.0,0.0,0,0,Error,
"Privacy Policy
We value your privacy and are committed to protecting any personal information collected through our website. This Privacy Policy explains how we collect, use, and store your data. We collect personal information such as your name and email address when you sign up for our newsletter. This information helps us to send you relevant updates and information about our services. Your data is used solely for the purpose of sending our newsletter and improving our services. We do not share or sell your information to third parties unless required by law. You can unsubscribe from our newsletter at any time using the unsubscribe link provided in each email or by contacting us directly.",p,https://www.equivestmetals.com/blog,Geological Insights Blog | Equivest Metals,"Stay updated with the latest trends and insights in mineral systems, geological data, AI mapping technologies, and mineral exploration from the experts at Equivest Metals.",[],2025-01-10T13:47:10.211404,Equivest Metals,0.087,0.8661,0.47655,0,0,Other,privacy policy we value your privacy and are committed to protecting any personal information collected through our website this privacy policy explains how we collect use and store your data we collect personal information such as your name and email address when you sign up for our newsletter this information helps us to send you relevant updates and information about our services your data is used solely for the purpose of sending our newsletter and improving our services we do not share or sell your information to third parties unless required by law you can unsubscribe from our newsletter at any time using the unsubscribe link provided in each email or by contacting us directly
​,p,https://www.equivestmetals.com/blog,Geological Insights Blog | Equivest Metals,"Stay updated with the latest trends and insights in mineral systems, geological data, AI mapping technologies, and mineral exploration from the experts at Equivest Metals.",[],2025-01-10T13:47:10.211405,Equivest Metals,0.0,0.0,0.0,0,0,Error,
"Copyright Notice
© 2024 Equivest Metals. All Rights Reserved. Unauthorized use or duplication of this material without express permission from this site’s owner is strictly prohibited.",p,https://www.equivestmetals.com/blog,Geological Insights Blog | Equivest Metals,"Stay updated with the latest trends and insights in mineral systems, geological data, AI mapping technologies, and mineral exploration from the experts at Equivest Metals.",[],2025-01-10T13:47:10.211408,Equivest Metals,0.0,0.0,0.0,0,0,Other,copyright notice equivest metals all rights reserved unauthorized use or duplication of this material without express permission from this sites owner is strictly prohibited
​,p,https://www.equivestmetals.com/blog,Geological Insights Blog | Equivest Metals,"Stay updated with the latest trends and insights in mineral systems, geological data, AI mapping technologies, and mineral exploration from the experts at Equivest Metals.",[],2025-01-10T13:47:10.211409,Equivest Metals,0.0,0.0,0.0,0,0,Error,
"Intellectual Property
All trademarks, logos, and service marks displayed on this site are the property of their respective owners.",p,https://www.equivestmetals.com/blog,Geological Insights Blog | Equivest Metals,"Stay updated with the latest trends and insights in mineral systems, geological data, AI mapping technologies, and mineral exploration from the experts at Equivest Metals.",[],2025-01-10T13:47:10.211411,Equivest Metals,0.264,0.7269,0.49545,0,0,Other,intellectual property all trademarks logos and service marks displayed on this site are the property of their respective owners
​,p,https://www.equivestmetals.com/blog,Geological Insights Blog | Equivest Metals,"Stay updated with the latest trends and insights in mineral systems, geological data, AI mapping technologies, and mineral exploration from the experts at Equivest Metals.",[],2025-01-10T13:47:10.211412,Equivest Metals,0.0,0.0,0.0,0,0,Error,
"Liability Limitation
In no event will Equivest Metals will be liable for any loss or damage arising out of or in connection with the use of this website.",p,https://www.equivestmetals.com/blog,Geological Insights Blog | Equivest Metals,"Stay updated with the latest trends and insights in mineral systems, geological data, AI mapping technologies, and mineral exploration from the experts at Equivest Metals.",[],2025-01-10T13:47:10.211414,Equivest Metals,-0.337,-0.8658,-0.6014,0,0,Other,liability limitation in no event will equivest metals will be liable for any loss or damage arising out of or in connection with the use of this website
​​,p,https://www.equivestmetals.com/blog,Geological Insights Blog | Equivest Metals,"Stay updated with the latest trends and insights in mineral systems, geological data, AI mapping technologies, and mineral exploration from the experts at Equivest Metals.",[],2025-01-10T13:47:10.211416,Equivest Metals,0.0,0.0,0.0,0,0,Error,
Equivest Metals,p,https://www.equivestmetals.com/post/what-could-the-next-decade-s-discoveries-look-like,What could the next decade's discoveries look like ?,,"[""What could the next decade's discoveries look like ?""]",2025-01-10T13:47:10.471859,Equivest Metals,0.0,0.0,0.0,0,0,Other,equivest metals
Home,p,https://www.equivestmetals.com/post/what-could-the-next-decade-s-discoveries-look-like,What could the next decade's discoveries look like ?,,"[""What could the next decade's discoveries look like ?""]",2025-01-10T13:47:10.471868,Equivest Metals,0.0,0.0,0.0,0,0,Other,home
Services,p,https://www.equivestmetals.com/post/what-could-the-next-decade-s-discoveries-look-like,What could the next decade's discoveries look like ?,,"[""What could the next decade's discoveries look like ?""]",2025-01-10T13:47:10.471870,Equivest Metals,0.0,0.0,0.0,0,0,Other,services
Contact,p,https://www.equivestmetals.com/post/what-could-the-next-decade-s-discoveries-look-like,What could the next decade's discoveries look like ?,,"[""What could the next decade's discoveries look like ?""]",2025-01-10T13:47:10.471871,Equivest Metals,0.0,0.0,0.0,0,0,Other,contact
Blog,p,https://www.equivestmetals.com/post/what-could-the-next-decade-s-discoveries-look-like,What could the next decade's discoveries look like ?,,"[""What could the next decade's discoveries look like ?""]",2025-01-10T13:47:10.471873,Equivest Metals,0.0,0.0,0.0,0,0,Other,blog
More,p,https://www.equivestmetals.com/post/what-could-the-next-decade-s-discoveries-look-like,What could the next decade's discoveries look like ?,,"[""What could the next decade's discoveries look like ?""]",2025-01-10T13:47:10.471874,Equivest Metals,0.0,0.0,0.0,0,0,Other,more
What could the next decade's discoveries look like ?,h1,https://www.equivestmetals.com/post/what-could-the-next-decade-s-discoveries-look-like,What could the next decade's discoveries look like ?,,"[""What could the next decade's discoveries look like ?""]",2025-01-10T13:47:10.471876,Equivest Metals,0.263,0.3612,0.31210000000000004,0,0,Other,what could the next decades discoveries look like
"Updated: Jun 17, 2024",p,https://www.equivestmetals.com/post/what-could-the-next-decade-s-discoveries-look-like,What could the next decade's discoveries look like ?,,"[""What could the next decade's discoveries look like ?""]",2025-01-10T13:47:10.471878,Equivest Metals,0.0,0.0,0.0,0,0,Other,updated jun
Introduction,h2,https://www.equivestmetals.com/post/what-could-the-next-decade-s-discoveries-look-like,What could the next decade's discoveries look like ?,,"[""What could the next decade's discoveries look like ?""]",2025-01-10T13:47:10.471880,Equivest Metals,0.0,0.0,0.0,0,0,Other,introduction
"At the recent Deutsche Goldmesse conference, Joanna from Equivest had the opportunity to deliver a keynote on the future of mining exploration. In Equivest, we are at the forefront of integrating technological innovations into mining. This blog post captures the key points from the keynote, highlighting the challenges and opportunities in the mining industry.",p,https://www.equivestmetals.com/post/what-could-the-next-decade-s-discoveries-look-like,What could the next decade's discoveries look like ?,,"[""What could the next decade's discoveries look like ?""]",2025-01-10T13:47:10.471882,Equivest Metals,0.149,0.765,0.457,1,1,Balanced,at the recent deutsche goldmesse conference joanna from equivest had the opportunity to deliver a keynote on the future of mining exploration in equivest we are at the forefront of integrating technological innovations into mining this blog post captures the key points from the keynote highlighting the challenges and opportunities in the mining industry
The State of Mineral Exploration,h2,https://www.equivestmetals.com/post/what-could-the-next-decade-s-discoveries-look-like,What could the next decade's discoveries look like ?,,"[""What could the next decade's discoveries look like ?""]",2025-01-10T13:47:10.471884,Equivest Metals,0.322,0.2263,0.27415,1,1,Balanced,the state of mineral exploration
"Despite its critical role, early-stage exploration is significantly underfunded. This stage yields the largest discoveries, yet it receives the least investment. The mining industry spends approximately $14 billion annually on exploration, with a success rate of only 1 in 1000, compared to a 1 in 3 success rate in the oil and gas sector.",p,https://www.equivestmetals.com/post/what-could-the-next-decade-s-discoveries-look-like,What could the next decade's discoveries look like ?,,"[""What could the next decade's discoveries look like ?""]",2025-01-10T13:47:10.471885,Equivest Metals,0.239,0.9034,0.5711999999999999,1,1,Balanced,despite its critical role earlystage exploration is significantly underfunded this stage yields the largest discoveries yet it receives the least investment the mining industry spends approximately billion annually on exploration with a success rate of only in compared to a in success rate in the oil and gas sector
Strategies for Improvement,h2,https://www.equivestmetals.com/post/what-could-the-next-decade-s-discoveries-look-like,What could the next decade's discoveries look like ?,,"[""What could the next decade's discoveries look like ?""]",2025-01-10T13:47:10.471889,Equivest Metals,0.6,0.4588,0.5294,0,0,Other,strategies for improvement
"To enhance the success rate in mining exploration, three key areas need to be focused on: People, Processes, and Property.",p,https://www.equivestmetals.com/post/what-could-the-next-decade-s-discoveries-look-like,What could the next decade's discoveries look like ?,,"[""What could the next decade's discoveries look like ?""]",2025-01-10T13:47:10.471891,Equivest Metals,0.325,0.802,0.5635,1,1,Balanced,to enhance the success rate in mining exploration three key areas need to be focused on people processes and property
People: The expertise and innovative thinking of the team are crucial. Employing talented individuals who can think creatively and challenge existing paradigms is essential.,p,https://www.equivestmetals.com/post/what-could-the-next-decade-s-discoveries-look-like,What could the next decade's discoveries look like ?,,"[""What could the next decade's discoveries look like ?""]",2025-01-10T13:47:10.471893,Equivest Metals,0.333,0.8402,0.5866,0,1,Value Proposition,people the expertise and innovative thinking of the team are crucial employing talented individuals who can think creatively and challenge existing paradigms is essential
Processes: Utilizing efficient and modern exploration techniques can significantly improve outcomes. This includes integrating advanced data analysis methods and innovative technologies.,p,https://www.equivestmetals.com/post/what-could-the-next-decade-s-discoveries-look-like,What could the next decade's discoveries look like ?,,"[""What could the next decade's discoveries look like ?""]",2025-01-10T13:47:10.471895,Equivest Metals,0.439,0.8885,0.66375,1,4,Value Proposition,processes utilizing efficient and modern exploration techniques can significantly improve outcomes this includes integrating advanced data analysis methods and innovative technologies
Property: Securing exploration sites is with Tier 1 geology is a must. Better identifying areas with high potential for significant discoveries is what we need to move the needle on discovery rates.,p,https://www.equivestmetals.com/post/what-could-the-next-decade-s-discoveries-look-like,What could the next decade's discoveries look like ?,,"[""What could the next decade's discoveries look like ?""]",2025-01-10T13:47:10.471897,Equivest Metals,0.255,0.7845,0.5197499999999999,2,2,Balanced,property securing exploration sites is with tier geology is a must better identifying areas with high potential for significant discoveries is what we need to move the needle on discovery rates
Integrating Data Science in Mining,h2,https://www.equivestmetals.com/post/what-could-the-next-decade-s-discoveries-look-like,What could the next decade's discoveries look like ?,,"[""What could the next decade's discoveries look like ?""]",2025-01-10T13:47:10.471900,Equivest Metals,0.0,0.0,0.0,0,0,Other,integrating data science in mining
"One of the most transformative elements in modern mining exploration is the integration of data science. Machine learning and AI are being used to process large geological datasets more efficiently. While these technologies are not a silver bullet, they are powerful tools that, when combined with traditional methods, can significantly enhance exploration efforts.",p,https://www.equivestmetals.com/post/what-could-the-next-decade-s-discoveries-look-like,What could the next decade's discoveries look like ?,,"[""What could the next decade's discoveries look like ?""]",2025-01-10T13:47:10.471902,Equivest Metals,0.167,0.8221,0.49455000000000005,2,4,Value Proposition,one of the most transformative elements in modern mining exploration is the integration of data science machine learning and ai are being used to process large geological datasets more efficiently while these technologies are not a silver bullet they are powerful tools that when combined with traditional methods can significantly enhance exploration efforts
"For example, in 2022, Equivest conducted a nickel exploration study in Australia. Out of 60 prospects drilled that year, only four were found to be promising, leading to one small discovery. This highlights the importance of using mineral systems and data driven approaches to focus on high-potential areas.",p,https://www.equivestmetals.com/post/what-could-the-next-decade-s-discoveries-look-like,What could the next decade's discoveries look like ?,,"[""What could the next decade's discoveries look like ?""]",2025-01-10T13:47:10.471904,Equivest Metals,0.185,0.8074,0.4962,1,2,Value Proposition,for example in equivest conducted a nickel exploration study in australia out of prospects drilled that year only four were found to be promising leading to one small discovery this highlights the importance of using mineral systems and data driven approaches to focus on highpotential areas
Focus on Mineral Systems,h2,https://www.equivestmetals.com/post/what-could-the-next-decade-s-discoveries-look-like,What could the next decade's discoveries look like ?,,"[""What could the next decade's discoveries look like ?""]",2025-01-10T13:47:10.471906,Equivest Metals,0.0,0.0,0.0,0,0,Other,focus on mineral systems
"Understanding mineral systems is another critical aspect of successful mining exploration. Geological processes can predict the locations of deposits. For instance, high-grade copper porphyries are typically found in areas with thick crusts, like the Andes, while thinner crusts, like those in British Columbia, are more favorable for gold deposits. This knowledge helps target the right areas for exploration.",p,https://www.equivestmetals.com/post/what-could-the-next-decade-s-discoveries-look-like,What could the next decade's discoveries look like ?,,"[""What could the next decade's discoveries look like ?""]",2025-01-10T13:47:10.471908,Equivest Metals,0.23,0.9359,0.58295,2,2,Balanced,understanding mineral systems is another critical aspect of successful mining exploration geological processes can predict the locations of deposits for instance highgrade copper porphyries are typically found in areas with thick crusts like the andes while thinner crusts like those in british columbia are more favorable for gold deposits this knowledge helps target the right areas for exploration
The Future of Mineral Exploration,h2,https://www.equivestmetals.com/post/what-could-the-next-decade-s-discoveries-look-like,What could the next decade's discoveries look like ?,,"[""What could the next decade's discoveries look like ?""]",2025-01-10T13:47:10.471909,Equivest Metals,0.322,0.2263,0.27415,1,1,Balanced,the future of mineral exploration
"Looking ahead, the need for better funding allocation and innovative thinking in the mining industry is evident. Despite a challenging year with fewer discoveries, regions like Australia have shown significant potential. By focusing on the three key areas—People, Processes, and Property—and integrating advanced technologies, the mining industry can improve its success rates and drive future discoveries.",p,https://www.equivestmetals.com/post/what-could-the-next-decade-s-discoveries-look-like,What could the next decade's discoveries look like ?,,"[""What could the next decade's discoveries look like ?""]",2025-01-10T13:47:10.471912,Equivest Metals,0.257,0.9456,0.6013,0,2,Value Proposition,looking ahead the need for better funding allocation and innovative thinking in the mining industry is evident despite a challenging year with fewer discoveries regions like australia have shown significant potential by focusing on the three key areaspeople processes and propertyand integrating advanced technologies the mining industry can improve its success rates and drive future discoveries
Q&A,h2,https://www.equivestmetals.com/post/what-could-the-next-decade-s-discoveries-look-like,What could the next decade's discoveries look like ?,,"[""What could the next decade's discoveries look like ?""]",2025-01-10T13:47:10.471914,Equivest Metals,0.0,0.0,0.0,0,0,Other,qa
"During the Q&A session, several questions were addressed:",p,https://www.equivestmetals.com/post/what-could-the-next-decade-s-discoveries-look-like,What could the next decade's discoveries look like ?,,"[""What could the next decade's discoveries look like ?""]",2025-01-10T13:47:10.471916,Equivest Metals,0.0,0.0,0.0,0,0,Other,during the qa session several questions were addressed
AI in Exploration: AI has not yet led to major discoveries but is improving efficiency and data analysis capabilities.,p,https://www.equivestmetals.com/post/what-could-the-next-decade-s-discoveries-look-like,What could the next decade's discoveries look like ?,,"[""What could the next decade's discoveries look like ?""]",2025-01-10T13:47:10.471918,Equivest Metals,0.344,0.8126,0.5783,2,3,Value Proposition,ai in exploration ai has not yet led to major discoveries but is improving efficiency and data analysis capabilities
Effective Exploration Methods: Emerging technologies like passive seismic and autonomous soil-sampling robots are promising innovations for mineral exploration.,p,https://www.equivestmetals.com/post/what-could-the-next-decade-s-discoveries-look-like,What could the next decade's discoveries look like ?,,"[""What could the next decade's discoveries look like ?""]",2025-01-10T13:47:10.471920,Equivest Metals,0.537,0.8979,0.71745,2,3,Value Proposition,effective exploration methods emerging technologies like passive seismic and autonomous soilsampling robots are promising innovations for mineral exploration
Recent Posts,h2,https://www.equivestmetals.com/post/what-could-the-next-decade-s-discoveries-look-like,What could the next decade's discoveries look like ?,,"[""What could the next decade's discoveries look like ?""]",2025-01-10T13:47:10.471922,Equivest Metals,0.0,0.0,0.0,0,0,Other,recent posts
How can we use AI to map bedrock?,p,https://www.equivestmetals.com/post/what-could-the-next-decade-s-discoveries-look-like,What could the next decade's discoveries look like ?,,"[""What could the next decade's discoveries look like ?""]",2025-01-10T13:47:10.471923,Equivest Metals,0.0,0.0,0.0,1,1,Balanced,how can we use ai to map bedrock
Innovative Feature Engineering - a critical step to connecting Mineral Systems with AI Prospectivity Models.,p,https://www.equivestmetals.com/post/what-could-the-next-decade-s-discoveries-look-like,What could the next decade's discoveries look like ?,,"[""What could the next decade's discoveries look like ?""]",2025-01-10T13:47:10.471925,Equivest Metals,0.037000000000000005,0.1531,0.09505000000000001,1,2,Value Proposition,innovative feature engineering a critical step to connecting mineral systems with ai prospectivity models
How to leverage AI in Mineral Exploration workflows,p,https://www.equivestmetals.com/post/what-could-the-next-decade-s-discoveries-look-like,What could the next decade's discoveries look like ?,,"[""What could the next decade's discoveries look like ?""]",2025-01-10T13:47:10.471926,Equivest Metals,0.213,0.2263,0.21965,2,2,Balanced,how to leverage ai in mineral exploration workflows
Equivest Metals,h2,https://www.equivestmetals.com/post/what-could-the-next-decade-s-discoveries-look-like,What could the next decade's discoveries look like ?,,"[""What could the next decade's discoveries look like ?""]",2025-01-10T13:47:10.471928,Equivest Metals,0.0,0.0,0.0,0,0,Other,equivest metals
info@equivestmetals.com,p,https://www.equivestmetals.com/post/what-could-the-next-decade-s-discoveries-look-like,What could the next decade's discoveries look like ?,,"[""What could the next decade's discoveries look like ?""]",2025-01-10T13:47:10.471929,Equivest Metals,0.0,0.0,0.0,0,0,Other,infoequivestmetalscom
+ 47 454 17 716,p,https://www.equivestmetals.com/post/what-could-the-next-decade-s-discoveries-look-like,What could the next decade's discoveries look like ?,,"[""What could the next decade's discoveries look like ?""]",2025-01-10T13:47:10.471931,Equivest Metals,0.0,0.0,0.0,0,0,Error,
"Disclaimer
The information provided on this website is for general informational purposes only. All content is provided in good faith; however, we make no warranty of any kind regarding the accuracy, adequacy, validity, or completeness of any information.",p,https://www.equivestmetals.com/post/what-could-the-next-decade-s-discoveries-look-like,What could the next decade's discoveries look like ?,,"[""What could the next decade's discoveries look like ?""]",2025-01-10T13:47:10.471935,Equivest Metals,0.15200000000000002,0.7845,0.46825,0,1,Value Proposition,disclaimer the information provided on this website is for general informational purposes only all content is provided in good faith however we make no warranty of any kind regarding the accuracy adequacy validity or completeness of any information
​,p,https://www.equivestmetals.com/post/what-could-the-next-decade-s-discoveries-look-like,What could the next decade's discoveries look like ?,,"[""What could the next decade's discoveries look like ?""]",2025-01-10T13:47:10.471936,Equivest Metals,0.0,0.0,0.0,0,0,Error,
"Privacy Policy
We value your privacy and are committed to protecting any personal information collected through our website. This Privacy Policy explains how we collect, use, and store your data. We collect personal information such as your name and email address when you sign up for our newsletter. This information helps us to send you relevant updates and information about our services. Your data is used solely for the purpose of sending our newsletter and improving our services. We do not share or sell your information to third parties unless required by law. You can unsubscribe from our newsletter at any time using the unsubscribe link provided in each email or by contacting us directly.",p,https://www.equivestmetals.com/post/what-could-the-next-decade-s-discoveries-look-like,What could the next decade's discoveries look like ?,,"[""What could the next decade's discoveries look like ?""]",2025-01-10T13:47:10.471938,Equivest Metals,0.087,0.8661,0.47655,0,0,Other,privacy policy we value your privacy and are committed to protecting any personal information collected through our website this privacy policy explains how we collect use and store your data we collect personal information such as your name and email address when you sign up for our newsletter this information helps us to send you relevant updates and information about our services your data is used solely for the purpose of sending our newsletter and improving our services we do not share or sell your information to third parties unless required by law you can unsubscribe from our newsletter at any time using the unsubscribe link provided in each email or by contacting us directly
​,p,https://www.equivestmetals.com/post/what-could-the-next-decade-s-discoveries-look-like,What could the next decade's discoveries look like ?,,"[""What could the next decade's discoveries look like ?""]",2025-01-10T13:47:10.471940,Equivest Metals,0.0,0.0,0.0,0,0,Error,
"Copyright Notice
© 2024 Equivest Metals. All Rights Reserved. Unauthorized use or duplication of this material without express permission from this site’s owner is strictly prohibited.",p,https://www.equivestmetals.com/post/what-could-the-next-decade-s-discoveries-look-like,What could the next decade's discoveries look like ?,,"[""What could the next decade's discoveries look like ?""]",2025-01-10T13:47:10.471942,Equivest Metals,0.0,0.0,0.0,0,0,Other,copyright notice equivest metals all rights reserved unauthorized use or duplication of this material without express permission from this sites owner is strictly prohibited
​,p,https://www.equivestmetals.com/post/what-could-the-next-decade-s-discoveries-look-like,What could the next decade's discoveries look like ?,,"[""What could the next decade's discoveries look like ?""]",2025-01-10T13:47:10.471943,Equivest Metals,0.0,0.0,0.0,0,0,Error,
"Intellectual Property
All trademarks, logos, and service marks displayed on this site are the property of their respective owners.",p,https://www.equivestmetals.com/post/what-could-the-next-decade-s-discoveries-look-like,What could the next decade's discoveries look like ?,,"[""What could the next decade's discoveries look like ?""]",2025-01-10T13:47:10.471945,Equivest Metals,0.264,0.7269,0.49545,0,0,Other,intellectual property all trademarks logos and service marks displayed on this site are the property of their respective owners
​,p,https://www.equivestmetals.com/post/what-could-the-next-decade-s-discoveries-look-like,What could the next decade's discoveries look like ?,,"[""What could the next decade's discoveries look like ?""]",2025-01-10T13:47:10.471947,Equivest Metals,0.0,0.0,0.0,0,0,Error,
"Liability Limitation
In no event will Equivest Metals will be liable for any loss or damage arising out of or in connection with the use of this website.",p,https://www.equivestmetals.com/post/what-could-the-next-decade-s-discoveries-look-like,What could the next decade's discoveries look like ?,,"[""What could the next decade's discoveries look like ?""]",2025-01-10T13:47:10.471948,Equivest Metals,-0.337,-0.8658,-0.6014,0,0,Other,liability limitation in no event will equivest metals will be liable for any loss or damage arising out of or in connection with the use of this website
​​,p,https://www.equivestmetals.com/post/what-could-the-next-decade-s-discoveries-look-like,What could the next decade's discoveries look like ?,,"[""What could the next decade's discoveries look like ?""]",2025-01-10T13:47:10.471950,Equivest Metals,0.0,0.0,0.0,0,0,Error,
Equivest Metals,p,https://www.equivestmetals.com/post/we-assessed-500-exploration-companies-what-are-the-5-most-important-learnings,We assessed 500 exploration companies - what are 5 most important learnings,,['We assessed 500 exploration companies - what are 5 most important learnings'],2025-01-10T13:47:10.708585,Equivest Metals,0.0,0.0,0.0,0,0,Other,equivest metals
Home,p,https://www.equivestmetals.com/post/we-assessed-500-exploration-companies-what-are-the-5-most-important-learnings,We assessed 500 exploration companies - what are 5 most important learnings,,['We assessed 500 exploration companies - what are 5 most important learnings'],2025-01-10T13:47:10.708598,Equivest Metals,0.0,0.0,0.0,0,0,Other,home
Services,p,https://www.equivestmetals.com/post/we-assessed-500-exploration-companies-what-are-the-5-most-important-learnings,We assessed 500 exploration companies - what are 5 most important learnings,,['We assessed 500 exploration companies - what are 5 most important learnings'],2025-01-10T13:47:10.708601,Equivest Metals,0.0,0.0,0.0,0,0,Other,services
Contact,p,https://www.equivestmetals.com/post/we-assessed-500-exploration-companies-what-are-the-5-most-important-learnings,We assessed 500 exploration companies - what are 5 most important learnings,,['We assessed 500 exploration companies - what are 5 most important learnings'],2025-01-10T13:47:10.708602,Equivest Metals,0.0,0.0,0.0,0,0,Other,contact
Blog,p,https://www.equivestmetals.com/post/we-assessed-500-exploration-companies-what-are-the-5-most-important-learnings,We assessed 500 exploration companies - what are 5 most important learnings,,['We assessed 500 exploration companies - what are 5 most important learnings'],2025-01-10T13:47:10.708604,Equivest Metals,0.0,0.0,0.0,0,0,Other,blog
More,p,https://www.equivestmetals.com/post/we-assessed-500-exploration-companies-what-are-the-5-most-important-learnings,We assessed 500 exploration companies - what are 5 most important learnings,,['We assessed 500 exploration companies - what are 5 most important learnings'],2025-01-10T13:47:10.708610,Equivest Metals,0.0,0.0,0.0,0,0,Other,more
We assessed 500 exploration companies - what are 5 most important learnings,h1,https://www.equivestmetals.com/post/we-assessed-500-exploration-companies-what-are-the-5-most-important-learnings,We assessed 500 exploration companies - what are 5 most important learnings,,['We assessed 500 exploration companies - what are 5 most important learnings'],2025-01-10T13:47:10.708612,Equivest Metals,0.363,0.4576,0.4103,1,1,Balanced,we assessed exploration companies what are most important learnings
"Updated: Jun 28, 2023",p,https://www.equivestmetals.com/post/we-assessed-500-exploration-companies-what-are-the-5-most-important-learnings,We assessed 500 exploration companies - what are 5 most important learnings,,['We assessed 500 exploration companies - what are 5 most important learnings'],2025-01-10T13:47:10.708614,Equivest Metals,0.0,0.0,0.0,0,0,Other,updated jun
"Over the last 2 years, we have looked at over 500 exploration companies and hundreds of exploration properties. This work has been done as part of our investment process for our private exploration portfolio and work for our clients, which we have helped with acquisitions of new assets or building their own exploration investment portfolios. Below are some of our observations that can help improve exploration success rates in the industry.",p,https://www.equivestmetals.com/post/we-assessed-500-exploration-companies-what-are-the-5-most-important-learnings,We assessed 500 exploration companies - what are 5 most important learnings,,['We assessed 500 exploration companies - what are 5 most important learnings'],2025-01-10T13:47:10.708617,Equivest Metals,0.255,0.9477,0.60135,1,1,Balanced,over the last years we have looked at over exploration companies and hundreds of exploration properties this work has been done as part of our investment process for our private exploration portfolio and work for our clients which we have helped with acquisitions of new assets or building their own exploration investment portfolios below are some of our observations that can help improve exploration success rates in the industry
Too much focus on historical mineral occurences vs a solid geological model.,p,https://www.equivestmetals.com/post/we-assessed-500-exploration-companies-what-are-the-5-most-important-learnings,We assessed 500 exploration companies - what are 5 most important learnings,,['We assessed 500 exploration companies - what are 5 most important learnings'],2025-01-10T13:47:10.708620,Equivest Metals,0.138,0.1531,0.14555,0,0,Other,too much focus on historical mineral occurences vs a solid geological model
Explorers do not know what is the size of their exploration target.,p,https://www.equivestmetals.com/post/we-assessed-500-exploration-companies-what-are-the-5-most-important-learnings,We assessed 500 exploration companies - what are 5 most important learnings,,['We assessed 500 exploration companies - what are 5 most important learnings'],2025-01-10T13:47:10.708622,Equivest Metals,0.147,0.2263,0.18664999999999998,1,1,Balanced,explorers do not know what is the size of their exploration target
Lack of geologist on the board in exploration company.,p,https://www.equivestmetals.com/post/we-assessed-500-exploration-companies-what-are-the-5-most-important-learnings,We assessed 500 exploration companies - what are 5 most important learnings,,['We assessed 500 exploration companies - what are 5 most important learnings'],2025-01-10T13:47:10.708624,Equivest Metals,-0.034999999999999976,-0.1027,-0.06885,1,1,Balanced,lack of geologist on the board in exploration company
Explorers do not know what is the main geological risk on the project.,p,https://www.equivestmetals.com/post/we-assessed-500-exploration-companies-what-are-the-5-most-important-learnings,We assessed 500 exploration companies - what are 5 most important learnings,,['We assessed 500 exploration companies - what are 5 most important learnings'],2025-01-10T13:47:10.708626,Equivest Metals,-0.149,-0.2732,-0.2111,0,0,Other,explorers do not know what is the main geological risk on the project
Clear business model - unclear exploration strategy,p,https://www.equivestmetals.com/post/we-assessed-500-exploration-companies-what-are-the-5-most-important-learnings,We assessed 500 exploration companies - what are 5 most important learnings,,['We assessed 500 exploration companies - what are 5 most important learnings'],2025-01-10T13:47:10.708627,Equivest Metals,0.263,0.3612,0.31210000000000004,1,1,Balanced,clear business model unclear exploration strategy
1. Too much focus on historical mineral occurences vs a solid geological model.,h3,https://www.equivestmetals.com/post/we-assessed-500-exploration-companies-what-are-the-5-most-important-learnings,We assessed 500 exploration companies - what are 5 most important learnings,,['We assessed 500 exploration companies - what are 5 most important learnings'],2025-01-10T13:47:10.708629,Equivest Metals,0.138,0.1531,0.14555,0,0,Other,too much focus on historical mineral occurences vs a solid geological model
"Unfortunately, the majority of explorers only focus on properties with known historical metal occurrences. These properties do not necessarily have the geological parameters needed to make a significant discovery. The majority of these properties have been worked over the years without any success. This trend is also backed by data gathered by Minex consultants, which shows that known mineral occurrences are a key factor in pegging exploration leases.",p,https://www.equivestmetals.com/post/we-assessed-500-exploration-companies-what-are-the-5-most-important-learnings,We assessed 500 exploration companies - what are 5 most important learnings,,['We assessed 500 exploration companies - what are 5 most important learnings'],2025-01-10T13:47:10.708633,Equivest Metals,-0.008999999999999994,-0.3814,-0.1952,1,1,Balanced,unfortunately the majority of explorers only focus on properties with known historical metal occurrences these properties do not necessarily have the geological parameters needed to make a significant discovery the majority of these properties have been worked over the years without any success this trend is also backed by data gathered by minex consultants which shows that known mineral occurrences are a key factor in pegging exploration leases
"Genetic deposit models are very powerful yet simple tools that ensure the set of geological criteria needed to generate a significant mineral deposit exists in location ""X."" You can think of it as a ""recipe."" This set of criteria varies for each deposit style. There has been a lot of effort in research institutions over the last decade to synthesize and improve these models. Unfortunately, the models have not yet made their way into junior exploration companies. In our opinion, this will be an important tool to unlock significant resources of battery metals in the next years, as opposed to looking in places that have been heavily explored and are not particularly prospective.",p,https://www.equivestmetals.com/post/we-assessed-500-exploration-companies-what-are-the-5-most-important-learnings,We assessed 500 exploration companies - what are 5 most important learnings,,['We assessed 500 exploration companies - what are 5 most important learnings'],2025-01-10T13:47:10.708638,Equivest Metals,0.113,0.8883,0.50065,1,2,Value Proposition,genetic deposit models are very powerful yet simple tools that ensure the set of geological criteria needed to generate a significant mineral deposit exists in location x you can think of it as a recipe this set of criteria varies for each deposit style there has been a lot of effort in research institutions over the last decade to synthesize and improve these models unfortunately the models have not yet made their way into junior exploration companies in our opinion this will be an important tool to unlock significant resources of battery metals in the next years as opposed to looking in places that have been heavily explored and are not particularly prospective
"For instance, for magmatic Ni-Cu-PGE sulphide deposits, elements such as proximity to the craton edge, large volumes of mafic rocks, presence of organic-rich sediments, and large structures are some of the important factors. The map below of Western Australia shows how these key geological parameters can be used to generate prospectivity maps, highlighting known mineralized belts and potential new exploration areas that are yet to be worked by explorers. Big data and machine learning play an important role in moving towards more quantified and targeted exploration.",p,https://www.equivestmetals.com/post/we-assessed-500-exploration-companies-what-are-the-5-most-important-learnings,We assessed 500 exploration companies - what are 5 most important learnings,,['We assessed 500 exploration companies - what are 5 most important learnings'],2025-01-10T13:47:10.708641,Equivest Metals,0.108,0.7783,0.44315,2,2,Balanced,for instance for magmatic nicupge sulphide deposits elements such as proximity to the craton edge large volumes of mafic rocks presence of organicrich sediments and large structures are some of the important factors the map below of western australia shows how these key geological parameters can be used to generate prospectivity maps highlighting known mineralized belts and potential new exploration areas that are yet to be worked by explorers big data and machine learning play an important role in moving towards more quantified and targeted exploration
2. Explorers do not know the size of their exploration target.,h3,https://www.equivestmetals.com/post/we-assessed-500-exploration-companies-what-are-the-5-most-important-learnings,We assessed 500 exploration companies - what are 5 most important learnings,,['We assessed 500 exploration companies - what are 5 most important learnings'],2025-01-10T13:47:10.708643,Equivest Metals,0.174,0.2263,0.20015,1,1,Balanced,explorers do not know the size of their exploration target
"Very few mineral explorers state on their website what their Low-Mid-High exploration target size is. This is a common practice for oil explorers, where numbers are often reported as P90-P50-P10. No business investment decision takes place in an oil exploration company without this number.",p,https://www.equivestmetals.com/post/we-assessed-500-exploration-companies-what-are-the-5-most-important-learnings,We assessed 500 exploration companies - what are 5 most important learnings,,['We assessed 500 exploration companies - what are 5 most important learnings'],2025-01-10T13:47:10.708646,Equivest Metals,0.007000000000000006,0.083,0.045000000000000005,1,1,Balanced,very few mineral explorers state on their website what their lowmidhigh exploration target size is this is a common practice for oil explorers where numbers are often reported as ppp no business investment decision takes place in an oil exploration company without this number
"Understanding the size of a potential discovery is critical in making investment decisions, from acquiring property to drilling, acquisition, or divestment. In a nutshell, it forms the backbone of successful portfolio management. From talking directly to explorers, the lack of reporting of these numbers in mineral exploration is not related to market disclosure practices, but often exploration teams do not know what size of deposit they are targeting and operate with a ""blindfold.""",p,https://www.equivestmetals.com/post/we-assessed-500-exploration-companies-what-are-the-5-most-important-learnings,We assessed 500 exploration companies - what are 5 most important learnings,,['We assessed 500 exploration companies - what are 5 most important learnings'],2025-01-10T13:47:10.708648,Equivest Metals,0.03900000000000001,0.4404,0.23970000000000002,2,2,Balanced,understanding the size of a potential discovery is critical in making investment decisions from acquiring property to drilling acquisition or divestment in a nutshell it forms the backbone of successful portfolio management from talking directly to explorers the lack of reporting of these numbers in mineral exploration is not related to market disclosure practices but often exploration teams do not know what size of deposit they are targeting and operate with a blindfold
There is potential for knowledge and practice transfer from oil & gas to mineral exploration. Oil & gas exploration has well-defined workflows for assessing size and even the chance of success (both technical and commercial) of exploration prospects. Below is an example of a mineral explorer that reports the size of their exploration prospect (target).,p,https://www.equivestmetals.com/post/we-assessed-500-exploration-companies-what-are-the-5-most-important-learnings,We assessed 500 exploration companies - what are 5 most important learnings,,['We assessed 500 exploration companies - what are 5 most important learnings'],2025-01-10T13:47:10.708650,Equivest Metals,0.287,0.9287,0.60785,1,1,Balanced,there is potential for knowledge and practice transfer from oil gas to mineral exploration oil gas exploration has welldefined workflows for assessing size and even the chance of success both technical and commercial of exploration prospects below is an example of a mineral explorer that reports the size of their exploration prospect target
3. Lack of geologist on the board in exploration company.,h3,https://www.equivestmetals.com/post/we-assessed-500-exploration-companies-what-are-the-5-most-important-learnings,We assessed 500 exploration companies - what are 5 most important learnings,,['We assessed 500 exploration companies - what are 5 most important learnings'],2025-01-10T13:47:10.708653,Equivest Metals,-0.034999999999999976,-0.1027,-0.06885,1,1,Balanced,lack of geologist on the board in exploration company
"In academia and industry, geologists are trained to become technical personnel focused on details and geology, and not necessarily on the business aspects of an exploration company. Few geologists develop the commercial skills needed to progress into board positions. As a result, boards of many exploration companies are composed of financial, legal, and marketing personnel, without injecting the needed exploration skills.",p,https://www.equivestmetals.com/post/we-assessed-500-exploration-companies-what-are-the-5-most-important-learnings,We assessed 500 exploration companies - what are 5 most important learnings,,['We assessed 500 exploration companies - what are 5 most important learnings'],2025-01-10T13:47:10.708655,Equivest Metals,0.189,0.8625,0.52575,2,2,Balanced,in academia and industry geologists are trained to become technical personnel focused on details and geology and not necessarily on the business aspects of an exploration company few geologists develop the commercial skills needed to progress into board positions as a result boards of many exploration companies are composed of financial legal and marketing personnel without injecting the needed exploration skills
"Efforts should be made both in academia and within exploration companies to inject business skills into the next generation of geologists and expose them to the commercial side of the business. The key objective of an exploration company is to make a significant mineral discovery and commercialize it either through sale or development. At Equivest, we do not see how this can be achieved without the presence of geologists in key board/management decisions and company strategy.",p,https://www.equivestmetals.com/post/we-assessed-500-exploration-companies-what-are-the-5-most-important-learnings,We assessed 500 exploration companies - what are 5 most important learnings,,['We assessed 500 exploration companies - what are 5 most important learnings'],2025-01-10T13:47:10.708657,Equivest Metals,0.05199999999999999,0.4588,0.25539999999999996,1,1,Balanced,efforts should be made both in academia and within exploration companies to inject business skills into the next generation of geologists and expose them to the commercial side of the business the key objective of an exploration company is to make a significant mineral discovery and commercialize it either through sale or development at equivest we do not see how this can be achieved without the presence of geologists in key boardmanagement decisions and company strategy
4. Explorers do not know the main geological risk on their projects.,h3,https://www.equivestmetals.com/post/we-assessed-500-exploration-companies-what-are-the-5-most-important-learnings,We assessed 500 exploration companies - what are 5 most important learnings,,['We assessed 500 exploration companies - what are 5 most important learnings'],2025-01-10T13:47:10.708659,Equivest Metals,-0.174,-0.2732,-0.2236,0,0,Other,explorers do not know the main geological risk on their projects
"Successful exploration entails that all elements needed to form a mineral deposit are present at the prospect location. The example below (simplified) shows important factors for magmatic Ni-Cu-PGE deposit formation. Unfortunately, in the area where our hypothetical project is located, there are no organic-rich sediments needed to provide sulfur to form Ni-Cu sulfides. It really does not matter if the other elements were in place. If one of the elements fails, the prospect fails.",p,https://www.equivestmetals.com/post/we-assessed-500-exploration-companies-what-are-the-5-most-important-learnings,We assessed 500 exploration companies - what are 5 most important learnings,,['We assessed 500 exploration companies - what are 5 most important learnings'],2025-01-10T13:47:10.708661,Equivest Metals,0.0050000000000000044,0.0931,0.04905,1,1,Balanced,successful exploration entails that all elements needed to form a mineral deposit are present at the prospect location the example below simplified shows important factors for magmatic nicupge deposit formation unfortunately in the area where our hypothetical project is located there are no organicrich sediments needed to provide sulfur to form nicu sulfides it really does not matter if the other elements were in place if one of the elements fails the prospect fails
"From talking to explorers, there is little awareness of the main geological risk on their projects. In essence, this is the element where successful explorers should spend their time and money to either progress the project or divest it from their portfolio.",p,https://www.equivestmetals.com/post/we-assessed-500-exploration-companies-what-are-the-5-most-important-learnings,We assessed 500 exploration companies - what are 5 most important learnings,,['We assessed 500 exploration companies - what are 5 most important learnings'],2025-01-10T13:47:10.708663,Equivest Metals,0.09400000000000001,0.6705,0.38225,0,0,Other,from talking to explorers there is little awareness of the main geological risk on their projects in essence this is the element where successful explorers should spend their time and money to either progress the project or divest it from their portfolio
"5. Clear business model, but unclear exploration strategy.",h3,https://www.equivestmetals.com/post/we-assessed-500-exploration-companies-what-are-the-5-most-important-learnings,We assessed 500 exploration companies - what are 5 most important learnings,,['We assessed 500 exploration companies - what are 5 most important learnings'],2025-01-10T13:47:10.708669,Equivest Metals,0.15500000000000003,0.1655,0.16025,1,1,Balanced,clear business model but unclear exploration strategy
"There is a heavy focus across exploration companies on promoting the battery metals thesis needed for the green transition. The typical business model is, in a nutshell, to ""build a battery metals portfolio and unlock significant discovery within it."" Unfortunately, what is missing is a clear exploration strategy explaining how this will be achieved.",p,https://www.equivestmetals.com/post/we-assessed-500-exploration-companies-what-are-the-5-most-important-learnings,We assessed 500 exploration companies - what are 5 most important learnings,,['We assessed 500 exploration companies - what are 5 most important learnings'],2025-01-10T13:47:10.708672,Equivest Metals,0.105,0.6249,0.36495,1,1,Balanced,there is a heavy focus across exploration companies on promoting the battery metals thesis needed for the green transition the typical business model is in a nutshell to build a battery metals portfolio and unlock significant discovery within it unfortunately what is missing is a clear exploration strategy explaining how this will be achieved
Very few exploration companies are able to communicate these critical aspects of an exploration strategy. Some important pointers are shown below:,p,https://www.equivestmetals.com/post/we-assessed-500-exploration-companies-what-are-the-5-most-important-learnings,We assessed 500 exploration companies - what are 5 most important learnings,,['We assessed 500 exploration companies - what are 5 most important learnings'],2025-01-10T13:47:10.708674,Equivest Metals,0.152,0.4323,0.29215,1,1,Balanced,very few exploration companies are able to communicate these critical aspects of an exploration strategy some important pointers are shown below
"1. Why are you exploring in area ""X""? What is unique about this area geologically to produce the next discovery?",p,https://www.equivestmetals.com/post/we-assessed-500-exploration-companies-what-are-the-5-most-important-learnings,We assessed 500 exploration companies - what are 5 most important learnings,,['We assessed 500 exploration companies - what are 5 most important learnings'],2025-01-10T13:47:10.708677,Equivest Metals,0.0,0.0,0.0,0,0,Other,why are you exploring in area x what is unique about this area geologically to produce the next discovery
2. What is the deposit model on your projects? What are the important geological factors that need to be in place?,p,https://www.equivestmetals.com/post/we-assessed-500-exploration-companies-what-are-the-5-most-important-learnings,We assessed 500 exploration companies - what are 5 most important learnings,,['We assessed 500 exploration companies - what are 5 most important learnings'],2025-01-10T13:47:10.708679,Equivest Metals,0.087,0.2023,0.14465,0,0,Other,what is the deposit model on your projects what are the important geological factors that need to be in place
"3. What techniques are you using, and how are they different from explorers that have already been here?",p,https://www.equivestmetals.com/post/we-assessed-500-exploration-companies-what-are-the-5-most-important-learnings,We assessed 500 exploration companies - what are 5 most important learnings,,['We assessed 500 exploration companies - what are 5 most important learnings'],2025-01-10T13:47:10.708682,Equivest Metals,0.0,0.0,0.0,0,0,Other,what techniques are you using and how are they different from explorers that have already been here
4. Why is your team the winning team of explorers?,p,https://www.equivestmetals.com/post/we-assessed-500-exploration-companies-what-are-the-5-most-important-learnings,We assessed 500 exploration companies - what are 5 most important learnings,,['We assessed 500 exploration companies - what are 5 most important learnings'],2025-01-10T13:47:10.708685,Equivest Metals,0.298,0.5267,0.41235,0,0,Other,why is your team the winning team of explorers
"5. What is your portfolio management strategy? What are the criteria to park an exploration project or progress it to drilling?""",p,https://www.equivestmetals.com/post/we-assessed-500-exploration-companies-what-are-the-5-most-important-learnings,We assessed 500 exploration companies - what are 5 most important learnings,,['We assessed 500 exploration companies - what are 5 most important learnings'],2025-01-10T13:47:10.708687,Equivest Metals,0.207,0.5719,0.38944999999999996,2,2,Balanced,what is your portfolio management strategy what are the criteria to park an exploration project or progress it to drilling
Interested to learn more? Check out my video from Deutsche Goldmesse conference on these topics.,h3,https://www.equivestmetals.com/post/we-assessed-500-exploration-companies-what-are-the-5-most-important-learnings,We assessed 500 exploration companies - what are 5 most important learnings,,['We assessed 500 exploration companies - what are 5 most important learnings'],2025-01-10T13:47:10.708690,Equivest Metals,0.162,0.4019,0.28195,0,0,Other,interested to learn more check out my video from deutsche goldmesse conference on these topics
at in various geographic locations.,p,https://www.equivestmetals.com/post/we-assessed-500-exploration-companies-what-are-the-5-most-important-learnings,We assessed 500 exploration companies - what are 5 most important learnings,,['We assessed 500 exploration companies - what are 5 most important learnings'],2025-01-10T13:47:10.708692,Equivest Metals,0.0,0.0,0.0,0,0,Other,at in various geographic locations
Recent Posts,h2,https://www.equivestmetals.com/post/we-assessed-500-exploration-companies-what-are-the-5-most-important-learnings,We assessed 500 exploration companies - what are 5 most important learnings,,['We assessed 500 exploration companies - what are 5 most important learnings'],2025-01-10T13:47:10.708694,Equivest Metals,0.0,0.0,0.0,0,0,Other,recent posts
How can we use AI to map bedrock?,p,https://www.equivestmetals.com/post/we-assessed-500-exploration-companies-what-are-the-5-most-important-learnings,We assessed 500 exploration companies - what are 5 most important learnings,,['We assessed 500 exploration companies - what are 5 most important learnings'],2025-01-10T13:47:10.708696,Equivest Metals,0.0,0.0,0.0,1,1,Balanced,how can we use ai to map bedrock
Innovative Feature Engineering - a critical step to connecting Mineral Systems with AI Prospectivity Models.,p,https://www.equivestmetals.com/post/we-assessed-500-exploration-companies-what-are-the-5-most-important-learnings,We assessed 500 exploration companies - what are 5 most important learnings,,['We assessed 500 exploration companies - what are 5 most important learnings'],2025-01-10T13:47:10.708698,Equivest Metals,0.037000000000000005,0.1531,0.09505000000000001,1,2,Value Proposition,innovative feature engineering a critical step to connecting mineral systems with ai prospectivity models
How to leverage AI in Mineral Exploration workflows,p,https://www.equivestmetals.com/post/we-assessed-500-exploration-companies-what-are-the-5-most-important-learnings,We assessed 500 exploration companies - what are 5 most important learnings,,['We assessed 500 exploration companies - what are 5 most important learnings'],2025-01-10T13:47:10.708700,Equivest Metals,0.213,0.2263,0.21965,2,2,Balanced,how to leverage ai in mineral exploration workflows
Equivest Metals,h2,https://www.equivestmetals.com/post/we-assessed-500-exploration-companies-what-are-the-5-most-important-learnings,We assessed 500 exploration companies - what are 5 most important learnings,,['We assessed 500 exploration companies - what are 5 most important learnings'],2025-01-10T13:47:10.708702,Equivest Metals,0.0,0.0,0.0,0,0,Other,equivest metals
info@equivestmetals.com,p,https://www.equivestmetals.com/post/we-assessed-500-exploration-companies-what-are-the-5-most-important-learnings,We assessed 500 exploration companies - what are 5 most important learnings,,['We assessed 500 exploration companies - what are 5 most important learnings'],2025-01-10T13:47:10.708706,Equivest Metals,0.0,0.0,0.0,0,0,Other,infoequivestmetalscom
+ 47 454 17 716,p,https://www.equivestmetals.com/post/we-assessed-500-exploration-companies-what-are-the-5-most-important-learnings,We assessed 500 exploration companies - what are 5 most important learnings,,['We assessed 500 exploration companies - what are 5 most important learnings'],2025-01-10T13:47:10.708708,Equivest Metals,0.0,0.0,0.0,0,0,Error,
"Disclaimer
The information provided on this website is for general informational purposes only. All content is provided in good faith; however, we make no warranty of any kind regarding the accuracy, adequacy, validity, or completeness of any information.",p,https://www.equivestmetals.com/post/we-assessed-500-exploration-companies-what-are-the-5-most-important-learnings,We assessed 500 exploration companies - what are 5 most important learnings,,['We assessed 500 exploration companies - what are 5 most important learnings'],2025-01-10T13:47:10.708710,Equivest Metals,0.15200000000000002,0.7845,0.46825,0,1,Value Proposition,disclaimer the information provided on this website is for general informational purposes only all content is provided in good faith however we make no warranty of any kind regarding the accuracy adequacy validity or completeness of any information
​,p,https://www.equivestmetals.com/post/we-assessed-500-exploration-companies-what-are-the-5-most-important-learnings,We assessed 500 exploration companies - what are 5 most important learnings,,['We assessed 500 exploration companies - what are 5 most important learnings'],2025-01-10T13:47:10.708712,Equivest Metals,0.0,0.0,0.0,0,0,Error,
"Privacy Policy
We value your privacy and are committed to protecting any personal information collected through our website. This Privacy Policy explains how we collect, use, and store your data. We collect personal information such as your name and email address when you sign up for our newsletter. This information helps us to send you relevant updates and information about our services. Your data is used solely for the purpose of sending our newsletter and improving our services. We do not share or sell your information to third parties unless required by law. You can unsubscribe from our newsletter at any time using the unsubscribe link provided in each email or by contacting us directly.",p,https://www.equivestmetals.com/post/we-assessed-500-exploration-companies-what-are-the-5-most-important-learnings,We assessed 500 exploration companies - what are 5 most important learnings,,['We assessed 500 exploration companies - what are 5 most important learnings'],2025-01-10T13:47:10.708717,Equivest Metals,0.087,0.8661,0.47655,0,0,Other,privacy policy we value your privacy and are committed to protecting any personal information collected through our website this privacy policy explains how we collect use and store your data we collect personal information such as your name and email address when you sign up for our newsletter this information helps us to send you relevant updates and information about our services your data is used solely for the purpose of sending our newsletter and improving our services we do not share or sell your information to third parties unless required by law you can unsubscribe from our newsletter at any time using the unsubscribe link provided in each email or by contacting us directly
​,p,https://www.equivestmetals.com/post/we-assessed-500-exploration-companies-what-are-the-5-most-important-learnings,We assessed 500 exploration companies - what are 5 most important learnings,,['We assessed 500 exploration companies - what are 5 most important learnings'],2025-01-10T13:47:10.708718,Equivest Metals,0.0,0.0,0.0,0,0,Error,
"Copyright Notice
© 2024 Equivest Metals. All Rights Reserved. Unauthorized use or duplication of this material without express permission from this site’s owner is strictly prohibited.",p,https://www.equivestmetals.com/post/we-assessed-500-exploration-companies-what-are-the-5-most-important-learnings,We assessed 500 exploration companies - what are 5 most important learnings,,['We assessed 500 exploration companies - what are 5 most important learnings'],2025-01-10T13:47:10.708720,Equivest Metals,0.0,0.0,0.0,0,0,Other,copyright notice equivest metals all rights reserved unauthorized use or duplication of this material without express permission from this sites owner is strictly prohibited
​,p,https://www.equivestmetals.com/post/we-assessed-500-exploration-companies-what-are-the-5-most-important-learnings,We assessed 500 exploration companies - what are 5 most important learnings,,['We assessed 500 exploration companies - what are 5 most important learnings'],2025-01-10T13:47:10.708722,Equivest Metals,0.0,0.0,0.0,0,0,Error,
"Intellectual Property
All trademarks, logos, and service marks displayed on this site are the property of their respective owners.",p,https://www.equivestmetals.com/post/we-assessed-500-exploration-companies-what-are-the-5-most-important-learnings,We assessed 500 exploration companies - what are 5 most important learnings,,['We assessed 500 exploration companies - what are 5 most important learnings'],2025-01-10T13:47:10.708736,Equivest Metals,0.264,0.7269,0.49545,0,0,Other,intellectual property all trademarks logos and service marks displayed on this site are the property of their respective owners
​,p,https://www.equivestmetals.com/post/we-assessed-500-exploration-companies-what-are-the-5-most-important-learnings,We assessed 500 exploration companies - what are 5 most important learnings,,['We assessed 500 exploration companies - what are 5 most important learnings'],2025-01-10T13:47:10.708756,Equivest Metals,0.0,0.0,0.0,0,0,Error,
"Liability Limitation
In no event will Equivest Metals will be liable for any loss or damage arising out of or in connection with the use of this website.",p,https://www.equivestmetals.com/post/we-assessed-500-exploration-companies-what-are-the-5-most-important-learnings,We assessed 500 exploration companies - what are 5 most important learnings,,['We assessed 500 exploration companies - what are 5 most important learnings'],2025-01-10T13:47:10.708760,Equivest Metals,-0.337,-0.8658,-0.6014,0,0,Other,liability limitation in no event will equivest metals will be liable for any loss or damage arising out of or in connection with the use of this website
​​,p,https://www.equivestmetals.com/post/we-assessed-500-exploration-companies-what-are-the-5-most-important-learnings,We assessed 500 exploration companies - what are 5 most important learnings,,['We assessed 500 exploration companies - what are 5 most important learnings'],2025-01-10T13:47:10.708763,Equivest Metals,0.0,0.0,0.0,0,0,Error,
