text,element_type,url,title,meta_description,h1_tags,scrape_date,competitor,sentiment,vader_sentiment,average_sentiment,technical_keywords,value_keywords,intent,cleaned_text
Your Details,h3,https://www.fleetspace.com/,Fleet Space Technologies | Home Page,"Fleet Space builds space-enabled technology to revolutionise mineral discovery, defence capabilities, and space exploration.",['Fleet Space Technologies'],2025-01-10T13:46:24.666957,FleetSpace,0.0,0.0,0.0,0,0,Other,your details
Fleet Space Technologies,h1,https://www.fleetspace.com/,Fleet Space Technologies | Home Page,"Fleet Space builds space-enabled technology to revolutionise mineral discovery, defence capabilities, and space exploration.",['Fleet Space Technologies'],2025-01-10T13:46:24.666974,FleetSpace,0.0,0.0,0.0,0,0,Other,fleet space technologies
Where discovery happens,h2,https://www.fleetspace.com/,Fleet Space Technologies | Home Page,"Fleet Space builds space-enabled technology to revolutionise mineral discovery, defence capabilities, and space exploration.",['Fleet Space Technologies'],2025-01-10T13:46:24.666976,FleetSpace,0.0,0.0,0.0,0,0,Other,where discovery happens
Fleet Space Technologies,h3,https://www.fleetspace.com/,Fleet Space Technologies | Home Page,"Fleet Space builds space-enabled technology to revolutionise mineral discovery, defence capabilities, and space exploration.",['Fleet Space Technologies'],2025-01-10T13:46:24.666978,FleetSpace,0.0,0.0,0.0,0,0,Other,fleet space technologies
We are Explorers,h2,https://www.fleetspace.com/,Fleet Space Technologies | Home Page,"Fleet Space builds space-enabled technology to revolutionise mineral discovery, defence capabilities, and space exploration.",['Fleet Space Technologies'],2025-01-10T13:46:24.666980,FleetSpace,0.0,0.0,0.0,0,0,Other,we are explorers
ExoSphere by Fleet®,h3,https://www.fleetspace.com/,Fleet Space Technologies | Home Page,"Fleet Space builds space-enabled technology to revolutionise mineral discovery, defence capabilities, and space exploration.",['Fleet Space Technologies'],2025-01-10T13:46:24.666981,FleetSpace,0.0,0.0,0.0,0,0,Other,exosphere by fleet
Unleash your data potential with the end-to-end capabilities of ExoSphere by Fleet® powered by space and AI. Experience predictive insights across your exploration journey and AI-powered drill targeting to scale mineral discovery today.,p,https://www.fleetspace.com/,Fleet Space Technologies | Home Page,"Fleet Space builds space-enabled technology to revolutionise mineral discovery, defence capabilities, and space exploration.",['Fleet Space Technologies'],2025-01-10T13:46:24.666985,FleetSpace,0.056,0.2263,0.14115,2,2,Balanced,unleash your data potential with the endtoend capabilities of exosphere by fleet powered by space and ai experience predictive insights across your exploration journey and aipowered drill targeting to scale mineral discovery today
ExoSphere by Fleet®,h3,https://www.fleetspace.com/,Fleet Space Technologies | Home Page,"Fleet Space builds space-enabled technology to revolutionise mineral discovery, defence capabilities, and space exploration.",['Fleet Space Technologies'],2025-01-10T13:46:24.666988,FleetSpace,0.0,0.0,0.0,0,0,Other,exosphere by fleet
"Our end-to-end mineral exploration solution, ExoSphere, leverages space technology, advanced multiphysics and AI to map mineral systems in real-time with near-zero environmental impact. Reimagine data-driven exploration with real-time insights at unmatched speed, scale, and depth to unlock a more sustainable path to the discoveries of tomorrow.",p,https://www.fleetspace.com/,Fleet Space Technologies | Home Page,"Fleet Space builds space-enabled technology to revolutionise mineral discovery, defence capabilities, and space exploration.",['Fleet Space Technologies'],2025-01-10T13:46:24.666990,FleetSpace,0.138,0.7003,0.41915,2,3,Value Proposition,our endtoend mineral exploration solution exosphere leverages space technology advanced multiphysics and ai to map mineral systems in realtime with nearzero environmental impact reimagine datadriven exploration with realtime insights at unmatched speed scale and depth to unlock a more sustainable path to the discoveries of tomorrow
ExoSphere by Fleet®,h3,https://www.fleetspace.com/,Fleet Space Technologies | Home Page,"Fleet Space builds space-enabled technology to revolutionise mineral discovery, defence capabilities, and space exploration.",['Fleet Space Technologies'],2025-01-10T13:46:24.666992,FleetSpace,0.0,0.0,0.0,0,0,Other,exosphere by fleet
"Discover more in 3D with Ambient Noise Tomography (ANT) and AI-powered insights to accurately image geological features to depths of 2.5km, including structures, mineralisation zones, and basement depth.",p,https://www.fleetspace.com/,Fleet Space Technologies | Home Page,"Fleet Space builds space-enabled technology to revolutionise mineral discovery, defence capabilities, and space exploration.",['Fleet Space Technologies'],2025-01-10T13:46:24.666993,FleetSpace,0.0,0.0,0.0,0,0,Other,discover more in d with ambient noise tomography ant and aipowered insights to accurately image geological features to depths of km including structures mineralisation zones and basement depth
Pioneering Innovation and Excellence,h3,https://www.fleetspace.com/,Fleet Space Technologies | Home Page,"Fleet Space builds space-enabled technology to revolutionise mineral discovery, defence capabilities, and space exploration.",['Fleet Space Technologies'],2025-01-10T13:46:24.666995,FleetSpace,0.77,0.7717,0.77085,0,0,Other,pioneering innovation and excellence
Key Industries,h2,https://www.fleetspace.com/,Fleet Space Technologies | Home Page,"Fleet Space builds space-enabled technology to revolutionise mineral discovery, defence capabilities, and space exploration.",['Fleet Space Technologies'],2025-01-10T13:46:24.666996,FleetSpace,0.0,0.0,0.0,0,0,Other,key industries
Mineral Exploration,h3,https://www.fleetspace.com/,Fleet Space Technologies | Home Page,"Fleet Space builds space-enabled technology to revolutionise mineral discovery, defence capabilities, and space exploration.",['Fleet Space Technologies'],2025-01-10T13:46:24.666998,FleetSpace,0.655,0.2263,0.44065,1,1,Balanced,mineral exploration
"ExoSphere provides end-to-end delivery of 3D subsurface insights up to depths of 2.5km, delivering real-time exploration capabilities and drill targeting with space technology and AI. Find out how ExoSphere can work for you.",p,https://www.fleetspace.com/,Fleet Space Technologies | Home Page,"Fleet Space builds space-enabled technology to revolutionise mineral discovery, defence capabilities, and space exploration.",['Fleet Space Technologies'],2025-01-10T13:46:24.666999,FleetSpace,0.058,0.2263,0.14215,3,3,Balanced,exosphere provides endtoend delivery of d subsurface insights up to depths of km delivering realtime exploration capabilities and drill targeting with space technology and ai find out how exosphere can work for you
Space Exploration,h3,https://www.fleetspace.com/,Fleet Space Technologies | Home Page,"Fleet Space builds space-enabled technology to revolutionise mineral discovery, defence capabilities, and space exploration.",['Fleet Space Technologies'],2025-01-10T13:46:24.667001,FleetSpace,0.655,0.2263,0.44065,1,1,Balanced,space exploration
Our pursuit of discovery knows no bounds. Fleet Space is poised to become the first Australian seismic technology to land on the Moon's surface as part of our 7 Sisters mission in 2026. The technologies we build are empowering humanity’s exploration of new worlds.,p,https://www.fleetspace.com/,Fleet Space Technologies | Home Page,"Fleet Space builds space-enabled technology to revolutionise mineral discovery, defence capabilities, and space exploration.",['Fleet Space Technologies'],2025-01-10T13:46:24.667002,FleetSpace,0.03699999999999999,0.1779,0.10744999999999999,2,2,Balanced,our pursuit of discovery knows no bounds fleet space is poised to become the first australian seismic technology to land on the moons surface as part of our sisters mission in the technologies we build are empowering humanitys exploration of new worlds
Defence,h3,https://www.fleetspace.com/,Fleet Space Technologies | Home Page,"Fleet Space builds space-enabled technology to revolutionise mineral discovery, defence capabilities, and space exploration.",['Fleet Space Technologies'],2025-01-10T13:46:24.667004,FleetSpace,1.0,0.1027,0.55135,0,0,Other,defence
"Leveraging our satellite constellation in LEO, Fleet Space is a defence-ready partner developing enhanced tactical communications, data transmission, and connectivity in support of AUKUS and allies around the world.",p,https://www.fleetspace.com/,Fleet Space Technologies | Home Page,"Fleet Space builds space-enabled technology to revolutionise mineral discovery, defence capabilities, and space exploration.",['Fleet Space Technologies'],2025-01-10T13:46:24.667005,FleetSpace,0.091,0.4019,0.24645,0,0,Other,leveraging our satellite constellation in leo fleet space is a defenceready partner developing enhanced tactical communications data transmission and connectivity in support of aukus and allies around the world
The Crew,h3,https://www.fleetspace.com/,Fleet Space Technologies | Home Page,"Fleet Space builds space-enabled technology to revolutionise mineral discovery, defence capabilities, and space exploration.",['Fleet Space Technologies'],2025-01-10T13:46:24.667007,FleetSpace,0.0,0.0,0.0,0,0,Other,the crew
A global team for a global mission,h2,https://www.fleetspace.com/,Fleet Space Technologies | Home Page,"Fleet Space builds space-enabled technology to revolutionise mineral discovery, defence capabilities, and space exploration.",['Fleet Space Technologies'],2025-01-10T13:46:24.667008,FleetSpace,0.0,0.0,0.0,0,0,Other,a global team for a global mission
Recognition,h3,https://www.fleetspace.com/,Fleet Space Technologies | Home Page,"Fleet Space builds space-enabled technology to revolutionise mineral discovery, defence capabilities, and space exploration.",['Fleet Space Technologies'],2025-01-10T13:46:24.667010,FleetSpace,0.0,0.0,0.0,0,0,Other,recognition
Industry Awards,h2,https://www.fleetspace.com/,Fleet Space Technologies | Home Page,"Fleet Space builds space-enabled technology to revolutionise mineral discovery, defence capabilities, and space exploration.",['Fleet Space Technologies'],2025-01-10T13:46:24.667011,FleetSpace,0.75,0.4588,0.6044,0,0,Other,industry awards
2024 Banksia Foundation's Climate Technology Impact Award Winner,h3,https://www.fleetspace.com/,Fleet Space Technologies | Home Page,"Fleet Space builds space-enabled technology to revolutionise mineral discovery, defence capabilities, and space exploration.",['Fleet Space Technologies'],2025-01-10T13:46:24.667012,FleetSpace,0.593,0.8074,0.7001999999999999,0,0,Other,banksia foundations climate technology impact award winner
2023 Energy & Mining Premier's Award,h3,https://www.fleetspace.com/,Fleet Space Technologies | Home Page,"Fleet Space builds space-enabled technology to revolutionise mineral discovery, defence capabilities, and space exploration.",['Fleet Space Technologies'],2025-01-10T13:46:24.667014,FleetSpace,0.737,0.6808,0.7089,0,0,Other,energy mining premiers award
Technology Scale-Up Awards,h3,https://www.fleetspace.com/,Fleet Space Technologies | Home Page,"Fleet Space builds space-enabled technology to revolutionise mineral discovery, defence capabilities, and space exploration.",['Fleet Space Technologies'],2025-01-10T13:46:24.667015,FleetSpace,0.6,0.4588,0.5294,0,0,Other,technology scaleup awards
Impact Awards,h3,https://www.fleetspace.com/,Fleet Space Technologies | Home Page,"Fleet Space builds space-enabled technology to revolutionise mineral discovery, defence capabilities, and space exploration.",['Fleet Space Technologies'],2025-01-10T13:46:24.667017,FleetSpace,0.75,0.4588,0.6044,0,0,Other,impact awards
Australian Space Awards 2023,h3,https://www.fleetspace.com/,Fleet Space Technologies | Home Page,"Fleet Space builds space-enabled technology to revolutionise mineral discovery, defence capabilities, and space exploration.",['Fleet Space Technologies'],2025-01-10T13:46:24.667018,FleetSpace,0.6,0.4588,0.5294,0,0,Other,australian space awards
AustMine23 Winner - Outstanding Innovation METS Company,h3,https://www.fleetspace.com/,Fleet Space Technologies | Home Page,"Fleet Space builds space-enabled technology to revolutionise mineral discovery, defence capabilities, and space exploration.",['Fleet Space Technologies'],2025-01-10T13:46:24.667019,FleetSpace,0.776,0.886,0.831,0,0,Other,austmine winner outstanding innovation mets company
News & Insights,h3,https://www.fleetspace.com/,Fleet Space Technologies | Home Page,"Fleet Space builds space-enabled technology to revolutionise mineral discovery, defence capabilities, and space exploration.",['Fleet Space Technologies'],2025-01-10T13:46:24.667021,FleetSpace,0.0,0.0,0.0,0,0,Other,news insights
Featured Updates,h2,https://www.fleetspace.com/,Fleet Space Technologies | Home Page,"Fleet Space builds space-enabled technology to revolutionise mineral discovery, defence capabilities, and space exploration.",['Fleet Space Technologies'],2025-01-10T13:46:24.667022,FleetSpace,0.0,0.0,0.0,0,0,Other,featured updates
Fleet Space 2024: A Journey Beyond the Frontier,h2,https://www.fleetspace.com/,Fleet Space Technologies | Home Page,"Fleet Space builds space-enabled technology to revolutionise mineral discovery, defence capabilities, and space exploration.",['Fleet Space Technologies'],2025-01-10T13:46:24.667023,FleetSpace,0.0,0.0,0.0,0,0,Other,fleet space a journey beyond the frontier
Fleet Space Closes A$150M Series D with A$800M+ Valuation,h2,https://www.fleetspace.com/,Fleet Space Technologies | Home Page,"Fleet Space builds space-enabled technology to revolutionise mineral discovery, defence capabilities, and space exploration.",['Fleet Space Technologies'],2025-01-10T13:46:24.667025,FleetSpace,0.0,0.0,0.0,0,0,Other,fleet space closes am series d with am valuation
Fleet Space’s Centauri 6 Demonstrates Path to Sovereign Multi-Orbit SATCOM,h2,https://www.fleetspace.com/,Fleet Space Technologies | Home Page,"Fleet Space builds space-enabled technology to revolutionise mineral discovery, defence capabilities, and space exploration.",['Fleet Space Technologies'],2025-01-10T13:46:24.667026,FleetSpace,0.0,0.0,0.0,0,0,Other,fleet spaces centauri demonstrates path to sovereign multiorbit satcom
Explore Like Never Before,h3,https://www.fleetspace.com/,Fleet Space Technologies | Home Page,"Fleet Space builds space-enabled technology to revolutionise mineral discovery, defence capabilities, and space exploration.",['Fleet Space Technologies'],2025-01-10T13:46:24.667028,FleetSpace,0.455,0.3612,0.4081,0,0,Other,explore like never before
Revolutionise yourexploration approach with us,h2,https://www.fleetspace.com/,Fleet Space Technologies | Home Page,"Fleet Space builds space-enabled technology to revolutionise mineral discovery, defence capabilities, and space exploration.",['Fleet Space Technologies'],2025-01-10T13:46:24.667030,FleetSpace,0.0,0.0,0.0,0,0,Other,revolutionise yourexploration approach with us
Your Details,h3,https://www.fleetspace.com/about,About Us,Discover Fleet: Revolutionising the exploration of new worlds with advanced space technology to build a more prosperous future for humanity.,['About Us'],2025-01-10T13:46:25.330338,FleetSpace,0.0,0.0,0.0,0,0,Other,your details
About Us,h1,https://www.fleetspace.com/about,About Us,Discover Fleet: Revolutionising the exploration of new worlds with advanced space technology to build a more prosperous future for humanity.,['About Us'],2025-01-10T13:46:25.330346,FleetSpace,0.0,0.0,0.0,0,0,Other,about us
We build space-enabled technology to solve global challenges and empower humanity’s exploration of new worlds.,h2,https://www.fleetspace.com/about,About Us,Discover Fleet: Revolutionising the exploration of new worlds with advanced space technology to build a more prosperous future for humanity.,['About Us'],2025-01-10T13:46:25.330348,FleetSpace,0.294,0.4588,0.37639999999999996,1,1,Balanced,we build spaceenabled technology to solve global challenges and empower humanitys exploration of new worlds
We create. We disrupt. We solve complex problems.,h2,https://www.fleetspace.com/about,About Us,Discover Fleet: Revolutionising the exploration of new worlds with advanced space technology to build a more prosperous future for humanity.,['About Us'],2025-01-10T13:46:25.330350,FleetSpace,0.10300000000000001,0.0516,0.07730000000000001,0,0,Other,we create we disrupt we solve complex problems
"Fleet Space is pushing the boundaries of innovation with breakthrough advances in space technology, multiphysics data acquisition, edge computing, and AI. The satellite-enabled solutions we deliver are unlocking new capabilities in the global space sector, defence, and mineral exploration needed for net-zero.Pioneering the world’s first end-to-end mineral exploration technology – ExoSphere by Fleet® – Fleet Space integrates its proprietary satellite network, global exploration data acquisition, and AI into a single solution, delivering 3D subsurface insights in real-time with near-zero environmental impact.",p,https://www.fleetspace.com/about,About Us,Discover Fleet: Revolutionising the exploration of new worlds with advanced space technology to build a more prosperous future for humanity.,['About Us'],2025-01-10T13:46:25.330353,FleetSpace,0.164,0.8658,0.5149,3,3,Balanced,fleet space is pushing the boundaries of innovation with breakthrough advances in space technology multiphysics data acquisition edge computing and ai the satelliteenabled solutions we deliver are unlocking new capabilities in the global space sector defence and mineral exploration needed for netzeropioneering the worlds first endtoend mineral exploration technology exosphere by fleet fleet space integrates its proprietary satellite network global exploration data acquisition and ai into a single solution delivering d subsurface insights in realtime with nearzero environmental impact
Our mission,h3,https://www.fleetspace.com/about,About Us,Discover Fleet: Revolutionising the exploration of new worlds with advanced space technology to build a more prosperous future for humanity.,['About Us'],2025-01-10T13:46:25.330354,FleetSpace,0.0,0.0,0.0,0,0,Other,our mission
Scaling Responsible Exploration on Earth and Beyond,h2,https://www.fleetspace.com/about,About Us,Discover Fleet: Revolutionising the exploration of new worlds with advanced space technology to build a more prosperous future for humanity.,['About Us'],2025-01-10T13:46:25.330356,FleetSpace,0.457,0.4939,0.47545000000000004,1,1,Balanced,scaling responsible exploration on earth and beyond
Pioneering innovation and excellence,h3,https://www.fleetspace.com/about,About Us,Discover Fleet: Revolutionising the exploration of new worlds with advanced space technology to build a more prosperous future for humanity.,['About Us'],2025-01-10T13:46:25.330357,FleetSpace,0.77,0.7717,0.77085,0,0,Other,pioneering innovation and excellence
Fleet Today,h2,https://www.fleetspace.com/about,About Us,Discover Fleet: Revolutionising the exploration of new worlds with advanced space technology to build a more prosperous future for humanity.,['About Us'],2025-01-10T13:46:25.330359,FleetSpace,0.0,0.0,0.0,0,0,Other,fleet today
120+ crew members,h3,https://www.fleetspace.com/about,About Us,Discover Fleet: Revolutionising the exploration of new worlds with advanced space technology to build a more prosperous future for humanity.,['About Us'],2025-01-10T13:46:25.330360,FleetSpace,0.0,0.0,0.0,0,0,Other,crew members
8 satellites launched + more planned in the near future,h3,https://www.fleetspace.com/about,About Us,Discover Fleet: Revolutionising the exploration of new worlds with advanced space technology to build a more prosperous future for humanity.,['About Us'],2025-01-10T13:46:25.330361,FleetSpace,0.176,0.128,0.152,0,0,Other,satellites launched more planned in the near future
300+ ExoSphere surveys deployed,h3,https://www.fleetspace.com/about,About Us,Discover Fleet: Revolutionising the exploration of new worlds with advanced space technology to build a more prosperous future for humanity.,['About Us'],2025-01-10T13:46:25.330363,FleetSpace,0.0,0.0,0.0,0,0,Other,exosphere surveys deployed
40+ customers globally,h3,https://www.fleetspace.com/about,About Us,Discover Fleet: Revolutionising the exploration of new worlds with advanced space technology to build a more prosperous future for humanity.,['About Us'],2025-01-10T13:46:25.330364,FleetSpace,0.0,0.0,0.0,0,0,Other,customers globally
#1 Australia’s Fastest Growing Company 2023 by AFR,h3,https://www.fleetspace.com/about,About Us,Discover Fleet: Revolutionising the exploration of new worlds with advanced space technology to build a more prosperous future for humanity.,['About Us'],2025-01-10T13:46:25.330365,FleetSpace,0.254,0.1779,0.21595,0,0,Other,australias fastest growing company by afr
"“Some people are born explorers at heart, they just  want to see what’s out there, and I can’t help myself,  I’m one of them”",h2,https://www.fleetspace.com/about,About Us,Discover Fleet: Revolutionising the exploration of new worlds with advanced space technology to build a more prosperous future for humanity.,['About Us'],2025-01-10T13:46:25.330367,FleetSpace,-0.039,-0.2401,-0.13955,0,0,Other,some people are born explorers at heart they just want to see whats out there and i cant help myself im one of them
"Flavia Tata Nardini, CEO & Co-Founder of Fleet Space Technologies",h3,https://www.fleetspace.com/about,About Us,Discover Fleet: Revolutionising the exploration of new worlds with advanced space technology to build a more prosperous future for humanity.,['About Us'],2025-01-10T13:46:25.330369,FleetSpace,0.0,0.0,0.0,0,0,Other,flavia tata nardini ceo cofounder of fleet space technologies
Ignition,h3,https://www.fleetspace.com/about,About Us,Discover Fleet: Revolutionising the exploration of new worlds with advanced space technology to build a more prosperous future for humanity.,['About Us'],2025-01-10T13:46:25.330370,FleetSpace,0.0,0.0,0.0,0,0,Other,ignition
Lift Off,h3,https://www.fleetspace.com/about,About Us,Discover Fleet: Revolutionising the exploration of new worlds with advanced space technology to build a more prosperous future for humanity.,['About Us'],2025-01-10T13:46:25.330372,FleetSpace,0.0,0.0,0.0,0,0,Other,lift off
Ascent,h3,https://www.fleetspace.com/about,About Us,Discover Fleet: Revolutionising the exploration of new worlds with advanced space technology to build a more prosperous future for humanity.,['About Us'],2025-01-10T13:46:25.330375,FleetSpace,0.0,0.0,0.0,0,0,Other,ascent
Meet the Team,h3,https://www.fleetspace.com/about,About Us,Discover Fleet: Revolutionising the exploration of new worlds with advanced space technology to build a more prosperous future for humanity.,['About Us'],2025-01-10T13:46:25.330376,FleetSpace,0.0,0.0,0.0,0,0,Other,meet the team
Our Explorers,h2,https://www.fleetspace.com/about,About Us,Discover Fleet: Revolutionising the exploration of new worlds with advanced space technology to build a more prosperous future for humanity.,['About Us'],2025-01-10T13:46:25.330377,FleetSpace,0.0,0.0,0.0,0,0,Other,our explorers
"Cultivating a workplace where innovation soars, diversity shines, and every team member is empowered to boldly explore uncharted territories is the most important part of our mission at Fleet Space.",p,https://www.fleetspace.com/about,About Us,Discover Fleet: Revolutionising the exploration of new worlds with advanced space technology to build a more prosperous future for humanity.,['About Us'],2025-01-10T13:46:25.330379,FleetSpace,0.217,0.7346,0.4758,0,0,Other,cultivating a workplace where innovation soars diversity shines and every team member is empowered to boldly explore uncharted territories is the most important part of our mission at fleet space
Fleet Space STEM Program,h3,https://www.fleetspace.com/about,About Us,Discover Fleet: Revolutionising the exploration of new worlds with advanced space technology to build a more prosperous future for humanity.,['About Us'],2025-01-10T13:46:25.330380,FleetSpace,0.0,0.0,0.0,0,0,Other,fleet space stem program
Building Tomorrow’s Explorers,h2,https://www.fleetspace.com/about,About Us,Discover Fleet: Revolutionising the exploration of new worlds with advanced space technology to build a more prosperous future for humanity.,['About Us'],2025-01-10T13:46:25.330382,FleetSpace,0.0,0.0,0.0,0,0,Other,building tomorrows explorers
"Dedicated to inspiring the next generation, discover how we engage and empower today's students in the world of science and exploration.",p,https://www.fleetspace.com/about,About Us,Discover Fleet: Revolutionising the exploration of new worlds with advanced space technology to build a more prosperous future for humanity.,['About Us'],2025-01-10T13:46:25.330384,FleetSpace,0.373,0.8442,0.6086,1,1,Balanced,dedicated to inspiring the next generation discover how we engage and empower todays students in the world of science and exploration
Your Details,h3,https://www.fleetspace.com/mineral-exploration,Mineral Exploration | Fleet Space | Learn More,Fleet provides satellite-enabled 3D subsurface insights in days. Revolutionise mineral exploration with space technology for a sustainable future.,['RevolutionisingMineral Exploration'],2025-01-10T13:46:26.908720,FleetSpace,0.0,0.0,0.0,0,0,Other,your details
Journey to Net-Zero,p,https://www.fleetspace.com/mineral-exploration,Mineral Exploration | Fleet Space | Learn More,Fleet provides satellite-enabled 3D subsurface insights in days. Revolutionise mineral exploration with space technology for a sustainable future.,['RevolutionisingMineral Exploration'],2025-01-10T13:46:26.908730,FleetSpace,0.0,0.0,0.0,0,0,Other,journey to netzero
RevolutionisingMineral Exploration,h1,https://www.fleetspace.com/mineral-exploration,Mineral Exploration | Fleet Space | Learn More,Fleet provides satellite-enabled 3D subsurface insights in days. Revolutionise mineral exploration with space technology for a sustainable future.,['RevolutionisingMineral Exploration'],2025-01-10T13:46:26.908732,FleetSpace,0.655,0.2263,0.44065,1,1,Balanced,revolutionisingmineral exploration
ExoSphere by Fleet®,h2,https://www.fleetspace.com/mineral-exploration,Mineral Exploration | Fleet Space | Learn More,Fleet provides satellite-enabled 3D subsurface insights in days. Revolutionise mineral exploration with space technology for a sustainable future.,['RevolutionisingMineral Exploration'],2025-01-10T13:46:26.908734,FleetSpace,0.0,0.0,0.0,0,0,Other,exosphere by fleet
Our Solution,h3,https://www.fleetspace.com/mineral-exploration,Mineral Exploration | Fleet Space | Learn More,Fleet provides satellite-enabled 3D subsurface insights in days. Revolutionise mineral exploration with space technology for a sustainable future.,['RevolutionisingMineral Exploration'],2025-01-10T13:46:26.908736,FleetSpace,0.697,0.3182,0.5075999999999999,0,0,Other,our solution
Unlocking Real-Time Exploration with Space and AI,h2,https://www.fleetspace.com/mineral-exploration,Mineral Exploration | Fleet Space | Learn More,Fleet provides satellite-enabled 3D subsurface insights in days. Revolutionise mineral exploration with space technology for a sustainable future.,['RevolutionisingMineral Exploration'],2025-01-10T13:46:26.908738,FleetSpace,0.241,0.2263,0.23365,2,2,Balanced,unlocking realtime exploration with space and ai
"ExoSphere streamlines data acquisition, processing, integration, and AI insight delivery into a single end-to-end solution. This enhances the quality, speed, and precision of onsite decision making with real-time access to AI-powered, 3D subsurface insights at scale. By deploying our smart seismic sensors, high-quality 3D Ambient Noise Tomography (ANT) data is processed into actionable insights by our satellites in real-time – radically simplifying data operations for remote onsite teams.",p,https://www.fleetspace.com/mineral-exploration,Mineral Exploration | Fleet Space | Learn More,Fleet provides satellite-enabled 3D subsurface insights in days. Revolutionise mineral exploration with space technology for a sustainable future.,['RevolutionisingMineral Exploration'],2025-01-10T13:46:26.908740,FleetSpace,0.075,0.6124,0.3437,4,5,Value Proposition,exosphere streamlines data acquisition processing integration and ai insight delivery into a single endtoend solution this enhances the quality speed and precision of onsite decision making with realtime access to aipowered d subsurface insights at scale by deploying our smart seismic sensors highquality d ambient noise tomography ant data is processed into actionable insights by our satellites in realtime radically simplifying data operations for remote onsite teams
How it works,h3,https://www.fleetspace.com/mineral-exploration,Mineral Exploration | Fleet Space | Learn More,Fleet provides satellite-enabled 3D subsurface insights in days. Revolutionise mineral exploration with space technology for a sustainable future.,['RevolutionisingMineral Exploration'],2025-01-10T13:46:26.908742,FleetSpace,0.0,0.0,0.0,0,0,Other,how it works
Seamless Survey Planning & Design,h3,https://www.fleetspace.com/mineral-exploration,Mineral Exploration | Fleet Space | Learn More,Fleet provides satellite-enabled 3D subsurface insights in days. Revolutionise mineral exploration with space technology for a sustainable future.,['RevolutionisingMineral Exploration'],2025-01-10T13:46:26.908744,FleetSpace,0.0,0.0,0.0,1,1,Balanced,seamless survey planning design
"Customise your ExoSphere deployment with support from Fleet Space's team of geoscientists, tailored to your exploration goals and objectives.",p,https://www.fleetspace.com/mineral-exploration,Mineral Exploration | Fleet Space | Learn More,Fleet provides satellite-enabled 3D subsurface insights in days. Revolutionise mineral exploration with space technology for a sustainable future.,['RevolutionisingMineral Exploration'],2025-01-10T13:46:26.908745,FleetSpace,0.213,0.5574,0.3852,1,1,Balanced,customise your exosphere deployment with support from fleet spaces team of geoscientists tailored to your exploration goals and objectives
Real-Time Global Data Acquisition,h3,https://www.fleetspace.com/mineral-exploration,Mineral Exploration | Fleet Space | Learn More,Fleet provides satellite-enabled 3D subsurface insights in days. Revolutionise mineral exploration with space technology for a sustainable future.,['RevolutionisingMineral Exploration'],2025-01-10T13:46:26.908747,FleetSpace,0.0,0.0,0.0,0,0,Other,realtime global data acquisition
Acquire high-quality 3D subsurface insights in real time with Fleet Space’s ANT-enabled smart seismic sensors (Geodes) and advanced multiphysics.,p,https://www.fleetspace.com/mineral-exploration,Mineral Exploration | Fleet Space | Learn More,Fleet provides satellite-enabled 3D subsurface insights in days. Revolutionise mineral exploration with space technology for a sustainable future.,['RevolutionisingMineral Exploration'],2025-01-10T13:46:26.908749,FleetSpace,0.227,0.5719,0.39944999999999997,2,4,Value Proposition,acquire highquality d subsurface insights in real time with fleet spaces antenabled smart seismic sensors geodes and advanced multiphysics
3D Subsurface Insights in Days,h3,https://www.fleetspace.com/mineral-exploration,Mineral Exploration | Fleet Space | Learn More,Fleet provides satellite-enabled 3D subsurface insights in days. Revolutionise mineral exploration with space technology for a sustainable future.,['RevolutionisingMineral Exploration'],2025-01-10T13:46:26.908751,FleetSpace,0.0,0.0,0.0,1,1,Balanced,d subsurface insights in days
"Receive 3D multiphysics insights in days to enhance confidence in mineralisation zones, test geological assumptions, and optimise exploration outcomes.",p,https://www.fleetspace.com/mineral-exploration,Mineral Exploration | Fleet Space | Learn More,Fleet provides satellite-enabled 3D subsurface insights in days. Revolutionise mineral exploration with space technology for a sustainable future.,['RevolutionisingMineral Exploration'],2025-01-10T13:46:26.908752,FleetSpace,0.351,0.7964,0.5737,1,1,Balanced,receive d multiphysics insights in days to enhance confidence in mineralisation zones test geological assumptions and optimise exploration outcomes
Optimise Drill-Targeting with AI-Powered Insights,h3,https://www.fleetspace.com/mineral-exploration,Mineral Exploration | Fleet Space | Learn More,Fleet provides satellite-enabled 3D subsurface insights in days. Revolutionise mineral exploration with space technology for a sustainable future.,['RevolutionisingMineral Exploration'],2025-01-10T13:46:26.908753,FleetSpace,0.42,0.4404,0.4302,0,0,Other,optimise drilltargeting with aipowered insights
"Leverage Fleet Space’s AI model to convert 3D ANT data and diverse geological datasets into high-priority drill targets in real-time, maximising discovery potential with streamlined onsite operations.",p,https://www.fleetspace.com/mineral-exploration,Mineral Exploration | Fleet Space | Learn More,Fleet provides satellite-enabled 3D subsurface insights in days. Revolutionise mineral exploration with space technology for a sustainable future.,['RevolutionisingMineral Exploration'],2025-01-10T13:46:26.908755,FleetSpace,0.0,0.0,0.0,1,2,Value Proposition,leverage fleet spaces ai model to convert d ant data and diverse geological datasets into highpriority drill targets in realtime maximising discovery potential with streamlined onsite operations
Access Insights from Anywhere,h3,https://www.fleetspace.com/mineral-exploration,Mineral Exploration | Fleet Space | Learn More,Fleet provides satellite-enabled 3D subsurface insights in days. Revolutionise mineral exploration with space technology for a sustainable future.,['RevolutionisingMineral Exploration'],2025-01-10T13:46:26.908756,FleetSpace,0.0,0.0,0.0,0,0,Other,access insights from anywhere
"The ExoSphere by Fleet® online portal enables quick access to survey results and AI-enabled insights to enhance the quality, speed, and precision of decision-making.",p,https://www.fleetspace.com/mineral-exploration,Mineral Exploration | Fleet Space | Learn More,Fleet provides satellite-enabled 3D subsurface insights in days. Revolutionise mineral exploration with space technology for a sustainable future.,['RevolutionisingMineral Exploration'],2025-01-10T13:46:26.908758,FleetSpace,0.0,0.0,0.0,1,2,Value Proposition,the exosphere by fleet online portal enables quick access to survey results and aienabled insights to enhance the quality speed and precision of decisionmaking
World-Class Expertise to Advance Your Exploration,h3,https://www.fleetspace.com/mineral-exploration,Mineral Exploration | Fleet Space | Learn More,Fleet provides satellite-enabled 3D subsurface insights in days. Revolutionise mineral exploration with space technology for a sustainable future.,['RevolutionisingMineral Exploration'],2025-01-10T13:46:26.908760,FleetSpace,0.275,0.2263,0.25065000000000004,1,1,Balanced,worldclass expertise to advance your exploration
"From survey planning to modelling and interpretation, our in-house team of geoscience experts are here to support you every step of the way.",p,https://www.fleetspace.com/mineral-exploration,Mineral Exploration | Fleet Space | Learn More,Fleet provides satellite-enabled 3D subsurface insights in days. Revolutionise mineral exploration with space technology for a sustainable future.,['RevolutionisingMineral Exploration'],2025-01-10T13:46:26.908761,FleetSpace,0.109,0.4019,0.25545,1,1,Balanced,from survey planning to modelling and interpretation our inhouse team of geoscience experts are here to support you every step of the way
ExoSphere Benefits,h3,https://www.fleetspace.com/mineral-exploration,Mineral Exploration | Fleet Space | Learn More,Fleet provides satellite-enabled 3D subsurface insights in days. Revolutionise mineral exploration with space technology for a sustainable future.,['RevolutionisingMineral Exploration'],2025-01-10T13:46:26.908763,FleetSpace,0.722,0.3818,0.5519,0,0,Other,exosphere benefits
Transforming Exploration at Scale,h2,https://www.fleetspace.com/mineral-exploration,Mineral Exploration | Fleet Space | Learn More,Fleet provides satellite-enabled 3D subsurface insights in days. Revolutionise mineral exploration with space technology for a sustainable future.,['RevolutionisingMineral Exploration'],2025-01-10T13:46:26.908764,FleetSpace,0.388,0.2263,0.30715000000000003,1,1,Balanced,transforming exploration at scale
ExoSphere by Fleet®—everything you need to explore with confidence.,h2,https://www.fleetspace.com/mineral-exploration,Mineral Exploration | Fleet Space | Learn More,Fleet provides satellite-enabled 3D subsurface insights in days. Revolutionise mineral exploration with space technology for a sustainable future.,['RevolutionisingMineral Exploration'],2025-01-10T13:46:26.908766,FleetSpace,0.292,0.5106,0.4013,0,0,Other,exosphere by fleeteverything you need to explore with confidence
Proven Results,h3,https://www.fleetspace.com/mineral-exploration,Mineral Exploration | Fleet Space | Learn More,Fleet provides satellite-enabled 3D subsurface insights in days. Revolutionise mineral exploration with space technology for a sustainable future.,['RevolutionisingMineral Exploration'],2025-01-10T13:46:26.908767,FleetSpace,0.0,0.0,0.0,0,1,Value Proposition,proven results
Our Solution in Action,h2,https://www.fleetspace.com/mineral-exploration,Mineral Exploration | Fleet Space | Learn More,Fleet provides satellite-enabled 3D subsurface insights in days. Revolutionise mineral exploration with space technology for a sustainable future.,['RevolutionisingMineral Exploration'],2025-01-10T13:46:26.908769,FleetSpace,0.434,0.3182,0.3761,0,0,Other,our solution in action
Redefining Copper Exploration,h2,https://www.fleetspace.com/mineral-exploration,Mineral Exploration | Fleet Space | Learn More,Fleet provides satellite-enabled 3D subsurface insights in days. Revolutionise mineral exploration with space technology for a sustainable future.,['RevolutionisingMineral Exploration'],2025-01-10T13:46:26.908770,FleetSpace,0.487,0.2263,0.35665,1,1,Balanced,redefining copper exploration
Unlocking Uranium’s Potential,h2,https://www.fleetspace.com/mineral-exploration,Mineral Exploration | Fleet Space | Learn More,Fleet provides satellite-enabled 3D subsurface insights in days. Revolutionise mineral exploration with space technology for a sustainable future.,['RevolutionisingMineral Exploration'],2025-01-10T13:46:26.908772,FleetSpace,0.0,0.0,0.0,0,0,Other,unlocking uraniums potential
Recognition,h3,https://www.fleetspace.com/mineral-exploration,Mineral Exploration | Fleet Space | Learn More,Fleet provides satellite-enabled 3D subsurface insights in days. Revolutionise mineral exploration with space technology for a sustainable future.,['RevolutionisingMineral Exploration'],2025-01-10T13:46:26.908774,FleetSpace,0.0,0.0,0.0,0,0,Other,recognition
Industry awards and recognition,h2,https://www.fleetspace.com/mineral-exploration,Mineral Exploration | Fleet Space | Learn More,Fleet provides satellite-enabled 3D subsurface insights in days. Revolutionise mineral exploration with space technology for a sustainable future.,['RevolutionisingMineral Exploration'],2025-01-10T13:46:26.908775,FleetSpace,0.5,0.4588,0.4794,0,0,Other,industry awards and recognition
2024 Banksia Foundation's Climate Technology Impact Award Winner,h3,https://www.fleetspace.com/mineral-exploration,Mineral Exploration | Fleet Space | Learn More,Fleet provides satellite-enabled 3D subsurface insights in days. Revolutionise mineral exploration with space technology for a sustainable future.,['RevolutionisingMineral Exploration'],2025-01-10T13:46:26.908777,FleetSpace,0.593,0.8074,0.7001999999999999,0,0,Other,banksia foundations climate technology impact award winner
2023 Energy & Mining Premier's Award,h3,https://www.fleetspace.com/mineral-exploration,Mineral Exploration | Fleet Space | Learn More,Fleet provides satellite-enabled 3D subsurface insights in days. Revolutionise mineral exploration with space technology for a sustainable future.,['RevolutionisingMineral Exploration'],2025-01-10T13:46:26.908778,FleetSpace,0.737,0.6808,0.7089,0,0,Other,energy mining premiers award
Technology Scale-Up Awards,h3,https://www.fleetspace.com/mineral-exploration,Mineral Exploration | Fleet Space | Learn More,Fleet provides satellite-enabled 3D subsurface insights in days. Revolutionise mineral exploration with space technology for a sustainable future.,['RevolutionisingMineral Exploration'],2025-01-10T13:46:26.908780,FleetSpace,0.6,0.4588,0.5294,0,0,Other,technology scaleup awards
Impact Awards,h3,https://www.fleetspace.com/mineral-exploration,Mineral Exploration | Fleet Space | Learn More,Fleet provides satellite-enabled 3D subsurface insights in days. Revolutionise mineral exploration with space technology for a sustainable future.,['RevolutionisingMineral Exploration'],2025-01-10T13:46:26.908781,FleetSpace,0.75,0.4588,0.6044,0,0,Other,impact awards
Australian Space Awards 2023,h3,https://www.fleetspace.com/mineral-exploration,Mineral Exploration | Fleet Space | Learn More,Fleet provides satellite-enabled 3D subsurface insights in days. Revolutionise mineral exploration with space technology for a sustainable future.,['RevolutionisingMineral Exploration'],2025-01-10T13:46:26.908783,FleetSpace,0.6,0.4588,0.5294,0,0,Other,australian space awards
Austmine Winner - Outstanding Innovation METS Company,h3,https://www.fleetspace.com/mineral-exploration,Mineral Exploration | Fleet Space | Learn More,Fleet provides satellite-enabled 3D subsurface insights in days. Revolutionise mineral exploration with space technology for a sustainable future.,['RevolutionisingMineral Exploration'],2025-01-10T13:46:26.908784,FleetSpace,0.776,0.886,0.831,0,0,Other,austmine winner outstanding innovation mets company
"Solution-led, Problem-solvers",h3,https://www.fleetspace.com/mineral-exploration,Mineral Exploration | Fleet Space | Learn More,Fleet provides satellite-enabled 3D subsurface insights in days. Revolutionise mineral exploration with space technology for a sustainable future.,['RevolutionisingMineral Exploration'],2025-01-10T13:46:26.908785,FleetSpace,0.0,0.0,0.0,0,0,Other,solutionled problemsolvers
Meet our in-house Geoscience Team,h2,https://www.fleetspace.com/mineral-exploration,Mineral Exploration | Fleet Space | Learn More,Fleet provides satellite-enabled 3D subsurface insights in days. Revolutionise mineral exploration with space technology for a sustainable future.,['RevolutionisingMineral Exploration'],2025-01-10T13:46:26.908787,FleetSpace,0.0,0.0,0.0,0,0,Other,meet our inhouse geoscience team
Mineral Exploration Reimagined,h3,https://www.fleetspace.com/mineral-exploration,Mineral Exploration | Fleet Space | Learn More,Fleet provides satellite-enabled 3D subsurface insights in days. Revolutionise mineral exploration with space technology for a sustainable future.,['RevolutionisingMineral Exploration'],2025-01-10T13:46:26.908788,FleetSpace,0.487,0.2263,0.35665,1,1,Balanced,mineral exploration reimagined
Explore Like Never Before,h2,https://www.fleetspace.com/mineral-exploration,Mineral Exploration | Fleet Space | Learn More,Fleet provides satellite-enabled 3D subsurface insights in days. Revolutionise mineral exploration with space technology for a sustainable future.,['RevolutionisingMineral Exploration'],2025-01-10T13:46:26.908789,FleetSpace,0.455,0.3612,0.4081,0,0,Other,explore like never before
Ready to revolutionise your mineral exploration approach? Let’s talk about how ExoSphere by Fleet® can elevate your exploration efforts today.,p,https://www.fleetspace.com/mineral-exploration,Mineral Exploration | Fleet Space | Learn More,Fleet provides satellite-enabled 3D subsurface insights in days. Revolutionise mineral exploration with space technology for a sustainable future.,['RevolutionisingMineral Exploration'],2025-01-10T13:46:26.908791,FleetSpace,0.27,0.6486,0.4593,1,1,Balanced,ready to revolutionise your mineral exploration approach lets talk about how exosphere by fleet can elevate your exploration efforts today
Humans of Fleet,h3,https://www.fleetspace.com/mineral-exploration,Mineral Exploration | Fleet Space | Learn More,Fleet provides satellite-enabled 3D subsurface insights in days. Revolutionise mineral exploration with space technology for a sustainable future.,['RevolutionisingMineral Exploration'],2025-01-10T13:46:26.908792,FleetSpace,0.0,0.0,0.0,0,0,Other,humans of fleet
Your Details,h3,https://www.fleetspace.com/resources/ai-for-explorers-leveraging-ai-tools-optimised-for-modern-mineral-exploration,AI for Explorers: Leveraging AI Tools Optimised for Modern Mineral Exploration | Article | All,"Article | Global | Sep 11, 2024","['AI for Explorers: Leveraging AI Tools Optimised for Modern Mineral Exploration', 'AI for Explorers: Leveraging AI Tools Optimised for Modern Mineral Exploration']",2025-01-10T13:46:27.279639,FleetSpace,0.0,0.0,0.0,0,0,Other,your details
AI for Explorers: Leveraging AI Tools Optimised for Modern Mineral Exploration,h1,https://www.fleetspace.com/resources/ai-for-explorers-leveraging-ai-tools-optimised-for-modern-mineral-exploration,AI for Explorers: Leveraging AI Tools Optimised for Modern Mineral Exploration | Article | All,"Article | Global | Sep 11, 2024","['AI for Explorers: Leveraging AI Tools Optimised for Modern Mineral Exploration', 'AI for Explorers: Leveraging AI Tools Optimised for Modern Mineral Exploration']",2025-01-10T13:46:27.279647,FleetSpace,0.338,0.5574,0.4477,2,2,Balanced,ai for explorers leveraging ai tools optimised for modern mineral exploration
AI for Explorers: Leveraging AI Tools Optimised for Modern Mineral Exploration,h1,https://www.fleetspace.com/resources/ai-for-explorers-leveraging-ai-tools-optimised-for-modern-mineral-exploration,AI for Explorers: Leveraging AI Tools Optimised for Modern Mineral Exploration | Article | All,"Article | Global | Sep 11, 2024","['AI for Explorers: Leveraging AI Tools Optimised for Modern Mineral Exploration', 'AI for Explorers: Leveraging AI Tools Optimised for Modern Mineral Exploration']",2025-01-10T13:46:27.279649,FleetSpace,0.338,0.5574,0.4477,2,2,Balanced,ai for explorers leveraging ai tools optimised for modern mineral exploration
The why,p,https://www.fleetspace.com/resources/ai-for-explorers-leveraging-ai-tools-optimised-for-modern-mineral-exploration,AI for Explorers: Leveraging AI Tools Optimised for Modern Mineral Exploration | Article | All,"Article | Global | Sep 11, 2024","['AI for Explorers: Leveraging AI Tools Optimised for Modern Mineral Exploration', 'AI for Explorers: Leveraging AI Tools Optimised for Modern Mineral Exploration']",2025-01-10T13:46:27.279651,FleetSpace,0.0,0.0,0.0,0,0,Other,the why
"Mineral exploration involves a series of decisions about where to allocate resources towards making a discovery. At each decision point, exploration geoscientists, their managers and company board will want reliable information with which to make those decisions with confidence. Having a strong, data-rich geological rationale as the foundation for any decision will make the technical aspect of exploration an easier problem to solve.",p,https://www.fleetspace.com/resources/ai-for-explorers-leveraging-ai-tools-optimised-for-modern-mineral-exploration,AI for Explorers: Leveraging AI Tools Optimised for Modern Mineral Exploration | Article | All,"Article | Global | Sep 11, 2024","['AI for Explorers: Leveraging AI Tools Optimised for Modern Mineral Exploration', 'AI for Explorers: Leveraging AI Tools Optimised for Modern Mineral Exploration']",2025-01-10T13:46:27.279652,FleetSpace,0.215,0.91,0.5625,1,2,Value Proposition,mineral exploration involves a series of decisions about where to allocate resources towards making a discovery at each decision point exploration geoscientists their managers and company board will want reliable information with which to make those decisions with confidence having a strong datarich geological rationale as the foundation for any decision will make the technical aspect of exploration an easier problem to solve
"With all the hype around artificial intelligence, it might be easy to look at new machine learning tools as either at best a gimmick with little real value, or at worse a threat to established, seemingly successful practices and processes.",p,https://www.fleetspace.com/resources/ai-for-explorers-leveraging-ai-tools-optimised-for-modern-mineral-exploration,AI for Explorers: Leveraging AI Tools Optimised for Modern Mineral Exploration | Article | All,"Article | Global | Sep 11, 2024","['AI for Explorers: Leveraging AI Tools Optimised for Modern Mineral Exploration', 'AI for Explorers: Leveraging AI Tools Optimised for Modern Mineral Exploration']",2025-01-10T13:46:27.279654,FleetSpace,0.18,0.8632,0.5216,0,0,Other,with all the hype around artificial intelligence it might be easy to look at new machine learning tools as either at best a gimmick with little real value or at worse a threat to established seemingly successful practices and processes
"In reality, AI is like every other tool: in skillful hands it can be used towards great purpose.",p,https://www.fleetspace.com/resources/ai-for-explorers-leveraging-ai-tools-optimised-for-modern-mineral-exploration,AI for Explorers: Leveraging AI Tools Optimised for Modern Mineral Exploration | Article | All,"Article | Global | Sep 11, 2024","['AI for Explorers: Leveraging AI Tools Optimised for Modern Mineral Exploration', 'AI for Explorers: Leveraging AI Tools Optimised for Modern Mineral Exploration']",2025-01-10T13:46:27.279655,FleetSpace,0.292,0.765,0.5285,1,1,Balanced,in reality ai is like every other tool in skillful hands it can be used towards great purpose
"In the context of mineral exploration, we are now on the cusp of a revolution in which AI tools will forever change the way exploration is undertaken. New AI tools can assimilate, analyse and utilise vast amounts of geoscientific data. They can be asked to make predictions about aspects of a mineral system of interest such as the location of geological features such as alteration zones, or structural controls, or indeed the location of mineralisation itself.",p,https://www.fleetspace.com/resources/ai-for-explorers-leveraging-ai-tools-optimised-for-modern-mineral-exploration,AI for Explorers: Leveraging AI Tools Optimised for Modern Mineral Exploration | Article | All,"Article | Global | Sep 11, 2024","['AI for Explorers: Leveraging AI Tools Optimised for Modern Mineral Exploration', 'AI for Explorers: Leveraging AI Tools Optimised for Modern Mineral Exploration']",2025-01-10T13:46:27.279657,FleetSpace,0.087,0.7003,0.39365,2,2,Balanced,in the context of mineral exploration we are now on the cusp of a revolution in which ai tools will forever change the way exploration is undertaken new ai tools can assimilate analyse and utilise vast amounts of geoscientific data they can be asked to make predictions about aspects of a mineral system of interest such as the location of geological features such as alteration zones or structural controls or indeed the location of mineralisation itself
A tool like this is extremely valuable.,p,https://www.fleetspace.com/resources/ai-for-explorers-leveraging-ai-tools-optimised-for-modern-mineral-exploration,AI for Explorers: Leveraging AI Tools Optimised for Modern Mineral Exploration | Article | All,"Article | Global | Sep 11, 2024","['AI for Explorers: Leveraging AI Tools Optimised for Modern Mineral Exploration', 'AI for Explorers: Leveraging AI Tools Optimised for Modern Mineral Exploration']",2025-01-10T13:46:27.279658,FleetSpace,0.596,0.7089,0.65245,0,0,Other,a tool like this is extremely valuable
"Not because the AI will be able to replace geological thinking. Rather, AI can dispassionately provide data-driven hypotheses about the location and likelihood of geological features. Making decisions around testing those hypotheses is and will always remain the job of the geoscientist, who is able to contextualise the AI outputs within the real world framework of timeframes, land access, data reliability, and other variables that are impractical to account for in an AI system.",p,https://www.fleetspace.com/resources/ai-for-explorers-leveraging-ai-tools-optimised-for-modern-mineral-exploration,AI for Explorers: Leveraging AI Tools Optimised for Modern Mineral Exploration | Article | All,"Article | Global | Sep 11, 2024","['AI for Explorers: Leveraging AI Tools Optimised for Modern Mineral Exploration', 'AI for Explorers: Leveraging AI Tools Optimised for Modern Mineral Exploration']",2025-01-10T13:46:27.279659,FleetSpace,0.0,0.0,0.0,1,1,Balanced,not because the ai will be able to replace geological thinking rather ai can dispassionately provide datadriven hypotheses about the location and likelihood of geological features making decisions around testing those hypotheses is and will always remain the job of the geoscientist who is able to contextualise the ai outputs within the real world framework of timeframes land access data reliability and other variables that are impractical to account for in an ai system
"Out of the box thinking is often the step change that has led to many great discoveries. What if there was a way to fast track that type of thinking? Again, AI tools can provoke the type of deep thinking that can deliver previously unrecognised correlations, with the resulting insights that come with new ideas. For example, recently Fleet Space Technologies’ geoscientists were working with an AI prospectivity tool that determined a correlation between radiometric data and potential mineralisation in a situation where the mineralised rock masses were hundreds of meters below the surface. This unusual correspondence led the geoscientists to revisit the radiometrics data and develop an understanding that structures within the basement were being expressed as very subtle features in the radiometrics, potentially as neotectonic effects over older structures.",p,https://www.fleetspace.com/resources/ai-for-explorers-leveraging-ai-tools-optimised-for-modern-mineral-exploration,AI for Explorers: Leveraging AI Tools Optimised for Modern Mineral Exploration | Article | All,"Article | Global | Sep 11, 2024","['AI for Explorers: Leveraging AI Tools Optimised for Modern Mineral Exploration', 'AI for Explorers: Leveraging AI Tools Optimised for Modern Mineral Exploration']",2025-01-10T13:46:27.279661,FleetSpace,0.028,0.5859,0.30695,1,2,Value Proposition,out of the box thinking is often the step change that has led to many great discoveries what if there was a way to fast track that type of thinking again ai tools can provoke the type of deep thinking that can deliver previously unrecognised correlations with the resulting insights that come with new ideas for example recently fleet space technologies geoscientists were working with an ai prospectivity tool that determined a correlation between radiometric data and potential mineralisation in a situation where the mineralised rock masses were hundreds of meters below the surface this unusual correspondence led the geoscientists to revisit the radiometrics data and develop an understanding that structures within the basement were being expressed as very subtle features in the radiometrics potentially as neotectonic effects over older structures
This is just one example.,p,https://www.fleetspace.com/resources/ai-for-explorers-leveraging-ai-tools-optimised-for-modern-mineral-exploration,AI for Explorers: Leveraging AI Tools Optimised for Modern Mineral Exploration | Article | All,"Article | Global | Sep 11, 2024","['AI for Explorers: Leveraging AI Tools Optimised for Modern Mineral Exploration', 'AI for Explorers: Leveraging AI Tools Optimised for Modern Mineral Exploration']",2025-01-10T13:46:27.279662,FleetSpace,0.0,0.0,0.0,0,0,Other,this is just one example
"In reality, when viewing multimodal data in which more than three dimensions are at play, the human mind finds it very difficult to establish connections across disparate data types. This is one of the great strengths of AI.",p,https://www.fleetspace.com/resources/ai-for-explorers-leveraging-ai-tools-optimised-for-modern-mineral-exploration,AI for Explorers: Leveraging AI Tools Optimised for Modern Mineral Exploration | Article | All,"Article | Global | Sep 11, 2024","['AI for Explorers: Leveraging AI Tools Optimised for Modern Mineral Exploration', 'AI for Explorers: Leveraging AI Tools Optimised for Modern Mineral Exploration']",2025-01-10T13:46:27.279663,FleetSpace,0.139,0.7512,0.4451,2,2,Balanced,in reality when viewing multimodal data in which more than three dimensions are at play the human mind finds it very difficult to establish connections across disparate data types this is one of the great strengths of ai
"Moreover, we are all subject to psychological limitations. For example confirmation bias where we prefer an outcome that confirms our existing beliefs. Confirmation bias can be problematic, leading to missed opportunities. For example a bias derived from prevailing geological models that said gold would not be found in sedimentary rocks delayed the discovery of the Carlin trend gold deposits. Once thought to be barren, Paleozoic carbonaceous sedimentary rocks in Nevada were not explored until Newmont Mining geologists re-evaluated models for the introduction of hydrothermal fluids into sedimentary rocks along major fault networks. They applied the new insights in their exploration programs, leading to discovery of gold-rich pyrite.",p,https://www.fleetspace.com/resources/ai-for-explorers-leveraging-ai-tools-optimised-for-modern-mineral-exploration,AI for Explorers: Leveraging AI Tools Optimised for Modern Mineral Exploration | Article | All,"Article | Global | Sep 11, 2024","['AI for Explorers: Leveraging AI Tools Optimised for Modern Mineral Exploration', 'AI for Explorers: Leveraging AI Tools Optimised for Modern Mineral Exploration']",2025-01-10T13:46:27.279665,FleetSpace,-0.08099999999999999,-0.7506,-0.4158,2,3,Value Proposition,moreover we are all subject to psychological limitations for example confirmation bias where we prefer an outcome that confirms our existing beliefs confirmation bias can be problematic leading to missed opportunities for example a bias derived from prevailing geological models that said gold would not be found in sedimentary rocks delayed the discovery of the carlin trend gold deposits once thought to be barren paleozoic carbonaceous sedimentary rocks in nevada were not explored until newmont mining geologists reevaluated models for the introduction of hydrothermal fluids into sedimentary rocks along major fault networks they applied the new insights in their exploration programs leading to discovery of goldrich pyrite
"Incorporating an AI tool into an exploration workflow will lead to step changes in results. Without any preconceptions, AI tools can analyse data and provoke new ways of thinking that will lead to new discoveries.",p,https://www.fleetspace.com/resources/ai-for-explorers-leveraging-ai-tools-optimised-for-modern-mineral-exploration,AI for Explorers: Leveraging AI Tools Optimised for Modern Mineral Exploration | Article | All,"Article | Global | Sep 11, 2024","['AI for Explorers: Leveraging AI Tools Optimised for Modern Mineral Exploration', 'AI for Explorers: Leveraging AI Tools Optimised for Modern Mineral Exploration']",2025-01-10T13:46:27.279666,FleetSpace,-0.020999999999999998,-0.2023,-0.11165,2,2,Balanced,incorporating an ai tool into an exploration workflow will lead to step changes in results without any preconceptions ai tools can analyse data and provoke new ways of thinking that will lead to new discoveries
The how,p,https://www.fleetspace.com/resources/ai-for-explorers-leveraging-ai-tools-optimised-for-modern-mineral-exploration,AI for Explorers: Leveraging AI Tools Optimised for Modern Mineral Exploration | Article | All,"Article | Global | Sep 11, 2024","['AI for Explorers: Leveraging AI Tools Optimised for Modern Mineral Exploration', 'AI for Explorers: Leveraging AI Tools Optimised for Modern Mineral Exploration']",2025-01-10T13:46:27.279668,FleetSpace,0.0,0.0,0.0,0,0,Other,the how
"The use of machine learning to deliver mineral prospectivity models has been an increasingly accepted method for validating exploration potential in a region. Many mineral prospectivity models have been published that look at diverse mineral systems, including unconformity-related uranium (Bruce et al., 2020), magmatic nickel-copper-PGEs (Lawley et al., 2021; Farahbakhsh et al., 2023), orogenic gold (Maepa et al., 2021), sediment-hosted Zn-Pb (Lawley et al., 2022), carbonatite-hosted REE (Parsa et al., 2024), and porphyry copper-gold (Fu et al., 2023), amongst others. What these studies have in common is the application of various statistical methods of machine learning that aim to define prospectivity in areas away from known deposits of the target commodity.",p,https://www.fleetspace.com/resources/ai-for-explorers-leveraging-ai-tools-optimised-for-modern-mineral-exploration,AI for Explorers: Leveraging AI Tools Optimised for Modern Mineral Exploration | Article | All,"Article | Global | Sep 11, 2024","['AI for Explorers: Leveraging AI Tools Optimised for Modern Mineral Exploration', 'AI for Explorers: Leveraging AI Tools Optimised for Modern Mineral Exploration']",2025-01-10T13:46:27.279669,FleetSpace,0.015000000000000006,-0.0772,-0.0311,2,2,Balanced,the use of machine learning to deliver mineral prospectivity models has been an increasingly accepted method for validating exploration potential in a region many mineral prospectivity models have been published that look at diverse mineral systems including unconformityrelated uranium bruce et al magmatic nickelcopperpges lawley et al farahbakhsh et al orogenic gold maepa et al sedimenthosted znpb lawley et al carbonatitehosted ree parsa et al and porphyry coppergold fu et al amongst others what these studies have in common is the application of various statistical methods of machine learning that aim to define prospectivity in areas away from known deposits of the target commodity
"There are typically three approaches to this end: data-driven, knowledge-driven and a hybrid of the two in which data and knowledge-driven approaches are combined (Bonham-Carter, 1995; Jooshaki et al., 2021).",p,https://www.fleetspace.com/resources/ai-for-explorers-leveraging-ai-tools-optimised-for-modern-mineral-exploration,AI for Explorers: Leveraging AI Tools Optimised for Modern Mineral Exploration | Article | All,"Article | Global | Sep 11, 2024","['AI for Explorers: Leveraging AI Tools Optimised for Modern Mineral Exploration', 'AI for Explorers: Leveraging AI Tools Optimised for Modern Mineral Exploration']",2025-01-10T13:46:27.279670,FleetSpace,0.0,0.0,0.0,0,0,Other,there are typically three approaches to this end datadriven knowledgedriven and a hybrid of the two in which data and knowledgedriven approaches are combined bonhamcarter jooshaki et al
"Knowledge-driven approaches take a conceptual model for mineral deposit formation typically using a mineral systems framework, and linking features of the mineral system model to mappable criteria in data. An example is the knowledge-driven mineral prospectivity mapping of iron oxide copper-gold (IOCG) deposits in Australia by Skirrow et al. (2019) which contains a comprehensive description of the mineral system components from the fluid and metal sources, the energy drivers, the crustal architecture and ore depositional gradients. The types of data used in this approach also include products such as geological maps (surface mapping, or interpreted basement geology etc), which contain features that have been derived from expert domain knowledge. As the model is only looking for locations that meet criteria established by the user, this can cause a bias towards what is considered important by the experts rather than seeking out new patterns in the data.",p,https://www.fleetspace.com/resources/ai-for-explorers-leveraging-ai-tools-optimised-for-modern-mineral-exploration,AI for Explorers: Leveraging AI Tools Optimised for Modern Mineral Exploration | Article | All,"Article | Global | Sep 11, 2024","['AI for Explorers: Leveraging AI Tools Optimised for Modern Mineral Exploration', 'AI for Explorers: Leveraging AI Tools Optimised for Modern Mineral Exploration']",2025-01-10T13:46:27.279672,FleetSpace,0.031,0.5423,0.28665,3,4,Value Proposition,knowledgedriven approaches take a conceptual model for mineral deposit formation typically using a mineral systems framework and linking features of the mineral system model to mappable criteria in data an example is the knowledgedriven mineral prospectivity mapping of iron oxide coppergold iocg deposits in australia by skirrow et al which contains a comprehensive description of the mineral system components from the fluid and metal sources the energy drivers the crustal architecture and ore depositional gradients the types of data used in this approach also include products such as geological maps surface mapping or interpreted basement geology etc which contain features that have been derived from expert domain knowledge as the model is only looking for locations that meet criteria established by the user this can cause a bias towards what is considered important by the experts rather than seeking out new patterns in the data
"Data-driven prospectivity is solely based on objective data such as geophysics and geochemistry. These data types are numerical. They give the machine learning algorithms a series of numbers in a multi-dimensional framework that can be compared within a spatial context to inform areas of numerical similarity, hence prospectivity. Machine-learning models such as Random Forest, Support Vector Machines, Neural Networks, or clustering methods are commonly used to analyse the data.",p,https://www.fleetspace.com/resources/ai-for-explorers-leveraging-ai-tools-optimised-for-modern-mineral-exploration,AI for Explorers: Leveraging AI Tools Optimised for Modern Mineral Exploration | Article | All,"Article | Global | Sep 11, 2024","['AI for Explorers: Leveraging AI Tools Optimised for Modern Mineral Exploration', 'AI for Explorers: Leveraging AI Tools Optimised for Modern Mineral Exploration']",2025-01-10T13:46:27.279673,FleetSpace,0.04,0.4019,0.22094999999999998,2,2,Balanced,datadriven prospectivity is solely based on objective data such as geophysics and geochemistry these data types are numerical they give the machine learning algorithms a series of numbers in a multidimensional framework that can be compared within a spatial context to inform areas of numerical similarity hence prospectivity machinelearning models such as random forest support vector machines neural networks or clustering methods are commonly used to analyse the data
"In practice, a hybrid approach is often used that takes elements of both systems and blends the results to achieve a combined assessment of mineral potential for an area.",p,https://www.fleetspace.com/resources/ai-for-explorers-leveraging-ai-tools-optimised-for-modern-mineral-exploration,AI for Explorers: Leveraging AI Tools Optimised for Modern Mineral Exploration | Article | All,"Article | Global | Sep 11, 2024","['AI for Explorers: Leveraging AI Tools Optimised for Modern Mineral Exploration', 'AI for Explorers: Leveraging AI Tools Optimised for Modern Mineral Exploration']",2025-01-10T13:46:27.279676,FleetSpace,0.0,0.0,0.0,0,0,Other,in practice a hybrid approach is often used that takes elements of both systems and blends the results to achieve a combined assessment of mineral potential for an area
The what,p,https://www.fleetspace.com/resources/ai-for-explorers-leveraging-ai-tools-optimised-for-modern-mineral-exploration,AI for Explorers: Leveraging AI Tools Optimised for Modern Mineral Exploration | Article | All,"Article | Global | Sep 11, 2024","['AI for Explorers: Leveraging AI Tools Optimised for Modern Mineral Exploration', 'AI for Explorers: Leveraging AI Tools Optimised for Modern Mineral Exploration']",2025-01-10T13:46:27.279677,FleetSpace,0.0,0.0,0.0,0,0,Other,the what
"Fleet Space Technologies’ end-to-end mineral exploration solution, ExoSphere, combines satellite connectivity, remote 3D data acquisition, and AI to accelerate the discovery of critical minerals. Known for its proprietary real-time Ambient Noise Tomography (ANT), ExoSphere delivers 3D subsurface imaging with remarkable fidelity up to depths of 4km, or more depending on survey design. Fleet Space’s smart seismic sensors, Geodes, are 3-20x more sensitive than other geophones and enable real-time quality control via satellite connectivity to optimise high quality, remote data collection. The scale invariance of ExoSphere’s real-time 3D imaging enables multi-scale 3D data acquisition, effectively narrowing the search space from regional to local scales. This 3D data is a vital substrate for training AI models - enabling multimodal data integration, 3D insight visualisation and targeting recommendations.",p,https://www.fleetspace.com/resources/ai-for-explorers-leveraging-ai-tools-optimised-for-modern-mineral-exploration,AI for Explorers: Leveraging AI Tools Optimised for Modern Mineral Exploration | Article | All,"Article | Global | Sep 11, 2024","['AI for Explorers: Leveraging AI Tools Optimised for Modern Mineral Exploration', 'AI for Explorers: Leveraging AI Tools Optimised for Modern Mineral Exploration']",2025-01-10T13:46:27.279679,FleetSpace,0.126,0.9349,0.53045,5,6,Value Proposition,fleet space technologies endtoend mineral exploration solution exosphere combines satellite connectivity remote d data acquisition and ai to accelerate the discovery of critical minerals known for its proprietary realtime ambient noise tomography ant exosphere delivers d subsurface imaging with remarkable fidelity up to depths of km or more depending on survey design fleet spaces smart seismic sensors geodes are x more sensitive than other geophones and enable realtime quality control via satellite connectivity to optimise high quality remote data collection the scale invariance of exospheres realtime d imaging enables multiscale d data acquisition effectively narrowing the search space from regional to local scales this d data is a vital substrate for training ai models enabling multimodal data integration d insight visualisation and targeting recommendations
"ExoSphere’s end-to-end capabilities combine real-time 3D imaging, multiphysics data integration, and Fleet Space’s proprietary AI platform to deliver custom AI-driven target recommendations and real-time model calibration. This enables exploration data to be synthesized into actionable insights in real-time, identifying highly prospective zones with potential for mineralisation.",p,https://www.fleetspace.com/resources/ai-for-explorers-leveraging-ai-tools-optimised-for-modern-mineral-exploration,AI for Explorers: Leveraging AI Tools Optimised for Modern Mineral Exploration | Article | All,"Article | Global | Sep 11, 2024","['AI for Explorers: Leveraging AI Tools Optimised for Modern Mineral Exploration', 'AI for Explorers: Leveraging AI Tools Optimised for Modern Mineral Exploration']",2025-01-10T13:46:27.279680,FleetSpace,0.041,0.2263,0.13365,3,3,Balanced,exospheres endtoend capabilities combine realtime d imaging multiphysics data integration and fleet spaces proprietary ai platform to deliver custom aidriven target recommendations and realtime model calibration this enables exploration data to be synthesized into actionable insights in realtime identifying highly prospective zones with potential for mineralisation
Partnering with the machine,p,https://www.fleetspace.com/resources/ai-for-explorers-leveraging-ai-tools-optimised-for-modern-mineral-exploration,AI for Explorers: Leveraging AI Tools Optimised for Modern Mineral Exploration | Article | All,"Article | Global | Sep 11, 2024","['AI for Explorers: Leveraging AI Tools Optimised for Modern Mineral Exploration', 'AI for Explorers: Leveraging AI Tools Optimised for Modern Mineral Exploration']",2025-01-10T13:46:27.279681,FleetSpace,0.0,0.0,0.0,0,0,Other,partnering with the machine
"Fleet Space is also pioneering a new framework for AI development – explorers-in-the-loop (EITL) – a foundational step for building AI tools that address challenges of onsite exploration teams and enhance their capabilities. EITL is optimised for collaboration between explorers and AI systems, ensuring advanced computational analysis and the nuanced understanding of explorers drive the evolutionary course of AI in mineral discovery.",p,https://www.fleetspace.com/resources/ai-for-explorers-leveraging-ai-tools-optimised-for-modern-mineral-exploration,AI for Explorers: Leveraging AI Tools Optimised for Modern Mineral Exploration | Article | All,"Article | Global | Sep 11, 2024","['AI for Explorers: Leveraging AI Tools Optimised for Modern Mineral Exploration', 'AI for Explorers: Leveraging AI Tools Optimised for Modern Mineral Exploration']",2025-01-10T13:46:27.279683,FleetSpace,0.159,0.7906,0.4748,3,4,Value Proposition,fleet space is also pioneering a new framework for ai development explorersintheloop eitl a foundational step for building ai tools that address challenges of onsite exploration teams and enhance their capabilities eitl is optimised for collaboration between explorers and ai systems ensuring advanced computational analysis and the nuanced understanding of explorers drive the evolutionary course of ai in mineral discovery
"In EITL, explorers are involved as drivers decision-making stages, such as training, testing, and data interpretation, to drive accuracy and alignment with their exploration objectives, mineral systems knowledge, and project-level objectives. EITL’s collaborative ‘bottom-up’ approach to AI development is fundamental to enhance data-driven decision making in complex and high-stakes scenarios where the judgment of explorers and AI are critical to achieve more efficient exploration outcomes and maximise learning. This creates a continuous feedback loop between explorers and AI systems, ensuring the course of AI development reflects the needs and challenges faced by explorers while enhancing the precision and efficiency of drill targeting at scale.",p,https://www.fleetspace.com/resources/ai-for-explorers-leveraging-ai-tools-optimised-for-modern-mineral-exploration,AI for Explorers: Leveraging AI Tools Optimised for Modern Mineral Exploration | Article | All,"Article | Global | Sep 11, 2024","['AI for Explorers: Leveraging AI Tools Optimised for Modern Mineral Exploration', 'AI for Explorers: Leveraging AI Tools Optimised for Modern Mineral Exploration']",2025-01-10T13:46:27.279684,FleetSpace,0.115,0.871,0.493,2,5,Value Proposition,in eitl explorers are involved as drivers decisionmaking stages such as training testing and data interpretation to drive accuracy and alignment with their exploration objectives mineral systems knowledge and projectlevel objectives eitls collaborative bottomup approach to ai development is fundamental to enhance datadriven decision making in complex and highstakes scenarios where the judgment of explorers and ai are critical to achieve more efficient exploration outcomes and maximise learning this creates a continuous feedback loop between explorers and ai systems ensuring the course of ai development reflects the needs and challenges faced by explorers while enhancing the precision and efficiency of drill targeting at scale
"By leveraging the predictive capabilities of AI with explorers-in-the-loop, ExoSphere reveals hidden geological insights with data-driven machine learning and in-house experts to systematically narrow the exploration search space and maximise ROI with more accurate drill targets.",p,https://www.fleetspace.com/resources/ai-for-explorers-leveraging-ai-tools-optimised-for-modern-mineral-exploration,AI for Explorers: Leveraging AI Tools Optimised for Modern Mineral Exploration | Article | All,"Article | Global | Sep 11, 2024","['AI for Explorers: Leveraging AI Tools Optimised for Modern Mineral Exploration', 'AI for Explorers: Leveraging AI Tools Optimised for Modern Mineral Exploration']",2025-01-10T13:46:27.279685,FleetSpace,0.051,0.2263,0.13865,2,3,Value Proposition,by leveraging the predictive capabilities of ai with explorersintheloop exosphere reveals hidden geological insights with datadriven machine learning and inhouse experts to systematically narrow the exploration search space and maximise roi with more accurate drill targets
"Together, we can solve complex geological challenges",p,https://www.fleetspace.com/resources/ai-for-explorers-leveraging-ai-tools-optimised-for-modern-mineral-exploration,AI for Explorers: Leveraging AI Tools Optimised for Modern Mineral Exploration | Article | All,"Article | Global | Sep 11, 2024","['AI for Explorers: Leveraging AI Tools Optimised for Modern Mineral Exploration', 'AI for Explorers: Leveraging AI Tools Optimised for Modern Mineral Exploration']",2025-01-10T13:46:27.279687,FleetSpace,0.383,0.2732,0.3281,0,0,Other,together we can solve complex geological challenges
Fleet Space Technologies’ team of geoscience experts is here to help you navigate your unique exploration needs. Contact us today to discuss your needs or request a demo to see how ExoSphere can drive superior exploration outcomes.,p,https://www.fleetspace.com/resources/ai-for-explorers-leveraging-ai-tools-optimised-for-modern-mineral-exploration,AI for Explorers: Leveraging AI Tools Optimised for Modern Mineral Exploration | Article | All,"Article | Global | Sep 11, 2024","['AI for Explorers: Leveraging AI Tools Optimised for Modern Mineral Exploration', 'AI for Explorers: Leveraging AI Tools Optimised for Modern Mineral Exploration']",2025-01-10T13:46:27.279688,FleetSpace,0.238,0.8402,0.5390999999999999,1,1,Balanced,fleet space technologies team of geoscience experts is here to help you navigate your unique exploration needs contact us today to discuss your needs or request a demo to see how exosphere can drive superior exploration outcomes
References,p,https://www.fleetspace.com/resources/ai-for-explorers-leveraging-ai-tools-optimised-for-modern-mineral-exploration,AI for Explorers: Leveraging AI Tools Optimised for Modern Mineral Exploration | Article | All,"Article | Global | Sep 11, 2024","['AI for Explorers: Leveraging AI Tools Optimised for Modern Mineral Exploration', 'AI for Explorers: Leveraging AI Tools Optimised for Modern Mineral Exploration']",2025-01-10T13:46:27.279690,FleetSpace,0.0,0.0,0.0,0,0,Other,references
"Bonham-Carter, G., 1995, Geographic information systems for geoscientists: Modelling with GIS: Computer Methods in the Geosciences, Amsterdam, Netherlands, Pergamon, 416 p.",p,https://www.fleetspace.com/resources/ai-for-explorers-leveraging-ai-tools-optimised-for-modern-mineral-exploration,AI for Explorers: Leveraging AI Tools Optimised for Modern Mineral Exploration | Article | All,"Article | Global | Sep 11, 2024","['AI for Explorers: Leveraging AI Tools Optimised for Modern Mineral Exploration', 'AI for Explorers: Leveraging AI Tools Optimised for Modern Mineral Exploration']",2025-01-10T13:46:27.279691,FleetSpace,0.0,0.0,0.0,1,1,Balanced,bonhamcarter g geographic information systems for geoscientists modelling with gis computer methods in the geosciences amsterdam netherlands pergamon p
"Bruce, M., Kreuzer, O., Wilde, A., Buckingham, A., Butera, K., and Bierlein, F., 2020, Unconformity-type uranium systems: A comparative review and predictive modelling of critical genetic factors: Minerals (Basel, Switzerland), v. 10, no. 9, p. 738.",p,https://www.fleetspace.com/resources/ai-for-explorers-leveraging-ai-tools-optimised-for-modern-mineral-exploration,AI for Explorers: Leveraging AI Tools Optimised for Modern Mineral Exploration | Article | All,"Article | Global | Sep 11, 2024","['AI for Explorers: Leveraging AI Tools Optimised for Modern Mineral Exploration', 'AI for Explorers: Leveraging AI Tools Optimised for Modern Mineral Exploration']",2025-01-10T13:46:27.279692,FleetSpace,-0.176,-0.5423,-0.35914999999999997,0,0,Other,bruce m kreuzer o wilde a buckingham a butera k and bierlein f unconformitytype uranium systems a comparative review and predictive modelling of critical genetic factors minerals basel switzerland v no p
"Farahbakhsh, E., Maughan, J., and Müller, R.D., 2023, Prospectivity modelling of critical mineral deposits using a generative adversarial network with oversampling and positive-unlabelled bagging: Ore geology reviews, no. 105665, p. 105665.",p,https://www.fleetspace.com/resources/ai-for-explorers-leveraging-ai-tools-optimised-for-modern-mineral-exploration,AI for Explorers: Leveraging AI Tools Optimised for Modern Mineral Exploration | Article | All,"Article | Global | Sep 11, 2024","['AI for Explorers: Leveraging AI Tools Optimised for Modern Mineral Exploration', 'AI for Explorers: Leveraging AI Tools Optimised for Modern Mineral Exploration']",2025-01-10T13:46:27.279693,FleetSpace,-0.25,-0.7184,-0.4842,2,2,Balanced,farahbakhsh e maughan j and mller rd prospectivity modelling of critical mineral deposits using a generative adversarial network with oversampling and positiveunlabelled bagging ore geology reviews no p
"Fu, Y., Cheng, Q., Jing, L., Ye, B., and Fu, H., 2023, Mineral prospectivity mapping of porphyry copper deposits based on remote sensing imagery and geochemical data in the Duolong ore district, Tibet: Remote sensing, v. 15, no. 2, p. 439.",p,https://www.fleetspace.com/resources/ai-for-explorers-leveraging-ai-tools-optimised-for-modern-mineral-exploration,AI for Explorers: Leveraging AI Tools Optimised for Modern Mineral Exploration | Article | All,"Article | Global | Sep 11, 2024","['AI for Explorers: Leveraging AI Tools Optimised for Modern Mineral Exploration', 'AI for Explorers: Leveraging AI Tools Optimised for Modern Mineral Exploration']",2025-01-10T13:46:27.279695,FleetSpace,-0.301,-0.9118,-0.6064,1,1,Balanced,fu y cheng q jing l ye b and fu h mineral prospectivity mapping of porphyry copper deposits based on remote sensing imagery and geochemical data in the duolong ore district tibet remote sensing v no p
"Jooshaki, M., Nad, A., and Michaux, S., 2021, A systematic review on the application of machine learning in exploiting mineralogical data in mining and mineral industry: Minerals (Basel, Switzerland), v. 11, no. 8, p. 816.",p,https://www.fleetspace.com/resources/ai-for-explorers-leveraging-ai-tools-optimised-for-modern-mineral-exploration,AI for Explorers: Leveraging AI Tools Optimised for Modern Mineral Exploration | Article | All,"Article | Global | Sep 11, 2024","['AI for Explorers: Leveraging AI Tools Optimised for Modern Mineral Exploration', 'AI for Explorers: Leveraging AI Tools Optimised for Modern Mineral Exploration']",2025-01-10T13:46:27.279696,FleetSpace,-0.181,-0.6249,-0.40295000000000003,0,0,Other,jooshaki m nad a and michaux s a systematic review on the application of machine learning in exploiting mineralogical data in mining and mineral industry minerals basel switzerland v no p
"Lawley, C.J.M., Tschirhart, V., Smith, J.W., Pehrsson, S.J., Schetselaar, E.M., Schaeffer, A.J., Houlé, M.G., and Eglington, B.M., 2021, Prospectivity modelling of Canadian magmatic Ni (±Cu ± Co ± PGE) sulphide mineral systems: Ore Geology Reviews, v. 132, p. 103985.",p,https://www.fleetspace.com/resources/ai-for-explorers-leveraging-ai-tools-optimised-for-modern-mineral-exploration,AI for Explorers: Leveraging AI Tools Optimised for Modern Mineral Exploration | Article | All,"Article | Global | Sep 11, 2024","['AI for Explorers: Leveraging AI Tools Optimised for Modern Mineral Exploration', 'AI for Explorers: Leveraging AI Tools Optimised for Modern Mineral Exploration']",2025-01-10T13:46:27.279697,FleetSpace,0.08,0.3818,0.2309,1,1,Balanced,lawley cjm tschirhart v smith jw pehrsson sj schetselaar em schaeffer aj houl mg and eglington bm prospectivity modelling of canadian magmatic ni cu co pge sulphide mineral systems ore geology reviews v p
"Lawley, C.J.M., McCafferty, A.E., Graham, G.E., Huston, D.L., Kelley, K.D., Czarnota, K., Paradis, S., Peter, J.M., Hayward, N., Barlow, M., Emsbo, P., Coyan, J., San Juan, C.A., and Gadd, M.G., 2022, Data–driven prospectivity modelling of sediment–hosted Zn–Pb mineral systems and their critical raw materials: Ore geology reviews, v. 141, no. 104635, p. 104635.",p,https://www.fleetspace.com/resources/ai-for-explorers-leveraging-ai-tools-optimised-for-modern-mineral-exploration,AI for Explorers: Leveraging AI Tools Optimised for Modern Mineral Exploration | Article | All,"Article | Global | Sep 11, 2024","['AI for Explorers: Leveraging AI Tools Optimised for Modern Mineral Exploration', 'AI for Explorers: Leveraging AI Tools Optimised for Modern Mineral Exploration']",2025-01-10T13:46:27.279698,FleetSpace,-0.103,-0.5423,-0.32265,1,1,Balanced,lawley cjm mccafferty ae graham ge huston dl kelley kd czarnota k paradis s peter jm hayward n barlow m emsbo p coyan j san juan ca and gadd mg datadriven prospectivity modelling of sedimenthosted znpb mineral systems and their critical raw materials ore geology reviews v no p
"Olivier, G.; Borg, B.; Trevor, L.; Combeau, B.; Dales, P.; Gordon, J.; Chaurasia, H.; Pearson, M. Fleet’s Geode: A Breakthrough Sensor for Real-Time Ambient Seismic Noise Tomography over DtS-IoT. Sensors 2022, 22, 8372.",p,https://www.fleetspace.com/resources/ai-for-explorers-leveraging-ai-tools-optimised-for-modern-mineral-exploration,AI for Explorers: Leveraging AI Tools Optimised for Modern Mineral Exploration | Article | All,"Article | Global | Sep 11, 2024","['AI for Explorers: Leveraging AI Tools Optimised for Modern Mineral Exploration', 'AI for Explorers: Leveraging AI Tools Optimised for Modern Mineral Exploration']",2025-01-10T13:46:27.279700,FleetSpace,0.0,0.0,0.0,2,2,Balanced,olivier g borg b trevor l combeau b dales p gordon j chaurasia h pearson m fleets geode a breakthrough sensor for realtime ambient seismic noise tomography over dtsiot sensors
"Maepa, F., Smith, R.S., and Tessema, A., 2021, Support vector machine and artificial neural network modelling of orogenic gold prospectivity mapping in the Swayze greenstone belt, Ontario, Canada: Ore geology reviews, v. 130, no. 103968, p. 103968.",p,https://www.fleetspace.com/resources/ai-for-explorers-leveraging-ai-tools-optimised-for-modern-mineral-exploration,AI for Explorers: Leveraging AI Tools Optimised for Modern Mineral Exploration | Article | All,"Article | Global | Sep 11, 2024","['AI for Explorers: Leveraging AI Tools Optimised for Modern Mineral Exploration', 'AI for Explorers: Leveraging AI Tools Optimised for Modern Mineral Exploration']",2025-01-10T13:46:27.279701,FleetSpace,0.016,0.128,0.07200000000000001,1,1,Balanced,maepa f smith rs and tessema a support vector machine and artificial neural network modelling of orogenic gold prospectivity mapping in the swayze greenstone belt ontario canada ore geology reviews v no p
"Parsa, M., Lawley, C.J.M., Cumani, R., Schetselaar, E., Harris, J., Lentz, D.R., Zhang, S.E., and Bourdeau, J., 2024, Predictive modeling of Canadian carbonatite-hosted REE +/− Nb deposits: Natural resources research.",p,https://www.fleetspace.com/resources/ai-for-explorers-leveraging-ai-tools-optimised-for-modern-mineral-exploration,AI for Explorers: Leveraging AI Tools Optimised for Modern Mineral Exploration | Article | All,"Article | Global | Sep 11, 2024","['AI for Explorers: Leveraging AI Tools Optimised for Modern Mineral Exploration', 'AI for Explorers: Leveraging AI Tools Optimised for Modern Mineral Exploration']",2025-01-10T13:46:27.279702,FleetSpace,0.102,0.3612,0.2316,2,2,Balanced,parsa m lawley cjm cumani r schetselaar e harris j lentz dr zhang se and bourdeau j predictive modeling of canadian carbonatitehosted ree nb deposits natural resources research
"Skirrow, R.G., Murr, J., Schofield, A., Huston, D.L., van der Wielen, S., Czarnota, K., Coghlan, R., Highet, L.M., Connolly, D., Doublier, M., and Duan, J., 2019, Mapping iron oxide Cu-Au (IOCG) mineral potential in Australia using a knowledge-driven mineral systems-based approach: Ore Geology Reviews, p. 103011.",p,https://www.fleetspace.com/resources/ai-for-explorers-leveraging-ai-tools-optimised-for-modern-mineral-exploration,AI for Explorers: Leveraging AI Tools Optimised for Modern Mineral Exploration | Article | All,"Article | Global | Sep 11, 2024","['AI for Explorers: Leveraging AI Tools Optimised for Modern Mineral Exploration', 'AI for Explorers: Leveraging AI Tools Optimised for Modern Mineral Exploration']",2025-01-10T13:46:27.279704,FleetSpace,0.0,0.0,0.0,1,1,Balanced,skirrow rg murr j schofield a huston dl van der wielen s czarnota k coghlan r highet lm connolly d doublier m and duan j mapping iron oxide cuau iocg mineral potential in australia using a knowledgedriven mineral systemsbased approach ore geology reviews p
You might also like,h2,https://www.fleetspace.com/resources/ai-for-explorers-leveraging-ai-tools-optimised-for-modern-mineral-exploration,AI for Explorers: Leveraging AI Tools Optimised for Modern Mineral Exploration | Article | All,"Article | Global | Sep 11, 2024","['AI for Explorers: Leveraging AI Tools Optimised for Modern Mineral Exploration', 'AI for Explorers: Leveraging AI Tools Optimised for Modern Mineral Exploration']",2025-01-10T13:46:27.279705,FleetSpace,0.455,0.3612,0.4081,0,0,Other,you might also like
Porphyry Deposit Exploration in Arizona with Eagle Mountain Mining Ltd,h2,https://www.fleetspace.com/resources/ai-for-explorers-leveraging-ai-tools-optimised-for-modern-mineral-exploration,AI for Explorers: Leveraging AI Tools Optimised for Modern Mineral Exploration | Article | All,"Article | Global | Sep 11, 2024","['AI for Explorers: Leveraging AI Tools Optimised for Modern Mineral Exploration', 'AI for Explorers: Leveraging AI Tools Optimised for Modern Mineral Exploration']",2025-01-10T13:46:27.279706,FleetSpace,0.174,0.2263,0.20015,1,1,Balanced,porphyry deposit exploration in arizona with eagle mountain mining ltd
Application of ANT to Iron Oxide Copper-Gold Exploration in Chile,h2,https://www.fleetspace.com/resources/ai-for-explorers-leveraging-ai-tools-optimised-for-modern-mineral-exploration,AI for Explorers: Leveraging AI Tools Optimised for Modern Mineral Exploration | Article | All,"Article | Global | Sep 11, 2024","['AI for Explorers: Leveraging AI Tools Optimised for Modern Mineral Exploration', 'AI for Explorers: Leveraging AI Tools Optimised for Modern Mineral Exploration']",2025-01-10T13:46:27.279707,FleetSpace,0.174,0.2263,0.20015,1,1,Balanced,application of ant to iron oxide coppergold exploration in chile
Scale Reduction in Mineral Exploration Using District-Scale ANT,h2,https://www.fleetspace.com/resources/ai-for-explorers-leveraging-ai-tools-optimised-for-modern-mineral-exploration,AI for Explorers: Leveraging AI Tools Optimised for Modern Mineral Exploration | Article | All,"Article | Global | Sep 11, 2024","['AI for Explorers: Leveraging AI Tools Optimised for Modern Mineral Exploration', 'AI for Explorers: Leveraging AI Tools Optimised for Modern Mineral Exploration']",2025-01-10T13:46:27.279709,FleetSpace,0.213,0.2263,0.21965,1,1,Balanced,scale reduction in mineral exploration using districtscale ant
Your Details,h3,https://www.fleetspace.com/resources/application-of-ant-to-iron-oxide-copper-gold-exploration-in-chile,Application of ANT to Iron Oxide Copper-Gold Exploration in Chile | Article | Copper,"Article | South America | Oct 07, 2024","['Application of ANT to Iron Oxide Copper-Gold Exploration in Chile', 'Application of ANT to Iron Oxide Copper-Gold Exploration in Chile']",2025-01-10T13:46:27.720345,FleetSpace,0.0,0.0,0.0,0,0,Other,your details
Application of ANT to Iron Oxide Copper-Gold Exploration in Chile,h1,https://www.fleetspace.com/resources/application-of-ant-to-iron-oxide-copper-gold-exploration-in-chile,Application of ANT to Iron Oxide Copper-Gold Exploration in Chile | Article | Copper,"Article | South America | Oct 07, 2024","['Application of ANT to Iron Oxide Copper-Gold Exploration in Chile', 'Application of ANT to Iron Oxide Copper-Gold Exploration in Chile']",2025-01-10T13:46:27.720356,FleetSpace,0.174,0.2263,0.20015,1,1,Balanced,application of ant to iron oxide coppergold exploration in chile
Application of ANT to Iron Oxide Copper-Gold Exploration in Chile,h1,https://www.fleetspace.com/resources/application-of-ant-to-iron-oxide-copper-gold-exploration-in-chile,Application of ANT to Iron Oxide Copper-Gold Exploration in Chile | Article | Copper,"Article | South America | Oct 07, 2024","['Application of ANT to Iron Oxide Copper-Gold Exploration in Chile', 'Application of ANT to Iron Oxide Copper-Gold Exploration in Chile']",2025-01-10T13:46:27.720358,FleetSpace,0.174,0.2263,0.20015,1,1,Balanced,application of ant to iron oxide coppergold exploration in chile
"Magnetite is a common product of alteration in iron oxide copper-gold (IOCG) and porphyry mineral systems. As a result, geophysical exploration has relied upon aeromagnetic or ground magnetic surveys coupled with electromagnetic surveys to detect conductivity related to sulphide minerals (Aguilef et al., 2017).",p,https://www.fleetspace.com/resources/application-of-ant-to-iron-oxide-copper-gold-exploration-in-chile,Application of ANT to Iron Oxide Copper-Gold Exploration in Chile | Article | Copper,"Article | South America | Oct 07, 2024","['Application of ANT to Iron Oxide Copper-Gold Exploration in Chile', 'Application of ANT to Iron Oxide Copper-Gold Exploration in Chile']",2025-01-10T13:46:27.720360,FleetSpace,0.045,0.2263,0.13565,1,1,Balanced,magnetite is a common product of alteration in iron oxide coppergold iocg and porphyry mineral systems as a result geophysical exploration has relied upon aeromagnetic or ground magnetic surveys coupled with electromagnetic surveys to detect conductivity related to sulphide minerals aguilef et al
"However, magnetite is not everywhere associated with copper. Large magnetite-rich bodies that are devoid of copper are known across the Andean region, for example those of the iron oxide-apatite (IOA) class of deposits. Distinguishing copper-bearing magnetite from copper-poor magnetite therefore is a challenge to geophysical exploration in the region.",p,https://www.fleetspace.com/resources/application-of-ant-to-iron-oxide-copper-gold-exploration-in-chile,Application of ANT to Iron Oxide Copper-Gold Exploration in Chile | Article | Copper,"Article | South America | Oct 07, 2024","['Application of ANT to Iron Oxide Copper-Gold Exploration in Chile', 'Application of ANT to Iron Oxide Copper-Gold Exploration in Chile']",2025-01-10T13:46:27.720362,FleetSpace,0.065,0.296,0.1805,2,2,Balanced,however magnetite is not everywhere associated with copper large magnetiterich bodies that are devoid of copper are known across the andean region for example those of the iron oxideapatite ioa class of deposits distinguishing copperbearing magnetite from copperpoor magnetite therefore is a challenge to geophysical exploration in the region
"Fleet Space Technologies has been working with Power Nickel Chile to improve exploration outcomes using Fleet Space’s proprietary Ambient Noise Tomography (ANT) system, part of the ExoSphere end-to-end mineral exploration workflow.",p,https://www.fleetspace.com/resources/application-of-ant-to-iron-oxide-copper-gold-exploration-in-chile,Application of ANT to Iron Oxide Copper-Gold Exploration in Chile | Article | Copper,"Article | South America | Oct 07, 2024","['Application of ANT to Iron Oxide Copper-Gold Exploration in Chile', 'Application of ANT to Iron Oxide Copper-Gold Exploration in Chile']",2025-01-10T13:46:27.720364,FleetSpace,0.193,0.6908,0.44189999999999996,1,1,Balanced,fleet space technologies has been working with power nickel chile to improve exploration outcomes using fleet spaces proprietary ambient noise tomography ant system part of the exosphere endtoend mineral exploration workflow
"Power Nickel holds several 100% owned properties in the Atacama Province, south of the city of Copiapo (Fig. 1). The properties are within the belt that hosts the world class La Candelaria IOCG deposit.",p,https://www.fleetspace.com/resources/application-of-ant-to-iron-oxide-copper-gold-exploration-in-chile,Application of ANT to Iron Oxide Copper-Gold Exploration in Chile | Article | Copper,"Article | South America | Oct 07, 2024","['Application of ANT to Iron Oxide Copper-Gold Exploration in Chile', 'Application of ANT to Iron Oxide Copper-Gold Exploration in Chile']",2025-01-10T13:46:27.720366,FleetSpace,0.0,0.0,0.0,0,0,Other,power nickel holds several owned properties in the atacama province south of the city of copiapo fig the properties are within the belt that hosts the world class la candelaria iocg deposit
"At La Candelaria, alteration and mineralisation is likely multi-stage, related to changing chemistry of causative magmatic intrusions. Early magnetite mineralisation formed in response to early, high temperature, water poor magmas, and this was overprinted by a closely related but temporally distinct phase of copper and sulphur-rich alteration and mineralisation associated with oxidised, water-rich magmas (Romero et al., 2024). Marschik and Fontboté (2001) note that most of the larger orebodies in the region have a structural control associated with northwest-trending brittle faults and, in the case of Candelaria itself, a northeast-trending ductile shear zone.",p,https://www.fleetspace.com/resources/application-of-ant-to-iron-oxide-copper-gold-exploration-in-chile,Application of ANT to Iron Oxide Copper-Gold Exploration in Chile | Article | Copper,"Article | South America | Oct 07, 2024","['Application of ANT to Iron Oxide Copper-Gold Exploration in Chile', 'Application of ANT to Iron Oxide Copper-Gold Exploration in Chile']",2025-01-10T13:46:27.720368,FleetSpace,-0.067,-0.7351,-0.40105,0,0,Other,at la candelaria alteration and mineralisation is likely multistage related to changing chemistry of causative magmatic intrusions early magnetite mineralisation formed in response to early high temperature water poor magmas and this was overprinted by a closely related but temporally distinct phase of copper and sulphurrich alteration and mineralisation associated with oxidised waterrich magmas romero et al marschik and fontbote note that most of the larger orebodies in the region have a structural control associated with northwesttrending brittle faults and in the case of candelaria itself a northeasttrending ductile shear zone
"Within Power Nickel’s properties, magnetic anomalies are priority IOCG targets and ANT surveys were undertaken across these anomalies in order to better understand the 3D architecture at depth. In addition, the surveys aimed to search for zones of alteration within the volcanic and volcaniclastic country rocks. Typically hydrothermal alteration results in a reduction of seismic velocity as alteration minerals such as phyllosilicates are less dense than the feldspar-dominant mineralogy of the primary rock types.",p,https://www.fleetspace.com/resources/application-of-ant-to-iron-oxide-copper-gold-exploration-in-chile,Application of ANT to Iron Oxide Copper-Gold Exploration in Chile | Article | Copper,"Article | South America | Oct 07, 2024","['Application of ANT to Iron Oxide Copper-Gold Exploration in Chile', 'Application of ANT to Iron Oxide Copper-Gold Exploration in Chile']",2025-01-10T13:46:27.720370,FleetSpace,0.039,0.4404,0.2397,2,2,Balanced,within power nickels properties magnetic anomalies are priority iocg targets and ant surveys were undertaken across these anomalies in order to better understand the d architecture at depth in addition the surveys aimed to search for zones of alteration within the volcanic and volcaniclastic country rocks typically hydrothermal alteration results in a reduction of seismic velocity as alteration minerals such as phyllosilicates are less dense than the feldspardominant mineralogy of the primary rock types
‍ExoSphere ANT,p,https://www.fleetspace.com/resources/application-of-ant-to-iron-oxide-copper-gold-exploration-in-chile,Application of ANT to Iron Oxide Copper-Gold Exploration in Chile | Article | Copper,"Article | South America | Oct 07, 2024","['Application of ANT to Iron Oxide Copper-Gold Exploration in Chile', 'Application of ANT to Iron Oxide Copper-Gold Exploration in Chile']",2025-01-10T13:46:27.720372,FleetSpace,0.0,0.0,0.0,0,0,Other,exosphere ant
"Ambient noise tomography utilises background seismic noise in the Earth as the signal for measuring subsurface velocity structure. An array of custom built Fleet Space geophones (Olivier et al., 2022) were used to record the arrival of low-frequency surface waves created by natural and anthropogenic seismic sources.",p,https://www.fleetspace.com/resources/application-of-ant-to-iron-oxide-copper-gold-exploration-in-chile,Application of ANT to Iron Oxide Copper-Gold Exploration in Chile | Article | Copper,"Article | South America | Oct 07, 2024","['Application of ANT to Iron Oxide Copper-Gold Exploration in Chile', 'Application of ANT to Iron Oxide Copper-Gold Exploration in Chile']",2025-01-10T13:46:27.720374,FleetSpace,0.093,0.5423,0.31765,2,2,Balanced,ambient noise tomography utilises background seismic noise in the earth as the signal for measuring subsurface velocity structure an array of custom built fleet space geophones olivier et al were used to record the arrival of lowfrequency surface waves created by natural and anthropogenic seismic sources
"The technique relies on estimates of seismic Green’s functions between station pairs, such that every receiver is turned into a virtual active source that provides information about the subsurface. More details on the ANT method can be found in Olivier et al. (2022) and Jones et al. (2024).",p,https://www.fleetspace.com/resources/application-of-ant-to-iron-oxide-copper-gold-exploration-in-chile,Application of ANT to Iron Oxide Copper-Gold Exploration in Chile | Article | Copper,"Article | South America | Oct 07, 2024","['Application of ANT to Iron Oxide Copper-Gold Exploration in Chile', 'Application of ANT to Iron Oxide Copper-Gold Exploration in Chile']",2025-01-10T13:46:27.720375,FleetSpace,0.058,0.4019,0.22995,2,2,Balanced,the technique relies on estimates of seismic greens functions between station pairs such that every receiver is turned into a virtual active source that provides information about the subsurface more details on the ant method can be found in olivier et al and jones et al
‍Tierra de Oro ANT velocity model,p,https://www.fleetspace.com/resources/application-of-ant-to-iron-oxide-copper-gold-exploration-in-chile,Application of ANT to Iron Oxide Copper-Gold Exploration in Chile | Article | Copper,"Article | South America | Oct 07, 2024","['Application of ANT to Iron Oxide Copper-Gold Exploration in Chile', 'Application of ANT to Iron Oxide Copper-Gold Exploration in Chile']",2025-01-10T13:46:27.720377,FleetSpace,0.0,0.0,0.0,0,0,Other,tierra de oro ant velocity model
"At the Tierra de Oro property, the velocity model reaches a depth of ~600m below surface. The near surface is characterised by an approximately 100m thick, low velocity (<1500 m/s) zone, interpreted to image the sedimentary cover (Fig. 2). Within the high velocity basement (>2800m/s), velocity contrasts are evident as narrow zones of decreased velocity that have a general north-east trend (Fig. 3). The most prominent and thoroughgoing of these may indicate the location of a fault zone.",p,https://www.fleetspace.com/resources/application-of-ant-to-iron-oxide-copper-gold-exploration-in-chile,Application of ANT to Iron Oxide Copper-Gold Exploration in Chile | Article | Copper,"Article | South America | Oct 07, 2024","['Application of ANT to Iron Oxide Copper-Gold Exploration in Chile', 'Application of ANT to Iron Oxide Copper-Gold Exploration in Chile']",2025-01-10T13:46:27.720379,FleetSpace,-0.013000000000000005,-0.2516,-0.1323,0,0,Other,at the tierra de oro property the velocity model reaches a depth of m below surface the near surface is characterised by an approximately m thick low velocity ms zone interpreted to image the sedimentary cover fig within the high velocity basement ms velocity contrasts are evident as narrow zones of decreased velocity that have a general northeast trend fig the most prominent and thoroughgoing of these may indicate the location of a fault zone
"In the southeastern portion of the model, there is a zone of decreased velocity that has an irregular shape but is generally elongate towards the north east. The eastern and southern edges of this feature extend to the edge of the model, and are therefore poorly constrained. Interestingly, this zone of decreased velocity is semi-coincident with a magnetic feature that has a similar geometry.",p,https://www.fleetspace.com/resources/application-of-ant-to-iron-oxide-copper-gold-exploration-in-chile,Application of ANT to Iron Oxide Copper-Gold Exploration in Chile | Article | Copper,"Article | South America | Oct 07, 2024","['Application of ANT to Iron Oxide Copper-Gold Exploration in Chile', 'Application of ANT to Iron Oxide Copper-Gold Exploration in Chile']",2025-01-10T13:46:27.720384,FleetSpace,0.06099999999999999,0.6124,0.3367,0,0,Other,in the southeastern portion of the model there is a zone of decreased velocity that has an irregular shape but is generally elongate towards the north east the eastern and southern edges of this feature extend to the edge of the model and are therefore poorly constrained interestingly this zone of decreased velocity is semicoincident with a magnetic feature that has a similar geometry
"The semi-coincidence of a low velocity zone that is distinct from the surrounding country rock velocity structure, and a magnetic feature with a similar geometry and orientation is a very interesting outcome of the ANT survey. A possible interpretation of this feature is that it represents a zone of decreased velocity associated with alteration of the volcanic rock packages. As this is associated with a discrete magnetite anomaly, the interest in this feature as a zone that may contain buried alteration and, ideally, copper mineralisation associated with magnetite.",p,https://www.fleetspace.com/resources/application-of-ant-to-iron-oxide-copper-gold-exploration-in-chile,Application of ANT to Iron Oxide Copper-Gold Exploration in Chile | Article | Copper,"Article | South America | Oct 07, 2024","['Application of ANT to Iron Oxide Copper-Gold Exploration in Chile', 'Application of ANT to Iron Oxide Copper-Gold Exploration in Chile']",2025-01-10T13:46:27.720386,FleetSpace,0.07700000000000001,0.7713,0.42415,1,1,Balanced,the semicoincidence of a low velocity zone that is distinct from the surrounding country rock velocity structure and a magnetic feature with a similar geometry and orientation is a very interesting outcome of the ant survey a possible interpretation of this feature is that it represents a zone of decreased velocity associated with alteration of the volcanic rock packages as this is associated with a discrete magnetite anomaly the interest in this feature as a zone that may contain buried alteration and ideally copper mineralisation associated with magnetite
‍Future work,p,https://www.fleetspace.com/resources/application-of-ant-to-iron-oxide-copper-gold-exploration-in-chile,Application of ANT to Iron Oxide Copper-Gold Exploration in Chile | Article | Copper,"Article | South America | Oct 07, 2024","['Application of ANT to Iron Oxide Copper-Gold Exploration in Chile', 'Application of ANT to Iron Oxide Copper-Gold Exploration in Chile']",2025-01-10T13:46:27.720388,FleetSpace,0.0,0.0,0.0,0,0,Other,future work
"Power Nickel Chile continues exploration in the region and is in the process of following up these interesting ANT results with a view towards a drilling campaign in the future. The ANT results provide a new, 3D dataset with which to interrogate the subsurface geology and raises new possibilities that alteration may be imaged in association with magnetite in the Chilean Andes. Interpretations presented here are those of Fleet Space Technologies and do not necessarily represent the views of Power Nickel.",p,https://www.fleetspace.com/resources/application-of-ant-to-iron-oxide-copper-gold-exploration-in-chile,Application of ANT to Iron Oxide Copper-Gold Exploration in Chile | Article | Copper,"Article | South America | Oct 07, 2024","['Application of ANT to Iron Oxide Copper-Gold Exploration in Chile', 'Application of ANT to Iron Oxide Copper-Gold Exploration in Chile']",2025-01-10T13:46:27.720389,FleetSpace,0.058,0.5574,0.30770000000000003,4,4,Balanced,power nickel chile continues exploration in the region and is in the process of following up these interesting ant results with a view towards a drilling campaign in the future the ant results provide a new d dataset with which to interrogate the subsurface geology and raises new possibilities that alteration may be imaged in association with magnetite in the chilean andes interpretations presented here are those of fleet space technologies and do not necessarily represent the views of power nickel
‍,p,https://www.fleetspace.com/resources/application-of-ant-to-iron-oxide-copper-gold-exploration-in-chile,Application of ANT to Iron Oxide Copper-Gold Exploration in Chile | Article | Copper,"Article | South America | Oct 07, 2024","['Application of ANT to Iron Oxide Copper-Gold Exploration in Chile', 'Application of ANT to Iron Oxide Copper-Gold Exploration in Chile']",2025-01-10T13:46:27.720390,FleetSpace,0.0,0.0,0.0,0,0,Error,
Acknowledgements,p,https://www.fleetspace.com/resources/application-of-ant-to-iron-oxide-copper-gold-exploration-in-chile,Application of ANT to Iron Oxide Copper-Gold Exploration in Chile | Article | Copper,"Article | South America | Oct 07, 2024","['Application of ANT to Iron Oxide Copper-Gold Exploration in Chile', 'Application of ANT to Iron Oxide Copper-Gold Exploration in Chile']",2025-01-10T13:46:27.720392,FleetSpace,0.0,0.0,0.0,0,0,Other,acknowledgements
Text and figures prepared by Anthony Reid. ANT velocity model prepared by Adebayo Ojo. The team from Power Nickel Chile are thanked for permission to publicise these results and for discussions on the geology and geophysics of IOCG systems in the Chilean Andes.,p,https://www.fleetspace.com/resources/application-of-ant-to-iron-oxide-copper-gold-exploration-in-chile,Application of ANT to Iron Oxide Copper-Gold Exploration in Chile | Article | Copper,"Article | South America | Oct 07, 2024","['Application of ANT to Iron Oxide Copper-Gold Exploration in Chile', 'Application of ANT to Iron Oxide Copper-Gold Exploration in Chile']",2025-01-10T13:46:27.720393,FleetSpace,0.143,0.6908,0.4169,2,2,Balanced,text and figures prepared by anthony reid ant velocity model prepared by adebayo ojo the team from power nickel chile are thanked for permission to publicise these results and for discussions on the geology and geophysics of iocg systems in the chilean andes
References,p,https://www.fleetspace.com/resources/application-of-ant-to-iron-oxide-copper-gold-exploration-in-chile,Application of ANT to Iron Oxide Copper-Gold Exploration in Chile | Article | Copper,"Article | South America | Oct 07, 2024","['Application of ANT to Iron Oxide Copper-Gold Exploration in Chile', 'Application of ANT to Iron Oxide Copper-Gold Exploration in Chile']",2025-01-10T13:46:27.720395,FleetSpace,0.0,0.0,0.0,0,0,Other,references
"Aguilef, S., Vargas, J.A., and Yáñez, G., 2017, Relationship between bulk mineralogy and induced polarisation responses in iron oxide-copper-gold and porphyry copper mineralisation, northern Chile: Exploration Geophysics, v. 48, no. 4, p. 353–362.",p,https://www.fleetspace.com/resources/application-of-ant-to-iron-oxide-copper-gold-exploration-in-chile,Application of ANT to Iron Oxide Copper-Gold Exploration in Chile | Article | Copper,"Article | South America | Oct 07, 2024","['Application of ANT to Iron Oxide Copper-Gold Exploration in Chile', 'Application of ANT to Iron Oxide Copper-Gold Exploration in Chile']",2025-01-10T13:46:27.720397,FleetSpace,-0.010999999999999996,-0.0772,-0.0441,2,2,Balanced,aguilef s vargas ja and yez g relationship between bulk mineralogy and induced polarisation responses in iron oxidecoppergold and porphyry copper mineralisation northern chile exploration geophysics v no p
"Jones, T., Olivier, G., Murphy, B., Cole, L., Went, C., Olsen, S., Smith, N., Gal, M., North, B., and Burrows, D., 2024, Real-Time Ambient Seismic Noise Tomography of the Hillside Iron Oxide–Copper–Gold Deposit: Minerals, v. 14, no. 3, p. 254.",p,https://www.fleetspace.com/resources/application-of-ant-to-iron-oxide-copper-gold-exploration-in-chile,Application of ANT to Iron Oxide Copper-Gold Exploration in Chile | Article | Copper,"Article | South America | Oct 07, 2024","['Application of ANT to Iron Oxide Copper-Gold Exploration in Chile', 'Application of ANT to Iron Oxide Copper-Gold Exploration in Chile']",2025-01-10T13:46:27.720399,FleetSpace,-0.087,-0.296,-0.1915,1,1,Balanced,jones t olivier g murphy b cole l went c olsen s smith n gal m north b and burrows d realtime ambient seismic noise tomography of the hillside iron oxidecoppergold deposit minerals v no p
"Marschik, R., and Fontboté, L., 2001, The Candelaria-Punta del Cobre Iron Oxide Cu-Au(-Zn-Ag) Deposits, Chile: Economic Geology, v. 96, no. 8, p. 1799–1826.",p,https://www.fleetspace.com/resources/application-of-ant-to-iron-oxide-copper-gold-exploration-in-chile,Application of ANT to Iron Oxide Copper-Gold Exploration in Chile | Article | Copper,"Article | South America | Oct 07, 2024","['Application of ANT to Iron Oxide Copper-Gold Exploration in Chile', 'Application of ANT to Iron Oxide Copper-Gold Exploration in Chile']",2025-01-10T13:46:27.720401,FleetSpace,-0.136,-0.296,-0.216,2,2,Balanced,marschik r and fontbote l the candelariapunta del cobre iron oxide cuauznag deposits chile economic geology v no p
"Olivier, G., Borg, B., Trevor, L., Combeau, B., Dales, P., Gordon, J., Chaurasia, H., and Pearson, M., 2022, Fleet’s Geode: A Breakthrough Sensor for Real-Time Ambient Seismic Noise Tomography over DtS-IoT: Sensors , v. 22, no. 21.",p,https://www.fleetspace.com/resources/application-of-ant-to-iron-oxide-copper-gold-exploration-in-chile,Application of ANT to Iron Oxide Copper-Gold Exploration in Chile | Article | Copper,"Article | South America | Oct 07, 2024","['Application of ANT to Iron Oxide Copper-Gold Exploration in Chile', 'Application of ANT to Iron Oxide Copper-Gold Exploration in Chile']",2025-01-10T13:46:27.720403,FleetSpace,-0.091,-0.296,-0.1935,2,2,Balanced,olivier g borg b trevor l combeau b dales p gordon j chaurasia h and pearson m fleets geode a breakthrough sensor for realtime ambient seismic noise tomography over dtsiot sensors v no
"Romero, R., Barra, F., Reich, M., Ojeda, A., Tapia, M.J., Del Real, I., and Simon, A., 2024, Contrasting magma chemistry in the Candelaria IOCG district caused by changing tectonic regimes: Scientific reports, v. 14, no. 1, p. 10793.",p,https://www.fleetspace.com/resources/application-of-ant-to-iron-oxide-copper-gold-exploration-in-chile,Application of ANT to Iron Oxide Copper-Gold Exploration in Chile | Article | Copper,"Article | South America | Oct 07, 2024","['Application of ANT to Iron Oxide Copper-Gold Exploration in Chile', 'Application of ANT to Iron Oxide Copper-Gold Exploration in Chile']",2025-01-10T13:46:27.720405,FleetSpace,-0.081,-0.296,-0.1885,0,0,Other,romero r barra f reich m ojeda a tapia mj del real i and simon a contrasting magma chemistry in the candelaria iocg district caused by changing tectonic regimes scientific reports v no p
You might also like,h2,https://www.fleetspace.com/resources/application-of-ant-to-iron-oxide-copper-gold-exploration-in-chile,Application of ANT to Iron Oxide Copper-Gold Exploration in Chile | Article | Copper,"Article | South America | Oct 07, 2024","['Application of ANT to Iron Oxide Copper-Gold Exploration in Chile', 'Application of ANT to Iron Oxide Copper-Gold Exploration in Chile']",2025-01-10T13:46:27.720406,FleetSpace,0.455,0.3612,0.4081,0,0,Other,you might also like
Porphyry Deposit Exploration in Arizona with Eagle Mountain Mining Ltd,h2,https://www.fleetspace.com/resources/application-of-ant-to-iron-oxide-copper-gold-exploration-in-chile,Application of ANT to Iron Oxide Copper-Gold Exploration in Chile | Article | Copper,"Article | South America | Oct 07, 2024","['Application of ANT to Iron Oxide Copper-Gold Exploration in Chile', 'Application of ANT to Iron Oxide Copper-Gold Exploration in Chile']",2025-01-10T13:46:27.720407,FleetSpace,0.174,0.2263,0.20015,1,1,Balanced,porphyry deposit exploration in arizona with eagle mountain mining ltd
Scale Reduction in Mineral Exploration Using District-Scale ANT,h2,https://www.fleetspace.com/resources/application-of-ant-to-iron-oxide-copper-gold-exploration-in-chile,Application of ANT to Iron Oxide Copper-Gold Exploration in Chile | Article | Copper,"Article | South America | Oct 07, 2024","['Application of ANT to Iron Oxide Copper-Gold Exploration in Chile', 'Application of ANT to Iron Oxide Copper-Gold Exploration in Chile']",2025-01-10T13:46:27.720409,FleetSpace,0.213,0.2263,0.21965,1,1,Balanced,scale reduction in mineral exploration using districtscale ant
Accelerating Copper Discovery in Chile with Power Nickel,h2,https://www.fleetspace.com/resources/application-of-ant-to-iron-oxide-copper-gold-exploration-in-chile,Application of ANT to Iron Oxide Copper-Gold Exploration in Chile | Article | Copper,"Article | South America | Oct 07, 2024","['Application of ANT to Iron Oxide Copper-Gold Exploration in Chile', 'Application of ANT to Iron Oxide Copper-Gold Exploration in Chile']",2025-01-10T13:46:27.720410,FleetSpace,0.0,0.0,0.0,0,0,Other,accelerating copper discovery in chile with power nickel
Your Details,h3,https://www.fleetspace.com/resources/accelerating-copper-discovery-in-chile-with-power-nickel,Accelerating Copper Discovery in Chile with Power Nickel | Project Summary | Copper,"Project Summary | South America | Sep 30, 2024","['Accelerating Copper Discovery in Chile with Power Nickel', 'Accelerating Copper Discovery in Chile with Power Nickel']",2025-01-10T13:46:27.986451,FleetSpace,0.0,0.0,0.0,0,0,Other,your details
Accelerating Copper Discovery in Chile with Power Nickel,h1,https://www.fleetspace.com/resources/accelerating-copper-discovery-in-chile-with-power-nickel,Accelerating Copper Discovery in Chile with Power Nickel | Project Summary | Copper,"Project Summary | South America | Sep 30, 2024","['Accelerating Copper Discovery in Chile with Power Nickel', 'Accelerating Copper Discovery in Chile with Power Nickel']",2025-01-10T13:46:27.986461,FleetSpace,0.0,0.0,0.0,0,0,Other,accelerating copper discovery in chile with power nickel
Accelerating Copper Discovery in Chile with Power Nickel,h1,https://www.fleetspace.com/resources/accelerating-copper-discovery-in-chile-with-power-nickel,Accelerating Copper Discovery in Chile with Power Nickel | Project Summary | Copper,"Project Summary | South America | Sep 30, 2024","['Accelerating Copper Discovery in Chile with Power Nickel', 'Accelerating Copper Discovery in Chile with Power Nickel']",2025-01-10T13:46:27.986463,FleetSpace,0.0,0.0,0.0,0,0,Other,accelerating copper discovery in chile with power nickel
"‍Project: Tierra de Oro, Zulema, and Paleo Negro",p,https://www.fleetspace.com/resources/accelerating-copper-discovery-in-chile-with-power-nickel,Accelerating Copper Discovery in Chile with Power Nickel | Project Summary | Copper,"Project Summary | South America | Sep 30, 2024","['Accelerating Copper Discovery in Chile with Power Nickel', 'Accelerating Copper Discovery in Chile with Power Nickel']",2025-01-10T13:46:27.986466,FleetSpace,0.0,0.0,0.0,0,0,Other,project tierra de oro zulema and paleo negro
"‍Location: Atacama Region, Chile",p,https://www.fleetspace.com/resources/accelerating-copper-discovery-in-chile-with-power-nickel,Accelerating Copper Discovery in Chile with Power Nickel | Project Summary | Copper,"Project Summary | South America | Sep 30, 2024","['Accelerating Copper Discovery in Chile with Power Nickel', 'Accelerating Copper Discovery in Chile with Power Nickel']",2025-01-10T13:46:27.986468,FleetSpace,0.0,0.0,0.0,0,0,Other,location atacama region chile
Commodity: Copper,p,https://www.fleetspace.com/resources/accelerating-copper-discovery-in-chile-with-power-nickel,Accelerating Copper Discovery in Chile with Power Nickel | Project Summary | Copper,"Project Summary | South America | Sep 30, 2024","['Accelerating Copper Discovery in Chile with Power Nickel', 'Accelerating Copper Discovery in Chile with Power Nickel']",2025-01-10T13:46:27.986469,FleetSpace,0.0,0.0,0.0,0,0,Other,commodity copper
Deposit type: IOCG,p,https://www.fleetspace.com/resources/accelerating-copper-discovery-in-chile-with-power-nickel,Accelerating Copper Discovery in Chile with Power Nickel | Project Summary | Copper,"Project Summary | South America | Sep 30, 2024","['Accelerating Copper Discovery in Chile with Power Nickel', 'Accelerating Copper Discovery in Chile with Power Nickel']",2025-01-10T13:46:27.986471,FleetSpace,0.0,0.0,0.0,0,0,Other,deposit type iocg
‍,p,https://www.fleetspace.com/resources/accelerating-copper-discovery-in-chile-with-power-nickel,Accelerating Copper Discovery in Chile with Power Nickel | Project Summary | Copper,"Project Summary | South America | Sep 30, 2024","['Accelerating Copper Discovery in Chile with Power Nickel', 'Accelerating Copper Discovery in Chile with Power Nickel']",2025-01-10T13:46:27.986472,FleetSpace,0.0,0.0,0.0,0,0,Error,
"Power Nickel, a Canadian exploration company, is focused on developing high-grade nickel-copper PGE projects and expanding its exploration efforts in the Atacama Province of Chile.",p,https://www.fleetspace.com/resources/accelerating-copper-discovery-in-chile-with-power-nickel,Accelerating Copper Discovery in Chile with Power Nickel | Project Summary | Copper,"Project Summary | South America | Sep 30, 2024","['Accelerating Copper Discovery in Chile with Power Nickel', 'Accelerating Copper Discovery in Chile with Power Nickel']",2025-01-10T13:46:27.986474,FleetSpace,0.234,0.6597,0.44684999999999997,1,1,Balanced,power nickel a canadian exploration company is focused on developing highgrade nickelcopper pge projects and expanding its exploration efforts in the atacama province of chile
Overview,p,https://www.fleetspace.com/resources/accelerating-copper-discovery-in-chile-with-power-nickel,Accelerating Copper Discovery in Chile with Power Nickel | Project Summary | Copper,"Project Summary | South America | Sep 30, 2024","['Accelerating Copper Discovery in Chile with Power Nickel', 'Accelerating Copper Discovery in Chile with Power Nickel']",2025-01-10T13:46:27.986475,FleetSpace,0.0,0.0,0.0,0,0,Other,overview
"This project aimed to deepen geological insights and refine Power Nickel’s copper exploration strategies. Ambient Noise Tomography (ANT) was chosen to identify structural controls accurately, image features contributing to magnetic anomalies, and detect velocity responses linked to hydrothermal activity and potential mineralization.",p,https://www.fleetspace.com/resources/accelerating-copper-discovery-in-chile-with-power-nickel,Accelerating Copper Discovery in Chile with Power Nickel | Project Summary | Copper,"Project Summary | South America | Sep 30, 2024","['Accelerating Copper Discovery in Chile with Power Nickel', 'Accelerating Copper Discovery in Chile with Power Nickel']",2025-01-10T13:46:27.986477,FleetSpace,0.044,0.2263,0.13515,2,2,Balanced,this project aimed to deepen geological insights and refine power nickels copper exploration strategies ambient noise tomography ant was chosen to identify structural controls accurately image features contributing to magnetic anomalies and detect velocity responses linked to hydrothermal activity and potential mineralization
Highlights,p,https://www.fleetspace.com/resources/accelerating-copper-discovery-in-chile-with-power-nickel,Accelerating Copper Discovery in Chile with Power Nickel | Project Summary | Copper,"Project Summary | South America | Sep 30, 2024","['Accelerating Copper Discovery in Chile with Power Nickel', 'Accelerating Copper Discovery in Chile with Power Nickel']",2025-01-10T13:46:27.986478,FleetSpace,0.0,0.0,0.0,0,0,Other,highlights
‍,p,https://www.fleetspace.com/resources/accelerating-copper-discovery-in-chile-with-power-nickel,Accelerating Copper Discovery in Chile with Power Nickel | Project Summary | Copper,"Project Summary | South America | Sep 30, 2024","['Accelerating Copper Discovery in Chile with Power Nickel', 'Accelerating Copper Discovery in Chile with Power Nickel']",2025-01-10T13:46:27.986480,FleetSpace,0.0,0.0,0.0,0,0,Error,
‍,p,https://www.fleetspace.com/resources/accelerating-copper-discovery-in-chile-with-power-nickel,Accelerating Copper Discovery in Chile with Power Nickel | Project Summary | Copper,"Project Summary | South America | Sep 30, 2024","['Accelerating Copper Discovery in Chile with Power Nickel', 'Accelerating Copper Discovery in Chile with Power Nickel']",2025-01-10T13:46:27.986481,FleetSpace,0.0,0.0,0.0,0,0,Error,
You might also like,h2,https://www.fleetspace.com/resources/accelerating-copper-discovery-in-chile-with-power-nickel,Accelerating Copper Discovery in Chile with Power Nickel | Project Summary | Copper,"Project Summary | South America | Sep 30, 2024","['Accelerating Copper Discovery in Chile with Power Nickel', 'Accelerating Copper Discovery in Chile with Power Nickel']",2025-01-10T13:46:27.986482,FleetSpace,0.455,0.3612,0.4081,0,0,Other,you might also like
Porphyry Deposit Exploration in Arizona with Eagle Mountain Mining Ltd,h2,https://www.fleetspace.com/resources/accelerating-copper-discovery-in-chile-with-power-nickel,Accelerating Copper Discovery in Chile with Power Nickel | Project Summary | Copper,"Project Summary | South America | Sep 30, 2024","['Accelerating Copper Discovery in Chile with Power Nickel', 'Accelerating Copper Discovery in Chile with Power Nickel']",2025-01-10T13:46:27.986484,FleetSpace,0.174,0.2263,0.20015,1,1,Balanced,porphyry deposit exploration in arizona with eagle mountain mining ltd
Application of ANT to Iron Oxide Copper-Gold Exploration in Chile,h2,https://www.fleetspace.com/resources/accelerating-copper-discovery-in-chile-with-power-nickel,Accelerating Copper Discovery in Chile with Power Nickel | Project Summary | Copper,"Project Summary | South America | Sep 30, 2024","['Accelerating Copper Discovery in Chile with Power Nickel', 'Accelerating Copper Discovery in Chile with Power Nickel']",2025-01-10T13:46:27.986486,FleetSpace,0.174,0.2263,0.20015,1,1,Balanced,application of ant to iron oxide coppergold exploration in chile
Scale Reduction in Mineral Exploration Using District-Scale ANT,h2,https://www.fleetspace.com/resources/accelerating-copper-discovery-in-chile-with-power-nickel,Accelerating Copper Discovery in Chile with Power Nickel | Project Summary | Copper,"Project Summary | South America | Sep 30, 2024","['Accelerating Copper Discovery in Chile with Power Nickel', 'Accelerating Copper Discovery in Chile with Power Nickel']",2025-01-10T13:46:27.986489,FleetSpace,0.213,0.2263,0.21965,1,1,Balanced,scale reduction in mineral exploration using districtscale ant
