text,element_type,url,title,meta_description,h1_tags,scrape_date,competitor,sentiment,vader_sentiment,average_sentiment,technical_keywords,value_keywords,intent,cleaned_text
Understand the underground,h1,https://www.seequent.com/,"Seequent: Solutions for the mining, civil, environmental & energy industries","Powerful geoscience analysis, modelling & collaborative technologies to solve complex problems, manage risk, and uncover valuable insights from data.",[' Understand the underground '],2025-01-10T13:47:03.381105,Seequent,0.0,0.0,0.0,0,0,Other,understand the underground
"World leading earth-modelling, analysis, data management and collaboration software",p,https://www.seequent.com/,"Seequent: Solutions for the mining, civil, environmental & energy industries","Powerful geoscience analysis, modelling & collaborative technologies to solve complex problems, manage risk, and uncover valuable insights from data.",[' Understand the underground '],2025-01-10T13:47:03.381118,Seequent,0.0,0.0,0.0,0,1,Value Proposition,world leading earthmodelling analysis data management and collaboration software
Industries we serve,h2,https://www.seequent.com/,"Seequent: Solutions for the mining, civil, environmental & energy industries","Powerful geoscience analysis, modelling & collaborative technologies to solve complex problems, manage risk, and uncover valuable insights from data.",[' Understand the underground '],2025-01-10T13:47:03.381120,Seequent,0.0,0.0,0.0,0,0,Other,industries we serve
"We help organisations to understand the underground, giving the confidence to make better decisions faster.",h3,https://www.seequent.com/,"Seequent: Solutions for the mining, civil, environmental & energy industries","Powerful geoscience analysis, modelling & collaborative technologies to solve complex problems, manage risk, and uncover valuable insights from data.",[' Understand the underground '],2025-01-10T13:47:03.381122,Seequent,0.507,0.8834,0.6952,0,0,Other,we help organisations to understand the underground giving the confidence to make better decisions faster
Mining,h3,https://www.seequent.com/,"Seequent: Solutions for the mining, civil, environmental & energy industries","Powerful geoscience analysis, modelling & collaborative technologies to solve complex problems, manage risk, and uncover valuable insights from data.",[' Understand the underground '],2025-01-10T13:47:03.381124,Seequent,0.0,0.0,0.0,0,0,Other,mining
Energy,h3,https://www.seequent.com/,"Seequent: Solutions for the mining, civil, environmental & energy industries","Powerful geoscience analysis, modelling & collaborative technologies to solve complex problems, manage risk, and uncover valuable insights from data.",[' Understand the underground '],2025-01-10T13:47:03.381125,Seequent,1.0,0.2732,0.6366,0,0,Other,energy
Civil,h3,https://www.seequent.com/,"Seequent: Solutions for the mining, civil, environmental & energy industries","Powerful geoscience analysis, modelling & collaborative technologies to solve complex problems, manage risk, and uncover valuable insights from data.",[' Understand the underground '],2025-01-10T13:47:03.381132,Seequent,0.0,0.0,0.0,0,0,Other,civil
Environmental,h3,https://www.seequent.com/,"Seequent: Solutions for the mining, civil, environmental & energy industries","Powerful geoscience analysis, modelling & collaborative technologies to solve complex problems, manage risk, and uncover valuable insights from data.",[' Understand the underground '],2025-01-10T13:47:03.381134,Seequent,0.0,0.0,0.0,0,0,Other,environmental
Hydrocarbon,h3,https://www.seequent.com/,"Seequent: Solutions for the mining, civil, environmental & energy industries","Powerful geoscience analysis, modelling & collaborative technologies to solve complex problems, manage risk, and uncover valuable insights from data.",[' Understand the underground '],2025-01-10T13:47:03.381136,Seequent,0.0,0.0,0.0,0,0,Other,hydrocarbon
Unexploded Ordnance,h3,https://www.seequent.com/,"Seequent: Solutions for the mining, civil, environmental & energy industries","Powerful geoscience analysis, modelling & collaborative technologies to solve complex problems, manage risk, and uncover valuable insights from data.",[' Understand the underground '],2025-01-10T13:47:03.381137,Seequent,0.0,0.0,0.0,0,0,Other,unexploded ordnance
Mining,h3,https://www.seequent.com/,"Seequent: Solutions for the mining, civil, environmental & energy industries","Powerful geoscience analysis, modelling & collaborative technologies to solve complex problems, manage risk, and uncover valuable insights from data.",[' Understand the underground '],2025-01-10T13:47:03.381139,Seequent,0.0,0.0,0.0,0,0,Other,mining
Energy,h3,https://www.seequent.com/,"Seequent: Solutions for the mining, civil, environmental & energy industries","Powerful geoscience analysis, modelling & collaborative technologies to solve complex problems, manage risk, and uncover valuable insights from data.",[' Understand the underground '],2025-01-10T13:47:03.381140,Seequent,1.0,0.2732,0.6366,0,0,Other,energy
Civil,h3,https://www.seequent.com/,"Seequent: Solutions for the mining, civil, environmental & energy industries","Powerful geoscience analysis, modelling & collaborative technologies to solve complex problems, manage risk, and uncover valuable insights from data.",[' Understand the underground '],2025-01-10T13:47:03.381142,Seequent,0.0,0.0,0.0,0,0,Other,civil
Environmental,h3,https://www.seequent.com/,"Seequent: Solutions for the mining, civil, environmental & energy industries","Powerful geoscience analysis, modelling & collaborative technologies to solve complex problems, manage risk, and uncover valuable insights from data.",[' Understand the underground '],2025-01-10T13:47:03.381144,Seequent,0.0,0.0,0.0,0,0,Other,environmental
Hydrocarbon,h3,https://www.seequent.com/,"Seequent: Solutions for the mining, civil, environmental & energy industries","Powerful geoscience analysis, modelling & collaborative technologies to solve complex problems, manage risk, and uncover valuable insights from data.",[' Understand the underground '],2025-01-10T13:47:03.381145,Seequent,0.0,0.0,0.0,0,0,Other,hydrocarbon
Unexploded Ordnance,h3,https://www.seequent.com/,"Seequent: Solutions for the mining, civil, environmental & energy industries","Powerful geoscience analysis, modelling & collaborative technologies to solve complex problems, manage risk, and uncover valuable insights from data.",[' Understand the underground '],2025-01-10T13:47:03.381146,Seequent,0.0,0.0,0.0,0,0,Other,unexploded ordnance
Mining,h3,https://www.seequent.com/,"Seequent: Solutions for the mining, civil, environmental & energy industries","Powerful geoscience analysis, modelling & collaborative technologies to solve complex problems, manage risk, and uncover valuable insights from data.",[' Understand the underground '],2025-01-10T13:47:03.381148,Seequent,0.0,0.0,0.0,0,0,Other,mining
Energy,h3,https://www.seequent.com/,"Seequent: Solutions for the mining, civil, environmental & energy industries","Powerful geoscience analysis, modelling & collaborative technologies to solve complex problems, manage risk, and uncover valuable insights from data.",[' Understand the underground '],2025-01-10T13:47:03.381151,Seequent,1.0,0.2732,0.6366,0,0,Other,energy
Civil,h3,https://www.seequent.com/,"Seequent: Solutions for the mining, civil, environmental & energy industries","Powerful geoscience analysis, modelling & collaborative technologies to solve complex problems, manage risk, and uncover valuable insights from data.",[' Understand the underground '],2025-01-10T13:47:03.381153,Seequent,0.0,0.0,0.0,0,0,Other,civil
Environmental,h3,https://www.seequent.com/,"Seequent: Solutions for the mining, civil, environmental & energy industries","Powerful geoscience analysis, modelling & collaborative technologies to solve complex problems, manage risk, and uncover valuable insights from data.",[' Understand the underground '],2025-01-10T13:47:03.381154,Seequent,0.0,0.0,0.0,0,0,Other,environmental
Hydrocarbon,h3,https://www.seequent.com/,"Seequent: Solutions for the mining, civil, environmental & energy industries","Powerful geoscience analysis, modelling & collaborative technologies to solve complex problems, manage risk, and uncover valuable insights from data.",[' Understand the underground '],2025-01-10T13:47:03.381156,Seequent,0.0,0.0,0.0,0,0,Other,hydrocarbon
Unexploded Ordnance,h3,https://www.seequent.com/,"Seequent: Solutions for the mining, civil, environmental & energy industries","Powerful geoscience analysis, modelling & collaborative technologies to solve complex problems, manage risk, and uncover valuable insights from data.",[' Understand the underground '],2025-01-10T13:47:03.381157,Seequent,0.0,0.0,0.0,0,0,Other,unexploded ordnance
Seequent Unearthed,h2,https://www.seequent.com/,"Seequent: Solutions for the mining, civil, environmental & energy industries","Powerful geoscience analysis, modelling & collaborative technologies to solve complex problems, manage risk, and uncover valuable insights from data.",[' Understand the underground '],2025-01-10T13:47:03.381159,Seequent,0.0,0.0,0.0,0,0,Other,seequent unearthed
Explore a world of positive impact and deeper understanding,p,https://www.seequent.com/,"Seequent: Solutions for the mining, civil, environmental & energy industries","Powerful geoscience analysis, modelling & collaborative technologies to solve complex problems, manage risk, and uncover valuable insights from data.",[' Understand the underground '],2025-01-10T13:47:03.381161,Seequent,0.34,0.5574,0.4487,0,0,Other,explore a world of positive impact and deeper understanding
Three mining industry trends to watch for in 2025,h3,https://www.seequent.com/,"Seequent: Solutions for the mining, civil, environmental & energy industries","Powerful geoscience analysis, modelling & collaborative technologies to solve complex problems, manage risk, and uncover valuable insights from data.",[' Understand the underground '],2025-01-10T13:47:03.381163,Seequent,0.0,0.0,0.0,0,0,Other,three mining industry trends to watch for in
"With as much clarity as can be mustered, here are three trends we’re likely to see emerge or surge this year.",p,https://www.seequent.com/,"Seequent: Solutions for the mining, civil, environmental & energy industries","Powerful geoscience analysis, modelling & collaborative technologies to solve complex problems, manage risk, and uncover valuable insights from data.",[' Understand the underground '],2025-01-10T13:47:03.381165,Seequent,0.119,0.4019,0.26044999999999996,0,0,Other,with as much clarity as can be mustered here are three trends were likely to see emerge or surge this year
US Army Corps of Engineers turns $500k into $500m data asset,h3,https://www.seequent.com/,"Seequent: Solutions for the mining, civil, environmental & energy industries","Powerful geoscience analysis, modelling & collaborative technologies to solve complex problems, manage risk, and uncover valuable insights from data.",[' Understand the underground '],2025-01-10T13:47:03.381167,Seequent,0.238,0.3612,0.2996,0,0,Other,us army corps of engineers turns k into m data asset
Dataforensics unlocked incredible value by moving subsurface data to the cloud.,p,https://www.seequent.com/,"Seequent: Solutions for the mining, civil, environmental & energy industries","Powerful geoscience analysis, modelling & collaborative technologies to solve complex problems, manage risk, and uncover valuable insights from data.",[' Understand the underground '],2025-01-10T13:47:03.381168,Seequent,0.194,0.34,0.267,2,2,Balanced,dataforensics unlocked incredible value by moving subsurface data to the cloud
Advanced technology cuts Melbourne project costs by $16m,h3,https://www.seequent.com/,"Seequent: Solutions for the mining, civil, environmental & energy industries","Powerful geoscience analysis, modelling & collaborative technologies to solve complex problems, manage risk, and uncover valuable insights from data.",[' Understand the underground '],2025-01-10T13:47:03.381170,Seequent,-0.021999999999999992,-0.0516,-0.0368,0,1,Value Proposition,advanced technology cuts melbourne project costs by m
Better cross-functional working and a digital strategy optimised this $11bn mega project.,p,https://www.seequent.com/,"Seequent: Solutions for the mining, civil, environmental & energy industries","Powerful geoscience analysis, modelling & collaborative technologies to solve complex problems, manage risk, and uncover valuable insights from data.",[' Understand the underground '],2025-01-10T13:47:03.381171,Seequent,0.384,0.6808,0.5324,0,0,Other,better crossfunctional working and a digital strategy optimised this bn mega project
"Mining company’s digital shift makes it future-fit, enabling AI",h3,https://www.seequent.com/,"Seequent: Solutions for the mining, civil, environmental & energy industries","Powerful geoscience analysis, modelling & collaborative technologies to solve complex problems, manage risk, and uncover valuable insights from data.",[' Understand the underground '],2025-01-10T13:47:03.381173,Seequent,0.0,0.0,0.0,1,1,Balanced,mining companys digital shift makes it futurefit enabling ai
Managem Group undertook an ambitious three-year digital transformation.,p,https://www.seequent.com/,"Seequent: Solutions for the mining, civil, environmental & energy industries","Powerful geoscience analysis, modelling & collaborative technologies to solve complex problems, manage risk, and uncover valuable insights from data.",[' Understand the underground '],2025-01-10T13:47:03.381175,Seequent,0.307,0.4767,0.39185000000000003,0,0,Other,managem group undertook an ambitious threeyear digital transformation
"© 2024 Seequent, The Bentley Subsurface Company. All rights reserved",p,https://www.seequent.com/,"Seequent: Solutions for the mining, civil, environmental & energy industries","Powerful geoscience analysis, modelling & collaborative technologies to solve complex problems, manage risk, and uncover valuable insights from data.",[' Understand the underground '],2025-01-10T13:47:03.381176,Seequent,0.0,0.0,0.0,1,1,Balanced,seequent the bentley subsurface company all rights reserved
Discover trends in data with Leapfrog Geo,h1,https://www.seequent.com/products-solutions/leapfrog-geo,Leapfrog Geo | 3D Modelling Software - Seequent,"See trends in data with Leapfrog Geo. Rapidly integrate, communicate, and interpret geological data with industry-leading 3D modelling.",['Discover trends in data with Leapfrog Geo'],2025-01-10T13:47:06.210219,Seequent,0.0,0.0,0.0,0,0,Other,discover trends in data with leapfrog geo
"Rapidly integrate, communicate, and interpret geological data with industry-leading 3D modelling",p,https://www.seequent.com/products-solutions/leapfrog-geo,Leapfrog Geo | 3D Modelling Software - Seequent,"See trends in data with Leapfrog Geo. Rapidly integrate, communicate, and interpret geological data with industry-leading 3D modelling.",['Discover trends in data with Leapfrog Geo'],2025-01-10T13:47:06.210229,Seequent,0.0,0.0,0.0,0,0,Other,rapidly integrate communicate and interpret geological data with industryleading d modelling
"Spend time on geology, not data",h2,https://www.seequent.com/products-solutions/leapfrog-geo,Leapfrog Geo | 3D Modelling Software - Seequent,"See trends in data with Leapfrog Geo. Rapidly integrate, communicate, and interpret geological data with industry-leading 3D modelling.",['Discover trends in data with Leapfrog Geo'],2025-01-10T13:47:06.210231,Seequent,0.0,0.0,0.0,1,1,Balanced,spend time on geology not data
"Leapfrog geological modelling is made by geologists, for geologists.",p,https://www.seequent.com/products-solutions/leapfrog-geo,Leapfrog Geo | 3D Modelling Software - Seequent,"See trends in data with Leapfrog Geo. Rapidly integrate, communicate, and interpret geological data with industry-leading 3D modelling.",['Discover trends in data with Leapfrog Geo'],2025-01-10T13:47:06.210233,Seequent,0.0,0.0,0.0,0,0,Other,leapfrog geological modelling is made by geologists for geologists
"Intuitive workflows, rapid data processing, and visualisation tools bring teams together – and enable the discussions that drive decisions.",p,https://www.seequent.com/products-solutions/leapfrog-geo,Leapfrog Geo | 3D Modelling Software - Seequent,"See trends in data with Leapfrog Geo. Rapidly integrate, communicate, and interpret geological data with industry-leading 3D modelling.",['Discover trends in data with Leapfrog Geo'],2025-01-10T13:47:06.210234,Seequent,0.0,0.0,0.0,1,2,Value Proposition,intuitive workflows rapid data processing and visualisation tools bring teams together and enable the discussions that drive decisions
Save your time for interpretation,h2,https://www.seequent.com/products-solutions/leapfrog-geo,Leapfrog Geo | 3D Modelling Software - Seequent,"See trends in data with Leapfrog Geo. Rapidly integrate, communicate, and interpret geological data with industry-leading 3D modelling.",['Discover trends in data with Leapfrog Geo'],2025-01-10T13:47:06.210236,Seequent,0.444,0.4939,0.46895,0,0,Other,save your time for interpretation
"Build and refine geological models with user-friendly tools. Input large data sets and rapidly generate models directly from the data, bypassing time-consuming wireframing. Quickly see your geological data visualised in 3D and gain visual insights to guide your interpretations.",p,https://www.seequent.com/products-solutions/leapfrog-geo,Leapfrog Geo | 3D Modelling Software - Seequent,"See trends in data with Leapfrog Geo. Rapidly integrate, communicate, and interpret geological data with industry-leading 3D modelling.",['Discover trends in data with Leapfrog Geo'],2025-01-10T13:47:06.210237,Seequent,0.084,0.5267,0.30534999999999995,0,0,Other,build and refine geological models with userfriendly tools input large data sets and rapidly generate models directly from the data bypassing timeconsuming wireframing quickly see your geological data visualised in d and gain visual insights to guide your interpretations
"As you add new data to a model, the rules and parameters you already set are automatically applied. Make a change to one model and any dependant models are instantly updated – ensuring models are always up to date.",p,https://www.seequent.com/products-solutions/leapfrog-geo,Leapfrog Geo | 3D Modelling Software - Seequent,"See trends in data with Leapfrog Geo. Rapidly integrate, communicate, and interpret geological data with industry-leading 3D modelling.",['Discover trends in data with Leapfrog Geo'],2025-01-10T13:47:06.210239,Seequent,0.057,0.2732,0.1651,0,0,Other,as you add new data to a model the rules and parameters you already set are automatically applied make a change to one model and any dependant models are instantly updated ensuring models are always up to date
"Analysing data is quick and intuitive with Leapfrog Geo’s features, such as exploratory data analysis, distance function, structural modelling, vein modelling, and indicator interpolation tools.",p,https://www.seequent.com/products-solutions/leapfrog-geo,Leapfrog Geo | 3D Modelling Software - Seequent,"See trends in data with Leapfrog Geo. Rapidly integrate, communicate, and interpret geological data with industry-leading 3D modelling.",['Discover trends in data with Leapfrog Geo'],2025-01-10T13:47:06.210241,Seequent,0.0,0.0,0.0,0,1,Value Proposition,analysing data is quick and intuitive with leapfrog geos features such as exploratory data analysis distance function structural modelling vein modelling and indicator interpolation tools
Minimise risk and uncertainty,h2,https://www.seequent.com/products-solutions/leapfrog-geo,Leapfrog Geo | 3D Modelling Software - Seequent,"See trends in data with Leapfrog Geo. Rapidly integrate, communicate, and interpret geological data with industry-leading 3D modelling.",['Discover trends in data with Leapfrog Geo'],2025-01-10T13:47:06.210242,Seequent,-0.692,-0.5423,-0.61715,0,0,Other,minimise risk and uncertainty
"Test new ideas and refine your model, quickly. Duplicate models and apply streamlined workflows so you can iterate interpretations the moment new insights become available.",p,https://www.seequent.com/products-solutions/leapfrog-geo,Leapfrog Geo | 3D Modelling Software - Seequent,"See trends in data with Leapfrog Geo. Rapidly integrate, communicate, and interpret geological data with industry-leading 3D modelling.",['Discover trends in data with Leapfrog Geo'],2025-01-10T13:47:06.210243,Seequent,0.0,0.0,0.0,0,1,Value Proposition,test new ideas and refine your model quickly duplicate models and apply streamlined workflows so you can iterate interpretations the moment new insights become available
"Rapidly copy, modify, test, and share alternative interpretations. Keep track of how decisions were made for auditing with a record of all input data and parameters used to construct a surface.",p,https://www.seequent.com/products-solutions/leapfrog-geo,Leapfrog Geo | 3D Modelling Software - Seequent,"See trends in data with Leapfrog Geo. Rapidly integrate, communicate, and interpret geological data with industry-leading 3D modelling.",['Discover trends in data with Leapfrog Geo'],2025-01-10T13:47:06.210244,Seequent,0.073,0.296,0.1845,0,0,Other,rapidly copy modify test and share alternative interpretations keep track of how decisions were made for auditing with a record of all input data and parameters used to construct a surface
"Get teams and non-technical stakeholders on the same page by sharing 3D models or 2D slices with annotations. Create movies of your model to illustrate ideas clearly, and export high quality images for reports and presentations.",p,https://www.seequent.com/products-solutions/leapfrog-geo,Leapfrog Geo | 3D Modelling Software - Seequent,"See trends in data with Leapfrog Geo. Rapidly integrate, communicate, and interpret geological data with industry-leading 3D modelling.",['Discover trends in data with Leapfrog Geo'],2025-01-10T13:47:06.210246,Seequent,0.197,0.765,0.481,0,0,Other,get teams and nontechnical stakeholders on the same page by sharing d models or d slices with annotations create movies of your model to illustrate ideas clearly and export high quality images for reports and presentations
Incorporate all your data,h2,https://www.seequent.com/products-solutions/leapfrog-geo,Leapfrog Geo | 3D Modelling Software - Seequent,"See trends in data with Leapfrog Geo. Rapidly integrate, communicate, and interpret geological data with industry-leading 3D modelling.",['Discover trends in data with Leapfrog Geo'],2025-01-10T13:47:06.210247,Seequent,0.0,0.0,0.0,0,0,Other,incorporate all your data
"Bring in data directly from Seequent solutions such as MX Deposit and Imago, or from industry-leading partner solutions, such as acQuire, Maptek, ioGAS Link, IMDEXHUB-IQ, ALS Coreviewer and Coreshed.",p,https://www.seequent.com/products-solutions/leapfrog-geo,Leapfrog Geo | 3D Modelling Software - Seequent,"See trends in data with Leapfrog Geo. Rapidly integrate, communicate, and interpret geological data with industry-leading 3D modelling.",['Discover trends in data with Leapfrog Geo'],2025-01-10T13:47:06.210250,Seequent,0.112,0.34,0.226,0,0,Other,bring in data directly from seequent solutions such as mx deposit and imago or from industryleading partner solutions such as acquire maptek iogas link imdexhubiq als coreviewer and coreshed
"Import and work with many different types of data, like GIS, maps and images, drillhole, points, geophysical, structural, meshes, polylines, and geochemical data.",p,https://www.seequent.com/products-solutions/leapfrog-geo,Leapfrog Geo | 3D Modelling Software - Seequent,"See trends in data with Leapfrog Geo. Rapidly integrate, communicate, and interpret geological data with industry-leading 3D modelling.",['Discover trends in data with Leapfrog Geo'],2025-01-10T13:47:06.210251,Seequent,0.102,0.3612,0.2316,2,2,Balanced,import and work with many different types of data like gis maps and images drillhole points geophysical structural meshes polylines and geochemical data
“The integration of Leapfrog Edge estimation software with Leapfrog Geo has allowed close to full automation of the company’s internal resource estimation checks.”,p,https://www.seequent.com/products-solutions/leapfrog-geo,Leapfrog Geo | 3D Modelling Software - Seequent,"See trends in data with Leapfrog Geo. Rapidly integrate, communicate, and interpret geological data with industry-leading 3D modelling.",['Discover trends in data with Leapfrog Geo'],2025-01-10T13:47:06.210254,Seequent,0.0,0.0,0.0,1,1,Balanced,the integration of leapfrog edge estimation software with leapfrog geo has allowed close to full automation of the companys internal resource estimation checks
“Leapfrog Geo is critical to develop a realistic presentation of the geology at each site.”,p,https://www.seequent.com/products-solutions/leapfrog-geo,Leapfrog Geo | 3D Modelling Software - Seequent,"See trends in data with Leapfrog Geo. Rapidly integrate, communicate, and interpret geological data with industry-leading 3D modelling.",['Discover trends in data with Leapfrog Geo'],2025-01-10T13:47:06.210256,Seequent,-0.15,-0.3182,-0.23409999999999997,1,1,Balanced,leapfrog geo is critical to develop a realistic presentation of the geology at each site
"“Until recently, we estimated mine resources based on paper form data. Now, we are using the best technologies in the world. For this purpose, we’ve been using Seequent software since 2018,”",p,https://www.seequent.com/products-solutions/leapfrog-geo,Leapfrog Geo | 3D Modelling Software - Seequent,"See trends in data with Leapfrog Geo. Rapidly integrate, communicate, and interpret geological data with industry-leading 3D modelling.",['Discover trends in data with Leapfrog Geo'],2025-01-10T13:47:06.210259,Seequent,0.127,0.6369,0.38195,0,0,Other,until recently we estimated mine resources based on paper form data now we are using the best technologies in the world for this purpose weve been using seequent software since
See why Leapfrog Geo is the leading 3D geological modelling software for the mining and exploration industries:,h3,https://www.seequent.com/products-solutions/leapfrog-geo,Leapfrog Geo | 3D Modelling Software - Seequent,"See trends in data with Leapfrog Geo. Rapidly integrate, communicate, and interpret geological data with industry-leading 3D modelling.",['Discover trends in data with Leapfrog Geo'],2025-01-10T13:47:06.210260,Seequent,0.112,0.2263,0.16915,1,2,Value Proposition,see why leapfrog geo is the leading d geological modelling software for the mining and exploration industries
Share a common understanding,h2,https://www.seequent.com/products-solutions/leapfrog-geo,Leapfrog Geo | 3D Modelling Software - Seequent,"See trends in data with Leapfrog Geo. Rapidly integrate, communicate, and interpret geological data with industry-leading 3D modelling.",['Discover trends in data with Leapfrog Geo'],2025-01-10T13:47:06.210261,Seequent,0.524,0.296,0.41000000000000003,0,0,Other,share a common understanding
Learn more about Leapfrog Geo,p,https://www.seequent.com/products-solutions/leapfrog-geo,Leapfrog Geo | 3D Modelling Software - Seequent,"See trends in data with Leapfrog Geo. Rapidly integrate, communicate, and interpret geological data with industry-leading 3D modelling.",['Discover trends in data with Leapfrog Geo'],2025-01-10T13:47:06.210262,Seequent,0.0,0.0,0.0,0,0,Other,learn more about leapfrog geo
"Using Leapfrog Edge to Automate Internal Resource Estimation Reviews at the Alpala Porphyry Copper-Gold Deposit, Cascabel Project, Northern Ecuador",h3,https://www.seequent.com/products-solutions/leapfrog-geo,Leapfrog Geo | 3D Modelling Software - Seequent,"See trends in data with Leapfrog Geo. Rapidly integrate, communicate, and interpret geological data with industry-leading 3D modelling.",['Discover trends in data with Leapfrog Geo'],2025-01-10T13:47:06.210264,Seequent,0.0,0.0,0.0,0,0,Other,using leapfrog edge to automate internal resource estimation reviews at the alpala porphyry coppergold deposit cascabel project northern ecuador
Erdenet Mining Corp’s digital revolution with Seequent,h3,https://www.seequent.com/products-solutions/leapfrog-geo,Leapfrog Geo | 3D Modelling Software - Seequent,"See trends in data with Leapfrog Geo. Rapidly integrate, communicate, and interpret geological data with industry-leading 3D modelling.",['Discover trends in data with Leapfrog Geo'],2025-01-10T13:47:06.210265,Seequent,0.0,0.0,0.0,0,0,Other,erdenet mining corps digital revolution with seequent
"Rapidly integrate, communicate, and interpret geological data with industry-leading 3D modelling",h2,https://www.seequent.com/products-solutions/leapfrog-geo,Leapfrog Geo | 3D Modelling Software - Seequent,"See trends in data with Leapfrog Geo. Rapidly integrate, communicate, and interpret geological data with industry-leading 3D modelling.",['Discover trends in data with Leapfrog Geo'],2025-01-10T13:47:06.210269,Seequent,0.0,0.0,0.0,0,0,Other,rapidly integrate communicate and interpret geological data with industryleading d modelling
"Build your best model, quickly",h2,https://www.seequent.com/products-solutions/leapfrog-geo,Leapfrog Geo | 3D Modelling Software - Seequent,"See trends in data with Leapfrog Geo. Rapidly integrate, communicate, and interpret geological data with industry-leading 3D modelling.",['Discover trends in data with Leapfrog Geo'],2025-01-10T13:47:06.210270,Seequent,0.512,0.6369,0.57445,0,0,Other,build your best model quickly
Spend your time testing ideas and making the best decisions with streamlined workflows and tools designed for geologists.,p,https://www.seequent.com/products-solutions/leapfrog-geo,Leapfrog Geo | 3D Modelling Software - Seequent,"See trends in data with Leapfrog Geo. Rapidly integrate, communicate, and interpret geological data with industry-leading 3D modelling.",['Discover trends in data with Leapfrog Geo'],2025-01-10T13:47:06.210272,Seequent,0.198,0.6369,0.41745,0,1,Value Proposition,spend your time testing ideas and making the best decisions with streamlined workflows and tools designed for geologists
Leapfrog geological modelling provides:,p,https://www.seequent.com/products-solutions/leapfrog-geo,Leapfrog Geo | 3D Modelling Software - Seequent,"See trends in data with Leapfrog Geo. Rapidly integrate, communicate, and interpret geological data with industry-leading 3D modelling.",['Discover trends in data with Leapfrog Geo'],2025-01-10T13:47:06.210273,Seequent,0.0,0.0,0.0,0,0,Other,leapfrog geological modelling provides
An intuitive interface,h3,https://www.seequent.com/products-solutions/leapfrog-geo,Leapfrog Geo | 3D Modelling Software - Seequent,"See trends in data with Leapfrog Geo. Rapidly integrate, communicate, and interpret geological data with industry-leading 3D modelling.",['Discover trends in data with Leapfrog Geo'],2025-01-10T13:47:06.210274,Seequent,0.0,0.0,0.0,0,0,Other,an intuitive interface
"Leapfrog Geo offers tools crafted for the geologist and logical workflows that save time and frustration, as well as shorten training times.",p,https://www.seequent.com/products-solutions/leapfrog-geo,Leapfrog Geo | 3D Modelling Software - Seequent,"See trends in data with Leapfrog Geo. Rapidly integrate, communicate, and interpret geological data with industry-leading 3D modelling.",['Discover trends in data with Leapfrog Geo'],2025-01-10T13:47:06.210275,Seequent,0.08,0.296,0.188,0,0,Other,leapfrog geo offers tools crafted for the geologist and logical workflows that save time and frustration as well as shorten training times
"Users can learn the fundamentals in just a few days and quickly become proficient, allowing faster modelling and making more time for scientific analysis.",p,https://www.seequent.com/products-solutions/leapfrog-geo,Leapfrog Geo | 3D Modelling Software - Seequent,"See trends in data with Leapfrog Geo. Rapidly integrate, communicate, and interpret geological data with industry-leading 3D modelling.",['Discover trends in data with Leapfrog Geo'],2025-01-10T13:47:06.210277,Seequent,0.0,0.0,0.0,0,0,Other,users can learn the fundamentals in just a few days and quickly become proficient allowing faster modelling and making more time for scientific analysis
Domain modelling,h3,https://www.seequent.com/products-solutions/leapfrog-geo,Leapfrog Geo | 3D Modelling Software - Seequent,"See trends in data with Leapfrog Geo. Rapidly integrate, communicate, and interpret geological data with industry-leading 3D modelling.",['Discover trends in data with Leapfrog Geo'],2025-01-10T13:47:06.210278,Seequent,0.0,0.0,0.0,0,0,Other,domain modelling
"Build complex geological models rapidly from drillhole data, structural data, points, polylines, and meshes in the project.",p,https://www.seequent.com/products-solutions/leapfrog-geo,Leapfrog Geo | 3D Modelling Software - Seequent,"See trends in data with Leapfrog Geo. Rapidly integrate, communicate, and interpret geological data with industry-leading 3D modelling.",['Discover trends in data with Leapfrog Geo'],2025-01-10T13:47:06.210279,Seequent,0.0,0.0,0.0,0,0,Other,build complex geological models rapidly from drillhole data structural data points polylines and meshes in the project
Numeric modelling,h3,https://www.seequent.com/products-solutions/leapfrog-geo,Leapfrog Geo | 3D Modelling Software - Seequent,"See trends in data with Leapfrog Geo. Rapidly integrate, communicate, and interpret geological data with industry-leading 3D modelling.",['Discover trends in data with Leapfrog Geo'],2025-01-10T13:47:06.210281,Seequent,0.0,0.0,0.0,0,0,Other,numeric modelling
Easily build isosurfaces from drillholes and point data. See visual trends in the data and continuity in surfaces. Advance understanding with rapid first pass visualisation of patterns in numeric data.,p,https://www.seequent.com/products-solutions/leapfrog-geo,Leapfrog Geo | 3D Modelling Software - Seequent,"See trends in data with Leapfrog Geo. Rapidly integrate, communicate, and interpret geological data with industry-leading 3D modelling.",['Discover trends in data with Leapfrog Geo'],2025-01-10T13:47:06.210282,Seequent,0.076,0.34,0.20800000000000002,0,1,Value Proposition,easily build isosurfaces from drillholes and point data see visual trends in the data and continuity in surfaces advance understanding with rapid first pass visualisation of patterns in numeric data
Add on resource estimation extension Leapfrog Edge to carry out robust resource estimates.,p,https://www.seequent.com/products-solutions/leapfrog-geo,Leapfrog Geo | 3D Modelling Software - Seequent,"See trends in data with Leapfrog Geo. Rapidly integrate, communicate, and interpret geological data with industry-leading 3D modelling.",['Discover trends in data with Leapfrog Geo'],2025-01-10T13:47:06.210283,Seequent,0.167,0.34,0.2535,0,1,Value Proposition,add on resource estimation extension leapfrog edge to carry out robust resource estimates
Visualisation,h3,https://www.seequent.com/products-solutions/leapfrog-geo,Leapfrog Geo | 3D Modelling Software - Seequent,"See trends in data with Leapfrog Geo. Rapidly integrate, communicate, and interpret geological data with industry-leading 3D modelling.",['Discover trends in data with Leapfrog Geo'],2025-01-10T13:47:06.210284,Seequent,0.0,0.0,0.0,0,0,Other,visualisation
Being able to rapidly visualise in 3D brings clarity and understanding to even complex data.,p,https://www.seequent.com/products-solutions/leapfrog-geo,Leapfrog Geo | 3D Modelling Software - Seequent,"See trends in data with Leapfrog Geo. Rapidly integrate, communicate, and interpret geological data with industry-leading 3D modelling.",['Discover trends in data with Leapfrog Geo'],2025-01-10T13:47:06.210285,Seequent,0.172,0.4019,0.28695,0,0,Other,being able to rapidly visualise in d brings clarity and understanding to even complex data
"Interactive 2D and 3D visualisation tools aid in analysing your data and spotting correlations and patterns. View a model from any angle, discover trends, and detect errors.",p,https://www.seequent.com/products-solutions/leapfrog-geo,Leapfrog Geo | 3D Modelling Software - Seequent,"See trends in data with Leapfrog Geo. Rapidly integrate, communicate, and interpret geological data with industry-leading 3D modelling.",['Discover trends in data with Leapfrog Geo'],2025-01-10T13:47:06.210286,Seequent,-0.094,-0.34,-0.21700000000000003,0,0,Other,interactive d and d visualisation tools aid in analysing your data and spotting correlations and patterns view a model from any angle discover trends and detect errors
Block modelling,h3,https://www.seequent.com/products-solutions/leapfrog-geo,Leapfrog Geo | 3D Modelling Software - Seequent,"See trends in data with Leapfrog Geo. Rapidly integrate, communicate, and interpret geological data with industry-leading 3D modelling.",['Discover trends in data with Leapfrog Geo'],2025-01-10T13:47:06.210288,Seequent,-0.744,-0.4404,-0.5922000000000001,0,0,Other,block modelling
Easily build block models in 3D and keep them up-to-date.,p,https://www.seequent.com/products-solutions/leapfrog-geo,Leapfrog Geo | 3D Modelling Software - Seequent,"See trends in data with Leapfrog Geo. Rapidly integrate, communicate, and interpret geological data with industry-leading 3D modelling.",['Discover trends in data with Leapfrog Geo'],2025-01-10T13:47:06.210289,Seequent,-0.04099999999999998,-0.128,-0.08449999999999999,0,0,Other,easily build block models in d and keep them uptodate
When coupled with optional extension Leapfrog Edge it provides a complete resource estimation solution.,p,https://www.seequent.com/products-solutions/leapfrog-geo,Leapfrog Geo | 3D Modelling Software - Seequent,"See trends in data with Leapfrog Geo. Rapidly integrate, communicate, and interpret geological data with industry-leading 3D modelling.",['Discover trends in data with Leapfrog Geo'],2025-01-10T13:47:06.210290,Seequent,0.161,0.3182,0.23959999999999998,0,0,Other,when coupled with optional extension leapfrog edge it provides a complete resource estimation solution
Sharing,h3,https://www.seequent.com/products-solutions/leapfrog-geo,Leapfrog Geo | 3D Modelling Software - Seequent,"See trends in data with Leapfrog Geo. Rapidly integrate, communicate, and interpret geological data with industry-leading 3D modelling.",['Discover trends in data with Leapfrog Geo'],2025-01-10T13:47:06.210291,Seequent,1.0,0.4215,0.71075,0,0,Other,sharing
"Communicate your insights with anyone in the organisation by displaying cross sections, renders, scenes, and movies in 2D and 3D.",p,https://www.seequent.com/products-solutions/leapfrog-geo,Leapfrog Geo | 3D Modelling Software - Seequent,"See trends in data with Leapfrog Geo. Rapidly integrate, communicate, and interpret geological data with industry-leading 3D modelling.",['Discover trends in data with Leapfrog Geo'],2025-01-10T13:47:06.210292,Seequent,0.0,0.0,0.0,0,0,Other,communicate your insights with anyone in the organisation by displaying cross sections renders scenes and movies in d and d
"Help team members and stakeholders with different levels of technical knowledge understand your model, and have conversations that lead to decisions.",p,https://www.seequent.com/products-solutions/leapfrog-geo,Leapfrog Geo | 3D Modelling Software - Seequent,"See trends in data with Leapfrog Geo. Rapidly integrate, communicate, and interpret geological data with industry-leading 3D modelling.",['Discover trends in data with Leapfrog Geo'],2025-01-10T13:47:06.210294,Seequent,0.119,0.4019,0.26044999999999996,0,0,Other,help team members and stakeholders with different levels of technical knowledge understand your model and have conversations that lead to decisions
Accessibility,h3,https://www.seequent.com/products-solutions/leapfrog-geo,Leapfrog Geo | 3D Modelling Software - Seequent,"See trends in data with Leapfrog Geo. Rapidly integrate, communicate, and interpret geological data with industry-leading 3D modelling.",['Discover trends in data with Leapfrog Geo'],2025-01-10T13:47:06.210295,Seequent,0.0,0.0,0.0,0,0,Other,accessibility
Your Seequent ID allows you to sign in and receive updates to your Leapfrog Geo software from anywhere with internet connection. Going off the grid? Sign in online and your software will run on your computer without connection for up to 30 days.,p,https://www.seequent.com/products-solutions/leapfrog-geo,Leapfrog Geo | 3D Modelling Software - Seequent,"See trends in data with Leapfrog Geo. Rapidly integrate, communicate, and interpret geological data with industry-leading 3D modelling.",['Discover trends in data with Leapfrog Geo'],2025-01-10T13:47:06.210296,Seequent,0.0,0.0,0.0,0,0,Other,your seequent id allows you to sign in and receive updates to your leapfrog geo software from anywhere with internet connection going off the grid sign in online and your software will run on your computer without connection for up to days
"On your MySeequent account, discover in-depth training courses, events, as well as helpful tips and tricks – and our User Help Centre.",p,https://www.seequent.com/products-solutions/leapfrog-geo,Leapfrog Geo | 3D Modelling Software - Seequent,"See trends in data with Leapfrog Geo. Rapidly integrate, communicate, and interpret geological data with industry-leading 3D modelling.",['Discover trends in data with Leapfrog Geo'],2025-01-10T13:47:06.210298,Seequent,0.23399999999999999,0.7269,0.48045,0,0,Other,on your myseequent account discover indepth training courses events as well as helpful tips and tricks and our user help centre
Seequent technology supports interoperability,h2,https://www.seequent.com/products-solutions/leapfrog-geo,Leapfrog Geo | 3D Modelling Software - Seequent,"See trends in data with Leapfrog Geo. Rapidly integrate, communicate, and interpret geological data with industry-leading 3D modelling.",['Discover trends in data with Leapfrog Geo'],2025-01-10T13:47:06.210299,Seequent,0.455,0.3612,0.4081,0,0,Other,seequent technology supports interoperability
"Seequent is a member of the Global Mining Guidelines Group made up of representatives from software and mining companies who work collaboratively to develop the Open Mining Format (OMF), an open-source file specification for 3D data interoperability.",p,https://www.seequent.com/products-solutions/leapfrog-geo,Leapfrog Geo | 3D Modelling Software - Seequent,"See trends in data with Leapfrog Geo. Rapidly integrate, communicate, and interpret geological data with industry-leading 3D modelling.",['Discover trends in data with Leapfrog Geo'],2025-01-10T13:47:06.210300,Seequent,0.0,0.0,0.0,0,0,Other,seequent is a member of the global mining guidelines group made up of representatives from software and mining companies who work collaboratively to develop the open mining format omf an opensource file specification for d data interoperability
Useful Information,h2,https://www.seequent.com/products-solutions/leapfrog-geo,Leapfrog Geo | 3D Modelling Software - Seequent,"See trends in data with Leapfrog Geo. Rapidly integrate, communicate, and interpret geological data with industry-leading 3D modelling.",['Discover trends in data with Leapfrog Geo'],2025-01-10T13:47:06.210302,Seequent,0.744,0.4404,0.5922000000000001,0,0,Other,useful information
"We recommend you use Windows 10, with a reasonably fast processor, mid range graphics and 32GB of system memory.",p,https://www.seequent.com/products-solutions/leapfrog-geo,Leapfrog Geo | 3D Modelling Software - Seequent,"See trends in data with Leapfrog Geo. Rapidly integrate, communicate, and interpret geological data with industry-leading 3D modelling.",['Discover trends in data with Leapfrog Geo'],2025-01-10T13:47:06.210303,Seequent,0.135,0.3612,0.24810000000000001,0,1,Value Proposition,we recommend you use windows with a reasonably fast processor mid range graphics and gb of system memory
Supported kinds of data and formats that you can use with Leapfrog Geo.,p,https://www.seequent.com/products-solutions/leapfrog-geo,Leapfrog Geo | 3D Modelling Software - Seequent,"See trends in data with Leapfrog Geo. Rapidly integrate, communicate, and interpret geological data with industry-leading 3D modelling.",['Discover trends in data with Leapfrog Geo'],2025-01-10T13:47:06.210304,Seequent,0.161,0.3182,0.23959999999999998,0,0,Other,supported kinds of data and formats that you can use with leapfrog geo
"No two companies, projects, or teams are the same.",h2,https://www.seequent.com/products-solutions/leapfrog-geo,Leapfrog Geo | 3D Modelling Software - Seequent,"See trends in data with Leapfrog Geo. Rapidly integrate, communicate, and interpret geological data with industry-leading 3D modelling.",['Discover trends in data with Leapfrog Geo'],2025-01-10T13:47:06.210306,Seequent,-0.216,-0.296,-0.256,0,0,Other,no two companies projects or teams are the same
That’s why we offer flexible licensing options.,h2,https://www.seequent.com/products-solutions/leapfrog-geo,Leapfrog Geo | 3D Modelling Software - Seequent,"See trends in data with Leapfrog Geo. Rapidly integrate, communicate, and interpret geological data with industry-leading 3D modelling.",['Discover trends in data with Leapfrog Geo'],2025-01-10T13:47:06.210307,Seequent,0.241,0.2263,0.23365,0,1,Value Proposition,thats why we offer flexible licensing options
"© 2024 Seequent, The Bentley Subsurface Company. All rights reserved",p,https://www.seequent.com/products-solutions/leapfrog-geo,Leapfrog Geo | 3D Modelling Software - Seequent,"See trends in data with Leapfrog Geo. Rapidly integrate, communicate, and interpret geological data with industry-leading 3D modelling.",['Discover trends in data with Leapfrog Geo'],2025-01-10T13:47:06.210308,Seequent,0.0,0.0,0.0,1,1,Balanced,seequent the bentley subsurface company all rights reserved
Explore with confidence using Target,h1,https://www.seequent.com/products-solutions/geosoft-target,Target | Geosoft - Seequent,"Make faster, more informed exploration decisions with Target. Automate routine data processing tasks and streamline workflows to spend less time processing data and more time exploring.",['Explore with confidence using Target'],2025-01-10T13:47:06.762731,Seequent,0.452,0.5106,0.48130000000000006,0,0,Other,explore with confidence using target
"Visualise, quality control, and share drillhole and geoscience data – to find what’s hidden, faster.",p,https://www.seequent.com/products-solutions/geosoft-target,Target | Geosoft - Seequent,"Make faster, more informed exploration decisions with Target. Automate routine data processing tasks and streamline workflows to spend less time processing data and more time exploring.",['Explore with confidence using Target'],2025-01-10T13:47:06.762743,Seequent,0.145,0.296,0.22049999999999997,0,0,Other,visualise quality control and share drillhole and geoscience data to find whats hidden faster
Working with GIS?,h2,https://www.seequent.com/products-solutions/geosoft-target,Target | Geosoft - Seequent,"Make faster, more informed exploration decisions with Target. Automate routine data processing tasks and streamline workflows to spend less time processing data and more time exploring.",['Explore with confidence using Target'],2025-01-10T13:47:06.762745,Seequent,0.0,0.0,0.0,1,1,Balanced,working with gis
Target for ArcGIS Pro,h3,https://www.seequent.com/products-solutions/geosoft-target,Target | Geosoft - Seequent,"Make faster, more informed exploration decisions with Target. Automate routine data processing tasks and streamline workflows to spend less time processing data and more time exploring.",['Explore with confidence using Target'],2025-01-10T13:47:06.762747,Seequent,0.0,0.0,0.0,0,0,Other,target for arcgis pro
Advance your understanding of drillhole and subsurface data in the next generation Esri ArcGIS Pro environment.,p,https://www.seequent.com/products-solutions/geosoft-target,Target | Geosoft - Seequent,"Make faster, more informed exploration decisions with Target. Automate routine data processing tasks and streamline workflows to spend less time processing data and more time exploring.",['Explore with confidence using Target'],2025-01-10T13:47:06.762752,Seequent,0.0,0.0,0.0,1,1,Balanced,advance your understanding of drillhole and subsurface data in the next generation esri arcgis pro environment
"Make faster, more informed exploration decisions",h2,https://www.seequent.com/products-solutions/geosoft-target,Target | Geosoft - Seequent,"Make faster, more informed exploration decisions with Target. Automate routine data processing tasks and streamline workflows to spend less time processing data and more time exploring.",['Explore with confidence using Target'],2025-01-10T13:47:06.762753,Seequent,0.303,0.2911,0.29705000000000004,1,1,Balanced,make faster more informed exploration decisions
Explore more effectively,h2,https://www.seequent.com/products-solutions/geosoft-target,Target | Geosoft - Seequent,"Make faster, more informed exploration decisions with Target. Automate routine data processing tasks and streamline workflows to spend less time processing data and more time exploring.",['Explore with confidence using Target'],2025-01-10T13:47:06.762755,Seequent,0.615,0.4927,0.55385,0,0,Other,explore more effectively
"Automate routine data processing tasks and streamline workflows to spend less time processing data and more time exploring. Easy-to-use interactive tools support every stage of your exploration projects, so you can:",p,https://www.seequent.com/products-solutions/geosoft-target,Target | Geosoft - Seequent,"Make faster, more informed exploration decisions with Target. Automate routine data processing tasks and streamline workflows to spend less time processing data and more time exploring.",['Explore with confidence using Target'],2025-01-10T13:47:06.762756,Seequent,0.137,0.5574,0.3472,2,2,Balanced,automate routine data processing tasks and streamline workflows to spend less time processing data and more time exploring easytouse interactive tools support every stage of your exploration projects so you can
Bring all data together,h2,https://www.seequent.com/products-solutions/geosoft-target,Target | Geosoft - Seequent,"Make faster, more informed exploration decisions with Target. Automate routine data processing tasks and streamline workflows to spend less time processing data and more time exploring.",['Explore with confidence using Target'],2025-01-10T13:47:06.762757,Seequent,0.0,0.0,0.0,0,0,Other,bring all data together
"Make confident decisions using all of your existing and ongoing geology, geophysics, geochemistry, and GIS data. Create integrated interpretations that improve prospecting and discovery results.",p,https://www.seequent.com/products-solutions/geosoft-target,Target | Geosoft - Seequent,"Make faster, more informed exploration decisions with Target. Automate routine data processing tasks and streamline workflows to spend less time processing data and more time exploring.",['Explore with confidence using Target'],2025-01-10T13:47:06.762759,Seequent,0.272,0.802,0.537,3,4,Value Proposition,make confident decisions using all of your existing and ongoing geology geophysics geochemistry and gis data create integrated interpretations that improve prospecting and discovery results
"Import and organise more than 50 supported data formats including CAD, GIS, and mine planning and modelling. Connect your 3D model with the original data to validate your thinking. Build iterations rapidly and refine your 3D results as new data is collected.",p,https://www.seequent.com/products-solutions/geosoft-target,Target | Geosoft - Seequent,"Make faster, more informed exploration decisions with Target. Automate routine data processing tasks and streamline workflows to spend less time processing data and more time exploring.",['Explore with confidence using Target'],2025-01-10T13:47:06.762760,Seequent,0.17,0.749,0.4595,1,1,Balanced,import and organise more than supported data formats including cad gis and mine planning and modelling connect your d model with the original data to validate your thinking build iterations rapidly and refine your d results as new data is collected
Collaborate across disciplines,h2,https://www.seequent.com/products-solutions/geosoft-target,Target | Geosoft - Seequent,"Make faster, more informed exploration decisions with Target. Automate routine data processing tasks and streamline workflows to spend less time processing data and more time exploring.",['Explore with confidence using Target'],2025-01-10T13:47:06.762762,Seequent,0.0,0.0,0.0,0,0,Other,collaborate across disciplines
"Effectively share and discuss your results with team members and knowledge experts. Work together to better manage project risk, costs, and timelines.",p,https://www.seequent.com/products-solutions/geosoft-target,Target | Geosoft - Seequent,"Make faster, more informed exploration decisions with Target. Automate routine data processing tasks and streamline workflows to spend less time processing data and more time exploring.",['Explore with confidence using Target'],2025-01-10T13:47:06.762763,Seequent,0.20999999999999996,0.7096,0.4598,0,0,Other,effectively share and discuss your results with team members and knowledge experts work together to better manage project risk costs and timelines
"View all your drillhole data as maps, sections, and 3D views in a single integrated environment. Incorporate data from major mine planning and other exploration software formats. Share your results as 2D or 3D PDF files or by exporting them to a variety of file formats.",p,https://www.seequent.com/products-solutions/geosoft-target,Target | Geosoft - Seequent,"Make faster, more informed exploration decisions with Target. Automate routine data processing tasks and streamline workflows to spend less time processing data and more time exploring.",['Explore with confidence using Target'],2025-01-10T13:47:06.762764,Seequent,0.095,0.4767,0.28585,1,2,Value Proposition,view all your drillhole data as maps sections and d views in a single integrated environment incorporate data from major mine planning and other exploration software formats share your results as d or d pdf files or by exporting them to a variety of file formats
"“Target is very intuitive and easy to learn, but the key is how well it integrates surface data and downhole drill data. With the wireframing features now incorporated, it’s also able to meet our 3D geology requirements.”",p,https://www.seequent.com/products-solutions/geosoft-target,Target | Geosoft - Seequent,"Make faster, more informed exploration decisions with Target. Automate routine data processing tasks and streamline workflows to spend less time processing data and more time exploring.",['Explore with confidence using Target'],2025-01-10T13:47:06.762769,Seequent,0.122,0.5764,0.3492,1,1,Balanced,target is very intuitive and easy to learn but the key is how well it integrates surface data and downhole drill data with the wireframing features now incorporated its also able to meet our d geology requirements
“Target allows us to do comprehensive compilations by tying in historical data with airborne and ground geophysics and our latest geochemical and drillhole data. It graphically communicates important information to both investors and geologists.”,p,https://www.seequent.com/products-solutions/geosoft-target,Target | Geosoft - Seequent,"Make faster, more informed exploration decisions with Target. Automate routine data processing tasks and streamline workflows to spend less time processing data and more time exploring.",['Explore with confidence using Target'],2025-01-10T13:47:06.762772,Seequent,0.106,0.4215,0.26375,1,2,Value Proposition,target allows us to do comprehensive compilations by tying in historical data with airborne and ground geophysics and our latest geochemical and drillhole data it graphically communicates important information to both investors and geologists
Integrate your exploration data,h2,https://www.seequent.com/products-solutions/geosoft-target,Target | Geosoft - Seequent,"Make faster, more informed exploration decisions with Target. Automate routine data processing tasks and streamline workflows to spend less time processing data and more time exploring.",['Explore with confidence using Target'],2025-01-10T13:47:06.762774,Seequent,0.388,0.2263,0.30715000000000003,1,1,Balanced,integrate your exploration data
"Minimise risks, costs, and time with automated and manual tools for data QA/QC, modelling, and analysis.",p,https://www.seequent.com/products-solutions/geosoft-target,Target | Geosoft - Seequent,"Make faster, more informed exploration decisions with Target. Automate routine data processing tasks and streamline workflows to spend less time processing data and more time exploring.",['Explore with confidence using Target'],2025-01-10T13:47:06.762775,Seequent,-0.123,-0.2732,-0.1981,0,1,Value Proposition,minimise risks costs and time with automated and manual tools for data qaqc modelling and analysis
"Data import, organisation, and validation",h3,https://www.seequent.com/products-solutions/geosoft-target,Target | Geosoft - Seequent,"Make faster, more informed exploration decisions with Target. Automate routine data processing tasks and streamline workflows to spend less time processing data and more time exploring.",['Explore with confidence using Target'],2025-01-10T13:47:06.762776,Seequent,0.0,0.0,0.0,0,0,Other,data import organisation and validation
"User-friendly import wizards and efficient databases enable quick organisation of all types of drilling data. Work with more than 50 supported data formats. Validate, identify, and correct discrepancies with a full set of quality assurance and quality control tools.",p,https://www.seequent.com/products-solutions/geosoft-target,Target | Geosoft - Seequent,"Make faster, more informed exploration decisions with Target. Automate routine data processing tasks and streamline workflows to spend less time processing data and more time exploring.",['Explore with confidence using Target'],2025-01-10T13:47:06.762777,Seequent,0.237,0.8511,0.5440499999999999,2,4,Value Proposition,userfriendly import wizards and efficient databases enable quick organisation of all types of drilling data work with more than supported data formats validate identify and correct discrepancies with a full set of quality assurance and quality control tools
Integrated mapping and analysis,h3,https://www.seequent.com/products-solutions/geosoft-target,Target | Geosoft - Seequent,"Make faster, more informed exploration decisions with Target. Automate routine data processing tasks and streamline workflows to spend less time processing data and more time exploring.",['Explore with confidence using Target'],2025-01-10T13:47:06.762782,Seequent,0.0,0.0,0.0,0,1,Value Proposition,integrated mapping and analysis
"Create integrated maps using geology, geophysics, geochemistry, GIS data, and satellite imagery to increase your subsurface understanding. Create grids, and add contours, geophysics, and remote sensing data to enhance your interpretations and guide drilling decisions.",p,https://www.seequent.com/products-solutions/geosoft-target,Target | Geosoft - Seequent,"Make faster, more informed exploration decisions with Target. Automate routine data processing tasks and streamline workflows to spend less time processing data and more time exploring.",['Explore with confidence using Target'],2025-01-10T13:47:06.762783,Seequent,0.169,0.6705,0.41975,5,6,Value Proposition,create integrated maps using geology geophysics geochemistry gis data and satellite imagery to increase your subsurface understanding create grids and add contours geophysics and remote sensing data to enhance your interpretations and guide drilling decisions
Work seamlessly across exploration and GIS environments with built-in Esri integration.,p,https://www.seequent.com/products-solutions/geosoft-target,Target | Geosoft - Seequent,"Make faster, more informed exploration decisions with Target. Automate routine data processing tasks and streamline workflows to spend less time processing data and more time exploring.",['Explore with confidence using Target'],2025-01-10T13:47:06.762785,Seequent,0.16,0.2263,0.19315,2,2,Balanced,work seamlessly across exploration and gis environments with builtin esri integration
Section mapping and interpretation,h3,https://www.seequent.com/products-solutions/geosoft-target,Target | Geosoft - Seequent,"Make faster, more informed exploration decisions with Target. Automate routine data processing tasks and streamline workflows to spend less time processing data and more time exploring.",['Explore with confidence using Target'],2025-01-10T13:47:06.762786,Seequent,0.0,0.0,0.0,0,0,Other,section mapping and interpretation
"Visualise your subsurface data by creating sections, stacked sections, fence diagrams, and graphical borehole logs. Quickly create detailed sections for interpretation and geological modelling.",p,https://www.seequent.com/products-solutions/geosoft-target,Target | Geosoft - Seequent,"Make faster, more informed exploration decisions with Target. Automate routine data processing tasks and streamline workflows to spend less time processing data and more time exploring.",['Explore with confidence using Target'],2025-01-10T13:47:06.762787,Seequent,0.163,0.5106,0.33680000000000004,1,1,Balanced,visualise your subsurface data by creating sections stacked sections fence diagrams and graphical borehole logs quickly create detailed sections for interpretation and geological modelling
"Incorporate surface data, slice voxels and 3D wireframes or meshes into sections to guide your interpretations. Share results and information more efficiently via visually rich e-maps, 3D PDFs, and Map Snapshots to mark areas of interest.",p,https://www.seequent.com/products-solutions/geosoft-target,Target | Geosoft - Seequent,"Make faster, more informed exploration decisions with Target. Automate routine data processing tasks and streamline workflows to spend less time processing data and more time exploring.",['Explore with confidence using Target'],2025-01-10T13:47:06.762788,Seequent,0.282,0.8955,0.58875,0,0,Other,incorporate surface data slice voxels and d wireframes or meshes into sections to guide your interpretations share results and information more efficiently via visually rich emaps d pdfs and map snapshots to mark areas of interest
Geological modelling,h3,https://www.seequent.com/products-solutions/geosoft-target,Target | Geosoft - Seequent,"Make faster, more informed exploration decisions with Target. Automate routine data processing tasks and streamline workflows to spend less time processing data and more time exploring.",['Explore with confidence using Target'],2025-01-10T13:47:06.762790,Seequent,0.0,0.0,0.0,0,0,Other,geological modelling
Build 3D subsurface geological models from digitised interpretations with Target’s easy-to-use wireframing interface. Collaborate on 3D modelling projects by sharing interpretations and wireframing results.,p,https://www.seequent.com/products-solutions/geosoft-target,Target | Geosoft - Seequent,"Make faster, more informed exploration decisions with Target. Automate routine data processing tasks and streamline workflows to spend less time processing data and more time exploring.",['Explore with confidence using Target'],2025-01-10T13:47:06.762791,Seequent,0.118,0.4215,0.26975,1,1,Balanced,build d subsurface geological models from digitised interpretations with targets easytouse wireframing interface collaborate on d modelling projects by sharing interpretations and wireframing results
Create 3D voxel block models and isosurfaces from your drillhole data. Calculate volume and grade estimates based on geological models.,p,https://www.seequent.com/products-solutions/geosoft-target,Target | Geosoft - Seequent,"Make faster, more informed exploration decisions with Target. Automate routine data processing tasks and streamline workflows to spend less time processing data and more time exploring.",['Explore with confidence using Target'],2025-01-10T13:47:06.762792,Seequent,-0.037000000000000005,-0.2023,-0.11965,0,0,Other,create d voxel block models and isosurfaces from your drillhole data calculate volume and grade estimates based on geological models
Drillhole planning and reporting,h3,https://www.seequent.com/products-solutions/geosoft-target,Target | Geosoft - Seequent,"Make faster, more informed exploration decisions with Target. Automate routine data processing tasks and streamline workflows to spend less time processing data and more time exploring.",['Explore with confidence using Target'],2025-01-10T13:47:06.762793,Seequent,0.0,0.0,0.0,0,0,Other,drillhole planning and reporting
Create professional presentations for daily or seasonal drillhole planning and project management. Plan new drillholes within an existing project – in 2D and 3D.,p,https://www.seequent.com/products-solutions/geosoft-target,Target | Geosoft - Seequent,"Make faster, more informed exploration decisions with Target. Automate routine data processing tasks and streamline workflows to spend less time processing data and more time exploring.",['Explore with confidence using Target'],2025-01-10T13:47:06.762794,Seequent,0.095,0.2732,0.18409999999999999,0,0,Other,create professional presentations for daily or seasonal drillhole planning and project management plan new drillholes within an existing project in d and d
"Refresh and update plan and section maps using automated tools, to make informed daily targeting and drilling decisions.",p,https://www.seequent.com/products-solutions/geosoft-target,Target | Geosoft - Seequent,"Make faster, more informed exploration decisions with Target. Automate routine data processing tasks and streamline workflows to spend less time processing data and more time exploring.",['Explore with confidence using Target'],2025-01-10T13:47:06.762798,Seequent,0.0,0.0,0.0,1,2,Value Proposition,refresh and update plan and section maps using automated tools to make informed daily targeting and drilling decisions
Geochemical analysis and QA,h3,https://www.seequent.com/products-solutions/geosoft-target,Target | Geosoft - Seequent,"Make faster, more informed exploration decisions with Target. Automate routine data processing tasks and streamline workflows to spend less time processing data and more time exploring.",['Explore with confidence using Target'],2025-01-10T13:47:06.762799,Seequent,0.0,0.0,0.0,0,0,Other,geochemical analysis and qa
"Effectively import, validate, and analyse your surface geochemical data with a toolset designed for exploration geologists. Easily perform essential tasks for due-diligence and reporting.",p,https://www.seequent.com/products-solutions/geosoft-target,Target | Geosoft - Seequent,"Make faster, more informed exploration decisions with Target. Automate routine data processing tasks and streamline workflows to spend less time processing data and more time exploring.",['Explore with confidence using Target'],2025-01-10T13:47:06.762800,Seequent,0.338,0.8271,0.58255,1,1,Balanced,effectively import validate and analyse your surface geochemical data with a toolset designed for exploration geologists easily perform essential tasks for duediligence and reporting
"Conduct geochemical analysis using summary statistics, histograms, scattergrams, tri-plots, principle component analysis, probability analysis and correlation plots.",p,https://www.seequent.com/products-solutions/geosoft-target,Target | Geosoft - Seequent,"Make faster, more informed exploration decisions with Target. Automate routine data processing tasks and streamline workflows to spend less time processing data and more time exploring.",['Explore with confidence using Target'],2025-01-10T13:47:06.762802,Seequent,0.0,0.0,0.0,0,0,Other,conduct geochemical analysis using summary statistics histograms scattergrams triplots principle component analysis probability analysis and correlation plots
Target Stories,h2,https://www.seequent.com/products-solutions/geosoft-target,Target | Geosoft - Seequent,"Make faster, more informed exploration decisions with Target. Automate routine data processing tasks and streamline workflows to spend less time processing data and more time exploring.",['Explore with confidence using Target'],2025-01-10T13:47:06.762803,Seequent,0.0,0.0,0.0,0,0,Other,target stories
All stories,p,https://www.seequent.com/products-solutions/geosoft-target,Target | Geosoft - Seequent,"Make faster, more informed exploration decisions with Target. Automate routine data processing tasks and streamline workflows to spend less time processing data and more time exploring.",['Explore with confidence using Target'],2025-01-10T13:47:06.762804,Seequent,0.0,0.0,0.0,0,0,Other,all stories
Target for ArcGIS Pro enhances integration of mining and exploration data,h3,https://www.seequent.com/products-solutions/geosoft-target,Target | Geosoft - Seequent,"Make faster, more informed exploration decisions with Target. Automate routine data processing tasks and streamline workflows to spend less time processing data and more time exploring.",['Explore with confidence using Target'],2025-01-10T13:47:06.762805,Seequent,0.16,0.2263,0.19315,1,1,Balanced,target for arcgis pro enhances integration of mining and exploration data
Create a polygon (*.PLY) from a shapefile (*.SHP),h3,https://www.seequent.com/products-solutions/geosoft-target,Target | Geosoft - Seequent,"Make faster, more informed exploration decisions with Target. Automate routine data processing tasks and streamline workflows to spend less time processing data and more time exploring.",['Explore with confidence using Target'],2025-01-10T13:47:06.762807,Seequent,0.296,0.2732,0.28459999999999996,0,0,Other,create a polygon ply from a shapefile shp
Uranium Exploration: A Guide for the Uninitiated,h3,https://www.seequent.com/products-solutions/geosoft-target,Target | Geosoft - Seequent,"Make faster, more informed exploration decisions with Target. Automate routine data processing tasks and streamline workflows to spend less time processing data and more time exploring.",['Explore with confidence using Target'],2025-01-10T13:47:06.762808,Seequent,0.275,0.2263,0.25065000000000004,1,1,Balanced,uranium exploration a guide for the uninitiated
Useful Information,h2,https://www.seequent.com/products-solutions/geosoft-target,Target | Geosoft - Seequent,"Make faster, more informed exploration decisions with Target. Automate routine data processing tasks and streamline workflows to spend less time processing data and more time exploring.",['Explore with confidence using Target'],2025-01-10T13:47:06.762809,Seequent,0.744,0.4404,0.5922000000000001,0,0,Other,useful information
"We recommend you use Windows 10, with a reasonably fast processor, mid range graphics and 16-32GB of system memory.",p,https://www.seequent.com/products-solutions/geosoft-target,Target | Geosoft - Seequent,"Make faster, more informed exploration decisions with Target. Automate routine data processing tasks and streamline workflows to spend less time processing data and more time exploring.",['Explore with confidence using Target'],2025-01-10T13:47:06.762810,Seequent,0.135,0.3612,0.24810000000000001,0,1,Value Proposition,we recommend you use windows with a reasonably fast processor mid range graphics and gb of system memory
Supported kinds of data and formats that you can use with Target.,p,https://www.seequent.com/products-solutions/geosoft-target,Target | Geosoft - Seequent,"Make faster, more informed exploration decisions with Target. Automate routine data processing tasks and streamline workflows to spend less time processing data and more time exploring.",['Explore with confidence using Target'],2025-01-10T13:47:06.762812,Seequent,0.173,0.3182,0.24559999999999998,0,0,Other,supported kinds of data and formats that you can use with target
Explore with confidence using Target,h2,https://www.seequent.com/products-solutions/geosoft-target,Target | Geosoft - Seequent,"Make faster, more informed exploration decisions with Target. Automate routine data processing tasks and streamline workflows to spend less time processing data and more time exploring.",['Explore with confidence using Target'],2025-01-10T13:47:06.762813,Seequent,0.452,0.5106,0.48130000000000006,0,0,Other,explore with confidence using target
Need help?,h3,https://www.seequent.com/products-solutions/geosoft-target,Target | Geosoft - Seequent,"Make faster, more informed exploration decisions with Target. Automate routine data processing tasks and streamline workflows to spend less time processing data and more time exploring.",['Explore with confidence using Target'],2025-01-10T13:47:06.762814,Seequent,0.73,0.4019,0.56595,0,0,Other,need help
"Access online support and learning resources, and get links to the latest versions of Seequent products & tools.",p,https://www.seequent.com/products-solutions/geosoft-target,Target | Geosoft - Seequent,"Make faster, more informed exploration decisions with Target. Automate routine data processing tasks and streamline workflows to spend less time processing data and more time exploring.",['Explore with confidence using Target'],2025-01-10T13:47:06.762815,Seequent,0.144,0.4019,0.27294999999999997,0,0,Other,access online support and learning resources and get links to the latest versions of seequent products tools
"© 2024 Seequent, The Bentley Subsurface Company. All rights reserved",p,https://www.seequent.com/products-solutions/geosoft-target,Target | Geosoft - Seequent,"Make faster, more informed exploration decisions with Target. Automate routine data processing tasks and streamline workflows to spend less time processing data and more time exploring.",['Explore with confidence using Target'],2025-01-10T13:47:06.762816,Seequent,0.0,0.0,0.0,1,1,Balanced,seequent the bentley subsurface company all rights reserved
Central,h1,https://www.seequent.com/products-solutions/seequent-central,Seequent Central - Seequent,"Cloud-based Seequent Central offers shared 3D visualisation, team collaboration, and tracking of geological data within a single, auditable environment.",[' Central '],2025-01-10T13:47:07.088164,Seequent,0.0,0.0,0.0,0,0,Other,central
"Visualise, track, integrate, and manage your geoscience data",p,https://www.seequent.com/products-solutions/seequent-central,Seequent Central - Seequent,"Cloud-based Seequent Central offers shared 3D visualisation, team collaboration, and tracking of geological data within a single, auditable environment.",[' Central '],2025-01-10T13:47:07.088178,Seequent,0.0,0.0,0.0,0,0,Other,visualise track integrate and manage your geoscience data
Manage your complex geological data with ease,h2,https://www.seequent.com/products-solutions/seequent-central,Seequent Central - Seequent,"Cloud-based Seequent Central offers shared 3D visualisation, team collaboration, and tracking of geological data within a single, auditable environment.",[' Central '],2025-01-10T13:47:07.088181,Seequent,0.294,0.3612,0.3276,0,0,Other,manage your complex geological data with ease
"Work with your geoscience data in a centralised, auditable environment. Collaborate in the cloud and connect every stakeholder — even remote or distributed teams — to shared 3D visualisation and timely, relevant data. It’s the cloud-based heart of a smarter workflow for all your geological data.",p,https://www.seequent.com/products-solutions/seequent-central,Seequent Central - Seequent,"Cloud-based Seequent Central offers shared 3D visualisation, team collaboration, and tracking of geological data within a single, auditable environment.",[' Central '],2025-01-10T13:47:07.088186,Seequent,0.122,0.6597,0.39085,1,1,Balanced,work with your geoscience data in a centralised auditable environment collaborate in the cloud and connect every stakeholder even remote or distributed teams to shared d visualisation and timely relevant data its the cloudbased heart of a smarter workflow for all your geological data
Key Benefits,p,https://www.seequent.com/products-solutions/seequent-central,Seequent Central - Seequent,"Cloud-based Seequent Central offers shared 3D visualisation, team collaboration, and tracking of geological data within a single, auditable environment.",[' Central '],2025-01-10T13:47:07.088188,Seequent,0.722,0.3818,0.5519,0,0,Other,key benefits
Bring teams and data together,h2,https://www.seequent.com/products-solutions/seequent-central,Seequent Central - Seequent,"Cloud-based Seequent Central offers shared 3D visualisation, team collaboration, and tracking of geological data within a single, auditable environment.",[' Central '],2025-01-10T13:47:07.088190,Seequent,0.0,0.0,0.0,0,0,Other,bring teams and data together
"Visualise and collaborate on models with your team through connected data from Leapfrog, Oasis montaj.",p,https://www.seequent.com/products-solutions/seequent-central,Seequent Central - Seequent,"Cloud-based Seequent Central offers shared 3D visualisation, team collaboration, and tracking of geological data within a single, auditable environment.",[' Central '],2025-01-10T13:47:07.088193,Seequent,0.0,0.0,0.0,0,0,Other,visualise and collaborate on models with your team through connected data from leapfrog oasis montaj
Get notified when mesh files are updated in Central and pull them into your model in moments.,p,https://www.seequent.com/products-solutions/seequent-central,Seequent Central - Seequent,"Cloud-based Seequent Central offers shared 3D visualisation, team collaboration, and tracking of geological data within a single, auditable environment.",[' Central '],2025-01-10T13:47:07.088194,Seequent,0.0,0.0,0.0,0,0,Other,get notified when mesh files are updated in central and pull them into your model in moments
"Share your Central projects and visualisations in the cloud — anyone can view, investigate, and discuss your project in one place.",p,https://www.seequent.com/products-solutions/seequent-central,Seequent Central - Seequent,"Cloud-based Seequent Central offers shared 3D visualisation, team collaboration, and tracking of geological data within a single, auditable environment.",[' Central '],2025-01-10T13:47:07.088198,Seequent,0.104,0.296,0.19999999999999998,1,1,Balanced,share your central projects and visualisations in the cloud anyone can view investigate and discuss your project in one place
"Full version control, access permissions, project history, and trackability to ensure decisions are made using a single source of truth.",p,https://www.seequent.com/products-solutions/seequent-central,Seequent Central - Seequent,"Cloud-based Seequent Central offers shared 3D visualisation, team collaboration, and tracking of geological data within a single, auditable environment.",[' Central '],2025-01-10T13:47:07.088201,Seequent,0.224,0.5994,0.4117,0,0,Other,full version control access permissions project history and trackability to ensure decisions are made using a single source of truth
"Model alternative scenarios with project branching, enabling you to validate hypotheses and improve decision-making.",p,https://www.seequent.com/products-solutions/seequent-central,Seequent Central - Seequent,"Cloud-based Seequent Central offers shared 3D visualisation, team collaboration, and tracking of geological data within a single, auditable environment.",[' Central '],2025-01-10T13:47:07.088203,Seequent,0.31,0.6597,0.48485,0,0,Other,model alternative scenarios with project branching enabling you to validate hypotheses and improve decisionmaking
"Hosted in Microsoft Azure cloud for secure access to files, data, and project updates from anywhere with an internet connection.",p,https://www.seequent.com/products-solutions/seequent-central,Seequent Central - Seequent,"Cloud-based Seequent Central offers shared 3D visualisation, team collaboration, and tracking of geological data within a single, auditable environment.",[' Central '],2025-01-10T13:47:07.088205,Seequent,0.112,0.34,0.226,1,1,Balanced,hosted in microsoft azure cloud for secure access to files data and project updates from anywhere with an internet connection
Product information,p,https://www.seequent.com/products-solutions/seequent-central,Seequent Central - Seequent,"Cloud-based Seequent Central offers shared 3D visualisation, team collaboration, and tracking of geological data within a single, auditable environment.",[' Central '],2025-01-10T13:47:07.088207,Seequent,0.0,0.0,0.0,0,0,Other,product information
Effortlessly communicate findings and models,h2,https://www.seequent.com/products-solutions/seequent-central,Seequent Central - Seequent,"Cloud-based Seequent Central offers shared 3D visualisation, team collaboration, and tracking of geological data within a single, auditable environment.",[' Central '],2025-01-10T13:47:07.088208,Seequent,0.0,0.0,0.0,0,0,Other,effortlessly communicate findings and models
Share interactive models with any stakeholders who don’t have a product license via a URL link that you can send or embed.,p,https://www.seequent.com/products-solutions/seequent-central,Seequent Central - Seequent,"Cloud-based Seequent Central offers shared 3D visualisation, team collaboration, and tracking of geological data within a single, auditable environment.",[' Central '],2025-01-10T13:47:07.088210,Seequent,0.104,0.296,0.19999999999999998,0,0,Other,share interactive models with any stakeholders who dont have a product license via a url link that you can send or embed
Integrations,p,https://www.seequent.com/products-solutions/seequent-central,Seequent Central - Seequent,"Cloud-based Seequent Central offers shared 3D visualisation, team collaboration, and tracking of geological data within a single, auditable environment.",[' Central '],2025-01-10T13:47:07.088211,Seequent,0.0,0.0,0.0,0,0,Other,integrations
Data management designed for modelling,h2,https://www.seequent.com/products-solutions/seequent-central,Seequent Central - Seequent,"Cloud-based Seequent Central offers shared 3D visualisation, team collaboration, and tracking of geological data within a single, auditable environment.",[' Central '],2025-01-10T13:47:07.088213,Seequent,0.0,0.0,0.0,0,0,Other,data management designed for modelling
"Data integrity and version control is one of the consistent challenges that teams building geological models face. Central solves this through integrations with industry standard tools – including Leapfrog, GeoStudio, PLAXIS, Oasis montaj, and IMDEXHUB-IQ – for seamless data and project version management as you work.",p,https://www.seequent.com/products-solutions/seequent-central,Seequent Central - Seequent,"Cloud-based Seequent Central offers shared 3D visualisation, team collaboration, and tracking of geological data within a single, auditable environment.",[' Central '],2025-01-10T13:47:07.088214,Seequent,0.128,0.6124,0.37020000000000003,0,0,Other,data integrity and version control is one of the consistent challenges that teams building geological models face central solves this through integrations with industry standard tools including leapfrog geostudio plaxis oasis montaj and imdexhubiq for seamless data and project version management as you work
With secure cloud hosting on Microsoft Azure and individual user subscriptions and Leapfrog Connector licenses you can easily scale Central to suit your working and team requirements.,p,https://www.seequent.com/products-solutions/seequent-central,Seequent Central - Seequent,"Cloud-based Seequent Central offers shared 3D visualisation, team collaboration, and tracking of geological data within a single, auditable environment.",[' Central '],2025-01-10T13:47:07.088216,Seequent,0.161,0.5859,0.37345,1,1,Balanced,with secure cloud hosting on microsoft azure and individual user subscriptions and leapfrog connector licenses you can easily scale central to suit your working and team requirements
Subscriptions,p,https://www.seequent.com/products-solutions/seequent-central,Seequent Central - Seequent,"Cloud-based Seequent Central offers shared 3D visualisation, team collaboration, and tracking of geological data within a single, auditable environment.",[' Central '],2025-01-10T13:47:07.088217,Seequent,0.0,0.0,0.0,0,0,Other,subscriptions
Subscriptions for collaboration,h2,https://www.seequent.com/products-solutions/seequent-central,Seequent Central - Seequent,"Cloud-based Seequent Central offers shared 3D visualisation, team collaboration, and tracking of geological data within a single, auditable environment.",[' Central '],2025-01-10T13:47:07.088219,Seequent,0.0,0.0,0.0,0,0,Other,subscriptions for collaboration
Cloud hosting,h3,https://www.seequent.com/products-solutions/seequent-central,Seequent Central - Seequent,"Cloud-based Seequent Central offers shared 3D visualisation, team collaboration, and tracking of geological data within a single, auditable environment.",[' Central '],2025-01-10T13:47:07.088221,Seequent,0.0,0.0,0.0,1,1,Balanced,cloud hosting
One hosting instance required per organisation  * Intergrations require a subscription to run,p,https://www.seequent.com/products-solutions/seequent-central,Seequent Central - Seequent,"Cloud-based Seequent Central offers shared 3D visualisation, team collaboration, and tracking of geological data within a single, auditable environment.",[' Central '],2025-01-10T13:47:07.088223,Seequent,0.0,0.0,0.0,0,0,Other,one hosting instance required per organisation intergrations require a subscription to run
User subscription,h3,https://www.seequent.com/products-solutions/seequent-central,Seequent Central - Seequent,"Cloud-based Seequent Central offers shared 3D visualisation, team collaboration, and tracking of geological data within a single, auditable environment.",[' Central '],2025-01-10T13:47:07.088227,Seequent,0.0,0.0,0.0,0,0,Other,user subscription
One subscription per user accessing Central,p,https://www.seequent.com/products-solutions/seequent-central,Seequent Central - Seequent,"Cloud-based Seequent Central offers shared 3D visualisation, team collaboration, and tracking of geological data within a single, auditable environment.",[' Central '],2025-01-10T13:47:07.088228,Seequent,0.0,0.0,0.0,0,0,Other,one subscription per user accessing central
Leapfrog Connector,h3,https://www.seequent.com/products-solutions/seequent-central,Seequent Central - Seequent,"Cloud-based Seequent Central offers shared 3D visualisation, team collaboration, and tracking of geological data within a single, auditable environment.",[' Central '],2025-01-10T13:47:07.088230,Seequent,0.0,0.0,0.0,0,0,Other,leapfrog connector
One connector required per user modelling in Leapfrog,p,https://www.seequent.com/products-solutions/seequent-central,Seequent Central - Seequent,"Cloud-based Seequent Central offers shared 3D visualisation, team collaboration, and tracking of geological data within a single, auditable environment.",[' Central '],2025-01-10T13:47:07.088232,Seequent,0.0,0.0,0.0,0,0,Other,one connector required per user modelling in leapfrog
"For more information about Central pricing and purchase, talk to us",h3,https://www.seequent.com/products-solutions/seequent-central,Seequent Central - Seequent,"Cloud-based Seequent Central offers shared 3D visualisation, team collaboration, and tracking of geological data within a single, auditable environment.",[' Central '],2025-01-10T13:47:07.088234,Seequent,0.0,0.0,0.0,0,0,Other,for more information about central pricing and purchase talk to us
Central Add-ons,h2,https://www.seequent.com/products-solutions/seequent-central,Seequent Central - Seequent,"Cloud-based Seequent Central offers shared 3D visualisation, team collaboration, and tracking of geological data within a single, auditable environment.",[' Central '],2025-01-10T13:47:07.088236,Seequent,0.0,0.0,0.0,0,0,Other,central addons
All add-ons require an Central subscription to purchase and run,p,https://www.seequent.com/products-solutions/seequent-central,Seequent Central - Seequent,"Cloud-based Seequent Central offers shared 3D visualisation, team collaboration, and tracking of geological data within a single, auditable environment.",[' Central '],2025-01-10T13:47:07.088237,Seequent,0.0,0.0,0.0,0,0,Other,all addons require an central subscription to purchase and run
Advanced Bundle,h3,https://www.seequent.com/products-solutions/seequent-central,Seequent Central - Seequent,"Cloud-based Seequent Central offers shared 3D visualisation, team collaboration, and tracking of geological data within a single, auditable environment.",[' Central '],2025-01-10T13:47:07.088239,Seequent,0.667,0.25,0.4585,0,1,Value Proposition,advanced bundle
One hosting instance required per organisation  * Intergrations require a subscription to run,p,https://www.seequent.com/products-solutions/seequent-central,Seequent Central - Seequent,"Cloud-based Seequent Central offers shared 3D visualisation, team collaboration, and tracking of geological data within a single, auditable environment.",[' Central '],2025-01-10T13:47:07.088240,Seequent,0.0,0.0,0.0,0,0,Other,one hosting instance required per organisation intergrations require a subscription to run
"Includes: Web Portal, Data collector, Data entry, Professional, Excel extension, Civil 3D extension, Civil tools extension, Template studio",p,https://www.seequent.com/products-solutions/seequent-central,Seequent Central - Seequent,"Cloud-based Seequent Central offers shared 3D visualisation, team collaboration, and tracking of geological data within a single, auditable environment.",[' Central '],2025-01-10T13:47:07.088245,Seequent,0.158,0.4588,0.3084,0,0,Other,includes web portal data collector data entry professional excel extension civil d extension civil tools extension template studio
"For more information about Central pricing and purchase, talk to us",h3,https://www.seequent.com/products-solutions/seequent-central,Seequent Central - Seequent,"Cloud-based Seequent Central offers shared 3D visualisation, team collaboration, and tracking of geological data within a single, auditable environment.",[' Central '],2025-01-10T13:47:07.088247,Seequent,0.0,0.0,0.0,0,0,Other,for more information about central pricing and purchase talk to us
"“We used to spend, literally, hours trying to find the right versions and track the right versions on the server. Now we always know exactly what the latest version is.”",h3,https://www.seequent.com/products-solutions/seequent-central,Seequent Central - Seequent,"Cloud-based Seequent Central offers shared 3D visualisation, team collaboration, and tracking of geological data within a single, auditable environment.",[' Central '],2025-01-10T13:47:07.088249,Seequent,0.0,0.0,0.0,0,0,Other,we used to spend literally hours trying to find the right versions and track the right versions on the server now we always know exactly what the latest version is
"Wayne Barnett, Principal Structural Geologist at SRK Consulting",p,https://www.seequent.com/products-solutions/seequent-central,Seequent Central - Seequent,"Cloud-based Seequent Central offers shared 3D visualisation, team collaboration, and tracking of geological data within a single, auditable environment.",[' Central '],2025-01-10T13:47:07.088251,Seequent,0.0,0.0,0.0,0,0,Other,wayne barnett principal structural geologist at srk consulting
Free training and support resources,h2,https://www.seequent.com/products-solutions/seequent-central,Seequent Central - Seequent,"Cloud-based Seequent Central offers shared 3D visualisation, team collaboration, and tracking of geological data within a single, auditable environment.",[' Central '],2025-01-10T13:47:07.088253,Seequent,0.667,0.7184,0.6927000000000001,0,0,Other,free training and support resources
"Accelerate your Central usage with Knowledge Base articles, free training resources and support from our team of geoscience experts.",p,https://www.seequent.com/products-solutions/seequent-central,Seequent Central - Seequent,"Cloud-based Seequent Central offers shared 3D visualisation, team collaboration, and tracking of geological data within a single, auditable environment.",[' Central '],2025-01-10T13:47:07.088255,Seequent,0.261,0.7184,0.4897,0,0,Other,accelerate your central usage with knowledge base articles free training resources and support from our team of geoscience experts
Get started fast or upskill with our onboarding and advanced free eLearning courses available for Central.,p,https://www.seequent.com/products-solutions/seequent-central,Seequent Central - Seequent,"Cloud-based Seequent Central offers shared 3D visualisation, team collaboration, and tracking of geological data within a single, auditable environment.",[' Central '],2025-01-10T13:47:07.088259,Seequent,0.275,0.6486,0.4618,0,2,Value Proposition,get started fast or upskill with our onboarding and advanced free elearning courses available for central
Search our Knowledge Base for quick reference articles to troubleshoot or resolve any errors fast.,p,https://www.seequent.com/products-solutions/seequent-central,Seequent Central - Seequent,"Cloud-based Seequent Central offers shared 3D visualisation, team collaboration, and tracking of geological data within a single, auditable environment.",[' Central '],2025-01-10T13:47:07.088262,Seequent,0.10600000000000001,0.25,0.178,0,2,Value Proposition,search our knowledge base for quick reference articles to troubleshoot or resolve any errors fast
Explore a full library of 2-5 minute videos that demonstrate everything from basic workflows to more advanced tips and tricks.,p,https://www.seequent.com/products-solutions/seequent-central,Seequent Central - Seequent,"Cloud-based Seequent Central offers shared 3D visualisation, team collaboration, and tracking of geological data within a single, auditable environment.",[' Central '],2025-01-10T13:47:07.088264,Seequent,0.04000000000000001,0.2006,0.1203,0,1,Value Proposition,explore a full library of minute videos that demonstrate everything from basic workflows to more advanced tips and tricks
Customer stories,p,https://www.seequent.com/products-solutions/seequent-central,Seequent Central - Seequent,"Cloud-based Seequent Central offers shared 3D visualisation, team collaboration, and tracking of geological data within a single, auditable environment.",[' Central '],2025-01-10T13:47:07.088266,Seequent,0.0,0.0,0.0,0,0,Other,customer stories
Central in action,h2,https://www.seequent.com/products-solutions/seequent-central,Seequent Central - Seequent,"Cloud-based Seequent Central offers shared 3D visualisation, team collaboration, and tracking of geological data within a single, auditable environment.",[' Central '],2025-01-10T13:47:07.088268,Seequent,0.0,0.0,0.0,0,0,Other,central in action
Explore case studies and articles to see how Central is being applied in research and industry,p,https://www.seequent.com/products-solutions/seequent-central,Seequent Central - Seequent,"Cloud-based Seequent Central offers shared 3D visualisation, team collaboration, and tracking of geological data within a single, auditable environment.",[' Central '],2025-01-10T13:47:07.088270,Seequent,0.0,0.0,0.0,0,0,Other,explore case studies and articles to see how central is being applied in research and industry
Leapfrog Works,p,https://www.seequent.com/products-solutions/seequent-central,Seequent Central - Seequent,"Cloud-based Seequent Central offers shared 3D visualisation, team collaboration, and tracking of geological data within a single, auditable environment.",[' Central '],2025-01-10T13:47:07.088272,Seequent,0.0,0.0,0.0,0,0,Other,leapfrog works
Modelling the Norwegian subsurface – Learn how Multiconsult gained deeper geological insights with Leapfrog Works and Seequent Central,p,https://www.seequent.com/products-solutions/seequent-central,Seequent Central - Seequent,"Cloud-based Seequent Central offers shared 3D visualisation, team collaboration, and tracking of geological data within a single, auditable environment.",[' Central '],2025-01-10T13:47:07.088274,Seequent,0.14,0.3818,0.2609,1,1,Balanced,modelling the norwegian subsurface learn how multiconsult gained deeper geological insights with leapfrog works and seequent central
Read article,p,https://www.seequent.com/products-solutions/seequent-central,Seequent Central - Seequent,"Cloud-based Seequent Central offers shared 3D visualisation, team collaboration, and tracking of geological data within a single, auditable environment.",[' Central '],2025-01-10T13:47:07.088276,Seequent,0.0,0.0,0.0,0,0,Other,read article
Energy,p,https://www.seequent.com/products-solutions/seequent-central,Seequent Central - Seequent,"Cloud-based Seequent Central offers shared 3D visualisation, team collaboration, and tracking of geological data within a single, auditable environment.",[' Central '],2025-01-10T13:47:07.088277,Seequent,1.0,0.2732,0.6366,0,0,Other,energy
The geothermal innovation powering Google’s data centres,p,https://www.seequent.com/products-solutions/seequent-central,Seequent Central - Seequent,"Cloud-based Seequent Central offers shared 3D visualisation, team collaboration, and tracking of geological data within a single, auditable environment.",[' Central '],2025-01-10T13:47:07.088279,Seequent,0.302,0.3818,0.3419,0,0,Other,the geothermal innovation powering googles data centres
Read article,p,https://www.seequent.com/products-solutions/seequent-central,Seequent Central - Seequent,"Cloud-based Seequent Central offers shared 3D visualisation, team collaboration, and tracking of geological data within a single, auditable environment.",[' Central '],2025-01-10T13:47:07.088281,Seequent,0.0,0.0,0.0,0,0,Other,read article
Mining,p,https://www.seequent.com/products-solutions/seequent-central,Seequent Central - Seequent,"Cloud-based Seequent Central offers shared 3D visualisation, team collaboration, and tracking of geological data within a single, auditable environment.",[' Central '],2025-01-10T13:47:07.088283,Seequent,0.0,0.0,0.0,0,0,Other,mining
Better manage your data with a powerful workflow designed for exploration success,p,https://www.seequent.com/products-solutions/seequent-central,Seequent Central - Seequent,"Cloud-based Seequent Central offers shared 3D visualisation, team collaboration, and tracking of geological data within a single, auditable environment.",[' Central '],2025-01-10T13:47:07.088284,Seequent,0.617,0.8834,0.7502,1,2,Value Proposition,better manage your data with a powerful workflow designed for exploration success
Read article,p,https://www.seequent.com/products-solutions/seequent-central,Seequent Central - Seequent,"Cloud-based Seequent Central offers shared 3D visualisation, team collaboration, and tracking of geological data within a single, auditable environment.",[' Central '],2025-01-10T13:47:07.088286,Seequent,0.0,0.0,0.0,0,0,Other,read article
Leapfrog Geo,p,https://www.seequent.com/products-solutions/seequent-central,Seequent Central - Seequent,"Cloud-based Seequent Central offers shared 3D visualisation, team collaboration, and tracking of geological data within a single, auditable environment.",[' Central '],2025-01-10T13:47:07.088290,Seequent,0.0,0.0,0.0,0,0,Other,leapfrog geo
Building a better understanding of the earth beneath,p,https://www.seequent.com/products-solutions/seequent-central,Seequent Central - Seequent,"Cloud-based Seequent Central offers shared 3D visualisation, team collaboration, and tracking of geological data within a single, auditable environment.",[' Central '],2025-01-10T13:47:07.088292,Seequent,0.326,0.4404,0.3832,0,0,Other,building a better understanding of the earth beneath
Read article,p,https://www.seequent.com/products-solutions/seequent-central,Seequent Central - Seequent,"Cloud-based Seequent Central offers shared 3D visualisation, team collaboration, and tracking of geological data within a single, auditable environment.",[' Central '],2025-01-10T13:47:07.088293,Seequent,0.0,0.0,0.0,0,0,Other,read article
Trusted by the top 40  global mining and large global engineering service companies.,h2,https://www.seequent.com/products-solutions/seequent-central,Seequent Central - Seequent,"Cloud-based Seequent Central offers shared 3D visualisation, team collaboration, and tracking of geological data within a single, auditable environment.",[' Central '],2025-01-10T13:47:07.088295,Seequent,0.329,0.5994,0.46420000000000006,0,0,Other,trusted by the top global mining and large global engineering service companies
"© 2024 Seequent, The Bentley Subsurface Company. All rights reserved",p,https://www.seequent.com/products-solutions/seequent-central,Seequent Central - Seequent,"Cloud-based Seequent Central offers shared 3D visualisation, team collaboration, and tracking of geological data within a single, auditable environment.",[' Central '],2025-01-10T13:47:07.088297,Seequent,0.0,0.0,0.0,1,1,Balanced,seequent the bentley subsurface company all rights reserved
Imago,h1,https://www.seequent.com/products-solutions/imago,Imago - Seequent,"Imago enables validation of data insights and decisions by capturing, managing, and sharing high-quality geoscientific images in the cloud.",[' Imago '],2025-01-10T13:47:07.404217,Seequent,0.0,0.0,0.0,0,0,Other,imago
Capture and manage high-quality core imagery,p,https://www.seequent.com/products-solutions/imago,Imago - Seequent,"Imago enables validation of data insights and decisions by capturing, managing, and sharing high-quality geoscientific images in the cloud.",[' Imago '],2025-01-10T13:47:07.404228,Seequent,0.0,0.0,0.0,0,0,Other,capture and manage highquality core imagery
Preserve critical insights and validate decisions faster,h2,https://www.seequent.com/products-solutions/imago,Imago - Seequent,"Imago enables validation of data insights and decisions by capturing, managing, and sharing high-quality geoscientific images in the cloud.",[' Imago '],2025-01-10T13:47:07.404231,Seequent,0.020000000000000018,0.0516,0.03580000000000001,0,0,Other,preserve critical insights and validate decisions faster
"Streamline capturing and managing core imagery with Imago. Imago automatically crops, catalogues, and syncs after capturing images in the core shed. This data can be easily accessed or integrated with modelling tools such as Leapfrog to instantly validate decisions by placing imagery alongside data and models.",p,https://www.seequent.com/products-solutions/imago,Imago - Seequent,"Imago enables validation of data insights and decisions by capturing, managing, and sharing high-quality geoscientific images in the cloud.",[' Imago '],2025-01-10T13:47:07.404233,Seequent,0.1,0.5994,0.3497,0,1,Value Proposition,streamline capturing and managing core imagery with imago imago automatically crops catalogues and syncs after capturing images in the core shed this data can be easily accessed or integrated with modelling tools such as leapfrog to instantly validate decisions by placing imagery alongside data and models
Key Benefits,p,https://www.seequent.com/products-solutions/imago,Imago - Seequent,"Imago enables validation of data insights and decisions by capturing, managing, and sharing high-quality geoscientific images in the cloud.",[' Imago '],2025-01-10T13:47:07.404235,Seequent,0.722,0.3818,0.5519,0,0,Other,key benefits
Quality across your entire workflow,h2,https://www.seequent.com/products-solutions/imago,Imago - Seequent,"Imago enables validation of data insights and decisions by capturing, managing, and sharing high-quality geoscientific images in the cloud.",[' Imago '],2025-01-10T13:47:07.404237,Seequent,0.0,0.0,0.0,0,0,Other,quality across your entire workflow
Imago's AutoCrop enhances the data collection process by automatically cropping and linearising core tray imagery.,p,https://www.seequent.com/products-solutions/imago,Imago - Seequent,"Imago enables validation of data insights and decisions by capturing, managing, and sharing high-quality geoscientific images in the cloud.",[' Imago '],2025-01-10T13:47:07.404239,Seequent,0.0,0.0,0.0,0,0,Other,imagos autocrop enhances the data collection process by automatically cropping and linearising core tray imagery
"From the field to the office, Imago helps teams spend more time on modelling and analysis than core image documentation and capture.",p,https://www.seequent.com/products-solutions/imago,Imago - Seequent,"Imago enables validation of data insights and decisions by capturing, managing, and sharing high-quality geoscientific images in the cloud.",[' Imago '],2025-01-10T13:47:07.404241,Seequent,0.11,0.3818,0.24589999999999998,0,0,Other,from the field to the office imago helps teams spend more time on modelling and analysis than core image documentation and capture
Verify data and control errors or anomalies in assay and logs using catalogued images rather than needing to manually recall core samples.,p,https://www.seequent.com/products-solutions/imago,Imago - Seequent,"Imago enables validation of data insights and decisions by capturing, managing, and sharing high-quality geoscientific images in the cloud.",[' Imago '],2025-01-10T13:47:07.404243,Seequent,-0.103,-0.34,-0.2215,1,1,Balanced,verify data and control errors or anomalies in assay and logs using catalogued images rather than needing to manually recall core samples
"Catalogue your drill core and transform it into an asset that insures against degradation, damage, or loss whether you’re on or off-site.",p,https://www.seequent.com/products-solutions/imago,Imago - Seequent,"Imago enables validation of data insights and decisions by capturing, managing, and sharing high-quality geoscientific images in the cloud.",[' Imago '],2025-01-10T13:47:07.404245,Seequent,-0.21799999999999997,-0.7506,-0.4843,0,0,Other,catalogue your drill core and transform it into an asset that insures against degradation damage or loss whether youre on or offsite
Cloud hosting removes the need for costly server-based IT hardware and ongoing maintenance costs.,p,https://www.seequent.com/products-solutions/imago,Imago - Seequent,"Imago enables validation of data insights and decisions by capturing, managing, and sharing high-quality geoscientific images in the cloud.",[' Imago '],2025-01-10T13:47:07.404247,Seequent,-0.097,-0.1027,-0.09985,1,1,Balanced,cloud hosting removes the need for costly serverbased it hardware and ongoing maintenance costs
Integrate core imagery with geological data and tools for instant access to the rich data you need to support interpretation and modelling.,p,https://www.seequent.com/products-solutions/imago,Imago - Seequent,"Imago enables validation of data insights and decisions by capturing, managing, and sharing high-quality geoscientific images in the cloud.",[' Imago '],2025-01-10T13:47:07.404249,Seequent,0.24,0.743,0.4915,0,0,Other,integrate core imagery with geological data and tools for instant access to the rich data you need to support interpretation and modelling
PRODUCT PLANS,p,https://www.seequent.com/products-solutions/imago,Imago - Seequent,"Imago enables validation of data insights and decisions by capturing, managing, and sharing high-quality geoscientific images in the cloud.",[' Imago '],2025-01-10T13:47:07.404251,Seequent,0.0,0.0,0.0,0,0,Other,product plans
Explore Imago’s features and capabilities,h2,https://www.seequent.com/products-solutions/imago,Imago - Seequent,"Imago enables validation of data insights and decisions by capturing, managing, and sharing high-quality geoscientific images in the cloud.",[' Imago '],2025-01-10T13:47:07.404252,Seequent,0.0,0.0,0.0,0,0,Other,explore imagos features and capabilities
Imago,h3,https://www.seequent.com/products-solutions/imago,Imago - Seequent,"Imago enables validation of data insights and decisions by capturing, managing, and sharing high-quality geoscientific images in the cloud.",[' Imago '],2025-01-10T13:47:07.404254,Seequent,0.0,0.0,0.0,0,0,Other,imago
"Imago is a cloud-based solution for automatically cataloguing and managing your imagery to enable quicker and easier ways to validate data, models, and decisions with drill-core photographs. Try out Imago Portal on our free demo platform of provided imagery.",p,https://www.seequent.com/products-solutions/imago,Imago - Seequent,"Imago enables validation of data insights and decisions by capturing, managing, and sharing high-quality geoscientific images in the cloud.",[' Imago '],2025-01-10T13:47:07.404255,Seequent,0.243,0.872,0.5575,1,1,Balanced,imago is a cloudbased solution for automatically cataloguing and managing your imagery to enable quicker and easier ways to validate data models and decisions with drillcore photographs try out imago portal on our free demo platform of provided imagery
"Imago Capture X manages your image capture workflows by controlling your camera and automatically labelling, cropping, and storing your images.",p,https://www.seequent.com/products-solutions/imago,Imago - Seequent,"Imago enables validation of data insights and decisions by capturing, managing, and sharing high-quality geoscientific images in the cloud.",[' Imago '],2025-01-10T13:47:07.404256,Seequent,0.0,0.0,0.0,0,0,Other,imago capture x manages your image capture workflows by controlling your camera and automatically labelling cropping and storing your images
Imago Connect is a connectivity toolkit for streamlining image management and integrations. Additions include export workflows and program interoperability for automation and batch operations.,p,https://www.seequent.com/products-solutions/imago,Imago - Seequent,"Imago enables validation of data insights and decisions by capturing, managing, and sharing high-quality geoscientific images in the cloud.",[' Imago '],2025-01-10T13:47:07.404258,Seequent,0.0,0.0,0.0,1,1,Balanced,imago connect is a connectivity toolkit for streamlining image management and integrations additions include export workflows and program interoperability for automation and batch operations
"Traditional methods of managing images are manual, time consuming, and easy to lose track of. The Imago Portal is a cloud-based platform for cataloguing and managing your imagery, allowing you to centralise your libraries and easily share them with stakeholders and teams.",p,https://www.seequent.com/products-solutions/imago,Imago - Seequent,"Imago enables validation of data insights and decisions by capturing, managing, and sharing high-quality geoscientific images in the cloud.",[' Imago '],2025-01-10T13:47:07.404261,Seequent,0.10200000000000001,0.5859,0.34395,1,1,Balanced,traditional methods of managing images are manual time consuming and easy to lose track of the imago portal is a cloudbased platform for cataloguing and managing your imagery allowing you to centralise your libraries and easily share them with stakeholders and teams
Imago Portal plans,p,https://www.seequent.com/products-solutions/imago,Imago - Seequent,"Imago enables validation of data insights and decisions by capturing, managing, and sharing high-quality geoscientific images in the cloud.",[' Imago '],2025-01-10T13:47:07.404262,Seequent,0.0,0.0,0.0,0,0,Other,imago portal plans
Imago Portal plans,h2,https://www.seequent.com/products-solutions/imago,Imago - Seequent,"Imago enables validation of data insights and decisions by capturing, managing, and sharing high-quality geoscientific images in the cloud.",[' Imago '],2025-01-10T13:47:07.404264,Seequent,0.0,0.0,0.0,0,0,Other,imago portal plans
Standard,h3,https://www.seequent.com/products-solutions/imago,Imago - Seequent,"Imago enables validation of data insights and decisions by capturing, managing, and sharing high-quality geoscientific images in the cloud.",[' Imago '],2025-01-10T13:47:07.404266,Seequent,0.0,0.0,0.0,0,0,Other,standard
12 month subscription. Additional mine sites require separate Imago subscriptions.,p,https://www.seequent.com/products-solutions/imago,Imago - Seequent,"Imago enables validation of data insights and decisions by capturing, managing, and sharing high-quality geoscientific images in the cloud.",[' Imago '],2025-01-10T13:47:07.404267,Seequent,0.0,0.0,0.0,0,0,Other,month subscription additional mine sites require separate imago subscriptions
Enterprise,h3,https://www.seequent.com/products-solutions/imago,Imago - Seequent,"Imago enables validation of data insights and decisions by capturing, managing, and sharing high-quality geoscientific images in the cloud.",[' Imago '],2025-01-10T13:47:07.404269,Seequent,0.0,0.0,0.0,0,0,Other,enterprise
12 month subscription. Additional mine sites require separate Imago subscriptions.,p,https://www.seequent.com/products-solutions/imago,Imago - Seequent,"Imago enables validation of data insights and decisions by capturing, managing, and sharing high-quality geoscientific images in the cloud.",[' Imago '],2025-01-10T13:47:07.404270,Seequent,0.0,0.0,0.0,0,0,Other,month subscription additional mine sites require separate imago subscriptions
Junior,h3,https://www.seequent.com/products-solutions/imago,Imago - Seequent,"Imago enables validation of data insights and decisions by capturing, managing, and sharing high-quality geoscientific images in the cloud.",[' Imago '],2025-01-10T13:47:07.404272,Seequent,0.0,0.0,0.0,0,0,Other,junior
12 month subscription.  For non-producing companies or academic licensing only.,p,https://www.seequent.com/products-solutions/imago,Imago - Seequent,"Imago enables validation of data insights and decisions by capturing, managing, and sharing high-quality geoscientific images in the cloud.",[' Imago '],2025-01-10T13:47:07.404273,Seequent,0.0,0.0,0.0,0,0,Other,month subscription for nonproducing companies or academic licensing only
"For more information about Imago products, pricing, and purchase, talk to us",h3,https://www.seequent.com/products-solutions/imago,Imago - Seequent,"Imago enables validation of data insights and decisions by capturing, managing, and sharing high-quality geoscientific images in the cloud.",[' Imago '],2025-01-10T13:47:07.404275,Seequent,0.0,0.0,0.0,0,0,Other,for more information about imago products pricing and purchase talk to us
Imago Add-ons,h2,https://www.seequent.com/products-solutions/imago,Imago - Seequent,"Imago enables validation of data insights and decisions by capturing, managing, and sharing high-quality geoscientific images in the cloud.",[' Imago '],2025-01-10T13:47:07.404276,Seequent,0.0,0.0,0.0,0,0,Other,imago addons
All add-ons require an Imago subscription to purchase and run,p,https://www.seequent.com/products-solutions/imago,Imago - Seequent,"Imago enables validation of data insights and decisions by capturing, managing, and sharing high-quality geoscientific images in the cloud.",[' Imago '],2025-01-10T13:47:07.404278,Seequent,0.0,0.0,0.0,0,0,Other,all addons require an imago subscription to purchase and run
Chip shot,h3,https://www.seequent.com/products-solutions/imago,Imago - Seequent,"Imago enables validation of data insights and decisions by capturing, managing, and sharing high-quality geoscientific images in the cloud.",[' Imago '],2025-01-10T13:47:07.404279,Seequent,0.0,0.0,0.0,0,0,Other,chip shot
12 month subscription. Additional mine sites require separate Imago subscriptions.,p,https://www.seequent.com/products-solutions/imago,Imago - Seequent,"Imago enables validation of data insights and decisions by capturing, managing, and sharing high-quality geoscientific images in the cloud.",[' Imago '],2025-01-10T13:47:07.404282,Seequent,0.0,0.0,0.0,0,0,Other,month subscription additional mine sites require separate imago subscriptions
Mobile Capture,h3,https://www.seequent.com/products-solutions/imago,Imago - Seequent,"Imago enables validation of data insights and decisions by capturing, managing, and sharing high-quality geoscientific images in the cloud.",[' Imago '],2025-01-10T13:47:07.404284,Seequent,0.0,0.0,0.0,0,0,Other,mobile capture
12 month subscription. Additional mine sites require separate Imago subscriptions.,p,https://www.seequent.com/products-solutions/imago,Imago - Seequent,"Imago enables validation of data insights and decisions by capturing, managing, and sharing high-quality geoscientific images in the cloud.",[' Imago '],2025-01-10T13:47:07.404285,Seequent,0.0,0.0,0.0,0,0,Other,month subscription additional mine sites require separate imago subscriptions
Storage,h3,https://www.seequent.com/products-solutions/imago,Imago - Seequent,"Imago enables validation of data insights and decisions by capturing, managing, and sharing high-quality geoscientific images in the cloud.",[' Imago '],2025-01-10T13:47:07.404287,Seequent,0.0,0.0,0.0,0,0,Other,storage
12 month subscription. Additional mine sites require separate Imago subscriptions.,p,https://www.seequent.com/products-solutions/imago,Imago - Seequent,"Imago enables validation of data insights and decisions by capturing, managing, and sharing high-quality geoscientific images in the cloud.",[' Imago '],2025-01-10T13:47:07.404288,Seequent,0.0,0.0,0.0,0,0,Other,month subscription additional mine sites require separate imago subscriptions
"For more information about Imago products, pricing, and purchase, talk to us",h3,https://www.seequent.com/products-solutions/imago,Imago - Seequent,"Imago enables validation of data insights and decisions by capturing, managing, and sharing high-quality geoscientific images in the cloud.",[' Imago '],2025-01-10T13:47:07.404290,Seequent,0.0,0.0,0.0,0,0,Other,for more information about imago products pricing and purchase talk to us
“We were surprised when we started using Imago how much operational time the software saved us. A 2000m core we now expect to take us 10 hours to photograph and curate. Previously this would have taken us approximately 50 hours.”,h3,https://www.seequent.com/products-solutions/imago,Imago - Seequent,"Imago enables validation of data insights and decisions by capturing, managing, and sharing high-quality geoscientific images in the cloud.",[' Imago '],2025-01-10T13:47:07.404293,Seequent,0.121,0.5719,0.34645,0,0,Other,we were surprised when we started using imago how much operational time the software saved us a m core we now expect to take us hours to photograph and curate previously this would have taken us approximately hours
"Adam Matthews, Senior Geologist, Cornish Lithium",p,https://www.seequent.com/products-solutions/imago,Imago - Seequent,"Imago enables validation of data insights and decisions by capturing, managing, and sharing high-quality geoscientific images in the cloud.",[' Imago '],2025-01-10T13:47:07.404295,Seequent,0.0,0.0,0.0,0,0,Other,adam matthews senior geologist cornish lithium
Resources,p,https://www.seequent.com/products-solutions/imago,Imago - Seequent,"Imago enables validation of data insights and decisions by capturing, managing, and sharing high-quality geoscientific images in the cloud.",[' Imago '],2025-01-10T13:47:07.404297,Seequent,0.0,0.0,0.0,0,0,Other,resources
Free training and support resources,h2,https://www.seequent.com/products-solutions/imago,Imago - Seequent,"Imago enables validation of data insights and decisions by capturing, managing, and sharing high-quality geoscientific images in the cloud.",[' Imago '],2025-01-10T13:47:07.404298,Seequent,0.667,0.7184,0.6927000000000001,0,0,Other,free training and support resources
"Accelerate your Imago usage with free resources, knowledge base articles, or support from our team of geotechnical experts",p,https://www.seequent.com/products-solutions/imago,Imago - Seequent,"Imago enables validation of data insights and decisions by capturing, managing, and sharing high-quality geoscientific images in the cloud.",[' Imago '],2025-01-10T13:47:07.404302,Seequent,0.273,0.7184,0.49570000000000003,0,0,Other,accelerate your imago usage with free resources knowledge base articles or support from our team of geotechnical experts
"Free help and resources for onboarding and upskilling on topics including sign-in, migration, administration, and more.",p,https://www.seequent.com/products-solutions/imago,Imago - Seequent,"Imago enables validation of data insights and decisions by capturing, managing, and sharing high-quality geoscientific images in the cloud.",[' Imago '],2025-01-10T13:47:07.404305,Seequent,0.3,0.7184,0.5092,0,0,Other,free help and resources for onboarding and upskilling on topics including signin migration administration and more
Search our knowledge base for quick reference articles to troubleshoot or resolve any errors fast.,p,https://www.seequent.com/products-solutions/imago,Imago - Seequent,"Imago enables validation of data insights and decisions by capturing, managing, and sharing high-quality geoscientific images in the cloud.",[' Imago '],2025-01-10T13:47:07.404306,Seequent,0.10600000000000001,0.25,0.178,0,2,Value Proposition,search our knowledge base for quick reference articles to troubleshoot or resolve any errors fast
Expert support from our global team of geoscience professionals when you submit a ticket on the MySeequent customer portal.,p,https://www.seequent.com/products-solutions/imago,Imago - Seequent,"Imago enables validation of data insights and decisions by capturing, managing, and sharing high-quality geoscientific images in the cloud.",[' Imago '],2025-01-10T13:47:07.404308,Seequent,0.137,0.4019,0.26944999999999997,0,0,Other,expert support from our global team of geoscience professionals when you submit a ticket on the myseequent customer portal
Customer Stories,p,https://www.seequent.com/products-solutions/imago,Imago - Seequent,"Imago enables validation of data insights and decisions by capturing, managing, and sharing high-quality geoscientific images in the cloud.",[' Imago '],2025-01-10T13:47:07.404310,Seequent,0.0,0.0,0.0,0,0,Other,customer stories
Imago at work,h2,https://www.seequent.com/products-solutions/imago,Imago - Seequent,"Imago enables validation of data insights and decisions by capturing, managing, and sharing high-quality geoscientific images in the cloud.",[' Imago '],2025-01-10T13:47:07.404311,Seequent,0.0,0.0,0.0,0,0,Other,imago at work
See the impact of Imago in research and industry,p,https://www.seequent.com/products-solutions/imago,Imago - Seequent,"Imago enables validation of data insights and decisions by capturing, managing, and sharing high-quality geoscientific images in the cloud.",[' Imago '],2025-01-10T13:47:07.404312,Seequent,0.0,0.0,0.0,0,0,Other,see the impact of imago in research and industry
Case Studies,p,https://www.seequent.com/products-solutions/imago,Imago - Seequent,"Imago enables validation of data insights and decisions by capturing, managing, and sharing high-quality geoscientific images in the cloud.",[' Imago '],2025-01-10T13:47:07.404314,Seequent,0.0,0.0,0.0,0,0,Other,case studies
"How IGO captured over 50,000 geological images with Imago",p,https://www.seequent.com/products-solutions/imago,Imago - Seequent,"Imago enables validation of data insights and decisions by capturing, managing, and sharing high-quality geoscientific images in the cloud.",[' Imago '],2025-01-10T13:47:07.404316,Seequent,0.0,0.0,0.0,0,0,Other,how igo captured over geological images with imago
Read article,p,https://www.seequent.com/products-solutions/imago,Imago - Seequent,"Imago enables validation of data insights and decisions by capturing, managing, and sharing high-quality geoscientific images in the cloud.",[' Imago '],2025-01-10T13:47:07.404318,Seequent,0.0,0.0,0.0,0,0,Other,read article
Imago,p,https://www.seequent.com/products-solutions/imago,Imago - Seequent,"Imago enables validation of data insights and decisions by capturing, managing, and sharing high-quality geoscientific images in the cloud.",[' Imago '],2025-01-10T13:47:07.404319,Seequent,0.0,0.0,0.0,0,0,Other,imago
Save time and extract meaningful insights from your geoscientific imagery with Imago,p,https://www.seequent.com/products-solutions/imago,Imago - Seequent,"Imago enables validation of data insights and decisions by capturing, managing, and sharing high-quality geoscientific images in the cloud.",[' Imago '],2025-01-10T13:47:07.404320,Seequent,0.355,0.6705,0.51275,0,0,Other,save time and extract meaningful insights from your geoscientific imagery with imago
Read article,p,https://www.seequent.com/products-solutions/imago,Imago - Seequent,"Imago enables validation of data insights and decisions by capturing, managing, and sharing high-quality geoscientific images in the cloud.",[' Imago '],2025-01-10T13:47:07.404323,Seequent,0.0,0.0,0.0,0,0,Other,read article
Imago,p,https://www.seequent.com/products-solutions/imago,Imago - Seequent,"Imago enables validation of data insights and decisions by capturing, managing, and sharing high-quality geoscientific images in the cloud.",[' Imago '],2025-01-10T13:47:07.404324,Seequent,0.0,0.0,0.0,0,0,Other,imago
MX Deposit & Imago logging and capture in action,p,https://www.seequent.com/products-solutions/imago,Imago - Seequent,"Imago enables validation of data insights and decisions by capturing, managing, and sharing high-quality geoscientific images in the cloud.",[' Imago '],2025-01-10T13:47:07.404325,Seequent,0.0,0.0,0.0,0,0,Other,mx deposit imago logging and capture in action
Read article,p,https://www.seequent.com/products-solutions/imago,Imago - Seequent,"Imago enables validation of data insights and decisions by capturing, managing, and sharing high-quality geoscientific images in the cloud.",[' Imago '],2025-01-10T13:47:07.404327,Seequent,0.0,0.0,0.0,0,0,Other,read article
Imago,p,https://www.seequent.com/products-solutions/imago,Imago - Seequent,"Imago enables validation of data insights and decisions by capturing, managing, and sharing high-quality geoscientific images in the cloud.",[' Imago '],2025-01-10T13:47:07.404328,Seequent,0.0,0.0,0.0,0,0,Other,imago
The Seequent Solution for Integrating Imago core imagery into Leapfrog geological models,p,https://www.seequent.com/products-solutions/imago,Imago - Seequent,"Imago enables validation of data insights and decisions by capturing, managing, and sharing high-quality geoscientific images in the cloud.",[' Imago '],2025-01-10T13:47:07.404329,Seequent,0.173,0.3182,0.24559999999999998,0,0,Other,the seequent solution for integrating imago core imagery into leapfrog geological models
Read article,p,https://www.seequent.com/products-solutions/imago,Imago - Seequent,"Imago enables validation of data insights and decisions by capturing, managing, and sharing high-quality geoscientific images in the cloud.",[' Imago '],2025-01-10T13:47:07.404331,Seequent,0.0,0.0,0.0,0,0,Other,read article
We’re changing the way that data management is done in mining projects,h2,https://www.seequent.com/products-solutions/imago,Imago - Seequent,"Imago enables validation of data insights and decisions by capturing, managing, and sharing high-quality geoscientific images in the cloud.",[' Imago '],2025-01-10T13:47:07.404334,Seequent,0.0,0.0,0.0,0,0,Other,were changing the way that data management is done in mining projects
"© 2024 Seequent, The Bentley Subsurface Company. All rights reserved",p,https://www.seequent.com/products-solutions/imago,Imago - Seequent,"Imago enables validation of data insights and decisions by capturing, managing, and sharing high-quality geoscientific images in the cloud.",[' Imago '],2025-01-10T13:47:07.404335,Seequent,0.0,0.0,0.0,1,1,Balanced,seequent the bentley subsurface company all rights reserved
Intelligent geoscience for mining: Go deeper,h1,https://www.seequent.com/products-solutions/mining,Mining Geoscience Software Solutions | For Mining Industries - Seequent,"In over 100 countries, mining industry professionals are using Seequent technologies to tackle challenges in the geosciences.",[' Intelligent geoscience for mining: Go deeper '],2025-01-10T13:47:07.683887,Seequent,0.375,0.4588,0.4169,0,1,Value Proposition,intelligent geoscience for mining go deeper
Unlock the value of subsurface data and transform exploration and mine performance,p,https://www.seequent.com/products-solutions/mining,Mining Geoscience Software Solutions | For Mining Industries - Seequent,"In over 100 countries, mining industry professionals are using Seequent technologies to tackle challenges in the geosciences.",[' Intelligent geoscience for mining: Go deeper '],2025-01-10T13:47:07.683898,Seequent,0.301,0.5106,0.40580000000000005,2,2,Balanced,unlock the value of subsurface data and transform exploration and mine performance
"From exploration to mine closure, smarter",h2,https://www.seequent.com/products-solutions/mining,Mining Geoscience Software Solutions | For Mining Industries - Seequent,"In over 100 countries, mining industry professionals are using Seequent technologies to tackle challenges in the geosciences.",[' Intelligent geoscience for mining: Go deeper '],2025-01-10T13:47:07.683900,Seequent,0.551,0.5994,0.5752,1,1,Balanced,from exploration to mine closure smarter
"Innovative solutions that help develop a better understanding of the underground to minimise subsurface uncertainty, inform critical decisions and ultimately mine smarter.",p,https://www.seequent.com/products-solutions/mining,Mining Geoscience Software Solutions | For Mining Industries - Seequent,"In over 100 countries, mining industry professionals are using Seequent technologies to tackle challenges in the geosciences.",[' Intelligent geoscience for mining: Go deeper '],2025-01-10T13:47:07.683902,Seequent,0.267,0.8176,0.5423,1,2,Value Proposition,innovative solutions that help develop a better understanding of the underground to minimise subsurface uncertainty inform critical decisions and ultimately mine smarter
"From data to decision, at every phase of the mine lifecycle",h2,https://www.seequent.com/products-solutions/mining,Mining Geoscience Software Solutions | For Mining Industries - Seequent,"In over 100 countries, mining industry professionals are using Seequent technologies to tackle challenges in the geosciences.",[' Intelligent geoscience for mining: Go deeper '],2025-01-10T13:47:07.683903,Seequent,0.0,0.0,0.0,0,0,Other,from data to decision at every phase of the mine lifecycle
"Enhance productivity with connected workflows that bring together data, people and technology to solve the complex challenges we face today and, in the future.",p,https://www.seequent.com/products-solutions/mining,Mining Geoscience Software Solutions | For Mining Industries - Seequent,"In over 100 countries, mining industry professionals are using Seequent technologies to tackle challenges in the geosciences.",[' Intelligent geoscience for mining: Go deeper '],2025-01-10T13:47:07.683905,Seequent,0.124,0.2732,0.1986,0,1,Value Proposition,enhance productivity with connected workflows that bring together data people and technology to solve the complex challenges we face today and in the future
Seequent Mining Solutions,h3,https://www.seequent.com/products-solutions/mining,Mining Geoscience Software Solutions | For Mining Industries - Seequent,"In over 100 countries, mining industry professionals are using Seequent technologies to tackle challenges in the geosciences.",[' Intelligent geoscience for mining: Go deeper '],2025-01-10T13:47:07.683907,Seequent,0.459,0.1779,0.31845,0,0,Other,seequent mining solutions
Geophysics for Exploration,h3,https://www.seequent.com/products-solutions/mining,Mining Geoscience Software Solutions | For Mining Industries - Seequent,"In over 100 countries, mining industry professionals are using Seequent technologies to tackle challenges in the geosciences.",[' Intelligent geoscience for mining: Go deeper '],2025-01-10T13:47:07.683909,Seequent,0.487,0.2263,0.35665,2,2,Balanced,geophysics for exploration
"Geophysics is essential in mining, providing detailed subsurface insights that guide drilling decisions for mineral discovery. Our industry-standard tools enable geoscientists to accurately interpret large datasets, which helps reduce exploration risks, optimise resource management, and ensure cost-effective and sustainable project outcomes.",p,https://www.seequent.com/products-solutions/mining,Mining Geoscience Software Solutions | For Mining Industries - Seequent,"In over 100 countries, mining industry professionals are using Seequent technologies to tackle challenges in the geosciences.",[' Intelligent geoscience for mining: Go deeper '],2025-01-10T13:47:07.683911,Seequent,0.16399999999999998,0.7845,0.47424999999999995,4,4,Balanced,geophysics is essential in mining providing detailed subsurface insights that guide drilling decisions for mineral discovery our industrystandard tools enable geoscientists to accurately interpret large datasets which helps reduce exploration risks optimise resource management and ensure costeffective and sustainable project outcomes
Oasis montaj,h3,https://www.seequent.com/products-solutions/mining,Mining Geoscience Software Solutions | For Mining Industries - Seequent,"In over 100 countries, mining industry professionals are using Seequent technologies to tackle challenges in the geosciences.",[' Intelligent geoscience for mining: Go deeper '],2025-01-10T13:47:07.683912,Seequent,0.0,0.0,0.0,0,0,Other,oasis montaj
"Easily process, invert, and visualise EM, ERT, and IP data using a purpose-built application",p,https://www.seequent.com/products-solutions/mining,Mining Geoscience Software Solutions | For Mining Industries - Seequent,"In over 100 countries, mining industry professionals are using Seequent technologies to tackle challenges in the geosciences.",[' Intelligent geoscience for mining: Go deeper '],2025-01-10T13:47:07.683917,Seequent,0.167,0.34,0.2535,0,0,Other,easily process invert and visualise em ert and ip data using a purposebuilt application
AGS Workbench,h3,https://www.seequent.com/products-solutions/mining,Mining Geoscience Software Solutions | For Mining Industries - Seequent,"In over 100 countries, mining industry professionals are using Seequent technologies to tackle challenges in the geosciences.",[' Intelligent geoscience for mining: Go deeper '],2025-01-10T13:47:07.683920,Seequent,0.0,0.0,0.0,0,0,Other,ags workbench
"Easily process, invert, and visualise EM, ERT, and IP data using a purpose-built application",p,https://www.seequent.com/products-solutions/mining,Mining Geoscience Software Solutions | For Mining Industries - Seequent,"In over 100 countries, mining industry professionals are using Seequent technologies to tackle challenges in the geosciences.",[' Intelligent geoscience for mining: Go deeper '],2025-01-10T13:47:07.683921,Seequent,0.167,0.34,0.2535,0,0,Other,easily process invert and visualise em ert and ip data using a purposebuilt application
AGS Res2D/3DInv,h3,https://www.seequent.com/products-solutions/mining,Mining Geoscience Software Solutions | For Mining Industries - Seequent,"In over 100 countries, mining industry professionals are using Seequent technologies to tackle challenges in the geosciences.",[' Intelligent geoscience for mining: Go deeper '],2025-01-10T13:47:07.683923,Seequent,0.0,0.0,0.0,0,0,Other,ags resddinv
Rapidly and easily process and invert your resistivity and induced polarisation data,p,https://www.seequent.com/products-solutions/mining,Mining Geoscience Software Solutions | For Mining Industries - Seequent,"In over 100 countries, mining industry professionals are using Seequent technologies to tackle challenges in the geosciences.",[' Intelligent geoscience for mining: Go deeper '],2025-01-10T13:47:07.683924,Seequent,0.179,0.34,0.2595,0,0,Other,rapidly and easily process and invert your resistivity and induced polarisation data
Drillhole data management,h3,https://www.seequent.com/products-solutions/mining,Mining Geoscience Software Solutions | For Mining Industries - Seequent,"In over 100 countries, mining industry professionals are using Seequent technologies to tackle challenges in the geosciences.",[' Intelligent geoscience for mining: Go deeper '],2025-01-10T13:47:07.683925,Seequent,0.0,0.0,0.0,0,0,Other,drillhole data management
"Data management sits at the core of informed decision-making across exploration, production, and remediation in the mining value chain. With our integrated set of data management products, the time spent on data management tasks, including historical data, no longer needs to be a barrier to work.",p,https://www.seequent.com/products-solutions/mining,Mining Geoscience Software Solutions | For Mining Industries - Seequent,"In over 100 countries, mining industry professionals are using Seequent technologies to tackle challenges in the geosciences.",[' Intelligent geoscience for mining: Go deeper '],2025-01-10T13:47:07.683927,Seequent,0.011999999999999997,0.1531,0.08255000000000001,1,2,Value Proposition,data management sits at the core of informed decisionmaking across exploration production and remediation in the mining value chain with our integrated set of data management products the time spent on data management tasks including historical data no longer needs to be a barrier to work
Seequent Central,h3,https://www.seequent.com/products-solutions/mining,Mining Geoscience Software Solutions | For Mining Industries - Seequent,"In over 100 countries, mining industry professionals are using Seequent technologies to tackle challenges in the geosciences.",[' Intelligent geoscience for mining: Go deeper '],2025-01-10T13:47:07.683929,Seequent,0.0,0.0,0.0,0,0,Other,seequent central
"Manage, track, and collaborate on geological data in a single, accessible environment.",p,https://www.seequent.com/products-solutions/mining,Mining Geoscience Software Solutions | For Mining Industries - Seequent,"In over 100 countries, mining industry professionals are using Seequent technologies to tackle challenges in the geosciences.",[' Intelligent geoscience for mining: Go deeper '],2025-01-10T13:47:07.683930,Seequent,0.0,0.0,0.0,0,0,Other,manage track and collaborate on geological data in a single accessible environment
Imago,h3,https://www.seequent.com/products-solutions/mining,Mining Geoscience Software Solutions | For Mining Industries - Seequent,"In over 100 countries, mining industry professionals are using Seequent technologies to tackle challenges in the geosciences.",[' Intelligent geoscience for mining: Go deeper '],2025-01-10T13:47:07.683932,Seequent,0.0,0.0,0.0,0,0,Other,imago
"Access, collaborate, and validate data insights from your high-quality geoscientific images – enabling more discoveries and confident decisions.",p,https://www.seequent.com/products-solutions/mining,Mining Geoscience Software Solutions | For Mining Industries - Seequent,"In over 100 countries, mining industry professionals are using Seequent technologies to tackle challenges in the geosciences.",[' Intelligent geoscience for mining: Go deeper '],2025-01-10T13:47:07.683933,Seequent,0.284,0.7152,0.49959999999999993,0,0,Other,access collaborate and validate data insights from your highquality geoscientific images enabling more discoveries and confident decisions
Leapfrog Geo,h3,https://www.seequent.com/products-solutions/mining,Mining Geoscience Software Solutions | For Mining Industries - Seequent,"In over 100 countries, mining industry professionals are using Seequent technologies to tackle challenges in the geosciences.",[' Intelligent geoscience for mining: Go deeper '],2025-01-10T13:47:07.683935,Seequent,0.0,0.0,0.0,0,0,Other,leapfrog geo
"Integrate, communicate, and interpret geoscience data with rapid 3D modelling.",p,https://www.seequent.com/products-solutions/mining,Mining Geoscience Software Solutions | For Mining Industries - Seequent,"In over 100 countries, mining industry professionals are using Seequent technologies to tackle challenges in the geosciences.",[' Intelligent geoscience for mining: Go deeper '],2025-01-10T13:47:07.683938,Seequent,0.0,0.0,0.0,0,1,Value Proposition,integrate communicate and interpret geoscience data with rapid d modelling
MX Deposit,h3,https://www.seequent.com/products-solutions/mining,Mining Geoscience Software Solutions | For Mining Industries - Seequent,"In over 100 countries, mining industry professionals are using Seequent technologies to tackle challenges in the geosciences.",[' Intelligent geoscience for mining: Go deeper '],2025-01-10T13:47:07.683940,Seequent,0.0,0.0,0.0,0,0,Other,mx deposit
"Collect, manage, share, and access your drillhole and sample data in the Cloud.",p,https://www.seequent.com/products-solutions/mining,Mining Geoscience Software Solutions | For Mining Industries - Seequent,"In over 100 countries, mining industry professionals are using Seequent technologies to tackle challenges in the geosciences.",[' Intelligent geoscience for mining: Go deeper '],2025-01-10T13:47:07.683941,Seequent,0.155,0.296,0.22549999999999998,1,1,Balanced,collect manage share and access your drillhole and sample data in the cloud
Interested in our data management solutions?,h3,https://www.seequent.com/products-solutions/mining,Mining Geoscience Software Solutions | For Mining Industries - Seequent,"In over 100 countries, mining industry professionals are using Seequent technologies to tackle challenges in the geosciences.",[' Intelligent geoscience for mining: Go deeper '],2025-01-10T13:47:07.683943,Seequent,0.524,0.5267,0.52535,0,0,Other,interested in our data management solutions
Geological Modelling,h3,https://www.seequent.com/products-solutions/mining,Mining Geoscience Software Solutions | For Mining Industries - Seequent,"In over 100 countries, mining industry professionals are using Seequent technologies to tackle challenges in the geosciences.",[' Intelligent geoscience for mining: Go deeper '],2025-01-10T13:47:07.683946,Seequent,0.0,0.0,0.0,0,0,Other,geological modelling
"Rapidly integrate, communicate, and interpret geoscience data with industry-leading 3D subsurface modelling, and make better decisions across the mine life cycle.",p,https://www.seequent.com/products-solutions/mining,Mining Geoscience Software Solutions | For Mining Industries - Seequent,"In over 100 countries, mining industry professionals are using Seequent technologies to tackle challenges in the geosciences.",[' Intelligent geoscience for mining: Go deeper '],2025-01-10T13:47:07.683948,Seequent,0.132,0.4404,0.2862,1,1,Balanced,rapidly integrate communicate and interpret geoscience data with industryleading d subsurface modelling and make better decisions across the mine life cycle
Seequent Central,h3,https://www.seequent.com/products-solutions/mining,Mining Geoscience Software Solutions | For Mining Industries - Seequent,"In over 100 countries, mining industry professionals are using Seequent technologies to tackle challenges in the geosciences.",[' Intelligent geoscience for mining: Go deeper '],2025-01-10T13:47:07.683950,Seequent,0.0,0.0,0.0,0,0,Other,seequent central
"Manage, track, and collaborate on geological data in a single, accessible environment.",p,https://www.seequent.com/products-solutions/mining,Mining Geoscience Software Solutions | For Mining Industries - Seequent,"In over 100 countries, mining industry professionals are using Seequent technologies to tackle challenges in the geosciences.",[' Intelligent geoscience for mining: Go deeper '],2025-01-10T13:47:07.683952,Seequent,0.0,0.0,0.0,0,0,Other,manage track and collaborate on geological data in a single accessible environment
Leapfrog Edge,h3,https://www.seequent.com/products-solutions/mining,Mining Geoscience Software Solutions | For Mining Industries - Seequent,"In over 100 countries, mining industry professionals are using Seequent technologies to tackle challenges in the geosciences.",[' Intelligent geoscience for mining: Go deeper '],2025-01-10T13:47:07.683953,Seequent,0.0,0.0,0.0,0,0,Other,leapfrog edge
Fully integrate resource estimation into your 3D geoscience models.,p,https://www.seequent.com/products-solutions/mining,Mining Geoscience Software Solutions | For Mining Industries - Seequent,"In over 100 countries, mining industry professionals are using Seequent technologies to tackle challenges in the geosciences.",[' Intelligent geoscience for mining: Go deeper '],2025-01-10T13:47:07.683955,Seequent,0.0,0.0,0.0,0,0,Other,fully integrate resource estimation into your d geoscience models
Oasis montaj,h3,https://www.seequent.com/products-solutions/mining,Mining Geoscience Software Solutions | For Mining Industries - Seequent,"In over 100 countries, mining industry professionals are using Seequent technologies to tackle challenges in the geosciences.",[' Intelligent geoscience for mining: Go deeper '],2025-01-10T13:47:07.683956,Seequent,0.0,0.0,0.0,0,0,Other,oasis montaj
"Visualise, analyse, and integrate all your geoscience data in interactive 2D and 3D models.",p,https://www.seequent.com/products-solutions/mining,Mining Geoscience Software Solutions | For Mining Industries - Seequent,"In over 100 countries, mining industry professionals are using Seequent technologies to tackle challenges in the geosciences.",[' Intelligent geoscience for mining: Go deeper '],2025-01-10T13:47:07.683958,Seequent,0.0,0.0,0.0,0,0,Other,visualise analyse and integrate all your geoscience data in interactive d and d models
Leapfrog Geo,h3,https://www.seequent.com/products-solutions/mining,Mining Geoscience Software Solutions | For Mining Industries - Seequent,"In over 100 countries, mining industry professionals are using Seequent technologies to tackle challenges in the geosciences.",[' Intelligent geoscience for mining: Go deeper '],2025-01-10T13:47:07.683959,Seequent,0.0,0.0,0.0,0,0,Other,leapfrog geo
"Integrate, communicate, and interpret geoscience data with rapid 3D modelling.",p,https://www.seequent.com/products-solutions/mining,Mining Geoscience Software Solutions | For Mining Industries - Seequent,"In over 100 countries, mining industry professionals are using Seequent technologies to tackle challenges in the geosciences.",[' Intelligent geoscience for mining: Go deeper '],2025-01-10T13:47:07.683961,Seequent,0.0,0.0,0.0,0,1,Value Proposition,integrate communicate and interpret geoscience data with rapid d modelling
Mineral resource estimation,h3,https://www.seequent.com/products-solutions/mining,Mining Geoscience Software Solutions | For Mining Industries - Seequent,"In over 100 countries, mining industry professionals are using Seequent technologies to tackle challenges in the geosciences.",[' Intelligent geoscience for mining: Go deeper '],2025-01-10T13:47:07.683963,Seequent,0.0,0.0,0.0,0,0,Other,mineral resource estimation
"An intuitive and robust digital workflow combining data, geology and geostatistics, to prospect smarter, model faster and carry out complex resource estimations with confidence.",p,https://www.seequent.com/products-solutions/mining,Mining Geoscience Software Solutions | For Mining Industries - Seequent,"In over 100 countries, mining industry professionals are using Seequent technologies to tackle challenges in the geosciences.",[' Intelligent geoscience for mining: Go deeper '],2025-01-10T13:47:07.683967,Seequent,0.353,0.872,0.6125,1,2,Value Proposition,an intuitive and robust digital workflow combining data geology and geostatistics to prospect smarter model faster and carry out complex resource estimations with confidence
Seequent Central,h3,https://www.seequent.com/products-solutions/mining,Mining Geoscience Software Solutions | For Mining Industries - Seequent,"In over 100 countries, mining industry professionals are using Seequent technologies to tackle challenges in the geosciences.",[' Intelligent geoscience for mining: Go deeper '],2025-01-10T13:47:07.683968,Seequent,0.0,0.0,0.0,0,0,Other,seequent central
"Manage, track, and collaborate on geological data in a single, accessible environment.",p,https://www.seequent.com/products-solutions/mining,Mining Geoscience Software Solutions | For Mining Industries - Seequent,"In over 100 countries, mining industry professionals are using Seequent technologies to tackle challenges in the geosciences.",[' Intelligent geoscience for mining: Go deeper '],2025-01-10T13:47:07.683970,Seequent,0.0,0.0,0.0,0,0,Other,manage track and collaborate on geological data in a single accessible environment
Leapfrog Geo,h3,https://www.seequent.com/products-solutions/mining,Mining Geoscience Software Solutions | For Mining Industries - Seequent,"In over 100 countries, mining industry professionals are using Seequent technologies to tackle challenges in the geosciences.",[' Intelligent geoscience for mining: Go deeper '],2025-01-10T13:47:07.683971,Seequent,0.0,0.0,0.0,0,0,Other,leapfrog geo
"Integrate, communicate, and interpret geoscience data with rapid 3D modelling.",p,https://www.seequent.com/products-solutions/mining,Mining Geoscience Software Solutions | For Mining Industries - Seequent,"In over 100 countries, mining industry professionals are using Seequent technologies to tackle challenges in the geosciences.",[' Intelligent geoscience for mining: Go deeper '],2025-01-10T13:47:07.683974,Seequent,0.0,0.0,0.0,0,1,Value Proposition,integrate communicate and interpret geoscience data with rapid d modelling
MX Deposit,h3,https://www.seequent.com/products-solutions/mining,Mining Geoscience Software Solutions | For Mining Industries - Seequent,"In over 100 countries, mining industry professionals are using Seequent technologies to tackle challenges in the geosciences.",[' Intelligent geoscience for mining: Go deeper '],2025-01-10T13:47:07.683976,Seequent,0.0,0.0,0.0,0,0,Other,mx deposit
"Collect, manage, share, and access your drillhole and sample data in the Cloud.",p,https://www.seequent.com/products-solutions/mining,Mining Geoscience Software Solutions | For Mining Industries - Seequent,"In over 100 countries, mining industry professionals are using Seequent technologies to tackle challenges in the geosciences.",[' Intelligent geoscience for mining: Go deeper '],2025-01-10T13:47:07.683977,Seequent,0.155,0.296,0.22549999999999998,1,1,Balanced,collect manage share and access your drillhole and sample data in the cloud
Leapfrog Edge,h3,https://www.seequent.com/products-solutions/mining,Mining Geoscience Software Solutions | For Mining Industries - Seequent,"In over 100 countries, mining industry professionals are using Seequent technologies to tackle challenges in the geosciences.",[' Intelligent geoscience for mining: Go deeper '],2025-01-10T13:47:07.683979,Seequent,0.0,0.0,0.0,0,0,Other,leapfrog edge
Fully integrate resource estimation into your 3D geoscience models.,p,https://www.seequent.com/products-solutions/mining,Mining Geoscience Software Solutions | For Mining Industries - Seequent,"In over 100 countries, mining industry professionals are using Seequent technologies to tackle challenges in the geosciences.",[' Intelligent geoscience for mining: Go deeper '],2025-01-10T13:47:07.683980,Seequent,0.0,0.0,0.0,0,0,Other,fully integrate resource estimation into your d geoscience models
Grade control,h3,https://www.seequent.com/products-solutions/mining,Mining Geoscience Software Solutions | For Mining Industries - Seequent,"In over 100 countries, mining industry professionals are using Seequent technologies to tackle challenges in the geosciences.",[' Intelligent geoscience for mining: Go deeper '],2025-01-10T13:47:07.683982,Seequent,0.0,0.0,0.0,0,0,Other,grade control
"Unlock the value of subsurface data to help make better decisions in classifying ore and waste; save time, reduce costs and waste and increase profitability.",p,https://www.seequent.com/products-solutions/mining,Mining Geoscience Software Solutions | For Mining Industries - Seequent,"In over 100 countries, mining industry professionals are using Seequent technologies to tackle challenges in the geosciences.",[' Intelligent geoscience for mining: Go deeper '],2025-01-10T13:47:07.683985,Seequent,0.261,0.8402,0.5506,1,1,Balanced,unlock the value of subsurface data to help make better decisions in classifying ore and waste save time reduce costs and waste and increase profitability
Seequent Central,h3,https://www.seequent.com/products-solutions/mining,Mining Geoscience Software Solutions | For Mining Industries - Seequent,"In over 100 countries, mining industry professionals are using Seequent technologies to tackle challenges in the geosciences.",[' Intelligent geoscience for mining: Go deeper '],2025-01-10T13:47:07.683987,Seequent,0.0,0.0,0.0,0,0,Other,seequent central
"Manage, track, and collaborate on geological data in a single, accessible environment.",p,https://www.seequent.com/products-solutions/mining,Mining Geoscience Software Solutions | For Mining Industries - Seequent,"In over 100 countries, mining industry professionals are using Seequent technologies to tackle challenges in the geosciences.",[' Intelligent geoscience for mining: Go deeper '],2025-01-10T13:47:07.683988,Seequent,0.0,0.0,0.0,0,0,Other,manage track and collaborate on geological data in a single accessible environment
Leapfrog Geo,h3,https://www.seequent.com/products-solutions/mining,Mining Geoscience Software Solutions | For Mining Industries - Seequent,"In over 100 countries, mining industry professionals are using Seequent technologies to tackle challenges in the geosciences.",[' Intelligent geoscience for mining: Go deeper '],2025-01-10T13:47:07.683989,Seequent,0.0,0.0,0.0,0,0,Other,leapfrog geo
"Integrate, communicate, and interpret geoscience data with rapid 3D modelling.",p,https://www.seequent.com/products-solutions/mining,Mining Geoscience Software Solutions | For Mining Industries - Seequent,"In over 100 countries, mining industry professionals are using Seequent technologies to tackle challenges in the geosciences.",[' Intelligent geoscience for mining: Go deeper '],2025-01-10T13:47:07.683992,Seequent,0.0,0.0,0.0,0,1,Value Proposition,integrate communicate and interpret geoscience data with rapid d modelling
Leapfrog Edge,h3,https://www.seequent.com/products-solutions/mining,Mining Geoscience Software Solutions | For Mining Industries - Seequent,"In over 100 countries, mining industry professionals are using Seequent technologies to tackle challenges in the geosciences.",[' Intelligent geoscience for mining: Go deeper '],2025-01-10T13:47:07.683993,Seequent,0.0,0.0,0.0,0,0,Other,leapfrog edge
Fully integrate resource estimation into your 3D geoscience models.,p,https://www.seequent.com/products-solutions/mining,Mining Geoscience Software Solutions | For Mining Industries - Seequent,"In over 100 countries, mining industry professionals are using Seequent technologies to tackle challenges in the geosciences.",[' Intelligent geoscience for mining: Go deeper '],2025-01-10T13:47:07.683995,Seequent,0.0,0.0,0.0,0,0,Other,fully integrate resource estimation into your d geoscience models
Interested in our Grade Control solution?,h3,https://www.seequent.com/products-solutions/mining,Mining Geoscience Software Solutions | For Mining Industries - Seequent,"In over 100 countries, mining industry professionals are using Seequent technologies to tackle challenges in the geosciences.",[' Intelligent geoscience for mining: Go deeper '],2025-01-10T13:47:07.683996,Seequent,0.556,0.6124,0.5842,0,0,Other,interested in our grade control solution
Tailings storage facilities,h3,https://www.seequent.com/products-solutions/mining,Mining Geoscience Software Solutions | For Mining Industries - Seequent,"In over 100 countries, mining industry professionals are using Seequent technologies to tackle challenges in the geosciences.",[' Intelligent geoscience for mining: Go deeper '],2025-01-10T13:47:07.683998,Seequent,0.0,0.0,0.0,0,0,Other,tailings storage facilities
"A uniquely powerful workflow that enables a dynamic digital twin of the subsurface, to better manage and predict TSF performance",p,https://www.seequent.com/products-solutions/mining,Mining Geoscience Software Solutions | For Mining Industries - Seequent,"In over 100 countries, mining industry professionals are using Seequent technologies to tackle challenges in the geosciences.",[' Intelligent geoscience for mining: Go deeper '],2025-01-10T13:47:07.683999,Seequent,0.356,0.8074,0.5817,1,2,Value Proposition,a uniquely powerful workflow that enables a dynamic digital twin of the subsurface to better manage and predict tsf performance
Seequent Central,h3,https://www.seequent.com/products-solutions/mining,Mining Geoscience Software Solutions | For Mining Industries - Seequent,"In over 100 countries, mining industry professionals are using Seequent technologies to tackle challenges in the geosciences.",[' Intelligent geoscience for mining: Go deeper '],2025-01-10T13:47:07.684002,Seequent,0.0,0.0,0.0,0,0,Other,seequent central
"Manage, track, and collaborate on geological data in a single, accessible environment.",p,https://www.seequent.com/products-solutions/mining,Mining Geoscience Software Solutions | For Mining Industries - Seequent,"In over 100 countries, mining industry professionals are using Seequent technologies to tackle challenges in the geosciences.",[' Intelligent geoscience for mining: Go deeper '],2025-01-10T13:47:07.684003,Seequent,0.0,0.0,0.0,0,0,Other,manage track and collaborate on geological data in a single accessible environment
Leapfrog Geo,h3,https://www.seequent.com/products-solutions/mining,Mining Geoscience Software Solutions | For Mining Industries - Seequent,"In over 100 countries, mining industry professionals are using Seequent technologies to tackle challenges in the geosciences.",[' Intelligent geoscience for mining: Go deeper '],2025-01-10T13:47:07.684005,Seequent,0.0,0.0,0.0,0,0,Other,leapfrog geo
"Integrate, communicate, and interpret geoscience data with rapid 3D modelling.",p,https://www.seequent.com/products-solutions/mining,Mining Geoscience Software Solutions | For Mining Industries - Seequent,"In over 100 countries, mining industry professionals are using Seequent technologies to tackle challenges in the geosciences.",[' Intelligent geoscience for mining: Go deeper '],2025-01-10T13:47:07.684008,Seequent,0.0,0.0,0.0,0,1,Value Proposition,integrate communicate and interpret geoscience data with rapid d modelling
GeoStudio,h3,https://www.seequent.com/products-solutions/mining,Mining Geoscience Software Solutions | For Mining Industries - Seequent,"In over 100 countries, mining industry professionals are using Seequent technologies to tackle challenges in the geosciences.",[' Intelligent geoscience for mining: Go deeper '],2025-01-10T13:47:07.684009,Seequent,0.0,0.0,0.0,0,0,Other,geostudio
"Analyse slope stability, groundwater flow, and heat and mass transfer in soil and rock with an integrated geotechnical analysis software suite.",p,https://www.seequent.com/products-solutions/mining,Mining Geoscience Software Solutions | For Mining Industries - Seequent,"In over 100 countries, mining industry professionals are using Seequent technologies to tackle challenges in the geosciences.",[' Intelligent geoscience for mining: Go deeper '],2025-01-10T13:47:07.684010,Seequent,0.0,0.0,0.0,0,1,Value Proposition,analyse slope stability groundwater flow and heat and mass transfer in soil and rock with an integrated geotechnical analysis software suite
OpenGround,h3,https://www.seequent.com/products-solutions/mining,Mining Geoscience Software Solutions | For Mining Industries - Seequent,"In over 100 countries, mining industry professionals are using Seequent technologies to tackle challenges in the geosciences.",[' Intelligent geoscience for mining: Go deeper '],2025-01-10T13:47:07.684012,Seequent,0.0,0.0,0.0,0,0,Other,openground
Streamline site investigation with data capture that goes right from the field to the cloud.,p,https://www.seequent.com/products-solutions/mining,Mining Geoscience Software Solutions | For Mining Industries - Seequent,"In over 100 countries, mining industry professionals are using Seequent technologies to tackle challenges in the geosciences.",[' Intelligent geoscience for mining: Go deeper '],2025-01-10T13:47:07.684013,Seequent,0.0,0.0,0.0,1,1,Balanced,streamline site investigation with data capture that goes right from the field to the cloud
Oasis montaj,h3,https://www.seequent.com/products-solutions/mining,Mining Geoscience Software Solutions | For Mining Industries - Seequent,"In over 100 countries, mining industry professionals are using Seequent technologies to tackle challenges in the geosciences.",[' Intelligent geoscience for mining: Go deeper '],2025-01-10T13:47:07.684015,Seequent,0.0,0.0,0.0,0,0,Other,oasis montaj
"Visualise, analyse, and integrate all your geoscience data in interactive 2D and 3D models.",p,https://www.seequent.com/products-solutions/mining,Mining Geoscience Software Solutions | For Mining Industries - Seequent,"In over 100 countries, mining industry professionals are using Seequent technologies to tackle challenges in the geosciences.",[' Intelligent geoscience for mining: Go deeper '],2025-01-10T13:47:07.684017,Seequent,0.0,0.0,0.0,0,0,Other,visualise analyse and integrate all your geoscience data in interactive d and d models
Interested in our Tailings solutions?,h3,https://www.seequent.com/products-solutions/mining,Mining Geoscience Software Solutions | For Mining Industries - Seequent,"In over 100 countries, mining industry professionals are using Seequent technologies to tackle challenges in the geosciences.",[' Intelligent geoscience for mining: Go deeper '],2025-01-10T13:47:07.684018,Seequent,0.595,0.5267,0.56085,0,0,Other,interested in our tailings solutions
Industrial minerals,h3,https://www.seequent.com/products-solutions/mining,Mining Geoscience Software Solutions | For Mining Industries - Seequent,"In over 100 countries, mining industry professionals are using Seequent technologies to tackle challenges in the geosciences.",[' Intelligent geoscience for mining: Go deeper '],2025-01-10T13:47:07.684020,Seequent,0.0,0.0,0.0,0,0,Other,industrial minerals
"Harness the power of a digital workflow to better define the chemical and physical characteristics of your deposit, and plan proactively with profitability and waste reduction in mind.",p,https://www.seequent.com/products-solutions/mining,Mining Geoscience Software Solutions | For Mining Industries - Seequent,"In over 100 countries, mining industry professionals are using Seequent technologies to tackle challenges in the geosciences.",[' Intelligent geoscience for mining: Go deeper '],2025-01-10T13:47:07.684022,Seequent,0.069,0.296,0.1825,0,0,Other,harness the power of a digital workflow to better define the chemical and physical characteristics of your deposit and plan proactively with profitability and waste reduction in mind
Seequent Central,h3,https://www.seequent.com/products-solutions/mining,Mining Geoscience Software Solutions | For Mining Industries - Seequent,"In over 100 countries, mining industry professionals are using Seequent technologies to tackle challenges in the geosciences.",[' Intelligent geoscience for mining: Go deeper '],2025-01-10T13:47:07.684024,Seequent,0.0,0.0,0.0,0,0,Other,seequent central
"Manage, track, and collaborate on geological data in a single, accessible environment.",p,https://www.seequent.com/products-solutions/mining,Mining Geoscience Software Solutions | For Mining Industries - Seequent,"In over 100 countries, mining industry professionals are using Seequent technologies to tackle challenges in the geosciences.",[' Intelligent geoscience for mining: Go deeper '],2025-01-10T13:47:07.684025,Seequent,0.0,0.0,0.0,0,0,Other,manage track and collaborate on geological data in a single accessible environment
MX Deposit,h3,https://www.seequent.com/products-solutions/mining,Mining Geoscience Software Solutions | For Mining Industries - Seequent,"In over 100 countries, mining industry professionals are using Seequent technologies to tackle challenges in the geosciences.",[' Intelligent geoscience for mining: Go deeper '],2025-01-10T13:47:07.684027,Seequent,0.0,0.0,0.0,0,0,Other,mx deposit
"Collect, manage, share, and access your drillhole and sample data in the Cloud.",p,https://www.seequent.com/products-solutions/mining,Mining Geoscience Software Solutions | For Mining Industries - Seequent,"In over 100 countries, mining industry professionals are using Seequent technologies to tackle challenges in the geosciences.",[' Intelligent geoscience for mining: Go deeper '],2025-01-10T13:47:07.684028,Seequent,0.155,0.296,0.22549999999999998,1,1,Balanced,collect manage share and access your drillhole and sample data in the cloud
Leapfrog Geo,h3,https://www.seequent.com/products-solutions/mining,Mining Geoscience Software Solutions | For Mining Industries - Seequent,"In over 100 countries, mining industry professionals are using Seequent technologies to tackle challenges in the geosciences.",[' Intelligent geoscience for mining: Go deeper '],2025-01-10T13:47:07.684029,Seequent,0.0,0.0,0.0,0,0,Other,leapfrog geo
"Integrate, communicate, and interpret geoscience data with rapid 3D modelling.",p,https://www.seequent.com/products-solutions/mining,Mining Geoscience Software Solutions | For Mining Industries - Seequent,"In over 100 countries, mining industry professionals are using Seequent technologies to tackle challenges in the geosciences.",[' Intelligent geoscience for mining: Go deeper '],2025-01-10T13:47:07.684032,Seequent,0.0,0.0,0.0,0,1,Value Proposition,integrate communicate and interpret geoscience data with rapid d modelling
Leapfrog Edge,h3,https://www.seequent.com/products-solutions/mining,Mining Geoscience Software Solutions | For Mining Industries - Seequent,"In over 100 countries, mining industry professionals are using Seequent technologies to tackle challenges in the geosciences.",[' Intelligent geoscience for mining: Go deeper '],2025-01-10T13:47:07.684033,Seequent,0.0,0.0,0.0,0,0,Other,leapfrog edge
Fully integrate resource estimation into your 3D geoscience models.,p,https://www.seequent.com/products-solutions/mining,Mining Geoscience Software Solutions | For Mining Industries - Seequent,"In over 100 countries, mining industry professionals are using Seequent technologies to tackle challenges in the geosciences.",[' Intelligent geoscience for mining: Go deeper '],2025-01-10T13:47:07.684036,Seequent,0.0,0.0,0.0,0,0,Other,fully integrate resource estimation into your d geoscience models
Interested in our Industrial Mineral solutions?,h3,https://www.seequent.com/products-solutions/mining,Mining Geoscience Software Solutions | For Mining Industries - Seequent,"In over 100 countries, mining industry professionals are using Seequent technologies to tackle challenges in the geosciences.",[' Intelligent geoscience for mining: Go deeper '],2025-01-10T13:47:07.684037,Seequent,0.524,0.5267,0.52535,0,0,Other,interested in our industrial mineral solutions
"A big win for us simply comes down to housekeeping. We collaborate more, we’re more organised and way more efficient. And most importantly it’s ensuring that we meet standards and uphold our responsibilities and social license to operate in this unique and beautiful part of the world,",p,https://www.seequent.com/products-solutions/mining,Mining Geoscience Software Solutions | For Mining Industries - Seequent,"In over 100 countries, mining industry professionals are using Seequent technologies to tackle challenges in the geosciences.",[' Intelligent geoscience for mining: Go deeper '],2025-01-10T13:47:07.684039,Seequent,0.278,0.9408,0.6093999999999999,0,1,Value Proposition,a big win for us simply comes down to housekeeping we collaborate more were more organised and way more efficient and most importantly its ensuring that we meet standards and uphold our responsibilities and social license to operate in this unique and beautiful part of the world
"A positive impact of going digital which Seequent's solutions, is more responsive management and governance, to ensure better resilience and ultimately minimise environmental risks or impact to our local communities",p,https://www.seequent.com/products-solutions/mining,Mining Geoscience Software Solutions | For Mining Industries - Seequent,"In over 100 countries, mining industry professionals are using Seequent technologies to tackle challenges in the geosciences.",[' Intelligent geoscience for mining: Go deeper '],2025-01-10T13:47:07.684041,Seequent,0.297,0.8883,0.59265,0,0,Other,a positive impact of going digital which seequents solutions is more responsive management and governance to ensure better resilience and ultimately minimise environmental risks or impact to our local communities
"We are proud of our long history of exploration success and resource development, and we’re focused on delivering exceptional results to shareholders. By introducing Seequent Central we are improving our modelling techniques and helping us achieve that success.",p,https://www.seequent.com/products-solutions/mining,Mining Geoscience Software Solutions | For Mining Industries - Seequent,"In over 100 countries, mining industry professionals are using Seequent technologies to tackle challenges in the geosciences.",[' Intelligent geoscience for mining: Go deeper '],2025-01-10T13:47:07.684044,Seequent,0.392,0.9584,0.6752,1,1,Balanced,we are proud of our long history of exploration success and resource development and were focused on delivering exceptional results to shareholders by introducing seequent central we are improving our modelling techniques and helping us achieve that success
"A better understanding of the subsurface allows us to be more confident in our decision-making, to use resources more wisely and reduce our footprint",p,https://www.seequent.com/products-solutions/mining,Mining Geoscience Software Solutions | For Mining Industries - Seequent,"In over 100 countries, mining industry professionals are using Seequent technologies to tackle challenges in the geosciences.",[' Intelligent geoscience for mining: Go deeper '],2025-01-10T13:47:07.684046,Seequent,0.322,0.8586,0.5903,1,1,Balanced,a better understanding of the subsurface allows us to be more confident in our decisionmaking to use resources more wisely and reduce our footprint
Delivering success in mining projects,h3,https://www.seequent.com/products-solutions/mining,Mining Geoscience Software Solutions | For Mining Industries - Seequent,"In over 100 countries, mining industry professionals are using Seequent technologies to tackle challenges in the geosciences.",[' Intelligent geoscience for mining: Go deeper '],2025-01-10T13:47:07.684048,Seequent,0.481,0.5719,0.52645,0,0,Other,delivering success in mining projects
Discover how organisations are forging the future of mining with Seequent solutions.,p,https://www.seequent.com/products-solutions/mining,Mining Geoscience Software Solutions | For Mining Industries - Seequent,"In over 100 countries, mining industry professionals are using Seequent technologies to tackle challenges in the geosciences.",[' Intelligent geoscience for mining: Go deeper '],2025-01-10T13:47:07.684050,Seequent,0.134,0.1779,0.15595,0,0,Other,discover how organisations are forging the future of mining with seequent solutions
Share a common understanding,h2,https://www.seequent.com/products-solutions/mining,Mining Geoscience Software Solutions | For Mining Industries - Seequent,"In over 100 countries, mining industry professionals are using Seequent technologies to tackle challenges in the geosciences.",[' Intelligent geoscience for mining: Go deeper '],2025-01-10T13:47:07.684052,Seequent,0.524,0.296,0.41000000000000003,0,0,Other,share a common understanding
See how Erdenet Corporation is going through a digital revolution.,p,https://www.seequent.com/products-solutions/mining,Mining Geoscience Software Solutions | For Mining Industries - Seequent,"In over 100 countries, mining industry professionals are using Seequent technologies to tackle challenges in the geosciences.",[' Intelligent geoscience for mining: Go deeper '],2025-01-10T13:47:07.684053,Seequent,0.0,0.0,0.0,0,0,Other,see how erdenet corporation is going through a digital revolution
The Evolution of data in mining: a decade of transformation,h3,https://www.seequent.com/products-solutions/mining,Mining Geoscience Software Solutions | For Mining Industries - Seequent,"In over 100 countries, mining industry professionals are using Seequent technologies to tackle challenges in the geosciences.",[' Intelligent geoscience for mining: Go deeper '],2025-01-10T13:47:07.684055,Seequent,0.0,0.0,0.0,0,0,Other,the evolution of data in mining a decade of transformation
How geo-data workflow experts are transforming nickel mining in Indonesia,h3,https://www.seequent.com/products-solutions/mining,Mining Geoscience Software Solutions | For Mining Industries - Seequent,"In over 100 countries, mining industry professionals are using Seequent technologies to tackle challenges in the geosciences.",[' Intelligent geoscience for mining: Go deeper '],2025-01-10T13:47:07.684056,Seequent,0.0,0.0,0.0,0,0,Other,how geodata workflow experts are transforming nickel mining in indonesia
"© 2024 Seequent, The Bentley Subsurface Company. All rights reserved",p,https://www.seequent.com/products-solutions/mining,Mining Geoscience Software Solutions | For Mining Industries - Seequent,"In over 100 countries, mining industry professionals are using Seequent technologies to tackle challenges in the geosciences.",[' Intelligent geoscience for mining: Go deeper '],2025-01-10T13:47:07.684058,Seequent,0.0,0.0,0.0,1,1,Balanced,seequent the bentley subsurface company all rights reserved
Artificial intelligence to understand the underground,h1,https://www.seequent.com/artificial-intelligence-to-understand-the-underground,Geospatial AI: Artifical intelligence to understand the underground,"Discover how artificial intelligence is transforming the way geoscientists understand the underground. Learn about data-centric platforms, machine learning applications, and the future of geospatial AI in solving global challenges.",['Artificial intelligence to understand the underground\xa0'],2025-01-10T13:47:07.919806,Seequent,0.383,0.4767,0.42985,0,0,Other,artificial intelligence to understand the underground
"Artificial Intelligence (AI) is here, and we are all experiencing its impact, fast – from maps and navigation to facial recognition, text editors, human-indistinguishable generated videos and photos, social media algorithms and more.",p,https://www.seequent.com/artificial-intelligence-to-understand-the-underground,Geospatial AI: Artifical intelligence to understand the underground,"Discover how artificial intelligence is transforming the way geoscientists understand the underground. Learn about data-centric platforms, machine learning applications, and the future of geospatial AI in solving global challenges.",['Artificial intelligence to understand the underground\xa0'],2025-01-10T13:47:07.919821,Seequent,0.091,0.4767,0.28385,1,2,Value Proposition,artificial intelligence ai is here and we are all experiencing its impact fast from maps and navigation to facial recognition text editors humanindistinguishable generated videos and photos social media algorithms and more
"It’s taking over organisations on a global scale, too, with research from IBM finding more than 40 per cent of enterprise-scale businesses have actively deployed AI within their operations. And despite concerns around some aspects of the technology, such as the potential to drive misinformation online, the opportunities ahead are almost beyond current comprehension. McKinsey’s report on The economic potential of generative AI estimates half of today’s work activities could be automated by 2060, roughly a decade earlier than in previous estimates.",p,https://www.seequent.com/artificial-intelligence-to-understand-the-underground,Geospatial AI: Artifical intelligence to understand the underground,"Discover how artificial intelligence is transforming the way geoscientists understand the underground. Learn about data-centric platforms, machine learning applications, and the future of geospatial AI in solving global challenges.",['Artificial intelligence to understand the underground\xa0'],2025-01-10T13:47:07.919824,Seequent,0.032,0.3818,0.20689999999999997,1,2,Value Proposition,its taking over organisations on a global scale too with research from ibm finding more than per cent of enterprisescale businesses have actively deployed ai within their operations and despite concerns around some aspects of the technology such as the potential to drive misinformation online the opportunities ahead are almost beyond current comprehension mckinseys report on the economic potential of generative ai estimates half of todays work activities could be automated by roughly a decade earlier than in previous estimates
"At Seequent, we see a huge opportunity in the value and innovation that can be driven by AI. If used properly, AI can be a major contributor in solving the big problems facing the planet right now – like building more resilient infrastructure, efficient sourcing of critical minerals and so on. However, it comes with its own set of difficulties.",p,https://www.seequent.com/artificial-intelligence-to-understand-the-underground,Geospatial AI: Artifical intelligence to understand the underground,"Discover how artificial intelligence is transforming the way geoscientists understand the underground. Learn about data-centric platforms, machine learning applications, and the future of geospatial AI in solving global challenges.",['Artificial intelligence to understand the underground\xa0'],2025-01-10T13:47:07.919826,Seequent,0.15,0.8709,0.51045,2,3,Value Proposition,at seequent we see a huge opportunity in the value and innovation that can be driven by ai if used properly ai can be a major contributor in solving the big problems facing the planet right now like building more resilient infrastructure efficient sourcing of critical minerals and so on however it comes with its own set of difficulties
Exploring uncharted depths,p,https://www.seequent.com/artificial-intelligence-to-understand-the-underground,Geospatial AI: Artifical intelligence to understand the underground,"Discover how artificial intelligence is transforming the way geoscientists understand the underground. Learn about data-centric platforms, machine learning applications, and the future of geospatial AI in solving global challenges.",['Artificial intelligence to understand the underground\xa0'],2025-01-10T13:47:07.919827,Seequent,0.0,0.0,0.0,0,0,Other,exploring uncharted depths
"Witnessing this first-hand, Dr Alexandre Boucher, Vice President of Seequent Labs and one of the world’s leading geo-statisticians, identifies the vast quantities and unorganised proliferation of data as one of the biggest hurdles to deploying AI for the subsurface. “If we look towards any of the AI success stories – Chat GPT or Microsoft Copilot – they have the capability to structure and then train large language machine learning models using vast amounts of data. But in the subsurface we are dealing with unknowns because the data often isn’t there or it is unstructured; we rely on techniques like mapping and drilling to find it. And even when we do have data, it is often siloed – in project files, or on an individual’s hard drive, held in different file formats and organised in a wide array of different data standards – meaning it cannot easily be combined.”",p,https://www.seequent.com/artificial-intelligence-to-understand-the-underground,Geospatial AI: Artifical intelligence to understand the underground,"Discover how artificial intelligence is transforming the way geoscientists understand the underground. Learn about data-centric platforms, machine learning applications, and the future of geospatial AI in solving global challenges.",['Artificial intelligence to understand the underground\xa0'],2025-01-10T13:47:07.919833,Seequent,0.009999999999999998,0.3498,0.1799,3,4,Value Proposition,witnessing this firsthand dr alexandre boucher vice president of seequent labs and one of the worlds leading geostatisticians identifies the vast quantities and unorganised proliferation of data as one of the biggest hurdles to deploying ai for the subsurface if we look towards any of the ai success stories chat gpt or microsoft copilot they have the capability to structure and then train large language machine learning models using vast amounts of data but in the subsurface we are dealing with unknowns because the data often isnt there or it is unstructured we rely on techniques like mapping and drilling to find it and even when we do have data it is often siloed in project files or on an individuals hard drive held in different file formats and organised in a wide array of different data standards meaning it cannot easily be combined
Machine learning in Earth’s shadows,p,https://www.seequent.com/artificial-intelligence-to-understand-the-underground,Geospatial AI: Artifical intelligence to understand the underground,"Discover how artificial intelligence is transforming the way geoscientists understand the underground. Learn about data-centric platforms, machine learning applications, and the future of geospatial AI in solving global challenges.",['Artificial intelligence to understand the underground\xa0'],2025-01-10T13:47:07.919835,Seequent,0.0,0.0,0.0,0,0,Other,machine learning in earths shadows
"The world is consuming resources at a faster rate than ever before, demanding geoscientists to find new ways to understand the underground; and do it better, smarter, and with less impact. There is no doubt AI will speed up data analysis, improve workflows and reduce manual errors for the geoprofessionals we work with. It will free up these operationally-critical teams to focus on more meaningful pursuits and deliver business efficiencies and better outcomes.",p,https://www.seequent.com/artificial-intelligence-to-understand-the-underground,Geospatial AI: Artifical intelligence to understand the underground,"Discover how artificial intelligence is transforming the way geoscientists understand the underground. Learn about data-centric platforms, machine learning applications, and the future of geospatial AI in solving global challenges.",['Artificial intelligence to understand the underground\xa0'],2025-01-10T13:47:07.919837,Seequent,0.124,0.9041,0.51405,1,1,Balanced,the world is consuming resources at a faster rate than ever before demanding geoscientists to find new ways to understand the underground and do it better smarter and with less impact there is no doubt ai will speed up data analysis improve workflows and reduce manual errors for the geoprofessionals we work with it will free up these operationallycritical teams to focus on more meaningful pursuits and deliver business efficiencies and better outcomes
"Several years ago, we identified that to help our customers use AI effectively within processes and workflows, we needed to dismantle the barriers limiting interoperability and liberating the data. This starts with a platform that seamlessly integrates data of any type or format, unlocking AI’s full potential for subsurface applications.",p,https://www.seequent.com/artificial-intelligence-to-understand-the-underground,Geospatial AI: Artifical intelligence to understand the underground,"Discover how artificial intelligence is transforming the way geoscientists understand the underground. Learn about data-centric platforms, machine learning applications, and the future of geospatial AI in solving global challenges.",['Artificial intelligence to understand the underground\xa0'],2025-01-10T13:47:07.919838,Seequent,0.106,0.6808,0.39339999999999997,3,3,Balanced,several years ago we identified that to help our customers use ai effectively within processes and workflows we needed to dismantle the barriers limiting interoperability and liberating the data this starts with a platform that seamlessly integrates data of any type or format unlocking ais full potential for subsurface applications
It all starts with the data: our data-centric ecosystem,p,https://www.seequent.com/artificial-intelligence-to-understand-the-underground,Geospatial AI: Artifical intelligence to understand the underground,"Discover how artificial intelligence is transforming the way geoscientists understand the underground. Learn about data-centric platforms, machine learning applications, and the future of geospatial AI in solving global challenges.",['Artificial intelligence to understand the underground\xa0'],2025-01-10T13:47:07.919840,Seequent,0.0,0.0,0.0,0,0,Other,it all starts with the data our datacentric ecosystem
"That’s why we’re building a unified and open data platform: The platform  will be open and our customers can easily integrate solutions and data sources, whether from Seequent or any other provider. It is designed to meet the rigorous data security and privacy requirements of the world’s largest organisations.",p,https://www.seequent.com/artificial-intelligence-to-understand-the-underground,Geospatial AI: Artifical intelligence to understand the underground,"Discover how artificial intelligence is transforming the way geoscientists understand the underground. Learn about data-centric platforms, machine learning applications, and the future of geospatial AI in solving global challenges.",['Artificial intelligence to understand the underground\xa0'],2025-01-10T13:47:07.919841,Seequent,0.129,0.7184,0.4237,1,1,Balanced,thats why were building a unified and open data platform the platform will be open and our customers can easily integrate solutions and data sources whether from seequent or any other provider it is designed to meet the rigorous data security and privacy requirements of the worlds largest organisations
"”Seequent is investing in the future of our planet by building this unique platform that will allow companies to build the deepest understanding of the underground that has ever been seen, by removing barriers to understanding. It is the connected future of technology for the subsurface. We can see it disrupting and transforming industries, at scale, in the years to come says Dr Boucher.",p,https://www.seequent.com/artificial-intelligence-to-understand-the-underground,Geospatial AI: Artifical intelligence to understand the underground,"Discover how artificial intelligence is transforming the way geoscientists understand the underground. Learn about data-centric platforms, machine learning applications, and the future of geospatial AI in solving global challenges.",['Artificial intelligence to understand the underground\xa0'],2025-01-10T13:47:07.919844,Seequent,0.029,0.2263,0.12765,2,2,Balanced,seequent is investing in the future of our planet by building this unique platform that will allow companies to build the deepest understanding of the underground that has ever been seen by removing barriers to understanding it is the connected future of technology for the subsurface we can see it disrupting and transforming industries at scale in the years to come says dr boucher
"A leading player in the mining industry, and one of Seequent’s customers, has been a part of the early access program for the new data platform and sees it as a way to expedite their operations and enhance efficiencies, commenting: “We believe in the vision Seequent has, which is why we got involved in the early access program. If there is potential to make better use of our data, and save time in the process, that’s something we should all get on board with.”",p,https://www.seequent.com/artificial-intelligence-to-understand-the-underground,Geospatial AI: Artifical intelligence to understand the underground,"Discover how artificial intelligence is transforming the way geoscientists understand the underground. Learn about data-centric platforms, machine learning applications, and the future of geospatial AI in solving global challenges.",['Artificial intelligence to understand the underground\xa0'],2025-01-10T13:47:07.919846,Seequent,0.122,0.8658,0.4939,1,2,Value Proposition,a leading player in the mining industry and one of seequents customers has been a part of the early access program for the new data platform and sees it as a way to expedite their operations and enhance efficiencies commenting we believe in the vision seequent has which is why we got involved in the early access program if there is potential to make better use of our data and save time in the process thats something we should all get on board with
Enhancing product capabilities,p,https://www.seequent.com/artificial-intelligence-to-understand-the-underground,Geospatial AI: Artifical intelligence to understand the underground,"Discover how artificial intelligence is transforming the way geoscientists understand the underground. Learn about data-centric platforms, machine learning applications, and the future of geospatial AI in solving global challenges.",['Artificial intelligence to understand the underground\xa0'],2025-01-10T13:47:07.919850,Seequent,0.0,0.0,0.0,0,0,Other,enhancing product capabilities
"Work is also underway to bring in-product AI and Machine Learning (ML) capabilities to our customers’ workflows to automate repetitive tasks and reduce time spent on manual processing, while also speeding up analysis. This will enable geoprofessionals to address higher-value work and improve project outcomes.",p,https://www.seequent.com/artificial-intelligence-to-understand-the-underground,Geospatial AI: Artifical intelligence to understand the underground,"Discover how artificial intelligence is transforming the way geoscientists understand the underground. Learn about data-centric platforms, machine learning applications, and the future of geospatial AI in solving global challenges.",['Artificial intelligence to understand the underground\xa0'],2025-01-10T13:47:07.919852,Seequent,0.018999999999999996,0.2263,0.12265,2,2,Balanced,work is also underway to bring inproduct ai and machine learning ml capabilities to our customers workflows to automate repetitive tasks and reduce time spent on manual processing while also speeding up analysis this will enable geoprofessionals to address highervalue work and improve project outcomes
"ML techniques use AI to enable a computer to learn and develop without explicit instruction. ML has great potential to speed up geoscience tasks, for example the lengthy interpretation of large amounts of field data.",p,https://www.seequent.com/artificial-intelligence-to-understand-the-underground,Geospatial AI: Artifical intelligence to understand the underground,"Discover how artificial intelligence is transforming the way geoscientists understand the underground. Learn about data-centric platforms, machine learning applications, and the future of geospatial AI in solving global challenges.",['Artificial intelligence to understand the underground\xa0'],2025-01-10T13:47:07.919853,Seequent,0.111,0.6249,0.36795,1,1,Balanced,ml techniques use ai to enable a computer to learn and develop without explicit instruction ml has great potential to speed up geoscience tasks for example the lengthy interpretation of large amounts of field data
A high-resolution image of subsurface core samples in Seequent’s Imago. New machine learning capability is speeding up the process of logging core image data.,p,https://www.seequent.com/artificial-intelligence-to-understand-the-underground,Geospatial AI: Artifical intelligence to understand the underground,"Discover how artificial intelligence is transforming the way geoscientists understand the underground. Learn about data-centric platforms, machine learning applications, and the future of geospatial AI in solving global challenges.",['Artificial intelligence to understand the underground\xa0'],2025-01-10T13:47:07.919856,Seequent,0.0,0.0,0.0,1,1,Balanced,a highresolution image of subsurface core samples in seequents imago new machine learning capability is speeding up the process of logging core image data
"Imago AutoCrop – a nifty new tool in our image processing solution Imago – uses machine learning technology to automatically crop and linearise imagery of samples of subsurface materials, called cores. These core samples drilled from the ground are essential for pinpointing the location of mineral deposits for new and existing mines. As these samples degrade over time, capturing information when they have been freshly drilled is vital. Imago was developed to streamline the laborious task of core logging, which, according to a satisfied AutoCrop customer, has now transformed from hours to minutes.",p,https://www.seequent.com/artificial-intelligence-to-understand-the-underground,Geospatial AI: Artifical intelligence to understand the underground,"Discover how artificial intelligence is transforming the way geoscientists understand the underground. Learn about data-centric platforms, machine learning applications, and the future of geospatial AI in solving global challenges.",['Artificial intelligence to understand the underground\xa0'],2025-01-10T13:47:07.919858,Seequent,0.073,0.7269,0.39994999999999997,3,3,Balanced,imago autocrop a nifty new tool in our image processing solution imago uses machine learning technology to automatically crop and linearise imagery of samples of subsurface materials called cores these core samples drilled from the ground are essential for pinpointing the location of mineral deposits for new and existing mines as these samples degrade over time capturing information when they have been freshly drilled is vital imago was developed to streamline the laborious task of core logging which according to a satisfied autocrop customer has now transformed from hours to minutes
"We’re further enhancing this efficiency with new machine learning-assisted logging features and also running early access programs on cutting-edge data science techniques and the detection of geological trends, integrating AI and ML capabilities across our product portfolio.",p,https://www.seequent.com/artificial-intelligence-to-understand-the-underground,Geospatial AI: Artifical intelligence to understand the underground,"Discover how artificial intelligence is transforming the way geoscientists understand the underground. Learn about data-centric platforms, machine learning applications, and the future of geospatial AI in solving global challenges.",['Artificial intelligence to understand the underground\xa0'],2025-01-10T13:47:07.919859,Seequent,0.074,0.4357,0.25484999999999997,1,2,Value Proposition,were further enhancing this efficiency with new machine learningassisted logging features and also running early access programs on cuttingedge data science techniques and the detection of geological trends integrating ai and ml capabilities across our product portfolio
Customer-led innovation,p,https://www.seequent.com/artificial-intelligence-to-understand-the-underground,Geospatial AI: Artifical intelligence to understand the underground,"Discover how artificial intelligence is transforming the way geoscientists understand the underground. Learn about data-centric platforms, machine learning applications, and the future of geospatial AI in solving global challenges.",['Artificial intelligence to understand the underground\xa0'],2025-01-10T13:47:07.919860,Seequent,0.722,0.3818,0.5519,0,0,Other,customerled innovation
And it’s not just what we’re doing. Our journey is fuelled by our customers’ creativity with our software. The geoscience team at Australian mining and exploration company IGO are building a virtual reality platform to find exploration targets using Seequent’s 3D modelling solution Leapfrog Geo.,p,https://www.seequent.com/artificial-intelligence-to-understand-the-underground,Geospatial AI: Artifical intelligence to understand the underground,"Discover how artificial intelligence is transforming the way geoscientists understand the underground. Learn about data-centric platforms, machine learning applications, and the future of geospatial AI in solving global challenges.",['Artificial intelligence to understand the underground\xa0'],2025-01-10T13:47:07.919863,Seequent,0.182,0.7717,0.47685,2,2,Balanced,and its not just what were doing our journey is fuelled by our customers creativity with our software the geoscience team at australian mining and exploration company igo are building a virtual reality platform to find exploration targets using seequents d modelling solution leapfrog geo
"© 2024 Seequent, The Bentley Subsurface Company. All rights reserved",p,https://www.seequent.com/artificial-intelligence-to-understand-the-underground,Geospatial AI: Artifical intelligence to understand the underground,"Discover how artificial intelligence is transforming the way geoscientists understand the underground. Learn about data-centric platforms, machine learning applications, and the future of geospatial AI in solving global challenges.",['Artificial intelligence to understand the underground\xa0'],2025-01-10T13:47:07.919864,Seequent,0.0,0.0,0.0,1,1,Balanced,seequent the bentley subsurface company all rights reserved
"Artificial Intelligence has great potential, but it’s only human…",h1,https://www.seequent.com/artificial-intelligence-has-great-potential-but-its-only-human,"Artificial Intelligence has great potential, but it’s only human… - News & Updates",,"['Artificial Intelligence has great potential, but it’s only human…']",2025-01-10T13:47:08.162612,Seequent,0.397,0.5574,0.4772,0,0,Other,artificial intelligence has great potential but its only human
Is the growth of AI in geoscience industries being held back by unrealistic expectations of “the magic” it can perform? Are we missing out on a valuable technology because we’re feeding it the wrong data diet?,h3,https://www.seequent.com/artificial-intelligence-has-great-potential-but-its-only-human,"Artificial Intelligence has great potential, but it’s only human… - News & Updates",,"['Artificial Intelligence has great potential, but it’s only human…']",2025-01-10T13:47:08.162629,Seequent,0.010000000000000009,0.1027,0.056350000000000004,1,1,Balanced,is the growth of ai in geoscience industries being held back by unrealistic expectations of the magic it can perform are we missing out on a valuable technology because were feeding it the wrong data diet
Our Seequent Evo webinar on The application of AI and ML in Geoscience explores a range of current Artificial Intelligence and Machine Learning questions.,p,https://www.seequent.com/artificial-intelligence-has-great-potential-but-its-only-human,"Artificial Intelligence has great potential, but it’s only human… - News & Updates",,"['Artificial Intelligence has great potential, but it’s only human…']",2025-01-10T13:47:08.162631,Seequent,0.124,0.4767,0.30035,1,1,Balanced,our seequent evo webinar on the application of ai and ml in geoscience explores a range of current artificial intelligence and machine learning questions
Six panellists touch on subjects as broad as the simplest definition – “an enabler of things” – through to the power of human versus computer judgement in the geoscience field. But one tenet they all return to is AI’s dependency on good quality data to do its job.,p,https://www.seequent.com/artificial-intelligence-has-great-potential-but-its-only-human,"Artificial Intelligence has great potential, but it’s only human… - News & Updates",,"['Artificial Intelligence has great potential, but it’s only human…']",2025-01-10T13:47:08.162633,Seequent,0.079,0.5927,0.33585,0,0,Other,six panellists touch on subjects as broad as the simplest definition an enabler of things through to the power of human versus computer judgement in the geoscience field but one tenet they all return to is ais dependency on good quality data to do its job
"The combination of AI and ML holds huge potential for any sector that has geoscience at its heart, and the technologies have advanced dramatically across the last decade. For example, this year Google declared it had trained its open-source Switch Transformer AI model to scale up to a record 1.6 trillion parameters, whereas nine years earlier, a ‘mere’ 60 million had been considered a remarkable achievement.",p,https://www.seequent.com/artificial-intelligence-has-great-potential-but-its-only-human,"Artificial Intelligence has great potential, but it’s only human… - News & Updates",,"['Artificial Intelligence has great potential, but it’s only human…']",2025-01-10T13:47:08.162635,Seequent,0.12,0.7845,0.45225,1,2,Value Proposition,the combination of ai and ml holds huge potential for any sector that has geoscience at its heart and the technologies have advanced dramatically across the last decade for example this year google declared it had trained its opensource switch transformer ai model to scale up to a record trillion parameters whereas nine years earlier a mere million had been considered a remarkable achievement
"AI has already proved its mettle in solving scientific questions beyond the ability of humans, and doing so at remarkable speed. So it’s not surprising that with the appropriate tools, approach, and data to work on, AI and ML promise to increase productivity, reduce waste, enhance the accuracy and speed of exploration, and lift the drudge of dull, repetitive tasks from geoscientists so they can focus on what they do best and add value to the business.",p,https://www.seequent.com/artificial-intelligence-has-great-potential-but-its-only-human,"Artificial Intelligence has great potential, but it’s only human… - News & Updates",,"['Artificial Intelligence has great potential, but it’s only human…']",2025-01-10T13:47:08.162636,Seequent,0.125,0.9022,0.5136000000000001,2,4,Value Proposition,ai has already proved its mettle in solving scientific questions beyond the ability of humans and doing so at remarkable speed so its not surprising that with the appropriate tools approach and data to work on ai and ml promise to increase productivity reduce waste enhance the accuracy and speed of exploration and lift the drudge of dull repetitive tasks from geoscientists so they can focus on what they do best and add value to the business
"But to date both Al and ML have received only cautious welcomes from geoscience-based industries, and penetration in areas where they could make real contributions remains limited. Why?",p,https://www.seequent.com/artificial-intelligence-has-great-potential-but-its-only-human,"Artificial Intelligence has great potential, but it’s only human… - News & Updates",,"['Artificial Intelligence has great potential, but it’s only human…']",2025-01-10T13:47:08.162637,Seequent,-0.012999999999999998,0.1531,0.07005,0,0,Other,but to date both al and ml have received only cautious welcomes from geosciencebased industries and penetration in areas where they could make real contributions remains limited why
Cool tools still need grounded targets,h3,https://www.seequent.com/artificial-intelligence-has-great-potential-but-its-only-human,"Artificial Intelligence has great potential, but it’s only human… - News & Updates",,"['Artificial Intelligence has great potential, but it’s only human…']",2025-01-10T13:47:08.162639,Seequent,0.315,0.3182,0.3166,0,0,Other,cool tools still need grounded targets
"“There is a sense of hyper excitement around these technologies”, says Sebastian Goodfellow, Assistant Professor, Civil and Mineral Engineering, University of Toronto. “People want to use cool tools, but at their heart Al and Machine Learning are just mathematics, they’re not magic!” And like any other mathematical tool, they need reliable, consistent, quality data to function effectively.",p,https://www.seequent.com/artificial-intelligence-has-great-potential-but-its-only-human,"Artificial Intelligence has great potential, but it’s only human… - News & Updates",,"['Artificial Intelligence has great potential, but it’s only human…']",2025-01-10T13:47:08.162641,Seequent,0.09700000000000002,0.623,0.36,0,1,Value Proposition,there is a sense of hyper excitement around these technologies says sebastian goodfellow assistant professor civil and mineral engineering university of toronto people want to use cool tools but at their heart al and machine learning are just mathematics theyre not magic and like any other mathematical tool they need reliable consistent quality data to function effectively
Interpretation vs contradiction,h3,https://www.seequent.com/artificial-intelligence-has-great-potential-but-its-only-human,"Artificial Intelligence has great potential, but it’s only human… - News & Updates",,"['Artificial Intelligence has great potential, but it’s only human…']",2025-01-10T13:47:08.162642,Seequent,-0.5,-0.25,-0.375,0,0,Other,interpretation vs contradiction
"For better or worse, much geoscience data is wrapped up in interpretation, and this poses an issue for AI. Even at the basic level of, say, labelling rock types for drill core data, the results can vary from geo to geo, situation to situation, with data gatherers having to synthesise all the inputs while striving to maintain consistent judgements.",p,https://www.seequent.com/artificial-intelligence-has-great-potential-but-its-only-human,"Artificial Intelligence has great potential, but it’s only human… - News & Updates",,"['Artificial Intelligence has great potential, but it’s only human…']",2025-01-10T13:47:08.162643,Seequent,-0.0030000000000000027,-0.0516,-0.0273,2,2,Balanced,for better or worse much geoscience data is wrapped up in interpretation and this poses an issue for ai even at the basic level of say labelling rock types for drill core data the results can vary from geo to geo situation to situation with data gatherers having to synthesise all the inputs while striving to maintain consistent judgements
"“Human beings are very capable of balancing contradictions in our heads,” says Sam Cantor, Section head, Economic Geology at Minerva.",p,https://www.seequent.com/artificial-intelligence-has-great-potential-but-its-only-human,"Artificial Intelligence has great potential, but it’s only human… - News & Updates",,"['Artificial Intelligence has great potential, but it’s only human…']",2025-01-10T13:47:08.162646,Seequent,0.025999999999999995,0.1513,0.08864999999999999,1,1,Balanced,human beings are very capable of balancing contradictions in our heads says sam cantor section head economic geology at minerva
"“We can log a region and call it a certain rock type, then go away, do something else, come back later and find that our present self now disagrees with our past self. We can handle that contradiction. Unfortunately machines cannot…”",p,https://www.seequent.com/artificial-intelligence-has-great-potential-but-its-only-human,"Artificial Intelligence has great potential, but it’s only human… - News & Updates",,"['Artificial Intelligence has great potential, but it’s only human…']",2025-01-10T13:47:08.162647,Seequent,-0.105,-0.5574,-0.3312,0,0,Other,we can log a region and call it a certain rock type then go away do something else come back later and find that our present self now disagrees with our past self we can handle that contradiction unfortunately machines cannot
Sometimes more data is not the answer,h3,https://www.seequent.com/artificial-intelligence-has-great-potential-but-its-only-human,"Artificial Intelligence has great potential, but it’s only human… - News & Updates",,"['Artificial Intelligence has great potential, but it’s only human…']",2025-01-10T13:47:08.162649,Seequent,0.0,0.0,0.0,0,0,Other,sometimes more data is not the answer
"Working with good quality, unbiased data from the outset is an imperative for successful AI and ML applications, agreed all panellists on our webinar. “There is also a common wisdom in Machine Learning that the more data the better”, adds Sebastian Goodfellow. “But often what we actually see flies in the face of that.",p,https://www.seequent.com/artificial-intelligence-has-great-potential-but-its-only-human,"Artificial Intelligence has great potential, but it’s only human… - News & Updates",,"['Artificial Intelligence has great potential, but it’s only human…']",2025-01-10T13:47:08.162650,Seequent,0.157,0.7982,0.4776,1,1,Balanced,working with good quality unbiased data from the outset is an imperative for successful ai and ml applications agreed all panellists on our webinar there is also a common wisdom in machine learning that the more data the better adds sebastian goodfellow but often what we actually see flies in the face of that
"“A smaller, well-labelled data set is, from my experience in this domain, much more useful than a big data set of noisy labels.”",p,https://www.seequent.com/artificial-intelligence-has-great-potential-but-its-only-human,"Artificial Intelligence has great potential, but it’s only human… - News & Updates",,"['Artificial Intelligence has great potential, but it’s only human…']",2025-01-10T13:47:08.162651,Seequent,0.06300000000000001,0.3597,0.21135,0,0,Other,a smaller welllabelled data set is from my experience in this domain much more useful than a big data set of noisy labels
Where can it work best?,h3,https://www.seequent.com/artificial-intelligence-has-great-potential-but-its-only-human,"Artificial Intelligence has great potential, but it’s only human… - News & Updates",,"['Artificial Intelligence has great potential, but it’s only human…']",2025-01-10T13:47:08.162653,Seequent,0.512,0.6369,0.57445,0,0,Other,where can it work best
So where did our panellists believe geoscience-based industries could find the most successful and profitable inroads to AI and ML usage?,p,https://www.seequent.com/artificial-intelligence-has-great-potential-but-its-only-human,"Artificial Intelligence has great potential, but it’s only human… - News & Updates",,"['Artificial Intelligence has great potential, but it’s only human…']",2025-01-10T13:47:08.162654,Seequent,0.276,0.8051,0.5405500000000001,1,1,Balanced,so where did our panellists believe geosciencebased industries could find the most successful and profitable inroads to ai and ml usage
"Natalie Caciagli, Practice Lead Geochemistry at BHP, “Look for areas where you are currently collecting robust data, and by that I mean things like numerical geochemical data, something that’s not dependant on human judgement or observation. It’s data we already know is unbiased – a lot easier than working with visual logging comments for example – and is therefore the easiest to deal with.”",p,https://www.seequent.com/artificial-intelligence-has-great-potential-but-its-only-human,"Artificial Intelligence has great potential, but it’s only human… - News & Updates",,"['Artificial Intelligence has great potential, but it’s only human…']",2025-01-10T13:47:08.162656,Seequent,0.14100000000000001,0.8555,0.49825,0,1,Value Proposition,natalie caciagli practice lead geochemistry at bhp look for areas where you are currently collecting robust data and by that i mean things like numerical geochemical data something thats not dependant on human judgement or observation its data we already know is unbiased a lot easier than working with visual logging comments for example and is therefore the easiest to deal with
"Lucy Potter, Geology and Mineral Resources Professional, “As an industry we tend to place a lot of value or ‘glamour’ on the people processing the data, when it’s the people collecting the data and doing it with consistency and the right controls who are important for AI and Machine Learning. If the data is collected properly from the outset, it gives you a real headstart.”",p,https://www.seequent.com/artificial-intelligence-has-great-potential-but-its-only-human,"Artificial Intelligence has great potential, but it’s only human… - News & Updates",,"['Artificial Intelligence has great potential, but it’s only human…']",2025-01-10T13:47:08.162657,Seequent,0.112,0.765,0.4385,3,3,Balanced,lucy potter geology and mineral resources professional as an industry we tend to place a lot of value or glamour on the people processing the data when its the people collecting the data and doing it with consistency and the right controls who are important for ai and machine learning if the data is collected properly from the outset it gives you a real headstart
"Sam Cantor, Section head, Economic Geology, Minerva, “For exploration projects with small teams, where it may just be one geologist, I think the more narrow AI tasks that automate a repetitive, time consuming job can be really valuable. Tasks that don’t need an expert geologist’s attention are great places to apply AI solutions, and are really implementable at these scales.”",p,https://www.seequent.com/artificial-intelligence-has-great-potential-but-its-only-human,"Artificial Intelligence has great potential, but it’s only human… - News & Updates",,"['Artificial Intelligence has great potential, but it’s only human…']",2025-01-10T13:47:08.162659,Seequent,0.138,0.8439,0.49095,3,3,Balanced,sam cantor section head economic geology minerva for exploration projects with small teams where it may just be one geologist i think the more narrow ai tasks that automate a repetitive time consuming job can be really valuable tasks that dont need an expert geologists attention are great places to apply ai solutions and are really implementable at these scales
"Mike Martos, Chief Geological Data Scientist, Newmont, “As humans, we can only think probably in three, four, or five different dimensions. Computers can help us look at hundreds of different layers or columns, and try to make sense of it, or find patterns… Machine Learning is useful for reducing the dimensionality of all that data and feeding it into a more interpretable pipeline. But ultimately, to Sam’s point, that judgement decision is left to the humans.”",p,https://www.seequent.com/artificial-intelligence-has-great-potential-but-its-only-human,"Artificial Intelligence has great potential, but it’s only human… - News & Updates",,"['Artificial Intelligence has great potential, but it’s only human…']",2025-01-10T13:47:08.162660,Seequent,0.049,0.4215,0.23525,0,0,Other,mike martos chief geological data scientist newmont as humans we can only think probably in three four or five different dimensions computers can help us look at hundreds of different layers or columns and try to make sense of it or find patterns machine learning is useful for reducing the dimensionality of all that data and feeding it into a more interpretable pipeline but ultimately to sams point that judgement decision is left to the humans
"Mikael Arthursson, CTO at Minalyze, “Remember that it doesn’t always have to be too complex. You don’t necessarily have to throw a full blown, deep-learning algorithm at every problem out there. Sometimes a simple decision tree or a set of very clear rules might get you there fast, efficiently and simply – and still fall under the definition of AI even if it’s not deep learning.”",p,https://www.seequent.com/artificial-intelligence-has-great-potential-but-its-only-human,"Artificial Intelligence has great potential, but it’s only human… - News & Updates",,"['Artificial Intelligence has great potential, but it’s only human…']",2025-01-10T13:47:08.162662,Seequent,0.043000000000000003,0.4391,0.24105,2,3,Value Proposition,mikael arthursson cto at minalyze remember that it doesnt always have to be too complex you dont necessarily have to throw a full blown deeplearning algorithm at every problem out there sometimes a simple decision tree or a set of very clear rules might get you there fast efficiently and simply and still fall under the definition of ai even if its not deep learning
"To watch our full webinar, follow the link below",h2,https://www.seequent.com/artificial-intelligence-has-great-potential-but-its-only-human,"Artificial Intelligence has great potential, but it’s only human… - News & Updates",,"['Artificial Intelligence has great potential, but it’s only human…']",2025-01-10T13:47:08.162663,Seequent,0.0,0.0,0.0,0,0,Other,to watch our full webinar follow the link below
Panelists,h3,https://www.seequent.com/artificial-intelligence-has-great-potential-but-its-only-human,"Artificial Intelligence has great potential, but it’s only human… - News & Updates",,"['Artificial Intelligence has great potential, but it’s only human…']",2025-01-10T13:47:08.162664,Seequent,0.0,0.0,0.0,0,0,Other,panelists
"© 2024 Seequent, The Bentley Subsurface Company. All rights reserved",p,https://www.seequent.com/artificial-intelligence-has-great-potential-but-its-only-human,"Artificial Intelligence has great potential, but it’s only human… - News & Updates",,"['Artificial Intelligence has great potential, but it’s only human…']",2025-01-10T13:47:08.162667,Seequent,0.0,0.0,0.0,1,1,Balanced,seequent the bentley subsurface company all rights reserved
