text,element_type,url,title,meta_description,h1_tags,scrape_date,competitor,sentiment,vader_sentiment,average_sentiment,technical_keywords,value_keywords,intent,cleaned_text
DISCOVERING MOREWITH AI-ENHANCED EXPLORATION,h1,https://sensore.com/,SensOre | Discovering More,,"['DISCOVERING MOREWITH AI-ENHANCED EXPLORATION', 'Disruption', 'Opportunity', 'Sustainability']",2025-01-10T13:46:56.690529,SensOre,0.388,0.2263,0.30715000000000003,1,1,Balanced,discovering morewith aienhanced exploration
"SensOre combines proprietary technology, big data and technical excellence to advance exploration success.",h3,https://sensore.com/,SensOre | Discovering More,,"['DISCOVERING MOREWITH AI-ENHANCED EXPLORATION', 'Disruption', 'Opportunity', 'Sustainability']",2025-01-10T13:46:56.690553,SensOre,0.492,0.8658,0.6789000000000001,1,1,Balanced,sensore combines proprietary technology big data and technical excellence to advance exploration success
Disruption,h1,https://sensore.com/,SensOre | Discovering More,,"['DISCOVERING MOREWITH AI-ENHANCED EXPLORATION', 'Disruption', 'Opportunity', 'Sustainability']",2025-01-10T13:46:56.690555,SensOre,-1.0,-0.3612,-0.6806,0,0,Other,disruption
The minerals sector faces a significant challenge in discovering the mines of tomorrow. Discovery rates are declining at a time when demand for the minerals that will sustain our low-carbon future is high.,p,https://sensore.com/,SensOre | Discovering More,,"['DISCOVERING MOREWITH AI-ENHANCED EXPLORATION', 'Disruption', 'Opportunity', 'Sustainability']",2025-01-10T13:46:56.690557,SensOre,0.049,0.1531,0.10105,0,0,Other,the minerals sector faces a significant challenge in discovering the mines of tomorrow discovery rates are declining at a time when demand for the minerals that will sustain our lowcarbon future is high
Opportunity,h1,https://sensore.com/,SensOre | Discovering More,,"['DISCOVERING MOREWITH AI-ENHANCED EXPLORATION', 'Disruption', 'Opportunity', 'Sustainability']",2025-01-10T13:46:56.690558,SensOre,1.0,0.4215,0.71075,0,0,Other,opportunity
The minerals sector faces a significant challenge in discovering the mines of tomorrow. Discovery rates are declining at a time when demand for the minerals that will sustain our low-carbon future is high.,p,https://sensore.com/,SensOre | Discovering More,,"['DISCOVERING MOREWITH AI-ENHANCED EXPLORATION', 'Disruption', 'Opportunity', 'Sustainability']",2025-01-10T13:46:56.690560,SensOre,0.049,0.1531,0.10105,0,0,Other,the minerals sector faces a significant challenge in discovering the mines of tomorrow discovery rates are declining at a time when demand for the minerals that will sustain our lowcarbon future is high
Sustainability,h1,https://sensore.com/,SensOre | Discovering More,,"['DISCOVERING MOREWITH AI-ENHANCED EXPLORATION', 'Disruption', 'Opportunity', 'Sustainability']",2025-01-10T13:46:56.690563,SensOre,0.0,0.0,0.0,0,0,Other,sustainability
The minerals sector faces a significant challenge in discovering the mines of tomorrow. Discovery rates are declining at a time when demand for the minerals that will sustain our low-carbon future is high.,p,https://sensore.com/,SensOre | Discovering More,,"['DISCOVERING MOREWITH AI-ENHANCED EXPLORATION', 'Disruption', 'Opportunity', 'Sustainability']",2025-01-10T13:46:56.690565,SensOre,0.049,0.1531,0.10105,0,0,Other,the minerals sector faces a significant challenge in discovering the mines of tomorrow discovery rates are declining at a time when demand for the minerals that will sustain our lowcarbon future is high
Disruption,h2,https://sensore.com/,SensOre | Discovering More,,"['DISCOVERING MOREWITH AI-ENHANCED EXPLORATION', 'Disruption', 'Opportunity', 'Sustainability']",2025-01-10T13:46:56.690567,SensOre,-1.0,-0.3612,-0.6806,0,0,Other,disruption
The minerals sector faces a significant challenge in discovering the mines of tomorrow. Discovery rates are declining at a time when demand for the minerals that will sustain our low-carbon future is high.,p,https://sensore.com/,SensOre | Discovering More,,"['DISCOVERING MOREWITH AI-ENHANCED EXPLORATION', 'Disruption', 'Opportunity', 'Sustainability']",2025-01-10T13:46:56.690568,SensOre,0.049,0.1531,0.10105,0,0,Other,the minerals sector faces a significant challenge in discovering the mines of tomorrow discovery rates are declining at a time when demand for the minerals that will sustain our lowcarbon future is high
Opportunity,h2,https://sensore.com/,SensOre | Discovering More,,"['DISCOVERING MOREWITH AI-ENHANCED EXPLORATION', 'Disruption', 'Opportunity', 'Sustainability']",2025-01-10T13:46:56.690570,SensOre,1.0,0.4215,0.71075,0,0,Other,opportunity
"Developed by explorers for explorers, SensOre’s Data Cube and DPT® technology are designed to advance the way companies integrate, interrogate and analyse geoscience data in order to better understand where and how to explore – the ultimate aim being an increase in discovery rates, with flow-on environmental and financial benefits.",p,https://sensore.com/,SensOre | Discovering More,,"['DISCOVERING MOREWITH AI-ENHANCED EXPLORATION', 'Disruption', 'Opportunity', 'Sustainability']",2025-01-10T13:46:56.690573,SensOre,0.145,0.7783,0.46165,0,0,Other,developed by explorers for explorers sensores data cube and dpt technology are designed to advance the way companies integrate interrogate and analyse geoscience data in order to better understand where and how to explore the ultimate aim being an increase in discovery rates with flowon environmental and financial benefits
Sustainability,h2,https://sensore.com/,SensOre | Discovering More,,"['DISCOVERING MOREWITH AI-ENHANCED EXPLORATION', 'Disruption', 'Opportunity', 'Sustainability']",2025-01-10T13:46:56.690575,SensOre,0.0,0.0,0.0,0,0,Other,sustainability
"Through the generation of AI-targets, SensOre aims to enhance the sustainability credentials of the exploration cycle – lowering carbon footprints, reducing the extent and duration of land disturbance and minimising unnecessary community impact.",p,https://sensore.com/,SensOre | Discovering More,,"['DISCOVERING MOREWITH AI-ENHANCED EXPLORATION', 'Disruption', 'Opportunity', 'Sustainability']",2025-01-10T13:46:56.690580,SensOre,-0.07600000000000001,-0.4019,-0.23895,1,1,Balanced,through the generation of aitargets sensore aims to enhance the sustainability credentials of the exploration cycle lowering carbon footprints reducing the extent and duration of land disturbance and minimising unnecessary community impact
PERTH,p,https://sensore.com/,SensOre | Discovering More,,"['DISCOVERING MOREWITH AI-ENHANCED EXPLORATION', 'Disruption', 'Opportunity', 'Sustainability']",2025-01-10T13:46:56.690582,SensOre,0.0,0.0,0.0,0,0,Other,perth
"Unit 6, 7 Tully RoadEast Perth WA 6004+61 8 9325 6249",p,https://sensore.com/,SensOre | Discovering More,,"['DISCOVERING MOREWITH AI-ENHANCED EXPLORATION', 'Disruption', 'Opportunity', 'Sustainability']",2025-01-10T13:46:56.690584,SensOre,0.0,0.0,0.0,0,0,Other,unit tully roadeast perth wa
MELBOURNE,p,https://sensore.com/,SensOre | Discovering More,,"['DISCOVERING MOREWITH AI-ENHANCED EXPLORATION', 'Disruption', 'Opportunity', 'Sustainability']",2025-01-10T13:46:56.690586,SensOre,0.0,0.0,0.0,0,0,Other,melbourne
"Level 21, 459 Collins Street, Melbourne, Vic 3000+61 3 8630 3321info@sensore.com",p,https://sensore.com/,SensOre | Discovering More,,"['DISCOVERING MOREWITH AI-ENHANCED EXPLORATION', 'Disruption', 'Opportunity', 'Sustainability']",2025-01-10T13:46:56.690588,SensOre,0.0,0.0,0.0,0,0,Other,level collins street melbourne vic infosensorecom
Discovering more with AI-enhanced exploration,h3,https://sensore.com/,SensOre | Discovering More,,"['DISCOVERING MOREWITH AI-ENHANCED EXPLORATION', 'Disruption', 'Opportunity', 'Sustainability']",2025-01-10T13:46:56.690590,SensOre,0.351,0.2878,0.3194,1,1,Balanced,discovering more with aienhanced exploration
About,h1,https://sensore.com/about,About | SensOre,,"['About', 'SensOre aims to become the top performing minerals targeting company in the world through an approach to exploration that combines AI technology, big data and vast geoscientific expertise.']",2025-01-10T13:46:57.818085,SensOre,0.0,0.0,0.0,0,0,Other,about
"SensOre aims to become the top performing minerals targeting company in the world through an approach to exploration that combines AI technology, big data and vast geoscientific expertise.",h1,https://sensore.com/about,About | SensOre,,"['About', 'SensOre aims to become the top performing minerals targeting company in the world through an approach to exploration that combines AI technology, big data and vast geoscientific expertise.']",2025-01-10T13:46:57.818094,SensOre,0.125,0.4019,0.26344999999999996,2,2,Balanced,sensore aims to become the top performing minerals targeting company in the world through an approach to exploration that combines ai technology big data and vast geoscientific expertise
Vision,h3,https://sensore.com/about,About | SensOre,,"['About', 'SensOre aims to become the top performing minerals targeting company in the world through an approach to exploration that combines AI technology, big data and vast geoscientific expertise.']",2025-01-10T13:46:57.818097,SensOre,1.0,0.25,0.625,0,0,Other,vision
Optimising discovery with AI-enhanced exploration.,h3,https://sensore.com/about,About | SensOre,,"['About', 'SensOre aims to become the top performing minerals targeting company in the world through an approach to exploration that combines AI technology, big data and vast geoscientific expertise.']",2025-01-10T13:46:57.818099,SensOre,0.605,0.5574,0.5811999999999999,1,1,Balanced,optimising discovery with aienhanced exploration
Mission,h3,https://sensore.com/about,About | SensOre,,"['About', 'SensOre aims to become the top performing minerals targeting company in the world through an approach to exploration that combines AI technology, big data and vast geoscientific expertise.']",2025-01-10T13:46:57.818100,SensOre,0.0,0.0,0.0,0,0,Other,mission
"SensOre aims to become the top performing global minerals targeting company in the world optimising discovery and enhancing exploration performance through deployment of big data, AI / machine learning technologies and geoscience expertise.",h3,https://sensore.com/about,About | SensOre,,"['About', 'SensOre aims to become the top performing minerals targeting company in the world through an approach to exploration that combines AI technology, big data and vast geoscientific expertise.']",2025-01-10T13:46:57.818102,SensOre,0.181,0.6597,0.42035,2,2,Balanced,sensore aims to become the top performing global minerals targeting company in the world optimising discovery and enhancing exploration performance through deployment of big data ai machine learning technologies and geoscience expertise
Values,h3,https://sensore.com/about,About | SensOre,,"['About', 'SensOre aims to become the top performing minerals targeting company in the world through an approach to exploration that combines AI technology, big data and vast geoscientific expertise.']",2025-01-10T13:46:57.818104,SensOre,1.0,0.4019,0.70095,0,0,Other,values
"SensOre is focused on fast-tracking the mines of tomorrow and believes that the combination of highest quality big data, artificial intelligence (AI) / machine learning (ML) and other scientific computing techniques will provide the next generation of exploration discovery in Australia and internationally.",p,https://sensore.com/about,About | SensOre,,"['About', 'SensOre aims to become the top performing minerals targeting company in the world through an approach to exploration that combines AI technology, big data and vast geoscientific expertise.']",2025-01-10T13:46:57.818105,SensOre,0.163,0.765,0.464,2,2,Balanced,sensore is focused on fasttracking the mines of tomorrow and believes that the combination of highest quality big data artificial intelligence ai machine learning ml and other scientific computing techniques will provide the next generation of exploration discovery in australia and internationally
The generation and validation of AI-targets (machine learning enhanced deposit predictions) is at the core of our business with AI-target opportunities leveraged through SensOre’s three business divisions:,p,https://sensore.com/about,About | SensOre,,"['About', 'SensOre aims to become the top performing minerals targeting company in the world through an approach to exploration that combines AI technology, big data and vast geoscientific expertise.']",2025-01-10T13:46:57.818107,SensOre,0.091,0.3818,0.2364,0,0,Other,the generation and validation of aitargets machine learning enhanced deposit predictions is at the core of our business with aitarget opportunities leveraged through sensores three business divisions
"All of SensOre’s activities are focused on the same goal: monetising the knowledge generated from its technology assets by enhancing the pace, reliability, efficiency and success of exploration.",p,https://sensore.com/about,About | SensOre,,"['About', 'SensOre aims to become the top performing minerals targeting company in the world through an approach to exploration that combines AI technology, big data and vast geoscientific expertise.']",2025-01-10T13:46:57.818108,SensOre,0.35,0.886,0.618,1,2,Value Proposition,all of sensores activities are focused on the same goal monetising the knowledge generated from its technology assets by enhancing the pace reliability efficiency and success of exploration
A Revolution in Geoscience Data Fusion.,p,https://sensore.com/about,About | SensOre,,"['About', 'SensOre aims to become the top performing minerals targeting company in the world through an approach to exploration that combines AI technology, big data and vast geoscientific expertise.']",2025-01-10T13:46:57.818110,SensOre,0.0,0.0,0.0,0,0,Other,a revolution in geoscience data fusion
"A multidimensional repository of cleaned and levelled geoscience data which continues to expandas SensOre acquires additional public and proprietary geochemical, geophysical, and geological data. Current Australian SensOre Data Cube contains more than 2,500 data layers and +60 billion discrete data points.",p,https://sensore.com/about,About | SensOre,,"['About', 'SensOre aims to become the top performing minerals targeting company in the world through an approach to exploration that combines AI technology, big data and vast geoscientific expertise.']",2025-01-10T13:46:57.818111,SensOre,0.0,0.0,0.0,0,0,Other,a multidimensional repository of cleaned and levelled geoscience data which continues to expandas sensore acquires additional public and proprietary geochemical geophysical and geological data current australian sensore data cube contains more than data layers and billion discrete data points
AI solutions to revolutionise resource discovery.,p,https://sensore.com/about,About | SensOre,,"['About', 'SensOre aims to become the top performing minerals targeting company in the world through an approach to exploration that combines AI technology, big data and vast geoscientific expertise.']",2025-01-10T13:46:57.818113,SensOre,0.254,0.1779,0.21595,1,1,Balanced,ai solutions to revolutionise resource discovery
"SensOre and Intrepid’s industry leading platform combines geoscience data, unique innovative software, machine learning and AI tools to accelerate decision making and improveresource discovery success.",p,https://sensore.com/about,About | SensOre,,"['About', 'SensOre aims to become the top performing minerals targeting company in the world through an approach to exploration that combines AI technology, big data and vast geoscientific expertise.']",2025-01-10T13:46:57.818115,SensOre,0.223,0.765,0.494,2,4,Value Proposition,sensore and intrepids industry leading platform combines geoscience data unique innovative software machine learning and ai tools to accelerate decision making and improveresource discovery success
SensOre Predictive Targeting and other ML applications uses best of human modern exploration teamed with the capacity of AI & Machine Learning technologies to provide high-fidelity geoscience solutions.,p,https://sensore.com/about,About | SensOre,,"['About', 'SensOre aims to become the top performing minerals targeting company in the world through an approach to exploration that combines AI technology, big data and vast geoscientific expertise.']",2025-01-10T13:46:57.818116,SensOre,0.245,0.7783,0.5116499999999999,2,2,Balanced,sensore predictive targeting and other ml applications uses best of human modern exploration teamed with the capacity of ai machine learning technologies to provide highfidelity geoscience solutions
DATA CUBE,h3,https://sensore.com/about,About | SensOre,,"['About', 'SensOre aims to become the top performing minerals targeting company in the world through an approach to exploration that combines AI technology, big data and vast geoscientific expertise.']",2025-01-10T13:46:57.818118,SensOre,0.0,0.0,0.0,0,0,Other,data cube
"SensOre Ltd is boldly changing the way exploration targeting is carried out by harnessing and fusing the vast quantities of underutilised geoscience, land access and environmental data from the public domain into its Australian Data hypercube.",p,https://sensore.com/about,About | SensOre,,"['About', 'SensOre aims to become the top performing minerals targeting company in the world through an approach to exploration that combines AI technology, big data and vast geoscientific expertise.']",2025-01-10T13:46:57.818119,SensOre,0.115,0.5267,0.32084999999999997,1,1,Balanced,sensore ltd is boldly changing the way exploration targeting is carried out by harnessing and fusing the vast quantities of underutilised geoscience land access and environmental data from the public domain into its australian data hypercube
"SensOre’s most valuable (non-human) assets are its Data Hypercube and Discovery Database. These data reside in a common, globally scalable gridded geospatial architecture consisting of layers of geoscience data including geology, geochemistry, and geophysics.",p,https://sensore.com/about,About | SensOre,,"['About', 'SensOre aims to become the top performing minerals targeting company in the world through an approach to exploration that combines AI technology, big data and vast geoscientific expertise.']",2025-01-10T13:46:57.818124,SensOre,0.147,0.6549,0.40095000000000003,3,4,Value Proposition,sensores most valuable nonhuman assets are its data hypercube and discovery database these data reside in a common globally scalable gridded geospatial architecture consisting of layers of geoscience data including geology geochemistry and geophysics
"The Data Hypercube and Discoveries Database are central to all SensOre models generated and underpins our targeting services allowing SensOre to generate high-quality, data-driven exploration targets.",p,https://sensore.com/about,About | SensOre,,"['About', 'SensOre aims to become the top performing minerals targeting company in the world through an approach to exploration that combines AI technology, big data and vast geoscientific expertise.']",2025-01-10T13:46:57.818126,SensOre,0.071,0.2263,0.14865,1,1,Balanced,the data hypercube and discoveries database are central to all sensore models generated and underpins our targeting services allowing sensore to generate highquality datadriven exploration targets
SensOre compiled and cleaned deposit & mineral occurrence data from many sources. Dedicated SensOre resource.,p,https://sensore.com/about,About | SensOre,,"['About', 'SensOre aims to become the top performing minerals targeting company in the world through an approach to exploration that combines AI technology, big data and vast geoscientific expertise.']",2025-01-10T13:46:57.818128,SensOre,0.188,0.4588,0.3234,0,0,Other,sensore compiled and cleaned deposit mineral occurrence data from many sources dedicated sensore resource
AI & ML TECHNOLOGY,h3,https://sensore.com/about,About | SensOre,,"['About', 'SensOre aims to become the top performing minerals targeting company in the world through an approach to exploration that combines AI technology, big data and vast geoscientific expertise.']",2025-01-10T13:46:57.818130,SensOre,0.0,0.0,0.0,1,1,Balanced,ai ml technology
"Our product suite is built around the proprietary SensOre data cube, enabling data fusion to add value across the entire resources exploration pathway.",p,https://sensore.com/about,About | SensOre,,"['About', 'SensOre aims to become the top performing minerals targeting company in the world through an approach to exploration that combines AI technology, big data and vast geoscientific expertise.']",2025-01-10T13:46:57.818132,SensOre,0.17,0.5106,0.34030000000000005,1,1,Balanced,our product suite is built around the proprietary sensore data cube enabling data fusion to add value across the entire resources exploration pathway
GEOSCIENCE SOLUTIONS,h3,https://sensore.com/about,About | SensOre,,"['About', 'SensOre aims to become the top performing minerals targeting company in the world through an approach to exploration that combines AI technology, big data and vast geoscientific expertise.']",2025-01-10T13:46:57.818133,SensOre,0.63,0.1779,0.40395000000000003,0,0,Other,geoscience solutions
Synergies between High-Quality Data and Machine Learning Tools for Targeting and Discovery and generating knowledge from Geoscience Data.,p,https://sensore.com/about,About | SensOre,,"['About', 'SensOre aims to become the top performing minerals targeting company in the world through an approach to exploration that combines AI technology, big data and vast geoscientific expertise.']",2025-01-10T13:46:57.818135,SensOre,0.0,0.0,0.0,0,0,Other,synergies between highquality data and machine learning tools for targeting and discovery and generating knowledge from geoscience data
CONTACT US TO DISCUSS YOUR AI & ML TARGET OBJECTIVES,h2,https://sensore.com/about,About | SensOre,,"['About', 'SensOre aims to become the top performing minerals targeting company in the world through an approach to exploration that combines AI technology, big data and vast geoscientific expertise.']",2025-01-10T13:46:57.818137,SensOre,0.0,0.0,0.0,1,1,Balanced,contact us to discuss your ai ml target objectives
PERTH,p,https://sensore.com/about,About | SensOre,,"['About', 'SensOre aims to become the top performing minerals targeting company in the world through an approach to exploration that combines AI technology, big data and vast geoscientific expertise.']",2025-01-10T13:46:57.818138,SensOre,0.0,0.0,0.0,0,0,Other,perth
"Unit 6, 7 Tully RoadEast Perth WA 6004+61 8 9325 6249",p,https://sensore.com/about,About | SensOre,,"['About', 'SensOre aims to become the top performing minerals targeting company in the world through an approach to exploration that combines AI technology, big data and vast geoscientific expertise.']",2025-01-10T13:46:57.818140,SensOre,0.0,0.0,0.0,0,0,Other,unit tully roadeast perth wa
MELBOURNE,p,https://sensore.com/about,About | SensOre,,"['About', 'SensOre aims to become the top performing minerals targeting company in the world through an approach to exploration that combines AI technology, big data and vast geoscientific expertise.']",2025-01-10T13:46:57.818142,SensOre,0.0,0.0,0.0,0,0,Other,melbourne
"Level 21, 459 Collins Street, Melbourne, Vic 3000+61 3 8630 3321info@sensore.com",p,https://sensore.com/about,About | SensOre,,"['About', 'SensOre aims to become the top performing minerals targeting company in the world through an approach to exploration that combines AI technology, big data and vast geoscientific expertise.']",2025-01-10T13:46:57.818144,SensOre,0.0,0.0,0.0,0,0,Other,level collins street melbourne vic infosensorecom
Discovering more with AI-enhanced exploration,h3,https://sensore.com/about,About | SensOre,,"['About', 'SensOre aims to become the top performing minerals targeting company in the world through an approach to exploration that combines AI technology, big data and vast geoscientific expertise.']",2025-01-10T13:46:57.818145,SensOre,0.351,0.2878,0.3194,1,1,Balanced,discovering more with aienhanced exploration
Technology,h1,https://sensore.com/technology,Technology | SensOre,,"['Technology', 'Conventional mineral exploration involves an incremental, area reduction, decision-making process that, at best, uses 20‑40% of available data and is subject to human bias.']",2025-01-10T13:46:58.671133,SensOre,0.0,0.0,0.0,0,0,Other,technology
"Conventional mineral exploration involves an incremental, area reduction, decision-making process that, at best, uses 20‑40% of available data and is subject to human bias.",h1,https://sensore.com/technology,Technology | SensOre,,"['Technology', 'Conventional mineral exploration involves an incremental, area reduction, decision-making process that, at best, uses 20‑40% of available data and is subject to human bias.']",2025-01-10T13:46:58.671146,SensOre,0.171,0.6908,0.4309,1,1,Balanced,conventional mineral exploration involves an incremental area reduction decisionmaking process that at best uses of available data and is subject to human bias
"SensOre takes a different approach, applying integrated AI/ML algorithms to a large geoscience Data Cube to find the digital fingerprints and ‘predict’ the location of mineral deposits in three core steps: training, prediction and target analysis. In doing so, SensOre generates AI-targets (AI-enhanced deposit predictions) informing targeting.",p,https://sensore.com/technology,Technology | SensOre,,"['Technology', 'Conventional mineral exploration involves an incremental, area reduction, decision-making process that, at best, uses 20‑40% of available data and is subject to human bias.']",2025-01-10T13:46:58.671149,SensOre,0.0,0.0,0.0,1,2,Value Proposition,sensore takes a different approach applying integrated aiml algorithms to a large geoscience data cube to find the digital fingerprints and predict the location of mineral deposits in three core steps training prediction and target analysis in doing so sensore generates aitargets aienhanced deposit predictions informing targeting
"SensOre’s exploration tools predict the location and economic viability of deposits, generating information on endowment (size), grade and depth at a cell dimension small enough to quicken decision making and move directly from predicted target to drill testing cost effectively and with a narrower environmental footprint.",p,https://sensore.com/technology,Technology | SensOre,,"['Technology', 'Conventional mineral exploration involves an incremental, area reduction, decision-making process that, at best, uses 20‑40% of available data and is subject to human bias.']",2025-01-10T13:46:58.671151,SensOre,0.103,0.5859,0.34445,2,2,Balanced,sensores exploration tools predict the location and economic viability of deposits generating information on endowment size grade and depth at a cell dimension small enough to quicken decision making and move directly from predicted target to drill testing cost effectively and with a narrower environmental footprint
SensOre works with partners and clients to unlock the value of geoscience data and the potential of new and existing exploration sites.,h3,https://sensore.com/technology,Technology | SensOre,,"['Technology', 'Conventional mineral exploration involves an incremental, area reduction, decision-making process that, at best, uses 20‑40% of available data and is subject to human bias.']",2025-01-10T13:46:58.671154,SensOre,0.177,0.5106,0.3438,1,1,Balanced,sensore works with partners and clients to unlock the value of geoscience data and the potential of new and existing exploration sites
[click image to enlarge],p,https://sensore.com/technology,Technology | SensOre,,"['Technology', 'Conventional mineral exploration involves an incremental, area reduction, decision-making process that, at best, uses 20‑40% of available data and is subject to human bias.']",2025-01-10T13:46:58.671156,SensOre,0.0,0.0,0.0,0,0,Other,click image to enlarge
"We invest heavily in our Technology division, including our research and development program, to validate and enhance our technology assets and product suite. The technology currently deployed by our Exploration and Exploration Services divisions includes:",p,https://sensore.com/technology,Technology | SensOre,,"['Technology', 'Conventional mineral exploration involves an incremental, area reduction, decision-making process that, at best, uses 20‑40% of available data and is subject to human bias.']",2025-01-10T13:46:58.671157,SensOre,0.205,0.7184,0.4617,1,1,Balanced,we invest heavily in our technology division including our research and development program to validate and enhance our technology assets and product suite the technology currently deployed by our exploration and exploration services divisions includes
TARGETING SOLUTIONS – PREDICT,h3,https://sensore.com/technology,Technology | SensOre,,"['Technology', 'Conventional mineral exploration involves an incremental, area reduction, decision-making process that, at best, uses 20‑40% of available data and is subject to human bias.']",2025-01-10T13:46:58.671159,SensOre,0.459,0.1779,0.31845,0,0,Other,targeting solutions predict
"An AI-target generation and validation technology that uses Data Cube to make predictions regarding the location, size (i.e. endowment), average ore grade/concentration) and depth of a given deposit.",p,https://sensore.com/technology,Technology | SensOre,,"['Technology', 'Conventional mineral exploration involves an incremental, area reduction, decision-making process that, at best, uses 20‑40% of available data and is subject to human bias.']",2025-01-10T13:46:58.671161,SensOre,0.0,0.0,0.0,0,0,Other,an aitarget generation and validation technology that uses data cube to make predictions regarding the location size ie endowment average ore gradeconcentration and depth of a given deposit
Our regional prospectivity models are designed to highlight terrane to belt-scale regions of interest. SensOre’s Regional Prospectivity Models are geophysical and geological constructs that make use of the SensOre’s cleaned Discoveries Database as a training database.,p,https://sensore.com/technology,Technology | SensOre,,"['Technology', 'Conventional mineral exploration involves an incremental, area reduction, decision-making process that, at best, uses 20‑40% of available data and is subject to human bias.']",2025-01-10T13:46:58.671164,SensOre,0.141,0.6597,0.40035,0,0,Other,our regional prospectivity models are designed to highlight terrane to beltscale regions of interest sensores regional prospectivity models are geophysical and geological constructs that make use of the sensores cleaned discoveries database as a training database
Adjacency modelling predicts deposit adjacency categories using hundreds to thousands data cube variables with supervised classification algorithms (SAM).,p,https://sensore.com/technology,Technology | SensOre,,"['Technology', 'Conventional mineral exploration involves an incremental, area reduction, decision-making process that, at best, uses 20‑40% of available data and is subject to human bias.']",2025-01-10T13:46:58.671166,SensOre,0.0,0.0,0.0,1,1,Balanced,adjacency modelling predicts deposit adjacency categories using hundreds to thousands data cube variables with supervised classification algorithms sam
"The Archean Gold Lode Alteration Detection System (AGLADS®) is a machine learning system designed to identify alteration of various types (i.e. host, distal, proximal, ore) enveloping gold lode systems found in the Archean of Western Australia. AGLADS® is used as a geochemical ‘Vector to Gold Ore’ during routine exploration and evaluation work performed by SensOre, including the evaluation of drilling data.",p,https://sensore.com/technology,Technology | SensOre,,"['Technology', 'Conventional mineral exploration involves an incremental, area reduction, decision-making process that, at best, uses 20‑40% of available data and is subject to human bias.']",2025-01-10T13:46:58.671168,SensOre,0.032,0.2263,0.12915,3,3,Balanced,the archean gold lode alteration detection system aglads is a machine learning system designed to identify alteration of various types ie host distal proximal ore enveloping gold lode systems found in the archean of western australia aglads is used as a geochemical vector to gold ore during routine exploration and evaluation work performed by sensore including the evaluation of drilling data
BIG DATA AGGREGATION PRODUCTS – KNOW,h3,https://sensore.com/technology,Technology | SensOre,,"['Technology', 'Conventional mineral exploration involves an incremental, area reduction, decision-making process that, at best, uses 20‑40% of available data and is subject to human bias.']",2025-01-10T13:46:58.671170,SensOre,0.0,0.0,0.0,0,0,Other,big data aggregation products know
"A multidimensional repository of cleaned and levelled geoscience data which continues to expand as SensOre acquires additional public and proprietary geochemical, geophysical and geological data. Data Cube contains more than 2,500 data layers and +65 billion discrete data points in Australia.",p,https://sensore.com/technology,Technology | SensOre,,"['Technology', 'Conventional mineral exploration involves an incremental, area reduction, decision-making process that, at best, uses 20‑40% of available data and is subject to human bias.']",2025-01-10T13:46:58.671173,SensOre,0.059,0.3182,0.1886,0,0,Other,a multidimensional repository of cleaned and levelled geoscience data which continues to expand as sensore acquires additional public and proprietary geochemical geophysical and geological data data cube contains more than data layers and billion discrete data points in australia
"SensOre’s Discoveries Database is an evolving repository of publicly available mineral deposits and occurrences data. This proprietary deposit database for gold, copper nickel, lithium, tin, tantalum and rare earths is a competitive advantage and a key part of predictive targeting in both prospectivity mapping and DPT.",p,https://sensore.com/technology,Technology | SensOre,,"['Technology', 'Conventional mineral exploration involves an incremental, area reduction, decision-making process that, at best, uses 20‑40% of available data and is subject to human bias.']",2025-01-10T13:46:58.671175,SensOre,0.081,0.4019,0.24145,1,1,Balanced,sensores discoveries database is an evolving repository of publicly available mineral deposits and occurrences data this proprietary deposit database for gold copper nickel lithium tin tantalum and rare earths is a competitive advantage and a key part of predictive targeting in both prospectivity mapping and dpt
ADVANCED ANALYTIC TOOLS – LEARN,h3,https://sensore.com/technology,Technology | SensOre,,"['Technology', 'Conventional mineral exploration involves an incremental, area reduction, decision-making process that, at best, uses 20‑40% of available data and is subject to human bias.']",2025-01-10T13:46:58.671176,SensOre,0.4,0.25,0.325,0,1,Value Proposition,advanced analytic tools learn
"Identification of Base Metal potential of suspected gossans and ironstones. Gossan types include VMS systems, Broken Hill-type, Banded Iron Formation-related deposits, gossans developed over sediment-hosted Cu-(Ag/Pb/Zn) deposits and many other types.",p,https://sensore.com/technology,Technology | SensOre,,"['Technology', 'Conventional mineral exploration involves an incremental, area reduction, decision-making process that, at best, uses 20‑40% of available data and is subject to human bias.']",2025-01-10T13:46:58.671178,SensOre,-0.147,-0.6124,-0.37970000000000004,2,2,Balanced,identification of base metal potential of suspected gossans and ironstones gossan types include vms systems broken hilltype banded iron formationrelated deposits gossans developed over sedimenthosted cuagpbzn deposits and many other types
Identification of “Natural” Petrophysical Populations in Geophysical Data. Particularly useful when fused with geochemistry to extract the geochemical characteristics of SimClust geophysical populations.,p,https://sensore.com/technology,Technology | SensOre,,"['Technology', 'Conventional mineral exploration involves an incremental, area reduction, decision-making process that, at best, uses 20‑40% of available data and is subject to human bias.']",2025-01-10T13:46:58.671180,SensOre,0.213,0.6901,0.45155,0,0,Other,identification of natural petrophysical populations in geophysical data particularly useful when fused with geochemistry to extract the geochemical characteristics of simclust geophysical populations
Identification of “Natural” Geochemical Populations in Geochemical Data. Used for for rock characterisation and exploration vectoring. Characterisation of natural unsupervised clusters using univariate and multivariate (Incl. supervised classification) statistical analysis and frequencies of categorical labels.,p,https://sensore.com/technology,Technology | SensOre,,"['Technology', 'Conventional mineral exploration involves an incremental, area reduction, decision-making process that, at best, uses 20‑40% of available data and is subject to human bias.']",2025-01-10T13:46:58.671182,SensOre,0.177,0.7096,0.4433,2,2,Balanced,identification of natural geochemical populations in geochemical data used for for rock characterisation and exploration vectoring characterisation of natural unsupervised clusters using univariate and multivariate incl supervised classification statistical analysis and frequencies of categorical labels
"Identification of the Lithium Pegmatite potential of granites using extended multi-element geochemistry. Classification of granites capable of identifying prospectivity for Au, Li.",p,https://sensore.com/technology,Technology | SensOre,,"['Technology', 'Conventional mineral exploration involves an incremental, area reduction, decision-making process that, at best, uses 20‑40% of available data and is subject to human bias.']",2025-01-10T13:46:58.671184,SensOre,0.11,0.3818,0.24589999999999998,1,1,Balanced,identification of the lithium pegmatite potential of granites using extended multielement geochemistry classification of granites capable of identifying prospectivity for au li
"iGRock is a prototype rock-type classification system based on igneous rock type identification using multi-element geochemical assay data. The system is designed to identify igneous rocks predicted to be associated with, or host to, mineralisation of interest to SensOre and its clients.",p,https://sensore.com/technology,Technology | SensOre,,"['Technology', 'Conventional mineral exploration involves an incremental, area reduction, decision-making process that, at best, uses 20‑40% of available data and is subject to human bias.']",2025-01-10T13:46:58.671201,SensOre,0.07,0.4588,0.26439999999999997,2,2,Balanced,igrock is a prototype rocktype classification system based on igneous rock type identification using multielement geochemical assay data the system is designed to identify igneous rocks predicted to be associated with or host to mineralisation of interest to sensore and its clients
Identification of the mineral potential of an igneous rock from 54 types available. Classification based on availability of extended multi-element geochemical data. Most ore deposit styles are available including many of economic significance to exploration. If your deposit type is not currently available SensOre can customize classification schemes based on your preferences,p,https://sensore.com/technology,Technology | SensOre,,"['Technology', 'Conventional mineral exploration involves an incremental, area reduction, decision-making process that, at best, uses 20‑40% of available data and is subject to human bias.']",2025-01-10T13:46:58.671203,SensOre,0.075,0.4588,0.26689999999999997,3,3,Balanced,identification of the mineral potential of an igneous rock from types available classification based on availability of extended multielement geochemical data most ore deposit styles are available including many of economic significance to exploration if your deposit type is not currently available sensore can customize classification schemes based on your preferences
"Using multi-element, geological and mineralogical data, iDeposit is an ore deposit type classification system derived from the geochemical signature of different deposit types.",p,https://sensore.com/technology,Technology | SensOre,,"['Technology', 'Conventional mineral exploration involves an incremental, area reduction, decision-making process that, at best, uses 20‑40% of available data and is subject to human bias.']",2025-01-10T13:46:58.671205,SensOre,0.0,0.0,0.0,2,2,Balanced,using multielement geological and mineralogical data ideposit is an ore deposit type classification system derived from the geochemical signature of different deposit types
Advanced Analysis Of Geochemical Data,p,https://sensore.com/technology,Technology | SensOre,,"['Technology', 'Conventional mineral exploration involves an incremental, area reduction, decision-making process that, at best, uses 20‑40% of available data and is subject to human bias.']",2025-01-10T13:46:58.671207,SensOre,0.333,0.25,0.2915,0,1,Value Proposition,advanced analysis of geochemical data
Advanced Statistical Analysis,p,https://sensore.com/technology,Technology | SensOre,,"['Technology', 'Conventional mineral exploration involves an incremental, area reduction, decision-making process that, at best, uses 20‑40% of available data and is subject to human bias.']",2025-01-10T13:46:58.671209,SensOre,0.5,0.25,0.375,0,1,Value Proposition,advanced statistical analysis
PERTH,p,https://sensore.com/technology,Technology | SensOre,,"['Technology', 'Conventional mineral exploration involves an incremental, area reduction, decision-making process that, at best, uses 20‑40% of available data and is subject to human bias.']",2025-01-10T13:46:58.671211,SensOre,0.0,0.0,0.0,0,0,Other,perth
"Unit 6, 7 Tully RoadEast Perth WA 6004+61 8 9325 6249",p,https://sensore.com/technology,Technology | SensOre,,"['Technology', 'Conventional mineral exploration involves an incremental, area reduction, decision-making process that, at best, uses 20‑40% of available data and is subject to human bias.']",2025-01-10T13:46:58.671213,SensOre,0.0,0.0,0.0,0,0,Other,unit tully roadeast perth wa
MELBOURNE,p,https://sensore.com/technology,Technology | SensOre,,"['Technology', 'Conventional mineral exploration involves an incremental, area reduction, decision-making process that, at best, uses 20‑40% of available data and is subject to human bias.']",2025-01-10T13:46:58.671215,SensOre,0.0,0.0,0.0,0,0,Other,melbourne
"Level 21, 459 Collins Street, Melbourne, Vic 3000+61 3 8630 3321info@sensore.com",p,https://sensore.com/technology,Technology | SensOre,,"['Technology', 'Conventional mineral exploration involves an incremental, area reduction, decision-making process that, at best, uses 20‑40% of available data and is subject to human bias.']",2025-01-10T13:46:58.671217,SensOre,0.0,0.0,0.0,0,0,Other,level collins street melbourne vic infosensorecom
Discovering more with AI-enhanced exploration,h3,https://sensore.com/technology,Technology | SensOre,,"['Technology', 'Conventional mineral exploration involves an incremental, area reduction, decision-making process that, at best, uses 20‑40% of available data and is subject to human bias.']",2025-01-10T13:46:58.671219,SensOre,0.351,0.2878,0.3194,1,1,Balanced,discovering more with aienhanced exploration
No Results Found,h1,https://sensore.com/solutions,404 Not Found | SensOre,,['No Results Found'],2025-01-10T13:46:59.279437,SensOre,-0.524,-0.296,-0.41000000000000003,0,0,Other,no results found
"The page you requested could not be found. Try refining your search, or use the navigation above to locate the post.",p,https://sensore.com/solutions,404 Not Found | SensOre,,['No Results Found'],2025-01-10T13:46:59.279448,SensOre,0.0,0.0,0.0,0,0,Other,the page you requested could not be found try refining your search or use the navigation above to locate the post
PERTH,p,https://sensore.com/solutions,404 Not Found | SensOre,,['No Results Found'],2025-01-10T13:46:59.279451,SensOre,0.0,0.0,0.0,0,0,Other,perth
"Unit 6, 7 Tully RoadEast Perth WA 6004+61 8 9325 6249",p,https://sensore.com/solutions,404 Not Found | SensOre,,['No Results Found'],2025-01-10T13:46:59.279454,SensOre,0.0,0.0,0.0,0,0,Other,unit tully roadeast perth wa
MELBOURNE,p,https://sensore.com/solutions,404 Not Found | SensOre,,['No Results Found'],2025-01-10T13:46:59.279455,SensOre,0.0,0.0,0.0,0,0,Other,melbourne
"Level 21, 459 Collins Street, Melbourne, Vic 3000+61 3 8630 3321info@sensore.com",p,https://sensore.com/solutions,404 Not Found | SensOre,,['No Results Found'],2025-01-10T13:46:59.279458,SensOre,0.0,0.0,0.0,0,0,Other,level collins street melbourne vic infosensorecom
Discovering more with AI-enhanced exploration,h3,https://sensore.com/solutions,404 Not Found | SensOre,,['No Results Found'],2025-01-10T13:46:59.279460,SensOre,0.351,0.2878,0.3194,1,1,Balanced,discovering more with aienhanced exploration
Services,h1,https://sensore.com/services,Services | SensOre,,"['Services', 'Developed by explorers for explorers, SensOre’s products and services are designed to advance the way companies integrate, interrogate and analyse geoscience data.']",2025-01-10T13:47:00.089312,SensOre,0.0,0.0,0.0,0,0,Other,services
"Developed by explorers for explorers, SensOre’s products and services are designed to advance the way companies integrate, interrogate and analyse geoscience data.",h1,https://sensore.com/services,Services | SensOre,,"['Services', 'Developed by explorers for explorers, SensOre’s products and services are designed to advance the way companies integrate, interrogate and analyse geoscience data.']",2025-01-10T13:47:00.089323,SensOre,0.0,0.0,0.0,0,0,Other,developed by explorers for explorers sensores products and services are designed to advance the way companies integrate interrogate and analyse geoscience data
"SensOre’s technology is designed to better understand where and how to explore – the ultimate aim being an increase in discovery rates, with flow-on environmental and financial benefits.",p,https://sensore.com/services,Services | SensOre,,"['Services', 'Developed by explorers for explorers, SensOre’s products and services are designed to advance the way companies integrate, interrogate and analyse geoscience data.']",2025-01-10T13:47:00.089325,SensOre,0.245,0.7783,0.5116499999999999,0,0,Other,sensores technology is designed to better understand where and how to explore the ultimate aim being an increase in discovery rates with flowon environmental and financial benefits
Download the latest SensOre services brochure here.,p,https://sensore.com/services,Services | SensOre,,"['Services', 'Developed by explorers for explorers, SensOre’s products and services are designed to advance the way companies integrate, interrogate and analyse geoscience data.']",2025-01-10T13:47:00.089327,SensOre,0.0,0.0,0.0,0,0,Other,download the latest sensore services brochure here
SensOre offers a range of services to mining and exploration industry clients as well as resource investment clients. We are committed to working with you to understand your objectives so that you experience the optimum potential of our technology and expertise.,h3,https://sensore.com/services,Services | SensOre,,"['Services', 'Developed by explorers for explorers, SensOre’s products and services are designed to advance the way companies integrate, interrogate and analyse geoscience data.']",2025-01-10T13:47:00.089329,SensOre,0.142,0.6249,0.38345,1,1,Balanced,sensore offers a range of services to mining and exploration industry clients as well as resource investment clients we are committed to working with you to understand your objectives so that you experience the optimum potential of our technology and expertise
SERVICES,h3,https://sensore.com/services,Services | SensOre,,"['Services', 'Developed by explorers for explorers, SensOre’s products and services are designed to advance the way companies integrate, interrogate and analyse geoscience data.']",2025-01-10T13:47:00.089330,SensOre,0.0,0.0,0.0,0,0,Other,services
Revolutionise traditional exploration and targeting to accelerate discovery,p,https://sensore.com/services,Services | SensOre,,"['Services', 'Developed by explorers for explorers, SensOre’s products and services are designed to advance the way companies integrate, interrogate and analyse geoscience data.']",2025-01-10T13:47:00.089332,SensOre,0.213,0.2263,0.21965,1,1,Balanced,revolutionise traditional exploration and targeting to accelerate discovery
An efficient and cost-effective way to target regions of prospective terrain,p,https://sensore.com/services,Services | SensOre,,"['Services', 'Developed by explorers for explorers, SensOre’s products and services are designed to advance the way companies integrate, interrogate and analyse geoscience data.']",2025-01-10T13:47:00.089333,SensOre,0.219,0.4215,0.32025,0,1,Value Proposition,an efficient and costeffective way to target regions of prospective terrain
Develop insightful recommendations for management decision-making,p,https://sensore.com/services,Services | SensOre,,"['Services', 'Developed by explorers for explorers, SensOre’s products and services are designed to advance the way companies integrate, interrogate and analyse geoscience data.']",2025-01-10T13:47:00.089335,SensOre,0.0,0.0,0.0,0,0,Other,develop insightful recommendations for management decisionmaking
"Automated data cleaning, feature selection and data transformation",p,https://sensore.com/services,Services | SensOre,,"['Services', 'Developed by explorers for explorers, SensOre’s products and services are designed to advance the way companies integrate, interrogate and analyse geoscience data.']",2025-01-10T13:47:00.089336,SensOre,0.0,0.0,0.0,0,1,Value Proposition,automated data cleaning feature selection and data transformation
[click image to enlarge],p,https://sensore.com/services,Services | SensOre,,"['Services', 'Developed by explorers for explorers, SensOre’s products and services are designed to advance the way companies integrate, interrogate and analyse geoscience data.']",2025-01-10T13:47:00.089338,SensOre,0.0,0.0,0.0,0,0,Other,click image to enlarge
"Additionally, in major mining areas, the mining industry is experiencing a transition from shallower to deeper deposits as near surface potential has been exploited, resulting in a greater prevalence of both brownfield and greenfield exploration which is more likely to occur at depth. These deposits typically have more complex geology and can be challenging to target by conventional means. Combined, these factors generate an increased demand for targeting and decision support platforms designed to locate deposits under cover and determine whether located deposits can be economically mined.",p,https://sensore.com/services,Services | SensOre,,"['Services', 'Developed by explorers for explorers, SensOre’s products and services are designed to advance the way companies integrate, interrogate and analyse geoscience data.']",2025-01-10T13:47:00.089341,SensOre,0.068,0.6486,0.35829999999999995,3,3,Balanced,additionally in major mining areas the mining industry is experiencing a transition from shallower to deeper deposits as near surface potential has been exploited resulting in a greater prevalence of both brownfield and greenfield exploration which is more likely to occur at depth these deposits typically have more complex geology and can be challenging to target by conventional means combined these factors generate an increased demand for targeting and decision support platforms designed to locate deposits under cover and determine whether located deposits can be economically mined
"Based on industry CO² emission data, due to the methodical scale reduction process established by conventional exploration techniques, each discovery comes at the cost of testing around 250 targets, which can generate between 14,000 and 29,000 tonnes of CO² per discovery. Additionally, each drilling location results in land disturbance which can have a cumulative impact on environmental, social and heritage areas. Through better use of geoscience data and improved drill target locations, SensOre’s innovations have the potential to reduce the carbon and environmental footprint of exploration, with desktop analysis undertaken by SensOre indicating the potential to see a 90% fall in CO² emissions per discovery. SensOre will test its emissions and ecosystem disturbance estimates through analysis of its own Exploration programs.",p,https://sensore.com/services,Services | SensOre,,"['Services', 'Developed by explorers for explorers, SensOre’s products and services are designed to advance the way companies integrate, interrogate and analyse geoscience data.']",2025-01-10T13:47:00.089344,SensOre,0.065,0.7269,0.39595,2,2,Balanced,based on industry co emission data due to the methodical scale reduction process established by conventional exploration techniques each discovery comes at the cost of testing around targets which can generate between and tonnes of co per discovery additionally each drilling location results in land disturbance which can have a cumulative impact on environmental social and heritage areas through better use of geoscience data and improved drill target locations sensores innovations have the potential to reduce the carbon and environmental footprint of exploration with desktop analysis undertaken by sensore indicating the potential to see a fall in co emissions per discovery sensore will test its emissions and ecosystem disturbance estimates through analysis of its own exploration programs
why partner with sensore?,h3,https://sensore.com/services,Services | SensOre,,"['Services', 'Developed by explorers for explorers, SensOre’s products and services are designed to advance the way companies integrate, interrogate and analyse geoscience data.']",2025-01-10T13:47:00.089346,SensOre,0.0,0.0,0.0,0,0,Other,why partner with sensore
Vast industry experience,h3,https://sensore.com/services,Services | SensOre,,"['Services', 'Developed by explorers for explorers, SensOre’s products and services are designed to advance the way companies integrate, interrogate and analyse geoscience data.']",2025-01-10T13:47:00.089347,SensOre,0.0,0.0,0.0,0,0,Other,vast industry experience
Explorationistsat heart,h3,https://sensore.com/services,Services | SensOre,,"['Services', 'Developed by explorers for explorers, SensOre’s products and services are designed to advance the way companies integrate, interrogate and analyse geoscience data.']",2025-01-10T13:47:00.089349,SensOre,0.0,0.0,0.0,0,0,Other,explorationistsat heart
Senior resourcing,h3,https://sensore.com/services,Services | SensOre,,"['Services', 'Developed by explorers for explorers, SensOre’s products and services are designed to advance the way companies integrate, interrogate and analyse geoscience data.']",2025-01-10T13:47:00.089350,SensOre,0.0,0.0,0.0,0,0,Other,senior resourcing
Access to top-tier shared resources,h3,https://sensore.com/services,Services | SensOre,,"['Services', 'Developed by explorers for explorers, SensOre’s products and services are designed to advance the way companies integrate, interrogate and analyse geoscience data.']",2025-01-10T13:47:00.089352,SensOre,0.375,0.34,0.35750000000000004,0,0,Other,access to toptier shared resources
Best practice approach,h3,https://sensore.com/services,Services | SensOre,,"['Services', 'Developed by explorers for explorers, SensOre’s products and services are designed to advance the way companies integrate, interrogate and analyse geoscience data.']",2025-01-10T13:47:00.089353,SensOre,0.677,0.6369,0.65695,0,0,Other,best practice approach
Cutting edgeAI advances,h3,https://sensore.com/services,Services | SensOre,,"['Services', 'Developed by explorers for explorers, SensOre’s products and services are designed to advance the way companies integrate, interrogate and analyse geoscience data.']",2025-01-10T13:47:00.089355,SensOre,-0.429,-0.128,-0.27849999999999997,0,0,Other,cutting edgeai advances
Priority support,h3,https://sensore.com/services,Services | SensOre,,"['Services', 'Developed by explorers for explorers, SensOre’s products and services are designed to advance the way companies integrate, interrogate and analyse geoscience data.']",2025-01-10T13:47:00.089356,SensOre,0.73,0.4019,0.56595,0,0,Other,priority support
Direct technical support access,h3,https://sensore.com/services,Services | SensOre,,"['Services', 'Developed by explorers for explorers, SensOre’s products and services are designed to advance the way companies integrate, interrogate and analyse geoscience data.']",2025-01-10T13:47:00.089357,SensOre,0.474,0.4019,0.43794999999999995,0,0,Other,direct technical support access
Real insights,h3,https://sensore.com/services,Services | SensOre,,"['Services', 'Developed by explorers for explorers, SensOre’s products and services are designed to advance the way companies integrate, interrogate and analyse geoscience data.']",2025-01-10T13:47:00.089359,SensOre,0.0,0.0,0.0,0,0,Other,real insights
Cost effectivetarget generation,h3,https://sensore.com/services,Services | SensOre,,"['Services', 'Developed by explorers for explorers, SensOre’s products and services are designed to advance the way companies integrate, interrogate and analyse geoscience data.']",2025-01-10T13:47:00.089360,SensOre,0.0,0.0,0.0,0,0,Other,cost effectivetarget generation
CONTACT US TO DISCUSS YOUR AI-TARGET OBJECTIVES,h2,https://sensore.com/services,Services | SensOre,,"['Services', 'Developed by explorers for explorers, SensOre’s products and services are designed to advance the way companies integrate, interrogate and analyse geoscience data.']",2025-01-10T13:47:00.089362,SensOre,0.0,0.0,0.0,0,0,Other,contact us to discuss your aitarget objectives
PERTH,p,https://sensore.com/services,Services | SensOre,,"['Services', 'Developed by explorers for explorers, SensOre’s products and services are designed to advance the way companies integrate, interrogate and analyse geoscience data.']",2025-01-10T13:47:00.089363,SensOre,0.0,0.0,0.0,0,0,Other,perth
"Unit 6, 7 Tully RoadEast Perth WA 6004+61 8 9325 6249",p,https://sensore.com/services,Services | SensOre,,"['Services', 'Developed by explorers for explorers, SensOre’s products and services are designed to advance the way companies integrate, interrogate and analyse geoscience data.']",2025-01-10T13:47:00.089365,SensOre,0.0,0.0,0.0,0,0,Other,unit tully roadeast perth wa
MELBOURNE,p,https://sensore.com/services,Services | SensOre,,"['Services', 'Developed by explorers for explorers, SensOre’s products and services are designed to advance the way companies integrate, interrogate and analyse geoscience data.']",2025-01-10T13:47:00.089367,SensOre,0.0,0.0,0.0,0,0,Other,melbourne
"Level 21, 459 Collins Street, Melbourne, Vic 3000+61 3 8630 3321info@sensore.com",p,https://sensore.com/services,Services | SensOre,,"['Services', 'Developed by explorers for explorers, SensOre’s products and services are designed to advance the way companies integrate, interrogate and analyse geoscience data.']",2025-01-10T13:47:00.089369,SensOre,0.0,0.0,0.0,0,0,Other,level collins street melbourne vic infosensorecom
Discovering more with AI-enhanced exploration,h3,https://sensore.com/services,Services | SensOre,,"['Services', 'Developed by explorers for explorers, SensOre’s products and services are designed to advance the way companies integrate, interrogate and analyse geoscience data.']",2025-01-10T13:47:00.089370,SensOre,0.351,0.2878,0.3194,1,1,Balanced,discovering more with aienhanced exploration
iNSIGHTS,h1,https://sensore.com/insights,iNSIGHTS | SensOre,,"['iNSIGHTS', 'SensOre iNSIGHTS']",2025-01-10T13:47:01.157374,SensOre,0.0,0.0,0.0,0,0,Other,insights
SensOre iNSIGHTS,h1,https://sensore.com/insights,iNSIGHTS | SensOre,,"['iNSIGHTS', 'SensOre iNSIGHTS']",2025-01-10T13:47:01.157383,SensOre,0.0,0.0,0.0,0,0,Other,sensore insights
The technical series communicating the journey from data to discovery through SensOre’s ML technology.,p,https://sensore.com/insights,iNSIGHTS | SensOre,,"['iNSIGHTS', 'SensOre iNSIGHTS']",2025-01-10T13:47:01.157385,SensOre,0.0,0.0,0.0,0,0,Other,the technical series communicating the journey from data to discovery through sensores ml technology
iNSIGHTS 1.0,h3,https://sensore.com/insights,iNSIGHTS | SensOre,,"['iNSIGHTS', 'SensOre iNSIGHTS']",2025-01-10T13:47:01.157386,SensOre,0.0,0.0,0.0,0,0,Other,insights
SensOre iNSIGHTS on Geological Prospectivity Modelling,h3,https://sensore.com/insights,iNSIGHTS | SensOre,,"['iNSIGHTS', 'SensOre iNSIGHTS']",2025-01-10T13:47:01.157388,SensOre,0.0,0.0,0.0,0,0,Other,sensore insights on geological prospectivity modelling
"SensOre recognizes the potential of non-numeric data to be transformed to inform machine learned prospectivity models. We’ve developed advanced programmable text-mining solutions to convert geological data into numbers. Machine learning algorithms are then used to predict spatial adjacency for commodities and deposit types of interest for each point object. Knowledge extraction is driven by contiguity associations, determining the spatial relationships of specific words and phrases from SensOre’s proprietary and numerically coded geological dictionary with Au, Cu, Li, or Ni deposits. This reflects a cause-and-effect relationship between mapped geological objects and mineralisation and helps to fully utilise our geological knowledge and understanding of mineral systems of interest.",p,https://sensore.com/insights,iNSIGHTS | SensOre,,"['iNSIGHTS', 'SensOre iNSIGHTS']",2025-01-10T13:47:01.157390,SensOre,0.11,0.8834,0.4967,2,3,Value Proposition,sensore recognizes the potential of nonnumeric data to be transformed to inform machine learned prospectivity models weve developed advanced programmable textmining solutions to convert geological data into numbers machine learning algorithms are then used to predict spatial adjacency for commodities and deposit types of interest for each point object knowledge extraction is driven by contiguity associations determining the spatial relationships of specific words and phrases from sensores proprietary and numerically coded geological dictionary with au cu li or ni deposits this reflects a causeandeffect relationship between mapped geological objects and mineralisation and helps to fully utilise our geological knowledge and understanding of mineral systems of interest
"With statistical output visualisation, SensOre has constructed new geological prospectivity maps over WA for a range of commodities and deposit types including Cu-VMS, LCT Pegmatite, Ni Intrusion-Related, and Phosphate. SensOre’s geological prospectivity models are on track to be extended to other states and continental Australia as the SensOre data cube expansion evolves towards completion over the coming months.",p,https://sensore.com/insights,iNSIGHTS | SensOre,,"['iNSIGHTS', 'SensOre iNSIGHTS']",2025-01-10T13:47:01.157392,SensOre,0.0,0.0,0.0,1,1,Balanced,with statistical output visualisation sensore has constructed new geological prospectivity maps over wa for a range of commodities and deposit types including cuvms lct pegmatite ni intrusionrelated and phosphate sensores geological prospectivity models are on track to be extended to other states and continental australia as the sensore data cube expansion evolves towards completion over the coming months
"SensOre’s insights into geological prospectivity can be used in exploration for terrane and region selection, and for project generation and ranking. Strategically, these maps can be used to probabilistically assess the geological prospectivity of any tenement for the commodities modelled, making them an invaluable tool for business development decision-making.",p,https://sensore.com/insights,iNSIGHTS | SensOre,,"['iNSIGHTS', 'SensOre iNSIGHTS']",2025-01-10T13:47:01.157393,SensOre,0.038,0.2263,0.13215,1,1,Balanced,sensores insights into geological prospectivity can be used in exploration for terrane and region selection and for project generation and ranking strategically these maps can be used to probabilistically assess the geological prospectivity of any tenement for the commodities modelled making them an invaluable tool for business development decisionmaking
SensOre’s advanced programmable text mining solutions.,p,https://sensore.com/insights,iNSIGHTS | SensOre,,"['iNSIGHTS', 'SensOre iNSIGHTS']",2025-01-10T13:47:01.157395,SensOre,0.481,0.4019,0.44145,0,1,Value Proposition,sensores advanced programmable text mining solutions
iNSIGHTS,h3,https://sensore.com/insights,iNSIGHTS | SensOre,,"['iNSIGHTS', 'SensOre iNSIGHTS']",2025-01-10T13:47:01.157397,SensOre,0.0,0.0,0.0,0,0,Other,insights
iNSIGHTS 1.0 (PDF),p,https://sensore.com/insights,iNSIGHTS | SensOre,,"['iNSIGHTS', 'SensOre iNSIGHTS']",2025-01-10T13:47:01.157399,SensOre,0.0,0.0,0.0,0,0,Other,insights pdf
iNSIGHTS 2.0 (PDF),p,https://sensore.com/insights,iNSIGHTS | SensOre,,"['iNSIGHTS', 'SensOre iNSIGHTS']",2025-01-10T13:47:01.157400,SensOre,0.0,0.0,0.0,0,0,Other,insights pdf
iNSIGHTS 4.0 (PDF),p,https://sensore.com/insights,iNSIGHTS | SensOre,,"['iNSIGHTS', 'SensOre iNSIGHTS']",2025-01-10T13:47:01.157402,SensOre,0.0,0.0,0.0,0,0,Other,insights pdf
How do you get access to these resources?,h3,https://sensore.com/insights,iNSIGHTS | SensOre,,"['iNSIGHTS', 'SensOre iNSIGHTS']",2025-01-10T13:47:01.157404,SensOre,0.0,0.0,0.0,0,0,Other,how do you get access to these resources
Contact SensOre to maximize your exploration success by utilising our propriety advanced machine learning capabilities.,p,https://sensore.com/insights,iNSIGHTS | SensOre,,"['iNSIGHTS', 'SensOre iNSIGHTS']",2025-01-10T13:47:01.157405,SensOre,0.388,0.765,0.5765,1,2,Value Proposition,contact sensore to maximize your exploration success by utilising our propriety advanced machine learning capabilities
iNSIGHTS 2.0,h3,https://sensore.com/insights,iNSIGHTS | SensOre,,"['iNSIGHTS', 'SensOre iNSIGHTS']",2025-01-10T13:47:01.157406,SensOre,0.0,0.0,0.0,0,0,Other,insights
SensOre iNSIGHTS on Growing Australia Data Hypercube,h3,https://sensore.com/insights,iNSIGHTS | SensOre,,"['iNSIGHTS', 'SensOre iNSIGHTS']",2025-01-10T13:47:01.157407,SensOre,0.221,0.1779,0.19945000000000002,0,0,Other,sensore insights on growing australia data hypercube
"SensOre Ltd is boldly changing the way exploration targeting is carried out by harnessing and fusing the vast quantities of underutilised geoscience and environmental data from the public domain into its Australian Data hypercube. SensOre’s most valuable (non-human) asset is its Data Hypercube. The data in the database resides in a common, globally scalable gridded geospatial architecture consisting of layers of geoscience data including geology, geochemistry, and geophysics. It is central to all SensOre models generated on open data and underpins our targeting services allowing SensOre to generate high-quality, data-driven exploration targets.",p,https://sensore.com/insights,iNSIGHTS | SensOre,,"['iNSIGHTS', 'SensOre iNSIGHTS']",2025-01-10T13:47:01.157409,SensOre,0.127,0.8874,0.5072,4,5,Value Proposition,sensore ltd is boldly changing the way exploration targeting is carried out by harnessing and fusing the vast quantities of underutilised geoscience and environmental data from the public domain into its australian data hypercube sensores most valuable nonhuman asset is its data hypercube the data in the database resides in a common globally scalable gridded geospatial architecture consisting of layers of geoscience data including geology geochemistry and geophysics it is central to all sensore models generated on open data and underpins our targeting services allowing sensore to generate highquality datadriven exploration targets
"State-scale geoscience data is now ingested for WA, SA, and NSW",h3,https://sensore.com/insights,iNSIGHTS | SensOre,,"['iNSIGHTS', 'SensOre iNSIGHTS']",2025-01-10T13:47:01.157411,SensOre,0.0,0.0,0.0,0,0,Other,statescale geoscience data is now ingested for wa sa and nsw
"SensOre achieved a significant milestone of compiling, cleaning, merging, and ingesting the vast quantities of all openly available state-scale geoscience data across SA and NSW, adding to the completed data hypercube for WA. This was accomplished with the support of industry clients in SA and competitive government co-funding in NSW from the Critical Minerals and high-Tech Metals Activation fund. The Data Hypercube currently contains approximately 2,000 layers of geoscience data with more than 63 billion data points occupying the cells within the Data Hypercube.",p,https://sensore.com/insights,iNSIGHTS | SensOre,,"['iNSIGHTS', 'SensOre iNSIGHTS']",2025-01-10T13:47:01.157412,SensOre,0.078,0.7003,0.38915,0,0,Other,sensore achieved a significant milestone of compiling cleaning merging and ingesting the vast quantities of all openly available statescale geoscience data across sa and nsw adding to the completed data hypercube for wa this was accomplished with the support of industry clients in sa and competitive government cofunding in nsw from the critical minerals and hightech metals activation fund the data hypercube currently contains approximately layers of geoscience data with more than billion data points occupying the cells within the data hypercube
"The Data Hypercube includes SensOre’s Discoveries Database, an extensive metallogenic database of compiled and cleaned deposit and mineral occurrence data from many sources. This database is updated quarterly and is expanding to include more commodities. This database provides accurate point location, resource footprints, and mineral endowments and grades calculated from (mines, resource, reserves, and historical production), deposit depth including tested deposit depth and depth to top of deposit, mineral deposit type. The Discoveries Database is one of our most valuable data assets as it functions as one of our primary training datasets containing 61,660 occurrences for gold, nickel, copper, and lithium.",p,https://sensore.com/insights,iNSIGHTS | SensOre,,"['iNSIGHTS', 'SensOre iNSIGHTS']",2025-01-10T13:47:01.157413,SensOre,0.069,0.7316,0.4003,0,1,Value Proposition,the data hypercube includes sensores discoveries database an extensive metallogenic database of compiled and cleaned deposit and mineral occurrence data from many sources this database is updated quarterly and is expanding to include more commodities this database provides accurate point location resource footprints and mineral endowments and grades calculated from mines resource reserves and historical production deposit depth including tested deposit depth and depth to top of deposit mineral deposit type the discoveries database is one of our most valuable data assets as it functions as one of our primary training datasets containing occurrences for gold nickel copper and lithium
"Combined, the Data Hypercube and the Discovery Database are deployed in SensOre’s machine learning (ML) workflows to target critical minerals, including Au, Ni, Cu, Co, PGE’s, Li and REE’s.",p,https://sensore.com/insights,iNSIGHTS | SensOre,,"['iNSIGHTS', 'SensOre iNSIGHTS']",2025-01-10T13:47:01.157415,SensOre,-0.076,-0.3182,-0.1971,0,0,Other,combined the data hypercube and the discovery database are deployed in sensores machine learning ml workflows to target critical minerals including au ni cu co pges li and rees
Continental-scale geoscience data expansion,h3,https://sensore.com/insights,iNSIGHTS | SensOre,,"['iNSIGHTS', 'SensOre iNSIGHTS']",2025-01-10T13:47:01.157416,SensOre,0.0,0.0,0.0,0,0,Other,continentalscale geoscience data expansion
"A second significant milestone was achieved this year with respect to our continental-scale geoscience data compilations. We have made considerable advancements in acquiring, processing, compiling, and merging continental-scale geophysical and geochemical data. SensOre has ingested CSIRO’s ASTER, and hydrogeochemistry data.",p,https://sensore.com/insights,iNSIGHTS | SensOre,,"['iNSIGHTS', 'SensOre iNSIGHTS']",2025-01-10T13:47:01.157418,SensOre,0.117,0.5994,0.3582,1,1,Balanced,a second significant milestone was achieved this year with respect to our continentalscale geoscience data compilations we have made considerable advancements in acquiring processing compiling and merging continentalscale geophysical and geochemical data sensore has ingested csiros aster and hydrogeochemistry data
"Intrepid Geophysics has delivered their advanced processed continental merged compilations for magnetics, gravity and radiometrics data and approximately 54 derivative layers each for magnetics and gravity and 27 derivative layers for radiometrics. These data sets were added to our 430 m resolution Data Hypercube over the continent and are now suitable for application of machine learning algorithms as well as to our 80m resolution grids which aggregate to some 165 billion data cells over the continent.",p,https://sensore.com/insights,iNSIGHTS | SensOre,,"['iNSIGHTS', 'SensOre iNSIGHTS']",2025-01-10T13:47:01.157419,SensOre,0.057,0.4767,0.26685000000000003,1,2,Value Proposition,intrepid geophysics has delivered their advanced processed continental merged compilations for magnetics gravity and radiometrics data and approximately derivative layers each for magnetics and gravity and derivative layers for radiometrics these data sets were added to our m resolution data hypercube over the continent and are now suitable for application of machine learning algorithms as well as to our m resolution grids which aggregate to some billion data cells over the continent
Why are SensOre’s Data Hypercube expansions worth talking about?,h3,https://sensore.com/insights,iNSIGHTS | SensOre,,"['iNSIGHTS', 'SensOre iNSIGHTS']",2025-01-10T13:47:01.157421,SensOre,0.192,0.2263,0.20915,0,0,Other,why are sensores data hypercube expansions worth talking about
iNSIGHTS 3.0,h3,https://sensore.com/insights,iNSIGHTS | SensOre,,"['iNSIGHTS', 'SensOre iNSIGHTS']",2025-01-10T13:47:01.157422,SensOre,0.0,0.0,0.0,0,0,Other,insights
SensOre iNSIGHTS on igROCK and Simclust ML Tools,h3,https://sensore.com/insights,iNSIGHTS | SensOre,,"['iNSIGHTS', 'SensOre iNSIGHTS']",2025-01-10T13:47:01.157423,SensOre,0.0,0.0,0.0,0,0,Other,sensore insights on igrock and simclust ml tools
"SensOre Ltd has productionised a range of innovative ML tools and workflows to derive geological knowledge from geochemistry data. The power of these tools are realised by leveraging data from our substantial geoscience Data Hypercube and subject matter expertise in both data science and geosciences. SensOre’s ML solutions address protracted, everyday problems and challenges faced by geologists across the mining value chain and provide information and insights that allow decisions to be made on how projects should progress. Two of our most sought-after ML tools are igROCK and SimClust for Geochemistry. When used in tandem, these supervised and unsupervised approaches produce powerful and reinforcing results that increase understanding and confidence in the data collected.",p,https://sensore.com/insights,iNSIGHTS | SensOre,,"['iNSIGHTS', 'SensOre iNSIGHTS']",2025-01-10T13:47:01.157425,SensOre,0.169,0.9485,0.55875,0,2,Value Proposition,sensore ltd has productionised a range of innovative ml tools and workflows to derive geological knowledge from geochemistry data the power of these tools are realised by leveraging data from our substantial geoscience data hypercube and subject matter expertise in both data science and geosciences sensores ml solutions address protracted everyday problems and challenges faced by geologists across the mining value chain and provide information and insights that allow decisions to be made on how projects should progress two of our most soughtafter ml tools are igrock and simclust for geochemistry when used in tandem these supervised and unsupervised approaches produce powerful and reinforcing results that increase understanding and confidence in the data collected
IGROCK: A supervised ML tool that leverages SensOre’s Data Cube,h3,https://sensore.com/insights,iNSIGHTS | SensOre,,"['iNSIGHTS', 'SensOre iNSIGHTS']",2025-01-10T13:47:01.157426,SensOre,0.0,0.0,0.0,0,0,Other,igrock a supervised ml tool that leverages sensores data cube
"Correctly identifying protolith types is critical when defining the spatial distribution of geological sequences. Especially where hydrothermal alteration and/or weathering and/or metamorphism is pervasive (and let’s be honest, if the rocks are interesting rocks they will often be altered!). To make things even more difficult a massive amount of the samples geologists have to log come from RC or aircore drilling programs. To help geologists make sense of their geochemical samples SensOre has developed igROCK – a supervised igneous protolith classification system. igROCK has been trained using igneous geochemical databases comprising over 400,000 samples. It uses the extended multi-element geochemistry to automate the classification of igneous rocks into 42 different rock types. Key to igROCK’s performance is the appreciable time SensOre’s geoscientific staff members have spent cleaning (and relabelling) these training databases prior to training the igROCK model (you would be surprised how many samples originally labelled as fresh ultramafics are running less than 1 % MgO!). Protolith identification is typically subjective and experience based. igROCK provides an automated solution to help geologists spend more time on the fun stuff (like interpreting where fluids have come from and planning where to put the next hole).",p,https://sensore.com/insights,iNSIGHTS | SensOre,,"['iNSIGHTS', 'SensOre iNSIGHTS']",2025-01-10T13:47:01.157428,SensOre,0.09,0.9486,0.5193,3,4,Value Proposition,correctly identifying protolith types is critical when defining the spatial distribution of geological sequences especially where hydrothermal alteration andor weathering andor metamorphism is pervasive and lets be honest if the rocks are interesting rocks they will often be altered to make things even more difficult a massive amount of the samples geologists have to log come from rc or aircore drilling programs to help geologists make sense of their geochemical samples sensore has developed igrock a supervised igneous protolith classification system igrock has been trained using igneous geochemical databases comprising over samples it uses the extended multielement geochemistry to automate the classification of igneous rocks into different rock types key to igrocks performance is the appreciable time sensores geoscientific staff members have spent cleaning and relabelling these training databases prior to training the igrock model you would be surprised how many samples originally labelled as fresh ultramafics are running less than mgo protolith identification is typically subjective and experience based igrock provides an automated solution to help geologists spend more time on the fun stuff like interpreting where fluids have come from and planning where to put the next hole
SimCLUST™️: An unsupervised ML tool that leverages SensOre’s Data Cube,h3,https://sensore.com/insights,iNSIGHTS | SensOre,,"['iNSIGHTS', 'SensOre iNSIGHTS']",2025-01-10T13:47:01.157430,SensOre,0.0,0.0,0.0,0,0,Other,simclust an unsupervised ml tool that leverages sensores data cube
"SimClust Geochemistry is an unsupervised ML tool used to identify and classify natural geochemical populations of surface and drillhole point data using multiple, multivariate statistical models. The results can be used for rock characterisation, exploration vectoring, identification of altered equivalents, and differentiating regolith from saprock to name a few applications. The image below shows the Kundana Drill hole assay data in SimClust space.",p,https://sensore.com/insights,iNSIGHTS | SensOre,,"['iNSIGHTS', 'SensOre iNSIGHTS']",2025-01-10T13:47:01.157432,SensOre,0.068,0.5267,0.29735,2,2,Balanced,simclust geochemistry is an unsupervised ml tool used to identify and classify natural geochemical populations of surface and drillhole point data using multiple multivariate statistical models the results can be used for rock characterisation exploration vectoring identification of altered equivalents and differentiating regolith from saprock to name a few applications the image below shows the kundana drill hole assay data in simclust space
Supervised and Unsupervised ML: A match made in heaven,h3,https://sensore.com/insights,iNSIGHTS | SensOre,,"['iNSIGHTS', 'SensOre iNSIGHTS']",2025-01-10T13:47:01.157433,SensOre,0.32,0.5106,0.4153,0,0,Other,supervised and unsupervised ml a match made in heaven
"When the results from igROCK are used to inform the unsupervised outputs from SimClust, magical things happen. When combined, igROCK and SimClust provide the geologist with valuable insights regarding different protoliths and altered equivalents and can help reinforce or challenge previous interpretations.",p,https://sensore.com/insights,iNSIGHTS | SensOre,,"['iNSIGHTS', 'SensOre iNSIGHTS']",2025-01-10T13:47:01.157434,SensOre,0.154,0.7269,0.44045,0,0,Other,when the results from igrock are used to inform the unsupervised outputs from simclust magical things happen when combined igrock and simclust provide the geologist with valuable insights regarding different protoliths and altered equivalents and can help reinforce or challenge previous interpretations
The coloured image below shows the Kundana Drill hole assay data SimClust clusters trained by igROCK.,p,https://sensore.com/insights,iNSIGHTS | SensOre,,"['iNSIGHTS', 'SensOre iNSIGHTS']",2025-01-10T13:47:01.157436,SensOre,0.0,0.0,0.0,1,1,Balanced,the coloured image below shows the kundana drill hole assay data simclust clusters trained by igrock
"The geologist can now answer questions such as which samples within these clusters are mafic? Are there multiple mafic groups or just one? Are there multiple fractionation trends representing multiple magmatic pulses in the AOI? Does a cluster represent multiple subclusters? In our example using the Kundana Drillhole assay data, igRock is able to inform SimClust there is ultramafic, mafic and felsic units in the first cluster, there is a felsic and intermediate subcluster in the second cluster, and that the remaining clusters are all felsic.",p,https://sensore.com/insights,iNSIGHTS | SensOre,,"['iNSIGHTS', 'SensOre iNSIGHTS']",2025-01-10T13:47:01.157437,SensOre,0.0,0.0,0.0,1,1,Balanced,the geologist can now answer questions such as which samples within these clusters are mafic are there multiple mafic groups or just one are there multiple fractionation trends representing multiple magmatic pulses in the aoi does a cluster represent multiple subclusters in our example using the kundana drillhole assay data igrock is able to inform simclust there is ultramafic mafic and felsic units in the first cluster there is a felsic and intermediate subcluster in the second cluster and that the remaining clusters are all felsic
"The map below shows the igROCK results plotted spatially, revealing coherent geological trends for the ultramafic, mafic and felsic units.",p,https://sensore.com/insights,iNSIGHTS | SensOre,,"['iNSIGHTS', 'SensOre iNSIGHTS']",2025-01-10T13:47:01.157438,SensOre,0.0,0.0,0.0,0,0,Other,the map below shows the igrock results plotted spatially revealing coherent geological trends for the ultramafic mafic and felsic units
A Joint Supervised and Unsupervised ML: Case Study,h3,https://sensore.com/insights,iNSIGHTS | SensOre,,"['iNSIGHTS', 'SensOre iNSIGHTS']",2025-01-10T13:47:01.157440,SensOre,0.0,0.0,0.0,0,0,Other,a joint supervised and unsupervised ml case study
"The case study presented here is from bottom of hole chips collected from aircore surveys from an area near Mulga Bill. As if logging Aircore chips isn’t hard enough, the weathering at Mulga Bill is deep (150 m!), and the alteration is pervasive. The image below represents the geologists original interpretation of the samples.",p,https://sensore.com/insights,iNSIGHTS | SensOre,,"['iNSIGHTS', 'SensOre iNSIGHTS']",2025-01-10T13:47:01.157442,SensOre,0.067,0.381,0.224,0,0,Other,the case study presented here is from bottom of hole chips collected from aircore surveys from an area near mulga bill as if logging aircore chips isnt hard enough the weathering at mulga bill is deep m and the alteration is pervasive the image below represents the geologists original interpretation of the samples
"The next image shows the results from igRock. As you can see there are some significant differences between the two classifications. The original logging considers the samples in the east to be predominately mafics, while igROCK has classified the samples in east as being predominately intermediates with some lenses of ultramafics. That’s great, but how do we know igRock is providing reasonable predictions? When combined with the outputs from SimClust we can see that igROCK’s interpretation is far more consistent. igROCK is also able to inform SimClust as to the location of cluster boundaries.",p,https://sensore.com/insights,iNSIGHTS | SensOre,,"['iNSIGHTS', 'SensOre iNSIGHTS']",2025-01-10T13:47:01.157443,SensOre,0.058,0.5574,0.30770000000000003,0,0,Other,the next image shows the results from igrock as you can see there are some significant differences between the two classifications the original logging considers the samples in the east to be predominately mafics while igrock has classified the samples in east as being predominately intermediates with some lenses of ultramafics thats great but how do we know igrock is providing reasonable predictions when combined with the outputs from simclust we can see that igrocks interpretation is far more consistent igrock is also able to inform simclust as to the location of cluster boundaries
Why are SensOre’s SimClust and igROCK ML tools worth talking about?,h3,https://sensore.com/insights,iNSIGHTS | SensOre,,"['iNSIGHTS', 'SensOre iNSIGHTS']",2025-01-10T13:47:01.157445,SensOre,0.16,0.2263,0.19315,0,0,Other,why are sensores simclust and igrock ml tools worth talking about
SensOre’s SimClust and igROCK geochemistry workflows are powerful proxy mapping tools in low-data density regions and in areas under cover.,p,https://sensore.com/insights,iNSIGHTS | SensOre,,"['iNSIGHTS', 'SensOre iNSIGHTS']",2025-01-10T13:47:01.157446,SensOre,0.128,0.4215,0.27475,0,1,Value Proposition,sensores simclust and igrock geochemistry workflows are powerful proxy mapping tools in lowdata density regions and in areas under cover
The igROCK protolith classification system provides information critical in defining the spatial distribution of geological sequences where the primary mineral assemblages are obscured or have been destroyed by hydrothermal alteration and/or weathering. igROCK also provides a data-driven approach to classify difficult to log samples from RC and air-core programs.,p,https://sensore.com/insights,iNSIGHTS | SensOre,,"['iNSIGHTS', 'SensOre iNSIGHTS']",2025-01-10T13:47:01.157448,SensOre,-0.151,-0.7906,-0.4708,1,1,Balanced,the igrock protolith classification system provides information critical in defining the spatial distribution of geological sequences where the primary mineral assemblages are obscured or have been destroyed by hydrothermal alteration andor weathering igrock also provides a datadriven approach to classify difficult to log samples from rc and aircore programs
"SimClust provides powerful unsupervised validation for igROCK as well as a number of SensOre’s other supervised ML tools including AGLADS and iGOSSAN, which can be found in our brochure.",p,https://sensore.com/insights,iNSIGHTS | SensOre,,"['iNSIGHTS', 'SensOre iNSIGHTS']",2025-01-10T13:47:01.157450,SensOre,0.199,0.6369,0.41795000000000004,0,1,Value Proposition,simclust provides powerful unsupervised validation for igrock as well as a number of sensores other supervised ml tools including aglads and igossan which can be found in our brochure
iNSIGHTS 4.0,h3,https://sensore.com/insights,iNSIGHTS | SensOre,,"['iNSIGHTS', 'SensOre iNSIGHTS']",2025-01-10T13:47:01.157451,SensOre,0.0,0.0,0.0,0,0,Other,insights
SensOre iNSIGHTS on Predictive Models,h3,https://sensore.com/insights,iNSIGHTS | SensOre,,"['iNSIGHTS', 'SensOre iNSIGHTS']",2025-01-10T13:47:01.157453,SensOre,0.0,0.0,0.0,0,0,Other,sensore insights on predictive models
"Previous SensOre Insights have focused on our advanced programmable text-mining solutions for extracting geological information from maps and point datasets, the expansion of our data hypercube, and our supervised and unsupervised ML tools.",p,https://sensore.com/insights,iNSIGHTS | SensOre,,"['iNSIGHTS', 'SensOre iNSIGHTS']",2025-01-10T13:47:01.157454,SensOre,0.174,0.6486,0.4113,0,1,Value Proposition,previous sensore insights have focused on our advanced programmable textmining solutions for extracting geological information from maps and point datasets the expansion of our data hypercube and our supervised and unsupervised ml tools
"In this contribution, we focus on the value-added products, outputs, and insights generated from combining our Data Hypercube, Discoveries Database and ML technology in SensOre’s Predictive Models. We share how these innovations can enable a shift from conventional exploration practices to an Industry 5.0 future, delivering next-generation target predictions through the combined power of machine learning and big geoscience data, augmented by expert human analysis for decision-making.",p,https://sensore.com/insights,iNSIGHTS | SensOre,,"['iNSIGHTS', 'SensOre iNSIGHTS']",2025-01-10T13:47:01.157455,SensOre,0.061,0.4767,0.26885000000000003,1,1,Balanced,in this contribution we focus on the valueadded products outputs and insights generated from combining our data hypercube discoveries database and ml technology in sensores predictive models we share how these innovations can enable a shift from conventional exploration practices to an industry future delivering nextgeneration target predictions through the combined power of machine learning and big geoscience data augmented by expert human analysis for decisionmaking
"The lack of innovation in exploration is often cited as a reason for declining discovery rates and rising costs per discovery using conventional methods (Table 1, Figure 1).",p,https://sensore.com/insights,iNSIGHTS | SensOre,,"['iNSIGHTS', 'SensOre iNSIGHTS']",2025-01-10T13:47:01.157457,SensOre,0.076,0.296,0.186,1,1,Balanced,the lack of innovation in exploration is often cited as a reason for declining discovery rates and rising costs per discovery using conventional methods table figure
The time and cost investments per major discovery can be tracked across each stage in the exploration pipeline to highlight the current industry performance (Figure 1).,p,https://sensore.com/insights,iNSIGHTS | SensOre,,"['iNSIGHTS', 'SensOre iNSIGHTS']",2025-01-10T13:47:01.157459,SensOre,0.158,0.5106,0.33430000000000004,1,1,Balanced,the time and cost investments per major discovery can be tracked across each stage in the exploration pipeline to highlight the current industry performance figure
"The largest gains in time and cost efficiency can be achieved by improving success rates in the earliest parts of the exploration pipeline by making better predictions on where ore deposits are located. Even a small increase in the probability that a grassroots exploration target is good enough to pass the area reduction threshold would significantly boost the number of projects reaching feasibility. While no single company can shift the dial alone, adopting new technology-based innovations across the industry can collectively generate more high-quality targets that can be efficiently tested and moved up the pipeline.",p,https://sensore.com/insights,iNSIGHTS | SensOre,,"['iNSIGHTS', 'SensOre iNSIGHTS']",2025-01-10T13:47:01.157461,SensOre,0.24200000000000002,0.9738,0.6079,2,3,Value Proposition,the largest gains in time and cost efficiency can be achieved by improving success rates in the earliest parts of the exploration pipeline by making better predictions on where ore deposits are located even a small increase in the probability that a grassroots exploration target is good enough to pass the area reduction threshold would significantly boost the number of projects reaching feasibility while no single company can shift the dial alone adopting new technologybased innovations across the industry can collectively generate more highquality targets that can be efficiently tested and moved up the pipeline
"SensOre aims to lead the industry in improving discovery rates while reducing the cost and environmental impact of discoveries through our innovations in predictive modelling. These models identify higher quality targets using a robust data-driven ML approach. We strive to help the industry make better decisions about where to drill and where not to, using extensive geoscience data to predict the locations of future Tier One and Two mines.",p,https://sensore.com/insights,iNSIGHTS | SensOre,,"['iNSIGHTS', 'SensOre iNSIGHTS']",2025-01-10T13:47:01.157463,SensOre,0.144,0.8689,0.50645,0,1,Value Proposition,sensore aims to lead the industry in improving discovery rates while reducing the cost and environmental impact of discoveries through our innovations in predictive modelling these models identify higher quality targets using a robust datadriven ml approach we strive to help the industry make better decisions about where to drill and where not to using extensive geoscience data to predict the locations of future tier one and two mines
"Our Predictive Models are unique because they are built on our massive, curated data hypercube, which integrates and fuses multidisciplinary geoscience data in a structured and scalable geospatial architecture (Figure 2). The data hypercube houses the largest, most accurate, and precise deposit database, serving as training and testing data for our models. This enables us to create robust models across various scales, from Terrane to Region to Camp-scale.",p,https://sensore.com/insights,iNSIGHTS | SensOre,,"['iNSIGHTS', 'SensOre iNSIGHTS']",2025-01-10T13:47:01.157466,SensOre,0.066,0.5423,0.30415000000000003,1,5,Value Proposition,our predictive models are unique because they are built on our massive curated data hypercube which integrates and fuses multidisciplinary geoscience data in a structured and scalable geospatial architecture figure the data hypercube houses the largest most accurate and precise deposit database serving as training and testing data for our models this enables us to create robust models across various scales from terrane to region to campscale
SensOre’s investment in curating data to build the Data Hypercube and Discoveries Database allows our geoscientists to develop unique predictive modelling approaches for any commodity of interest (Figure 3).,p,https://sensore.com/insights,iNSIGHTS | SensOre,,"['iNSIGHTS', 'SensOre iNSIGHTS']",2025-01-10T13:47:01.157468,SensOre,0.1,0.4588,0.2794,0,0,Other,sensores investment in curating data to build the data hypercube and discoveries database allows our geoscientists to develop unique predictive modelling approaches for any commodity of interest figure
"One example is our GPreds model series. The GPred modelling concept creatively fuses geophysics and geochemistry to address a significant challenge in predictive modelling of economically valuable metals: label imbalance. In Western Australia, only a few hundred, and often only a few dozen, data cells out of a state-wide population of 13 million contain significant economic endowment. By training and testing advanced geophysical derivatives using anomalous geochemistry in up to 90,000 data cells with more than 47 elements, SensOre minimizes this issue (Figure 4). SensOre’s geophysical layers, delivered by our wholly owned technology and software company, Intrepid Geophysics, support this process at all scales.",p,https://sensore.com/insights,iNSIGHTS | SensOre,,"['iNSIGHTS', 'SensOre iNSIGHTS']",2025-01-10T13:47:01.157470,SensOre,0.146,0.9042,0.5251,1,2,Value Proposition,one example is our gpreds model series the gpred modelling concept creatively fuses geophysics and geochemistry to address a significant challenge in predictive modelling of economically valuable metals label imbalance in western australia only a few hundred and often only a few dozen data cells out of a statewide population of million contain significant economic endowment by training and testing advanced geophysical derivatives using anomalous geochemistry in up to data cells with more than elements sensore minimizes this issue figure sensores geophysical layers delivered by our wholly owned technology and software company intrepid geophysics support this process at all scales
"To demonstrate the value of our GPred models for Western Australia, we apply a data-driven metric to assess and rank existing tenure prospectivity for Au, Cu, Ni, and Li using probability categories. We conducted a raster zonal analysis, attributing July 2024 WA tenure with the maximum modelled GPred anomaly probability values and probability categories intersecting the tenements.",p,https://sensore.com/insights,iNSIGHTS | SensOre,,"['iNSIGHTS', 'SensOre iNSIGHTS']",2025-01-10T13:47:01.157472,SensOre,0.089,0.6249,0.35695,0,0,Other,to demonstrate the value of our gpred models for western australia we apply a datadriven metric to assess and rank existing tenure prospectivity for au cu ni and li using probability categories we conducted a raster zonal analysis attributing july wa tenure with the maximum modelled gpred anomaly probability values and probability categories intersecting the tenements
"The raster zonal analysis for the GPred Au model reveals that only 7% of WA tenements are on ground predicted to have greater than a 90% chance of significant Au anomalism (Table 2). This ground is held by a few hundred companies out of over 3,000 listed holders in WA, accounting for 1,921 out of 25,807 existing exploration and mining tenements with mineral rights in WA. For Cu, Ni, and Li, only 15%, 17%, and 6% of the tenements, respectively, are on ground predicted to have greater than a 90% chance of hosting significant concentrations of these elements (Table 2).",p,https://sensore.com/insights,iNSIGHTS | SensOre,,"['iNSIGHTS', 'SensOre iNSIGHTS']",2025-01-10T13:47:01.157474,SensOre,0.178,0.9169,0.54745,1,1,Balanced,the raster zonal analysis for the gpred au model reveals that only of wa tenements are on ground predicted to have greater than a chance of significant au anomalism table this ground is held by a few hundred companies out of over listed holders in wa accounting for out of existing exploration and mining tenements with mineral rights in wa for cu ni and li only and of the tenements respectively are on ground predicted to have greater than a chance of hosting significant concentrations of these elements table
"These statistics can be sobering, but there are further insights. Competition is tight even within the highest probability category. There are winners and losers, and closer inspection can yield valuable insights. For instance, for Au, among the 660 unique holders of tenements in the highest probability category, we can identify those with the largest number of tenements, suggesting the size of land holdings on the most prospective ground (Table 3).",p,https://sensore.com/insights,iNSIGHTS | SensOre,,"['iNSIGHTS', 'SensOre iNSIGHTS']",2025-01-10T13:47:01.157476,SensOre,0.048,0.5789,0.31345,0,0,Other,these statistics can be sobering but there are further insights competition is tight even within the highest probability category there are winners and losers and closer inspection can yield valuable insights for instance for au among the unique holders of tenements in the highest probability category we can identify those with the largest number of tenements suggesting the size of land holdings on the most prospective ground table
"For companies that hold more than 20 of the highest-ranked tenements across the Au, Cu, Ni, and Li GPred models, we can say the following:",p,https://sensore.com/insights,iNSIGHTS | SensOre,,"['iNSIGHTS', 'SensOre iNSIGHTS']",2025-01-10T13:47:01.157477,SensOre,0.0,0.0,0.0,0,0,Other,for companies that hold more than of the highestranked tenements across the au cu ni and li gpred models we can say the following
"Across all four GPred models, only 29 out of the 3,497 registered tenement holders in WA hold more than 20 tenements in the highest-ranking Probability Category.",p,https://sensore.com/insights,iNSIGHTS | SensOre,,"['iNSIGHTS', 'SensOre iNSIGHTS']",2025-01-10T13:47:01.157479,SensOre,0.0,0.0,0.0,0,0,Other,across all four gpred models only out of the registered tenement holders in wa hold more than tenements in the highestranking probability category
"The GPred models were constructed by training and testing geophysics on geochemically anomalous point data for 47 elements. These models’ strength lies in using one type of data (geochemistry) to train another (geophysics) on a large scale. The probability maps produced highlight areas likely to have geochemical anomalies in regions currently lacking geochemical data, representing true predictions and new discovery opportunities.SensOre cannot independently validate the predicted anomalies across the entire state. However, we can examine the 2023 exploration drilling results reported on the ASX and significant intersections compiled by S&P Global to see if industry-reported drilling results corroborate our modelled predictions. For gold exploration, a significant proportion (36.7%) of the most significant intersections for Au (g/tonne) reported from 1,396 WA exploration licences from Air Core drilling campaigns are on tenure that captures some of our highest probability gold anomalism predictions (GPred Au probability > 0.8) (Figure 5).",p,https://sensore.com/insights,iNSIGHTS | SensOre,,"['iNSIGHTS', 'SensOre iNSIGHTS']",2025-01-10T13:47:01.157481,SensOre,0.097,0.8907,0.49385,3,3,Balanced,the gpred models were constructed by training and testing geophysics on geochemically anomalous point data for elements these models strength lies in using one type of data geochemistry to train another geophysics on a large scale the probability maps produced highlight areas likely to have geochemical anomalies in regions currently lacking geochemical data representing true predictions and new discovery opportunitiessensore cannot independently validate the predicted anomalies across the entire state however we can examine the exploration drilling results reported on the asx and significant intersections compiled by sp global to see if industryreported drilling results corroborate our modelled predictions for gold exploration a significant proportion of the most significant intersections for au gtonne reported from wa exploration licences from air core drilling campaigns are on tenure that captures some of our highest probability gold anomalism predictions gpred au probability figure
SensOre’s Predictive Models deliver innovative insights at the resolution needed to address decision-making drivers for major mining companies and junior explorers. These insights are also valuable to investors and stakeholders in exploration and mining who seek a competitive advantage in a volatile market. Our models highlight opportunities for:,p,https://sensore.com/insights,iNSIGHTS | SensOre,,"['iNSIGHTS', 'SensOre iNSIGHTS']",2025-01-10T13:47:01.157482,SensOre,0.299,0.9274,0.6132,1,2,Value Proposition,sensores predictive models deliver innovative insights at the resolution needed to address decisionmaking drivers for major mining companies and junior explorers these insights are also valuable to investors and stakeholders in exploration and mining who seek a competitive advantage in a volatile market our models highlight opportunities for
How do you get access to these resources?,h3,https://sensore.com/insights,iNSIGHTS | SensOre,,"['iNSIGHTS', 'SensOre iNSIGHTS']",2025-01-10T13:47:01.157486,SensOre,0.0,0.0,0.0,0,0,Other,how do you get access to these resources
Contact SensOre to maximize your exploration success by utilising our propriety advanced machine learning capabilities. SensOre is here to help you get the most out of your geological data on your way to making a discovery.,p,https://sensore.com/insights,iNSIGHTS | SensOre,,"['iNSIGHTS', 'SensOre iNSIGHTS']",2025-01-10T13:47:01.157487,SensOre,0.249,0.8519,0.55045,1,2,Value Proposition,contact sensore to maximize your exploration success by utilising our propriety advanced machine learning capabilities sensore is here to help you get the most out of your geological data on your way to making a discovery
PERTH,p,https://sensore.com/insights,iNSIGHTS | SensOre,,"['iNSIGHTS', 'SensOre iNSIGHTS']",2025-01-10T13:47:01.157489,SensOre,0.0,0.0,0.0,0,0,Other,perth
"Unit 6, 7 Tully RoadEast Perth WA 6004+61 8 9325 6249",p,https://sensore.com/insights,iNSIGHTS | SensOre,,"['iNSIGHTS', 'SensOre iNSIGHTS']",2025-01-10T13:47:01.157491,SensOre,0.0,0.0,0.0,0,0,Other,unit tully roadeast perth wa
MELBOURNE,p,https://sensore.com/insights,iNSIGHTS | SensOre,,"['iNSIGHTS', 'SensOre iNSIGHTS']",2025-01-10T13:47:01.157492,SensOre,0.0,0.0,0.0,0,0,Other,melbourne
"Level 21, 459 Collins Street, Melbourne, Vic 3000+61 3 8630 3321info@sensore.com",p,https://sensore.com/insights,iNSIGHTS | SensOre,,"['iNSIGHTS', 'SensOre iNSIGHTS']",2025-01-10T13:47:01.157494,SensOre,0.0,0.0,0.0,0,0,Other,level collins street melbourne vic infosensorecom
Discovering more with AI-enhanced exploration,h3,https://sensore.com/insights,iNSIGHTS | SensOre,,"['iNSIGHTS', 'SensOre iNSIGHTS']",2025-01-10T13:47:01.157495,SensOre,0.351,0.2878,0.3194,1,1,Balanced,discovering more with aienhanced exploration
